  0
SECTION
  2
HEADER
  9
$ACADVER
  1
AC1006
  9
$DWGCODEPAGE
  3
ansi_1252
  9
$INSBASE
 10
0.0
 20
0.0
 30
0.0
  9
$EXTMIN
 10
1.005627661920695
 20
2.054325962839629
  9
$EXTMAX
 10
29.13921274007436
 20
16.96735690441459
  9
$LIMMIN
 10
0.0
 20
0.0
  9
$LIMMAX
 10
12.0
 20
9.0
  9
$ORTHOMODE
 70
     0
  9
$REGENMODE
 70
     1
  9
$FILLMODE
 70
     1
  9
$QTEXTMODE
 70
     0
  9
$MIRRTEXT
 70
     0
  9
$DRAGMODE
 70
     2
  9
$LTSCALE
 40
1.0
  9
$OSMODE
 70
    37
  9
$ATTMODE
 70
     1
  9
$TEXTSIZE
 40
0.2
  9
$TRACEWID
 40
0.05
  9
$TEXTSTYLE
  7
STANDARD
  9
$CLAYER
  8
0
  9
$CELTYPE
  6
BYLAYER
  9
$CECOLOR
 62
   256
  9
$DIMSCALE
 40
1.0
  9
$DIMASZ
 40
0.18
  9
$DIMEXO
 40
0.0625
  9
$DIMDLI
 40
0.38
  9
$DIMRND
 40
0.0
  9
$DIMDLE
 40
0.0
  9
$DIMEXE
 40
0.18
  9
$DIMTP
 40
0.0
  9
$DIMTM
 40
0.0
  9
$DIMTXT
 40
0.18
  9
$DIMCEN
 40
0.09
  9
$DIMTSZ
 40
0.0
  9
$DIMTOL
 70
     0
  9
$DIMLIM
 70
     0
  9
$DIMTIH
 70
     1
  9
$DIMTOH
 70
     1
  9
$DIMSE1
 70
     0
  9
$DIMSE2
 70
     0
  9
$DIMTAD
 70
     0
  9
$DIMZIN
 70
     0
  9
$DIMBLK
  1

  9
$DIMASO
 70
     1
  9
$DIMSHO
 70
     1
  9
$DIMPOST
  1

  9
$DIMAPOST
  1

  9
$DIMALT
 70
     0
  9
$DIMALTD
 70
     2
  9
$DIMALTF
 40
25.4
  9
$DIMLFAC
 40
1.0
  9
$DIMTOFL
 70
     0
  9
$DIMTVP
 40
0.0
  9
$DIMTIX
 70
     0
  9
$DIMSOXD
 70
     0
  9
$DIMSAH
 70
     0
  9
$DIMBLK1
  1

  9
$DIMBLK2
  1

  9
$LUNITS
 70
     2
  9
$LUPREC
 70
     4
  9
$SKETCHINC
 40
0.1
  9
$FILLETRAD
 40
0.0
  9
$AUNITS
 70
     0
  9
$AUPREC
 70
     0
  9
$MENU
  1
.
  9
$ELEVATION
 40
0.0
  9
$THICKNESS
 40
0.0
  9
$LIMCHECK
 70
     0
  9
$CHAMFERA
 40
0.0
  9
$CHAMFERB
 40
0.0
  9
$SKPOLY
 70
     0
  9
$TDCREATE
 40
2460845.071805555
  9
$TDUPDATE
 40
2461185.32016897
  9
$TDINDWG
 40
0.010462963
  9
$TDUSRTIMER
 40
0.010462963
  9
$USRTIMER
 70
     1
  9
$ANGBASE
 50
0.0
  9
$ANGDIR
 70
     0
  9
$PDMODE
 70
     0
  9
$PDSIZE
 40
0.0
  9
$PLINEWID
 40
0.0
  9
$COORDS
 70
     1
  9
$SPLFRAME
 70
     0
  9
$SPLINETYPE
 70
     6
  9
$SPLINESEGS
 70
     8
  9
$ATTDIA
 70
     0
  9
$ATTREQ
 70
     1
  9
$HANDLING
 70
     1
  9
$HANDSEED
  5
11B7
  9
$SURFTAB1
 70
     6
  9
$SURFTAB2
 70
     6
  9
$SURFTYPE
 70
     6
  9
$SURFU
 70
     6
  9
$SURFV
 70
     6
  9
$UCSNAME
  2

  9
$UCSORG
 10
0.0
 20
0.0
 30
0.0
  9
$UCSXDIR
 10
1.0
 20
0.0
 30
0.0
  9
$UCSYDIR
 10
0.0
 20
1.0
 30
0.0
  9
$USERI1
 70
     0
  9
$USERI2
 70
     0
  9
$USERI3
 70
     0
  9
$USERI4
 70
     0
  9
$USERI5
 70
     0
  9
$USERR1
 40
0.0
  9
$USERR2
 40
0.0
  9
$USERR3
 40
0.0
  9
$USERR4
 40
0.0
  9
$USERR5
 40
0.0
  9
$WORLDVIEW
 70
     1
  0
ENDSEC
  0
SECTION
  2
TABLES
  0
TABLE
  2
VPORT
 70
     1
  0
VPORT
  2
*ACTIVE
 70
     0
 10
0.0
 20
0.0
 11
1.0
 21
1.0
 12
15.07242005167532
 22
9.510841429482099
 13
0.0
 23
0.0
 14
0.5
 24
0.5
 15
0.5
 25
0.5
 16
0.0
 26
0.0
 36
1.0
 17
0.0
 27
0.0
 37
0.0
 40
18.52925167781765
 41
2.345762711864407
 42
50.0
 43
0.0
 44
0.0
 50
0.0
 51
0.0
 71
     0
 72
  1000
 73
     1
 74
     3
 75
     0
 76
     1
 77
     0
 78
     0
  0
ENDTAB
  0
TABLE
  2
LTYPE
 70
     2
  0
LTYPE
  2
CONTINUOUS
 70
     0
  3
Solid line
 72
    65
 73
     0
 40
0.0
  0
LTYPE
  2
HIDDEN2
 70
     0
  3
Hidden (.5x) _ _ _ _ _ _ _ _ _ _ _ _ _ _ _ _ _
 72
    65
 73
     2
 40
0.1875
 49
0.125
 49
-0.0625
  0
ENDTAB
  0
TABLE
  2
LAYER
 70
    13
  0
LAYER
  2
0
 70
     0
 62
     7
  6
CONTINUOUS
  0
LAYER
  2
PAREDE
 70
     0
 62
     5
  6
CONTINUOUS
  0
LAYER
  2
TEXTO
 70
     0
 62
    23
  6
CONTINUOUS
  0
LAYER
  2
HACH
 70
     0
 62
     1
  6
CONTINUOUS
  0
LAYER
  2
ESQUADRIA
 70
     0
 62
    53
  6
CONTINUOUS
  0
LAYER
  2
EQUIPAMENTOS_MOBILIA
 70
     0
 62
    45
  6
CONTINUOUS
  0
LAYER
  2
VERDE
 70
     0
 62
    96
  6
CONTINUOUS
  0
LAYER
  2
PISO
 70
     0
 62
     9
  6
CONTINUOUS
  0
LAYER
  2
PAREDE-HACH
 70
     0
 62
   140
  6
CONTINUOUS
  0
LAYER
  2
DEFPOINTS
 70
     0
 62
     7
  6
CONTINUOUS
  0
LAYER
  2
COTAS
 70
     0
 62
     1
  6
CONTINUOUS
  0
LAYER
  2
LINHA-FINA
 70
     0
 62
     8
  6
CONTINUOUS
  0
LAYER
  2
WWW_ADITIVOCAD_COM
 70
     0
 62
    76
  6
CONTINUOUS
  0
ENDTAB
  0
TABLE
  2
STYLE
 70
     4
  0
STYLE
  2
STANDARD
 70
     0
 40
0.0
 41
1.0
 50
0.0
 71
     0
 42
0.2
  3
arial.ttf
  4

  0
STYLE
  2
ANNOTATIVE
 70
     0
 40
0.0
 41
1.0
 50
0.0
 71
     0
 42
0.2
  3
arial.ttf
  4

  0
STYLE
  2
ADITIVOCAD
 70
     0
 40
0.0
 41
1.0
 50
0.0
 71
     0
 42
0.1
  3
arial.ttf
  4

  0
STYLE
  2
ARIAL
 70
     0
 40
0.0
 41
1.0
 50
0.0
 71
     0
 42
0.2
  3
arial.ttf
  4

  0
ENDTAB
  0
TABLE
  2
VIEW
 70
     0
  0
ENDTAB
  0
TABLE
  2
UCS
 70
     0
  0
ENDTAB
  0
ENDSEC
  0
SECTION
  2
BLOCKS
  0
BLOCK
  8
0
  2
CHUVEIRO
 70
     0
 10
0.0
 20
0.0
 30
0.0
  0
CIRCLE
  5
230
  8
EQUIPAMENTOS_MOBILIA
 10
0.3499999999999943
 20
-0.0000000000000142
 30
0.0
 40
0.0624999999999829
  0
LINE
  5
231
  8
EQUIPAMENTOS_MOBILIA
 10
0.0
 20
-0.0125000000000028
 30
0.0
 11
0.2887627564304296
 21
-0.0125000000000028
 31
0.0
  0
LINE
  5
232
  8
EQUIPAMENTOS_MOBILIA
 10
0.0
 20
0.0125000000000028
 30
0.0
 11
0.2887627564304296
 21
0.0125000000000028
 31
0.0
  0
CIRCLE
  5
233
  8
EQUIPAMENTOS_MOBILIA
 10
0.3499999999999943
 20
-0.0000000000000142
 30
0.0
 40
0.0449999999999829
  0
ENDBLK
  8
0
  0
BLOCK
  8
0
  2
CAMAC
 70
     0
 10
0.0
 20
0.0
 30
0.0
  0
LINE
  5
237
  8
EQUIPAMENTOS_MOBILIA
 10
0.0500000000000007
 20
-0.6999999999999993
 30
0.0
 11
0.0500000000000007
 21
0.6999999999999993
 31
0.0
  0
LINE
  5
238
  8
EQUIPAMENTOS_MOBILIA
 10
0.0
 20
0.6999999999999993
 30
0.0
 11
2.0
 21
0.6999999999999993
 31
0.0
  0
LINE
  5
239
  8
EQUIPAMENTOS_MOBILIA
 10
2.0
 20
0.6999999999999993
 30
0.0
 11
2.0
 21
-0.6999999999999993
 31
0.0
  0
LINE
  5
23A
  8
EQUIPAMENTOS_MOBILIA
 10
2.0
 20
-0.6999999999999993
 30
0.0
 11
0.0
 21
-0.6999999999999993
 31
0.0
  0
LINE
  5
23B
  8
EQUIPAMENTOS_MOBILIA
 10
0.0
 20
-0.6999999999999993
 30
0.0
 11
0.0
 21
0.6999999999999993
 31
0.0
  0
LINE
  5
23C
  8
0
 10
0.5
 20
-0.6999999999999993
 30
0.0
 11
0.4999999999999991
 21
0.4073506823963271
 31
0.0
  0
LINE
  5
23D
  8
0
 10
0.5
 20
0.4073506823963235
 30
0.0
 11
0.792649317603674
 21
0.6999999999999993
 31
0.0
  0
LINE
  5
23E
  8
0
 10
0.792649317603674
 20
0.6999999999999993
 30
0.0
 11
0.792649317603674
 21
0.4073506823963271
 31
0.0
  0
LINE
  5
23F
  8
0
 10
0.4999999999999991
 20
0.4073506823963271
 30
0.0
 11
0.792649317603674
 21
0.4073506823963271
 31
0.0
  0
LINE
  5
240
  8
EQUIPAMENTOS_MOBILIA
 10
0.0
 20
0.75
 30
0.0
 11
0.0
 21
1.149999999999999
 31
0.0
  0
LINE
  5
241
  8
EQUIPAMENTOS_MOBILIA
 10
0.0
 20
0.75
 30
0.0
 11
0.4000000000000004
 21
0.75
 31
0.0
  0
LINE
  5
242
  8
EQUIPAMENTOS_MOBILIA
 10
0.0
 20
1.149999999999999
 30
0.0
 11
0.4000000000000004
 21
1.149999999999999
 31
0.0
  0
LINE
  5
243
  8
EQUIPAMENTOS_MOBILIA
 10
0.4000000000000004
 20
1.149999999999999
 30
0.0
 11
0.4000000000000004
 21
0.75
 31
0.0
  0
LINE
  5
244
  8
EQUIPAMENTOS_MOBILIA
 10
0.370000000000001
 20
1.149999999999999
 30
0.0
 11
0.370000000000001
 21
0.75
 31
0.0
  0
LINE
  5
245
  8
EQUIPAMENTOS_MOBILIA
 10
0.370000000000001
 20
-0.7547639183259918
 30
0.0
 11
0.370000000000001
 21
-1.154763918325992
 31
0.0
  0
LINE
  5
246
  8
EQUIPAMENTOS_MOBILIA
 10
0.4000000000000004
 20
-0.7547639183259918
 30
0.0
 11
0.4000000000000004
 21
-1.154763918325992
 31
0.0
  0
LINE
  5
247
  8
EQUIPAMENTOS_MOBILIA
 10
0.0
 20
-0.7547639183259918
 30
0.0
 11
0.4000000000000004
 21
-0.7547639183259918
 31
0.0
  0
LINE
  5
248
  8
EQUIPAMENTOS_MOBILIA
 10
0.0
 20
-1.154763918325992
 30
0.0
 11
0.4000000000000004
 21
-1.154763918325992
 31
0.0
  0
LINE
  5
249
  8
EQUIPAMENTOS_MOBILIA
 10
0.0
 20
-1.154763918325992
 30
0.0
 11
0.0
 21
-0.7547639183259918
 31
0.0
  0
ENDBLK
  8
0
  0
BLOCK
  8
0
  2
BACIA
 70
     0
 10
0.0
 20
0.0
 30
0.0
  0
LINE
  5
24D
  8
EQUIPAMENTOS_MOBILIA
 10
0.0350000000000001
 20
0.0871779788708125
 30
0.0
 11
0.0350000000000001
 21
-0.0871779788708125
 31
0.0
  0
LINE
  5
24E
  8
EQUIPAMENTOS_MOBILIA
 10
0.0350000000000001
 20
0.0250000000000004
 30
0.0
 11
0.0
 21
0.0250000000000004
 31
0.0
  0
LINE
  5
24F
  8
EQUIPAMENTOS_MOBILIA
 10
0.0350000000000001
 20
-0.0250000000000004
 30
0.0
 11
0.0
 21
-0.0250000000000004
 31
0.0
  0
ARC
  5
250
  8
EQUIPAMENTOS_MOBILIA
 10
0.245000000000001
 20
0.0
 30
0.0
 40
0.1999999999999997
 50
205.841932763167
 51
270.0
  0
LINE
  5
251
  8
EQUIPAMENTOS_MOBILIA
 10
0.0650000000000013
 20
0.0871779788708125
 30
0.0
 11
0.0350000000000001
 21
0.0871779788708125
 31
0.0
  0
LINE
  5
252
  8
EQUIPAMENTOS_MOBILIA
 10
0.0650000000000013
 20
-0.0871779788708125
 30
0.0
 11
0.0350000000000001
 21
-0.0871779788708125
 31
0.0
  0
ARC
  5
253
  8
EQUIPAMENTOS_MOBILIA
 10
0.245000000000001
 20
0.0
 30
0.0
 40
0.1499999999999997
 50
90.0
 51
270.0
  0
ARC
  5
254
  8
EQUIPAMENTOS_MOBILIA
 10
0.245000000000001
 20
0.0
 30
0.0
 40
0.1999999999999997
 50
90.0
 51
154.158067236833
  0
LINE
  5
255
  8
EQUIPAMENTOS_MOBILIA
 10
0.0
 20
0.0250000000000004
 30
0.0
 11
0.0
 21
-0.0250000000000004
 31
0.0
  0
POLYLINE
  5
256
  8
EQUIPAMENTOS_MOBILIA
 66
     1
 10
0.0
 20
0.0
 30
0.0
  0
VERTEX
  5
1125
  8
EQUIPAMENTOS_MOBILIA
 10
0.245000000000001
 20
-0.1999999999999993
 30
0.0
 42
0.066401561414618
  0
VERTEX
  5
1126
  8
EQUIPAMENTOS_MOBILIA
 10
0.3664954171502295
 20
-0.1837935723411803
 30
0.0
 42
0.0789587981694408
  0
VERTEX
  5
1127
  8
EQUIPAMENTOS_MOBILIA
 10
0.460667568261897
 20
-0.1414213562373092
 30
0.0
 42
0.1071605679296428
  0
VERTEX
  5
1128
  8
EQUIPAMENTOS_MOBILIA
 10
0.5292667984190729
 20
-0.071645021332996
 30
0.0
 42
0.1417851583150094
  0
VERTEX
  5
1129
  8
EQUIPAMENTOS_MOBILIA
 10
0.5500000000000007
 20
0.0
 30
0.0
 42
0.1417851583149861
  0
VERTEX
  5
112A
  8
EQUIPAMENTOS_MOBILIA
 10
0.5292667984190764
 20
0.071645021332996
 30
0.0
 42
0.1071605679296299
  0
VERTEX
  5
112B
  8
EQUIPAMENTOS_MOBILIA
 10
0.460667568261897
 20
0.1414213562373092
 30
0.0
 42
0.0789587981694413
  0
VERTEX
  5
112C
  8
EQUIPAMENTOS_MOBILIA
 10
0.366495417150233
 20
0.1837935723411785
 30
0.0
 42
0.0664015614146234
  0
VERTEX
  5
112D
  8
EQUIPAMENTOS_MOBILIA
 10
0.245000000000001
 20
0.1999999999999993
 30
0.0
 42
0.0664015614146286
  0
SEQEND
  5
11B0
  8
EQUIPAMENTOS_MOBILIA
  0
POLYLINE
  5
257
  8
EQUIPAMENTOS_MOBILIA
 66
     1
 10
0.0
 20
0.0
 30
0.0
  0
VERTEX
  5
112E
  8
EQUIPAMENTOS_MOBILIA
 10
0.245000000000001
 20
-0.1499999999999986
 30
0.0
 42
0.0664015614145787
  0
VERTEX
  5
112F
  8
EQUIPAMENTOS_MOBILIA
 10
0.3533894872524748
 20
-0.1355417889387489
 30
0.0
 42
0.0789587981694938
  0
VERTEX
  5
1130
  8
EQUIPAMENTOS_MOBILIA
 10
0.4332497201508829
 20
-0.0996091378680184
 30
0.0
 42
0.1071605679296875
  0
VERTEX
  5
1131
  8
EQUIPAMENTOS_MOBILIA
 10
0.486994199604446
 20
-0.044942448620656
 30
0.0
 42
0.1417851583149364
  0
VERTEX
  5
1132
  8
EQUIPAMENTOS_MOBILIA
 10
0.5
 20
0.0
 30
0.0
 42
0.1417851583150085
  0
VERTEX
  5
1133
  8
EQUIPAMENTOS_MOBILIA
 10
0.4869941996044318
 20
0.044942448620688
 30
0.0
 42
0.1071605679296131
  0
VERTEX
  5
1134
  8
EQUIPAMENTOS_MOBILIA
 10
0.4332497201508865
 20
0.0996091378680148
 30
0.0
 42
0.0789587981694818
  0
VERTEX
  5
1135
  8
EQUIPAMENTOS_MOBILIA
 10
0.3533894872524961
 20
0.1355417889387418
 30
0.0
 42
0.0664015614145957
  0
VERTEX
  5
1136
  8
EQUIPAMENTOS_MOBILIA
 10
0.245000000000001
 20
0.1499999999999986
 30
0.0
 42
0.0664015614145957
  0
SEQEND
  5
11B1
  8
EQUIPAMENTOS_MOBILIA
  0
POLYLINE
  5
258
  8
EQUIPAMENTOS_MOBILIA
 66
     1
 10
0.0
 20
0.0
 30
0.0
  0
VERTEX
  5
1137
  8
EQUIPAMENTOS_MOBILIA
 10
0.1099999999999959
 20
-0.0653834841531005
 30
0.0
 42
0.0645592039833746
  0
VERTEX
  5
1138
  8
EQUIPAMENTOS_MOBILIA
 10
0.1509843238464192
 20
-0.0600695054232965
 30
0.0
 42
0.0774360340066257
  0
VERTEX
  5
1139
  8
EQUIPAMENTOS_MOBILIA
 10
0.1826076155252565
 20
-0.0462331050222602
 30
0.0
 42
0.1071717773234679
  0
VERTEX
  5
113A
  8
EQUIPAMENTOS_MOBILIA
 10
0.2057736662948635
 20
-0.0232912991780108
 30
0.0
 42
0.1451907825185776
  0
VERTEX
  5
113B
  8
EQUIPAMENTOS_MOBILIA
 10
0.2126826746073895
 20
0.0
 30
0.0
 42
0.1451907825185988
  0
VERTEX
  5
113C
  8
EQUIPAMENTOS_MOBILIA
 10
0.2057736662948635
 20
0.0232912991780072
 30
0.0
 42
0.107171777323507
  0
VERTEX
  5
113D
  8
EQUIPAMENTOS_MOBILIA
 10
0.1826076155252565
 20
0.0462331050222602
 30
0.0
 42
0.0774360340066227
  0
VERTEX
  5
113E
  8
EQUIPAMENTOS_MOBILIA
 10
0.1509843238464157
 20
0.0600695054232983
 30
0.0
 42
0.064559203983359
  0
VERTEX
  5
113F
  8
EQUIPAMENTOS_MOBILIA
 10
0.1099999999999959
 20
0.0653834841531005
 30
0.0
 42
0.064559203983396
  0
SEQEND
  5
11B2
  8
EQUIPAMENTOS_MOBILIA
  0
ENDBLK
  8
0
  0
BLOCK
  8
0
  2
CUBA
 70
     0
 10
0.0
 20
0.0
 30
0.0
  0
POLYLINE
  5
25C
  8
EQUIPAMENTOS_MOBILIA
 66
     1
 10
0.0
 20
0.0
 30
0.0
 70
     1
  0
VERTEX
  5
1140
  8
EQUIPAMENTOS_MOBILIA
 10
0.0
 20
0.0
 30
0.0
 42
0.0706700048675172
  0
VERTEX
  5
1141
  8
EQUIPAMENTOS_MOBILIA
 10
0.0140792716175486
 20
-0.0991152911856723
 30
0.0
 42
0.0823139390331043
  0
VERTEX
  5
1142
  8
EQUIPAMENTOS_MOBILIA
 10
0.0512563132923542
 20
-0.1767766952966383
 30
0.0
 42
0.1068415809707828
  0
VERTEX
  5
1143
  8
EQUIPAMENTOS_MOBILIA
 10
0.1115539849271929
 20
-0.2326346648153326
 30
0.0
 42
0.134380009287336
  0
VERTEX
  5
1144
  8
EQUIPAMENTOS_MOBILIA
 10
0.1750000000000007
 20
-0.25
 30
0.0
 42
0.1343800092873582
  0
VERTEX
  5
1145
  8
EQUIPAMENTOS_MOBILIA
 10
0.238446015072812
 20
-0.232634664815329
 30
0.0
 42
0.106841580970784
  0
VERTEX
  5
1146
  8
EQUIPAMENTOS_MOBILIA
 10
0.2987436867076472
 20
-0.1767766952966383
 30
0.0
 42
0.0823139390330872
  0
VERTEX
  5
1147
  8
EQUIPAMENTOS_MOBILIA
 10
0.3359207283824492
 20
-0.0991152911856865
 30
0.0
 42
0.070670004867516
  0
VERTEX
  5
1148
  8
EQUIPAMENTOS_MOBILIA
 10
0.3499999999999996
 20
0.0
 30
0.0
 42
0.0706700048675135
  0
VERTEX
  5
1149
  8
EQUIPAMENTOS_MOBILIA
 10
0.3359207283824492
 20
0.0991152911856901
 30
0.0
 42
0.0823139390330784
  0
VERTEX
  5
114A
  8
EQUIPAMENTOS_MOBILIA
 10
0.2987436867076472
 20
0.1767766952966383
 30
0.0
 42
0.1068415809707924
  0
VERTEX
  5
114B
  8
EQUIPAMENTOS_MOBILIA
 10
0.2384460150728138
 20
0.2326346648153255
 30
0.0
 42
0.1343800092873812
  0
VERTEX
  5
114C
  8
EQUIPAMENTOS_MOBILIA
 10
0.1750000000000007
 20
0.25
 30
0.0
 42
0.1343800092873818
  0
VERTEX
  5
114D
  8
EQUIPAMENTOS_MOBILIA
 10
0.1115539849271894
 20
0.2326346648153255
 30
0.0
 42
0.1068415809708
  0
VERTEX
  5
114E
  8
EQUIPAMENTOS_MOBILIA
 10
0.0512563132923542
 20
0.1767766952966383
 30
0.0
 42
0.0823139390330868
  0
VERTEX
  5
114F
  8
EQUIPAMENTOS_MOBILIA
 10
0.0140792716175504
 20
0.099115291185683
 30
0.0
 42
0.0706700048675185
  0
SEQEND
  5
11B3
  8
EQUIPAMENTOS_MOBILIA
  0
ENDBLK
  8
0
  0
BLOCK
  8
0
  2
SOFA3
 70
     0
 10
0.0
 20
0.0
 30
0.0
  0
ARC
  5
260
  8
EQUIPAMENTOS_MOBILIA
 10
0.3499999999999988
 20
-0.6500000000000092
 30
0.0
 40
0.05
 50
179.9999999999999
 51
269.9999999999996
  0
ARC
  5
261
  8
EQUIPAMENTOS_MOBILIA
 10
0.2499999999999987
 20
-0.650000000000011
 30
0.0
 40
0.05
 50
269.9999999999996
 51
359.9999999999999
  0
LINE
  5
262
  8
EQUIPAMENTOS_MOBILIA
 10
0.8499999999999996
 20
-0.7000000000000117
 30
0.0
 11
0.3499999999999983
 21
-0.70000000000001
 31
0.0
  0
LINE
  5
263
  8
EQUIPAMENTOS_MOBILIA
 10
0.2999999999999989
 20
-0.6500000000000092
 30
0.0
 11
0.2999999999999994
 21
-0.1000000000000014
 31
0.0
  0
LINE
  5
264
  8
EQUIPAMENTOS_MOBILIA
 10
0.8799999999999999
 20
-0.0000000000000018
 30
0.0
 11
-0.8799999999999999
 21
0.0000000000000018
 31
0.0
  0
LINE
  5
265
  8
EQUIPAMENTOS_MOBILIA
 10
-0.9200000000000008
 20
-0.0999999999999996
 30
0.0
 11
-0.9800000000000004
 21
-0.0999999999999996
 31
0.0
  0
LINE
  5
266
  8
EQUIPAMENTOS_MOBILIA
 10
-0.3500000000000014
 20
-0.7000000000000082
 30
0.0
 11
-0.8500000000000023
 21
-0.7000000000000046
 31
0.0
  0
LINE
  5
267
  8
EQUIPAMENTOS_MOBILIA
 10
0.9999999999999982
 20
-0.6800000000000086
 30
0.0
 11
0.9999999999999987
 21
-0.1199999999999992
 31
0.0
  0
LINE
  5
268
  8
EQUIPAMENTOS_MOBILIA
 10
0.8999999999999995
 20
-0.650000000000011
 30
0.0
 11
0.8999999999999995
 21
-0.1500000000000004
 31
0.0
  0
LINE
  5
269
  8
EQUIPAMENTOS_MOBILIA
 10
-0.3000000000000016
 20
-0.6500000000000075
 30
0.0
 11
-0.3000000000000007
 21
-0.0999999999999996
 31
0.0
  0
LINE
  5
26A
  8
EQUIPAMENTOS_MOBILIA
 10
-0.9000000000000012
 20
-0.6500000000000039
 30
0.0
 11
-0.9000000000000012
 21
-0.1500000000000004
 31
0.0
  0
LINE
  5
26B
  8
EQUIPAMENTOS_MOBILIA
 10
-1.0
 20
-0.6800000000000015
 30
0.0
 11
-1.0
 21
-0.1199999999999992
 31
0.0
  0
ARC
  5
26C
  8
EQUIPAMENTOS_MOBILIA
 10
-0.3500000000000014
 20
-0.6500000000000075
 30
0.0
 40
0.05
 50
269.9999999999997
 51
359.9999999999999
  0
LINE
  5
26D
  8
EQUIPAMENTOS_MOBILIA
 10
0.2499999999999982
 20
-0.7000000000000117
 30
0.0
 11
-0.2500000000000018
 21
-0.7000000000000082
 31
0.0
  0
ARC
  5
26E
  8
EQUIPAMENTOS_MOBILIA
 10
-0.2500000000000018
 20
-0.6500000000000075
 30
0.0
 40
0.05
 50
179.9999999999999
 51
270.0
  0
ARC
  5
26F
  8
EQUIPAMENTOS_MOBILIA
 10
0.8499999999999996
 20
-0.650000000000011
 30
0.0
 40
0.05
 50
270.0
 51
0.0
  0
ARC
  5
270
  8
EQUIPAMENTOS_MOBILIA
 10
-0.8500000000000014
 20
-0.6500000000000039
 30
0.0
 40
0.05
 50
179.9999999999999
 51
269.9999999999994
  0
LINE
  5
271
  8
EQUIPAMENTOS_MOBILIA
 10
-0.9000000000000012
 20
-0.6500000000000039
 30
0.0
 11
-0.9000000000000012
 21
-0.6800000000000015
 31
0.0
  0
LINE
  5
272
  8
EQUIPAMENTOS_MOBILIA
 10
0.8999999999999995
 20
-0.650000000000011
 30
0.0
 11
0.8999999999999995
 21
-0.6800000000000122
 31
0.0
  0
LINE
  5
273
  8
EQUIPAMENTOS_MOBILIA
 10
0.9799999999999991
 20
-0.7000000000000082
 30
0.0
 11
0.919999999999999
 21
-0.7000000000000117
 31
0.0
  0
LINE
  5
274
  8
EQUIPAMENTOS_MOBILIA
 10
-0.9800000000000004
 20
-0.7000000000000011
 30
0.0
 11
-0.9200000000000008
 21
-0.7000000000000011
 31
0.0
  0
ARC
  5
275
  8
EQUIPAMENTOS_MOBILIA
 10
-0.9200000000000008
 20
-0.6800000000000015
 30
0.0
 40
0.02
 50
270.0
 51
0.0
  0
ARC
  5
276
  8
EQUIPAMENTOS_MOBILIA
 10
-0.9800000000000004
 20
-0.6800000000000015
 30
0.0
 40
0.02
 50
179.9999999999999
 51
270.0
  0
ARC
  5
277
  8
EQUIPAMENTOS_MOBILIA
 10
0.919999999999999
 20
-0.6800000000000122
 30
0.0
 40
0.02
 50
180.0
 51
270.0
  0
ARC
  5
278
  8
EQUIPAMENTOS_MOBILIA
 10
0.9799999999999982
 20
-0.6800000000000086
 30
0.0
 40
0.02
 50
270.0000000000026
 51
359.9999999999999
  0
ARC
  5
279
  8
EQUIPAMENTOS_MOBILIA
 10
-0.9800000000000004
 20
-0.1199999999999992
 30
0.0
 40
0.02
 50
89.99999999999984
 51
180.0
  0
ARC
  5
27A
  8
EQUIPAMENTOS_MOBILIA
 10
-0.9200000000000008
 20
-0.1199999999999992
 30
0.0
 40
0.02
 50
359.9999999999999
 51
89.99999999999984
  0
LINE
  5
27B
  8
EQUIPAMENTOS_MOBILIA
 10
0.919999999999999
 20
-0.0999999999999996
 30
0.0
 11
0.9303358415836911
 21
-0.0999999999999996
 31
0.0
  0
ARC
  5
27C
  8
EQUIPAMENTOS_MOBILIA
 10
0.919999999999999
 20
-0.1199999999999992
 30
0.0
 40
0.02
 50
90.0
 51
180.0
  0
LINE
  5
27D
  8
EQUIPAMENTOS_MOBILIA
 10
0.9303358415836911
 20
-0.0999999999999996
 30
0.0
 11
0.9799999999999986
 21
-0.0999999999999996
 31
0.0
  0
ARC
  5
27E
  8
EQUIPAMENTOS_MOBILIA
 10
0.9799999999999986
 20
-0.1199999999999992
 30
0.0
 40
0.02
 50
359.9999999999999
 51
90.0
  0
LINE
  5
27F
  8
EQUIPAMENTOS_MOBILIA
 10
-0.8800000000000008
 20
-0.0999999999999996
 30
0.0
 11
0.8799999999999999
 21
-0.1000000000000032
 31
0.0
  0
ARC
  5
280
  8
EQUIPAMENTOS_MOBILIA
 10
-0.8500000000000014
 20
-0.1500000000000004
 30
0.0
 40
0.05
 50
90.0
 51
180.0
  0
ARC
  5
281
  8
EQUIPAMENTOS_MOBILIA
 10
0.8499999999999996
 20
-0.1500000000000004
 30
0.0
 40
0.05
 50
0.0
 51
90.0
  0
LINE
  5
282
  8
EQUIPAMENTOS_MOBILIA
 10
-0.9000000000000012
 20
-0.1199999999999992
 30
0.0
 11
-0.9000000000000012
 21
-0.1500000000000004
 31
0.0
  0
LINE
  5
283
  8
EQUIPAMENTOS_MOBILIA
 10
0.8999999999999995
 20
-0.1199999999999992
 30
0.0
 11
0.8999999999999995
 21
-0.1500000000000004
 31
0.0
  0
LINE
  5
284
  8
EQUIPAMENTOS_MOBILIA
 10
-0.9000000000000004
 20
-0.0800000000000001
 30
0.0
 11
-0.8999999999999995
 21
-0.0199999999999978
 31
0.0
  0
ARC
  5
285
  8
EQUIPAMENTOS_MOBILIA
 10
-0.8800000000000008
 20
-0.0800000000000001
 30
0.0
 40
0.02
 50
180.0
 51
270.0
  0
ARC
  5
286
  8
EQUIPAMENTOS_MOBILIA
 10
-0.8799999999999999
 20
-0.0199999999999978
 30
0.0
 40
0.02
 50
89.99999999999984
 51
180.0000000000004
  0
LINE
  5
287
  8
EQUIPAMENTOS_MOBILIA
 10
0.8999999999999995
 20
-0.0800000000000036
 30
0.0
 11
0.8999999999999995
 21
-0.0200000000000014
 31
0.0
  0
ARC
  5
288
  8
EQUIPAMENTOS_MOBILIA
 10
0.8799999999999999
 20
-0.0200000000000014
 30
0.0
 40
0.02
 50
0.0
 51
89.99999999999984
  0
ARC
  5
289
  8
EQUIPAMENTOS_MOBILIA
 10
0.8799999999999999
 20
-0.0800000000000036
 30
0.0
 40
0.02
 50
270.0
 51
0.0
  0
ENDBLK
  8
0
  0
BLOCK
  8
0
  2
SOFA2
 70
     0
 10
0.0
 20
0.0
 30
0.0
  0
ARC
  5
28D
  8
EQUIPAMENTOS_MOBILIA
 10
0.5800000000000001
 20
-0.0800000000000018
 30
0.0
 40
0.02
 50
270.0
 51
0.0
  0
ARC
  5
28E
  8
EQUIPAMENTOS_MOBILIA
 10
0.5800000000000001
 20
-0.0199999999999996
 30
0.0
 40
0.02
 50
0.0
 51
89.99999999999984
  0
LINE
  5
28F
  8
EQUIPAMENTOS_MOBILIA
 10
0.5999999999999996
 20
-0.0800000000000018
 30
0.0
 11
0.5999999999999996
 21
-0.0199999999999996
 31
0.0
  0
ARC
  5
290
  8
EQUIPAMENTOS_MOBILIA
 10
-0.5799999999999992
 20
-0.019999999999996
 30
0.0
 40
0.02
 50
89.99999999999984
 51
180.0000000000004
  0
ARC
  5
291
  8
EQUIPAMENTOS_MOBILIA
 10
-0.5800000000000001
 20
-0.0799999999999983
 30
0.0
 40
0.02
 50
180.0
 51
270.0
  0
LINE
  5
292
  8
EQUIPAMENTOS_MOBILIA
 10
-0.5999999999999996
 20
-0.0799999999999983
 30
0.0
 11
-0.5999999999999988
 21
-0.019999999999996
 31
0.0
  0
LINE
  5
293
  8
EQUIPAMENTOS_MOBILIA
 10
0.5999999999999996
 20
-0.1199999999999974
 30
0.0
 11
0.5999999999999996
 21
-0.1499999999999986
 31
0.0
  0
LINE
  5
294
  8
EQUIPAMENTOS_MOBILIA
 10
-0.6000000000000005
 20
-0.1199999999999974
 30
0.0
 11
-0.6000000000000005
 21
-0.1499999999999986
 31
0.0
  0
ARC
  5
295
  8
EQUIPAMENTOS_MOBILIA
 10
0.5499999999999998
 20
-0.1499999999999986
 30
0.0
 40
0.05
 50
0.0
 51
90.0
  0
ARC
  5
296
  8
EQUIPAMENTOS_MOBILIA
 10
-0.5500000000000007
 20
-0.1499999999999986
 30
0.0
 40
0.05
 50
90.0
 51
180.0
  0
LINE
  5
297
  8
EQUIPAMENTOS_MOBILIA
 10
-0.5800000000000001
 20
-0.0999999999999979
 30
0.0
 11
0.5800000000000001
 21
-0.1000000000000014
 31
0.0
  0
ARC
  5
298
  8
EQUIPAMENTOS_MOBILIA
 10
0.6799999999999988
 20
-0.1199999999999974
 30
0.0
 40
0.02
 50
359.9999999999999
 51
90.0
  0
LINE
  5
299
  8
EQUIPAMENTOS_MOBILIA
 10
0.6303358415836913
 20
-0.0999999999999979
 30
0.0
 11
0.6799999999999988
 21
-0.0999999999999979
 31
0.0
  0
ARC
  5
29A
  8
EQUIPAMENTOS_MOBILIA
 10
0.6199999999999992
 20
-0.1199999999999974
 30
0.0
 40
0.02
 50
90.0
 51
180.0
  0
LINE
  5
29B
  8
EQUIPAMENTOS_MOBILIA
 10
0.6199999999999992
 20
-0.0999999999999979
 30
0.0
 11
0.6303358415836913
 21
-0.0999999999999979
 31
0.0
  0
ARC
  5
29C
  8
EQUIPAMENTOS_MOBILIA
 10
-0.6200000000000001
 20
-0.1199999999999974
 30
0.0
 40
0.02
 50
359.9999999999999
 51
89.99999999999984
  0
ARC
  5
29D
  8
EQUIPAMENTOS_MOBILIA
 10
-0.6799999999999997
 20
-0.1199999999999974
 30
0.0
 40
0.02
 50
89.99999999999984
 51
180.0
  0
ARC
  5
29E
  8
EQUIPAMENTOS_MOBILIA
 10
0.6799999999999984
 20
-0.6800000000000068
 30
0.0
 40
0.02
 50
270.0000000000026
 51
359.9999999999999
  0
ARC
  5
29F
  8
EQUIPAMENTOS_MOBILIA
 10
0.6199999999999992
 20
-0.6800000000000104
 30
0.0
 40
0.02
 50
180.0
 51
270.0
  0
ARC
  5
2A0
  8
EQUIPAMENTOS_MOBILIA
 10
-0.6799999999999997
 20
-0.6799999999999997
 30
0.0
 40
0.02
 50
179.9999999999999
 51
270.0
  0
ARC
  5
2A1
  8
EQUIPAMENTOS_MOBILIA
 10
-0.6200000000000001
 20
-0.6799999999999997
 30
0.0
 40
0.02
 50
270.0
 51
0.0
  0
LINE
  5
2A2
  8
EQUIPAMENTOS_MOBILIA
 10
-0.6799999999999997
 20
-0.6999999999999993
 30
0.0
 11
-0.6200000000000001
 21
-0.6999999999999993
 31
0.0
  0
LINE
  5
2A3
  8
EQUIPAMENTOS_MOBILIA
 10
0.6799999999999993
 20
-0.7000000000000064
 30
0.0
 11
0.6199999999999992
 21
-0.70000000000001
 31
0.0
  0
LINE
  5
2A4
  8
EQUIPAMENTOS_MOBILIA
 10
0.5999999999999996
 20
-0.6500000000000092
 30
0.0
 11
0.5999999999999996
 21
-0.6800000000000104
 31
0.0
  0
LINE
  5
2A5
  8
EQUIPAMENTOS_MOBILIA
 10
-0.6000000000000005
 20
-0.6500000000000021
 30
0.0
 11
-0.6000000000000005
 21
-0.6799999999999997
 31
0.0
  0
ARC
  5
2A6
  8
EQUIPAMENTOS_MOBILIA
 10
-0.5500000000000007
 20
-0.6500000000000021
 30
0.0
 40
0.05
 50
179.9999999999999
 51
269.9999999999994
  0
ARC
  5
2A7
  8
EQUIPAMENTOS_MOBILIA
 10
0.5499999999999998
 20
-0.6500000000000092
 30
0.0
 40
0.05
 50
270.0
 51
0.0
  0
ARC
  5
2A8
  8
EQUIPAMENTOS_MOBILIA
 10
0.0499999999999989
 20
-0.6500000000000057
 30
0.0
 40
0.05
 50
179.9999999999999
 51
270.0
  0
LINE
  5
2A9
  8
EQUIPAMENTOS_MOBILIA
 10
0.5499999999999998
 20
-0.70000000000001
 30
0.0
 11
0.0499999999999989
 21
-0.7000000000000064
 31
0.0
  0
ARC
  5
2AA
  8
EQUIPAMENTOS_MOBILIA
 10
-0.0500000000000007
 20
-0.6500000000000057
 30
0.0
 40
0.05
 50
269.9999999999997
 51
359.9999999999999
  0
LINE
  5
2AB
  8
EQUIPAMENTOS_MOBILIA
 10
-0.6999999999999993
 20
-0.6799999999999997
 30
0.0
 11
-0.6999999999999993
 21
-0.1199999999999974
 31
0.0
  0
LINE
  5
2AC
  8
EQUIPAMENTOS_MOBILIA
 10
-0.6000000000000005
 20
-0.6500000000000021
 30
0.0
 11
-0.6000000000000005
 21
-0.1499999999999986
 31
0.0
  0
LINE
  5
2AD
  8
EQUIPAMENTOS_MOBILIA
 10
-0.0000000000000009
 20
-0.6500000000000057
 30
0.0
 11
0.0
 21
-0.0999999999999979
 31
0.0
  0
LINE
  5
2AE
  8
EQUIPAMENTOS_MOBILIA
 10
0.5999999999999996
 20
-0.6500000000000092
 30
0.0
 11
0.5999999999999996
 21
-0.1499999999999986
 31
0.0
  0
LINE
  5
2AF
  8
EQUIPAMENTOS_MOBILIA
 10
0.6999999999999984
 20
-0.6800000000000068
 30
0.0
 11
0.6999999999999988
 21
-0.1199999999999974
 31
0.0
  0
LINE
  5
2B0
  8
EQUIPAMENTOS_MOBILIA
 10
-0.0500000000000007
 20
-0.7000000000000064
 30
0.0
 11
-0.5500000000000016
 21
-0.7000000000000028
 31
0.0
  0
LINE
  5
2B1
  8
EQUIPAMENTOS_MOBILIA
 10
-0.6200000000000001
 20
-0.0999999999999979
 30
0.0
 11
-0.6799999999999997
 21
-0.0999999999999979
 31
0.0
  0
LINE
  5
2B2
  8
EQUIPAMENTOS_MOBILIA
 10
0.5800000000000001
 20
0.0
 30
0.0
 11
-0.5799999999999992
 21
0.0000000000000036
 31
0.0
  0
ENDBLK
  8
0
  0
BLOCK
  8
0
  2
MESA8C
 70
     0
 10
0.0
 20
0.0
 30
0.0
  0
LINE
  5
2B6
  8
EQUIPAMENTOS_MOBILIA
 10
0.7999999999999972
 20
1.999999999999998
 30
0.0
 11
0.7999999999999972
 21
0.0
 31
0.0
  0
LINE
  5
2B7
  8
EQUIPAMENTOS_MOBILIA
 10
0.7999999999999972
 20
1.999999999999998
 30
0.0
 11
0.0
 21
1.999999999999998
 31
0.0
  0
LINE
  5
2B8
  8
EQUIPAMENTOS_MOBILIA
 10
0.0
 20
1.999999999999998
 30
0.0
 11
0.0
 21
0.0
 31
0.0
  0
LINE
  5
2B9
  8
EQUIPAMENTOS_MOBILIA
 10
0.7999999999999972
 20
0.0
 30
0.0
 11
0.0
 21
0.0
 31
0.0
  0
ARC
  5
2BA
  8
EQUIPAMENTOS_MOBILIA
 10
0.5009884606222172
 20
2.060752184169457
 30
0.0
 40
0.1245544598104686
 50
330.806804114555
 51
10.4879525926241
  0
ARC
  5
2BB
  8
EQUIPAMENTOS_MOBILIA
 10
0.4197951924178085
 20
2.062697661335315
 30
0.0
 40
0.2047187917793318
 50
5.810942040071163
 51
95.98149354416725
  0
ARC
  5
2BC
  8
EQUIPAMENTOS_MOBILIA
 10
0.4197951924178085
 20
2.062697661335315
 30
0.0
 40
0.3243066403784727
 50
61.71667954414695
 51
90.54644204321569
  0
ARC
  5
2BD
  8
EQUIPAMENTOS_MOBILIA
 10
0.557514030694719
 20
2.319043699676987
 30
0.0
 40
0.0333093429281167
 50
235.2768193724616
 51
61.39398025080249
  0
ARC
  5
2BE
  8
EQUIPAMENTOS_MOBILIA
 10
0.3923237523664227
 20
2.037432257414443
 30
0.0
 40
0.294767180584524
 50
64.0124206967791
 51
88.80678054118042
  0
LINE
  5
2BF
  8
EQUIPAMENTOS_MOBILIA
 10
0.4402638031326305
 20
2.266390615761813
 30
0.0
 11
0.4402638031326305
 21
2.328274899202546
 31
0.0
  0
LINE
  5
2C0
  8
EQUIPAMENTOS_MOBILIA
 10
0.4167022578563504
 20
2.386989552614407
 30
0.0
 11
0.3808709889885762
 21
2.386982710772594
 31
0.0
  0
LINE
  5
2C1
  8
EQUIPAMENTOS_MOBILIA
 10
0.5410523329291834
 20
2.290086406416412
 30
0.0
 11
0.5214837431685524
 21
2.302395250162002
 31
0.0
  0
LINE
  5
2C2
  8
EQUIPAMENTOS_MOBILIA
 10
0.2558716960172021
 20
2.290086406416412
 30
0.0
 11
0.2754402857778331
 21
2.302395250162002
 31
0.0
  0
LINE
  5
2C3
  8
EQUIPAMENTOS_MOBILIA
 10
0.3802217710900351
 20
2.386989552614407
 30
0.0
 11
0.4160530399578022
 21
2.386982710772594
 31
0.0
  0
LINE
  5
2C4
  8
EQUIPAMENTOS_MOBILIA
 10
0.356660225813755
 20
2.266390615761813
 30
0.0
 11
0.3566602258137479
 21
2.328274899202546
 31
0.0
  0
ARC
  5
2C5
  8
EQUIPAMENTOS_MOBILIA
 10
0.4046002765799628
 20
2.037432257414443
 30
0.0
 40
0.294767180584524
 50
91.19321945881956
 51
115.9875793032209
  0
ARC
  5
2C6
  8
EQUIPAMENTOS_MOBILIA
 10
0.2394099982516593
 20
2.319043699676987
 30
0.0
 40
0.0333093429281167
 50
118.6060197491975
 51
304.7231806275384
  0
ARC
  5
2C7
  8
EQUIPAMENTOS_MOBILIA
 10
0.377128836528577
 20
2.062697661335315
 30
0.0
 40
0.3243066403784727
 50
89.45355795678431
 51
118.2833204558531
  0
ARC
  5
2C8
  8
EQUIPAMENTOS_MOBILIA
 10
0.377128836528577
 20
2.062697661335315
 30
0.0
 40
0.2047187917793318
 50
84.01850645583278
 51
174.1890579599288
  0
ARC
  5
2C9
  8
EQUIPAMENTOS_MOBILIA
 10
0.2959355683241611
 20
2.060752184169457
 30
0.0
 40
0.1245544598104686
 50
169.5120474073759
 51
209.1931958854451
  0
ARC
  5
2CA
  8
EQUIPAMENTOS_MOBILIA
 10
-0.0202416864084007
 20
1.732600325694515
 30
0.0
 40
0.1245544598104686
 50
76.947074098106
 51
100.4879525926241
  0
ARC
  5
2CB
  8
EQUIPAMENTOS_MOBILIA
 10
-0.0221871635742552
 20
1.651407057490104
 30
0.0
 40
0.2047187917793318
 50
95.81094204007114
 51
185.9814935441673
  0
ARC
  5
2CC
  8
EQUIPAMENTOS_MOBILIA
 10
-0.0221871635742552
 20
1.651407057490104
 30
0.0
 40
0.3243066403784727
 50
151.7166795441469
 51
180.5464420432157
  0
ARC
  5
2CD
  8
EQUIPAMENTOS_MOBILIA
 10
-0.2785332019159306
 20
1.789125895767016
 30
0.0
 40
0.0333093429281167
 50
325.2768193724616
 51
151.3939802508025
  0
ARC
  5
2CE
  8
EQUIPAMENTOS_MOBILIA
 10
0.0030782403466141
 20
1.623935617438718
 30
0.0
 40
0.294767180584524
 50
154.0124206967791
 51
178.8067805411804
  0
LINE
  5
2CF
  8
EQUIPAMENTOS_MOBILIA
 10
-0.2258801180007559
 20
1.671875668204926
 30
0.0
 11
-0.2877644014414891
 21
1.671875668204928
 31
0.0
  0
LINE
  5
2D0
  8
EQUIPAMENTOS_MOBILIA
 10
-0.3464790548533507
 20
1.648314122928642
 30
0.0
 11
-0.3464722130115341
 21
1.612482854060874
 31
0.0
  0
LINE
  5
2D1
  8
EQUIPAMENTOS_MOBILIA
 10
-0.2495759086553555
 20
1.772664198001479
 30
0.0
 11
-0.2618847524009418
 21
1.753095608240846
 31
0.0
  0
LINE
  5
2D2
  8
EQUIPAMENTOS_MOBILIA
 10
-0.2495759086553555
 20
1.487483561089494
 30
0.0
 11
-0.2618847524009418
 21
1.507052150850127
 31
0.0
  0
LINE
  5
2D3
  8
EQUIPAMENTOS_MOBILIA
 10
-0.3464790548533507
 20
1.611833636162331
 30
0.0
 11
-0.3464722130115341
 21
1.6476649050301
 31
0.0
  0
LINE
  5
2D4
  8
EQUIPAMENTOS_MOBILIA
 10
-0.2258801180007559
 20
1.588272090886047
 30
0.0
 11
-0.2877644014414891
 21
1.588272090886045
 31
0.0
  0
ARC
  5
2D5
  8
EQUIPAMENTOS_MOBILIA
 10
0.0030782403466141
 20
1.636212141652255
 30
0.0
 40
0.294767180584524
 50
181.1932194588195
 51
205.9875793032209
  0
ARC
  5
2D6
  8
EQUIPAMENTOS_MOBILIA
 10
-0.2785332019159306
 20
1.471021863323957
 30
0.0
 40
0.0333093429281167
 50
208.6060197491975
 51
34.72318062753835
  0
ARC
  5
2D7
  8
EQUIPAMENTOS_MOBILIA
 10
-0.0221871635742552
 20
1.608740701600869
 30
0.0
 40
0.3243066403784727
 50
179.4535579567843
 51
208.2833204558531
  0
ARC
  5
2D8
  8
EQUIPAMENTOS_MOBILIA
 10
-0.0221871635742552
 20
1.608740701600869
 30
0.0
 40
0.2047187917793318
 50
174.0185064558327
 51
264.1890579599289
  0
ARC
  5
2D9
  8
EQUIPAMENTOS_MOBILIA
 10
-0.0202416864084007
 20
1.527547433396458
 30
0.0
 40
0.1245544598104686
 50
259.5120474073759
 51
283.052925901894
  0
ARC
  5
2DA
  8
EQUIPAMENTOS_MOBILIA
 10
-0.0382021665777472
 20
0.4948939750283099
 30
0.0
 40
0.1245544598104686
 50
72.13889581429547
 51
100.4879525926241
  0
ARC
  5
2DB
  8
EQUIPAMENTOS_MOBILIA
 10
-0.0401476437436017
 20
0.4137007068238994
 30
0.0
 40
0.2047187917793318
 50
95.81094204007114
 51
185.9814935441673
  0
ARC
  5
2DC
  8
EQUIPAMENTOS_MOBILIA
 10
-0.0401476437436017
 20
0.4137007068238994
 30
0.0
 40
0.3243066403784727
 50
151.7166795441469
 51
180.5464420432157
  0
ARC
  5
2DD
  8
EQUIPAMENTOS_MOBILIA
 10
-0.296493682085277
 20
0.5514195451008117
 30
0.0
 40
0.0333093429281167
 50
325.2768193724616
 51
151.3939802508025
  0
ARC
  5
2DE
  8
EQUIPAMENTOS_MOBILIA
 10
-0.0148822398227324
 20
0.3862292667725136
 30
0.0
 40
0.294767180584524
 50
154.0124206967791
 51
178.8067805411804
  0
LINE
  5
2DF
  8
EQUIPAMENTOS_MOBILIA
 10
-0.2438405981701024
 20
0.4341693175387213
 30
0.0
 11
-0.3057248816108356
 21
0.4341693175387231
 31
0.0
  0
LINE
  5
2E0
  8
EQUIPAMENTOS_MOBILIA
 10
-0.3644395350226972
 20
0.4106077722624377
 30
0.0
 11
-0.3644326931808806
 21
0.3747765033946688
 31
0.0
  0
LINE
  5
2E1
  8
EQUIPAMENTOS_MOBILIA
 10
-0.267536388824702
 20
0.5349578473352743
 30
0.0
 11
-0.2798452325702883
 21
0.5153892575746415
 31
0.0
  0
LINE
  5
2E2
  8
EQUIPAMENTOS_MOBILIA
 10
-0.267536388824702
 20
0.2497772104232894
 30
0.0
 11
-0.2798452325702883
 21
0.2693458001839222
 31
0.0
  0
LINE
  5
2E3
  8
EQUIPAMENTOS_MOBILIA
 10
-0.3644395350226972
 20
0.3741272854961259
 30
0.0
 11
-0.3644326931808806
 21
0.4099585543638948
 31
0.0
  0
LINE
  5
2E4
  8
EQUIPAMENTOS_MOBILIA
 10
-0.2438405981701024
 20
0.3505657402198423
 30
0.0
 11
-0.3057248816108356
 21
0.3505657402198405
 31
0.0
  0
ARC
  5
2E5
  8
EQUIPAMENTOS_MOBILIA
 10
-0.0148822398227324
 20
0.3985057909860501
 30
0.0
 40
0.294767180584524
 50
181.1932194588195
 51
205.9875793032209
  0
ARC
  5
2E6
  8
EQUIPAMENTOS_MOBILIA
 10
-0.296493682085277
 20
0.233315512657752
 30
0.0
 40
0.0333093429281167
 50
208.6060197491975
 51
34.72318062753835
  0
ARC
  5
2E7
  8
EQUIPAMENTOS_MOBILIA
 10
-0.0401476437436017
 20
0.3710343509346643
 30
0.0
 40
0.3243066403784727
 50
179.4535579567843
 51
208.2833204558531
  0
ARC
  5
2E8
  8
EQUIPAMENTOS_MOBILIA
 10
-0.0401476437436017
 20
0.3710343509346643
 30
0.0
 40
0.2047187917793318
 50
174.0185064558327
 51
264.1890579599289
  0
ARC
  5
2E9
  8
EQUIPAMENTOS_MOBILIA
 10
-0.0382021665777472
 20
0.2898410827302538
 30
0.0
 40
0.1245544598104686
 50
259.5120474073759
 51
287.8611041857045
  0
ARC
  5
2EA
  8
EQUIPAMENTOS_MOBILIA
 10
0.2959355683241611
 20
-0.0294034638929368
 30
0.0
 40
0.1245544598104686
 50
166.3453468607667
 51
190.4879525926241
  0
ARC
  5
2EB
  8
EQUIPAMENTOS_MOBILIA
 10
0.377128836528577
 20
-0.0313489410587948
 30
0.0
 40
0.2047187917793318
 50
185.8109420400711
 51
275.9814935441673
  0
ARC
  5
2EC
  8
EQUIPAMENTOS_MOBILIA
 10
0.377128836528577
 20
-0.0313489410587948
 30
0.0
 40
0.3243066403784727
 50
241.716679544147
 51
270.5464420432157
  0
ARC
  5
2ED
  8
EQUIPAMENTOS_MOBILIA
 10
0.2394099982516593
 20
-0.2876949794004666
 30
0.0
 40
0.0333093429281167
 50
55.27681937246165
 51
241.3939802508025
  0
ARC
  5
2EE
  8
EQUIPAMENTOS_MOBILIA
 10
0.4046002765799628
 20
-0.006083537137922
 30
0.0
 40
0.294767180584524
 50
244.0124206967792
 51
268.8067805411804
  0
LINE
  5
2EF
  8
EQUIPAMENTOS_MOBILIA
 10
0.356660225813755
 20
-0.235041895485292
 30
0.0
 11
0.3566602258137479
 21
-0.2969261789260251
 31
0.0
  0
LINE
  5
2F0
  8
EQUIPAMENTOS_MOBILIA
 10
0.3802217710900351
 20
-0.3556408323378868
 30
0.0
 11
0.4160530399578022
 21
-0.3556339904960737
 31
0.0
  0
LINE
  5
2F1
  8
EQUIPAMENTOS_MOBILIA
 10
0.2558716960172021
 20
-0.2587376861398916
 30
0.0
 11
0.2754402857778331
 21
-0.2710465298854814
 31
0.0
  0
LINE
  5
2F2
  8
EQUIPAMENTOS_MOBILIA
 10
0.5410523329291834
 20
-0.2587376861398916
 30
0.0
 11
0.5214837431685524
 21
-0.2710465298854814
 31
0.0
  0
LINE
  5
2F3
  8
EQUIPAMENTOS_MOBILIA
 10
0.4167022578563504
 20
-0.3556408323378868
 30
0.0
 11
0.3808709889885762
 21
-0.3556339904960737
 31
0.0
  0
LINE
  5
2F4
  8
EQUIPAMENTOS_MOBILIA
 10
0.4402638031326305
 20
-0.235041895485292
 30
0.0
 11
0.4402638031326305
 21
-0.2969261789260251
 31
0.0
  0
ARC
  5
2F5
  8
EQUIPAMENTOS_MOBILIA
 10
0.3923237523664227
 20
-0.006083537137922
 30
0.0
 40
0.294767180584524
 50
271.1932194588196
 51
295.9875793032208
  0
ARC
  5
2F6
  8
EQUIPAMENTOS_MOBILIA
 10
0.557514030694719
 20
-0.2876949794004666
 30
0.0
 40
0.0333093429281167
 50
298.6060197491975
 51
124.7231806275383
  0
ARC
  5
2F7
  8
EQUIPAMENTOS_MOBILIA
 10
0.4197951924178085
 20
-0.0313489410587948
 30
0.0
 40
0.3243066403784727
 50
269.4535579567843
 51
298.2833204558531
  0
ARC
  5
2F8
  8
EQUIPAMENTOS_MOBILIA
 10
0.4197951924178085
 20
-0.0313489410587948
 30
0.0
 40
0.2047187917793318
 50
264.0185064558327
 51
354.1890579599289
  0
ARC
  5
2F9
  8
EQUIPAMENTOS_MOBILIA
 10
0.5009884606222172
 20
-0.0294034638929368
 30
0.0
 40
0.1245544598104686
 50
349.5120474073759
 51
13.65465313923326
  0
ARC
  5
2FA
  8
EQUIPAMENTOS_MOBILIA
 10
0.8451976110157933
 20
0.2749357868835105
 30
0.0
 40
0.1245544598104686
 50
248.7231787807576
 51
280.4879525926241
  0
ARC
  5
2FB
  8
EQUIPAMENTOS_MOBILIA
 10
0.8471430881816513
 20
0.356129055087921
 30
0.0
 40
0.2047187917793318
 50
275.8109420400711
 51
5.981493544167229
  0
ARC
  5
2FC
  8
EQUIPAMENTOS_MOBILIA
 10
0.8471430881816513
 20
0.356129055087921
 30
0.0
 40
0.3243066403784727
 50
331.7166795441469
 51
0.5464420432156913
  0
ARC
  5
2FD
  8
EQUIPAMENTOS_MOBILIA
 10
1.103489126523323
 20
0.2184102168110087
 30
0.0
 40
0.0333093429281167
 50
145.2768193724617
 51
331.3939802508025
  0
ARC
  5
2FE
  8
EQUIPAMENTOS_MOBILIA
 10
0.8218776842607785
 20
0.3836004951393068
 30
0.0
 40
0.294767180584524
 50
334.0124206967792
 51
358.8067805411804
  0
LINE
  5
2FF
  8
EQUIPAMENTOS_MOBILIA
 10
1.050836042608148
 20
0.3356604443730991
 30
0.0
 11
1.112720326048882
 21
0.3356604443730973
 31
0.0
  0
LINE
  5
300
  8
EQUIPAMENTOS_MOBILIA
 10
1.171434979460743
 20
0.3592219896493827
 30
0.0
 11
1.17142813761893
 21
0.3950532585171516
 31
0.0
  0
LINE
  5
301
  8
EQUIPAMENTOS_MOBILIA
 10
1.074531833262748
 20
0.2348719145765461
 30
0.0
 11
1.086840677008338
 21
0.2544405043371789
 31
0.0
  0
LINE
  5
302
  8
EQUIPAMENTOS_MOBILIA
 10
1.074531833262748
 20
0.520052551488531
 30
0.0
 11
1.086840677008338
 21
0.5004839617278982
 31
0.0
  0
LINE
  5
303
  8
EQUIPAMENTOS_MOBILIA
 10
1.171434979460743
 20
0.3957024764156944
 30
0.0
 11
1.17142813761893
 21
0.3598712075479256
 31
0.0
  0
LINE
  5
304
  8
EQUIPAMENTOS_MOBILIA
 10
1.050836042608148
 20
0.4192640216919781
 30
0.0
 11
1.112720326048882
 21
0.4192640216919798
 31
0.0
  0
ARC
  5
305
  8
EQUIPAMENTOS_MOBILIA
 10
0.8218776842607785
 20
0.3713239709257703
 30
0.0
 40
0.294767180584524
 50
1.193219458819579
 51
25.98757930322082
  0
ARC
  5
306
  8
EQUIPAMENTOS_MOBILIA
 10
1.103489126523323
 20
0.5365142492540684
 30
0.0
 40
0.0333093429281167
 50
28.60601974919751
 51
214.7231806275384
  0
ARC
  5
307
  8
EQUIPAMENTOS_MOBILIA
 10
0.8471430881816513
 20
0.3987954109771561
 30
0.0
 40
0.3243066403784727
 50
359.4535579567843
 51
28.28332045585305
  0
ARC
  5
308
  8
EQUIPAMENTOS_MOBILIA
 10
0.8471430881816513
 20
0.3987954109771561
 30
0.0
 40
0.2047187917793318
 50
354.0185064558327
 51
84.18905795992883
  0
ARC
  5
309
  8
EQUIPAMENTOS_MOBILIA
 10
0.8451976110157933
 20
0.4799886791815666
 30
0.0
 40
0.1245544598104686
 50
79.51204740737589
 51
111.2768212192424
  0
ARC
  5
30A
  8
EQUIPAMENTOS_MOBILIA
 10
0.8552690265074627
 20
1.543236667869847
 30
0.0
 40
0.1245544598104686
 50
243.6576425107739
 51
280.4879525926241
  0
ARC
  5
30B
  8
EQUIPAMENTOS_MOBILIA
 10
0.8572145036733207
 20
1.624429936074257
 30
0.0
 40
0.2047187917793318
 50
275.8109420400711
 51
5.981493544167229
  0
ARC
  5
30C
  8
EQUIPAMENTOS_MOBILIA
 10
0.8572145036733207
 20
1.624429936074257
 30
0.0
 40
0.3243066403784727
 50
331.7166795441469
 51
0.5464420432156913
  0
ARC
  5
30D
  8
EQUIPAMENTOS_MOBILIA
 10
1.113560542014993
 20
1.486711097797345
 30
0.0
 40
0.0333093429281167
 50
145.2768193724617
 51
331.3939802508025
  0
ARC
  5
30E
  8
EQUIPAMENTOS_MOBILIA
 10
0.8319490997524479
 20
1.651901376125643
 30
0.0
 40
0.294767180584524
 50
334.0124206967792
 51
358.8067805411804
  0
LINE
  5
30F
  8
EQUIPAMENTOS_MOBILIA
 10
1.060907458099818
 20
1.603961325359435
 30
0.0
 11
1.122791741540551
 21
1.603961325359434
 31
0.0
  0
LINE
  5
310
  8
EQUIPAMENTOS_MOBILIA
 10
1.181506394952413
 20
1.627522870635719
 30
0.0
 11
1.1814995531106
 21
1.663354139503488
 31
0.0
  0
LINE
  5
311
  8
EQUIPAMENTOS_MOBILIA
 10
1.084603248754417
 20
1.503172795562882
 30
0.0
 11
1.096912092500007
 21
1.522741385323515
 31
0.0
  0
LINE
  5
312
  8
EQUIPAMENTOS_MOBILIA
 10
1.084603248754417
 20
1.788353432474867
 30
0.0
 11
1.096912092500007
 21
1.768784842714235
 31
0.0
  0
LINE
  5
313
  8
EQUIPAMENTOS_MOBILIA
 10
1.181506394952413
 20
1.664003357402031
 30
0.0
 11
1.1814995531106
 21
1.628172088534262
 31
0.0
  0
LINE
  5
314
  8
EQUIPAMENTOS_MOBILIA
 10
1.060907458099818
 20
1.687564902678314
 30
0.0
 11
1.122791741540551
 21
1.687564902678316
 31
0.0
  0
ARC
  5
315
  8
EQUIPAMENTOS_MOBILIA
 10
0.8319490997524479
 20
1.639624851912107
 30
0.0
 40
0.294767180584524
 50
1.193219458819579
 51
25.98757930322082
  0
ARC
  5
316
  8
EQUIPAMENTOS_MOBILIA
 10
1.113560542014993
 20
1.804815130240405
 30
0.0
 40
0.0333093429281167
 50
28.60601974919751
 51
214.7231806275384
  0
ARC
  5
317
  8
EQUIPAMENTOS_MOBILIA
 10
0.8572145036733207
 20
1.667096291963492
 30
0.0
 40
0.3243066403784727
 50
359.4535579567843
 51
28.28332045585305
  0
ARC
  5
318
  8
EQUIPAMENTOS_MOBILIA
 10
0.8572145036733207
 20
1.667096291963492
 30
0.0
 40
0.2047187917793318
 50
354.0185064558327
 51
84.18905795992883
  0
ARC
  5
319
  8
EQUIPAMENTOS_MOBILIA
 10
0.8552690265074627
 20
1.748289560167903
 30
0.0
 40
0.1245544598104686
 50
79.51204740737589
 51
116.3423574892261
  0
ARC
  5
31A
  8
EQUIPAMENTOS_MOBILIA
 10
-0.0202416864084007
 20
0.9096551692041501
 30
0.0
 40
0.1245544598104686
 50
259.5120474073759
 51
283.052925901894
  0
ARC
  5
31B
  8
EQUIPAMENTOS_MOBILIA
 10
-0.0221871635742552
 20
0.9908484374085607
 30
0.0
 40
0.2047187917793318
 50
174.0185064558327
 51
264.1890579599289
  0
ARC
  5
31C
  8
EQUIPAMENTOS_MOBILIA
 10
-0.0221871635742552
 20
0.9908484374085607
 30
0.0
 40
0.3243066403784727
 50
179.4535579567843
 51
208.2833204558531
  0
ARC
  5
31D
  8
EQUIPAMENTOS_MOBILIA
 10
-0.2785332019159306
 20
0.8531295991316483
 30
0.0
 40
0.0333093429281167
 50
208.6060197491975
 51
34.72318062753835
  0
ARC
  5
31E
  8
EQUIPAMENTOS_MOBILIA
 10
0.0030782403466141
 20
1.018319877459946
 30
0.0
 40
0.294767180584524
 50
181.1932194588195
 51
205.9875793032209
  0
LINE
  5
31F
  8
EQUIPAMENTOS_MOBILIA
 10
-0.2258801180007559
 20
0.9703798266937387
 30
0.0
 11
-0.2877644014414891
 21
0.9703798266937369
 31
0.0
  0
LINE
  5
320
  8
EQUIPAMENTOS_MOBILIA
 10
-0.3464790548533507
 20
0.9939413719700223
 30
0.0
 11
-0.3464722130115341
 21
1.029772640837791
 31
0.0
  0
LINE
  5
321
  8
EQUIPAMENTOS_MOBILIA
 10
-0.2495759086553555
 20
0.8695912968971857
 30
0.0
 11
-0.2618847524009418
 21
0.8891598866578185
 31
0.0
  0
LINE
  5
322
  8
EQUIPAMENTOS_MOBILIA
 10
-0.2495759086553555
 20
1.154771933809171
 30
0.0
 11
-0.2618847524009418
 21
1.135203344048538
 31
0.0
  0
LINE
  5
323
  8
EQUIPAMENTOS_MOBILIA
 10
-0.3464790548533507
 20
1.030421858736334
 30
0.0
 11
-0.3464722130115341
 21
0.9945905898685652
 31
0.0
  0
LINE
  5
324
  8
EQUIPAMENTOS_MOBILIA
 10
-0.2258801180007559
 20
1.053983404012618
 30
0.0
 11
-0.2877644014414891
 21
1.053983404012619
 31
0.0
  0
ARC
  5
325
  8
EQUIPAMENTOS_MOBILIA
 10
0.0030782403466141
 20
1.00604335324641
 30
0.0
 40
0.294767180584524
 50
154.0124206967791
 51
178.8067805411804
  0
ARC
  5
326
  8
EQUIPAMENTOS_MOBILIA
 10
-0.2785332019159306
 20
1.171233631574708
 30
0.0
 40
0.0333093429281167
 50
325.2768193724616
 51
151.3939802508025
  0
ARC
  5
327
  8
EQUIPAMENTOS_MOBILIA
 10
-0.0221871635742552
 20
1.033514793297796
 30
0.0
 40
0.3243066403784727
 50
151.7166795441469
 51
180.5464420432157
  0
ARC
  5
328
  8
EQUIPAMENTOS_MOBILIA
 10
-0.0221871635742552
 20
1.033514793297796
 30
0.0
 40
0.2047187917793318
 50
95.81094204007114
 51
185.9814935441673
  0
ARC
  5
329
  8
EQUIPAMENTOS_MOBILIA
 10
-0.0202416864084007
 20
1.114708061502206
 30
0.0
 40
0.1245544598104686
 50
76.947074098106
 51
100.4879525926241
  0
ARC
  5
32A
  8
EQUIPAMENTOS_MOBILIA
 10
0.8221871635742506
 20
1.033514793297796
 30
0.0
 40
0.2047187917793318
 50
354.0185064558327
 51
84.18905795992883
  0
ARC
  5
32B
  8
EQUIPAMENTOS_MOBILIA
 10
0.8221871635742506
 20
1.033514793297796
 30
0.0
 40
0.3243066403784727
 50
359.4535579567843
 51
28.28332045585305
  0
ARC
  5
32C
  8
EQUIPAMENTOS_MOBILIA
 10
1.078533201915926
 20
1.171233631574708
 30
0.0
 40
0.0333093429281167
 50
28.60601974919751
 51
214.7231806275384
  0
ARC
  5
32D
  8
EQUIPAMENTOS_MOBILIA
 10
0.7969217596533813
 20
1.00604335324641
 30
0.0
 40
0.294767180584524
 50
1.193219458819579
 51
25.98757930322082
  0
LINE
  5
32E
  8
EQUIPAMENTOS_MOBILIA
 10
1.025880118000751
 20
1.053983404012618
 30
0.0
 11
1.087764401441484
 21
1.053983404012619
 31
0.0
  0
LINE
  5
32F
  8
EQUIPAMENTOS_MOBILIA
 10
1.146479054853346
 20
1.030421858736334
 30
0.0
 11
1.146472213011529
 21
0.9945905898685652
 31
0.0
  0
LINE
  5
330
  8
EQUIPAMENTOS_MOBILIA
 10
1.049575908655351
 20
1.154771933809171
 30
0.0
 11
1.061884752400937
 21
1.135203344048538
 31
0.0
  0
LINE
  5
331
  8
EQUIPAMENTOS_MOBILIA
 10
1.049575908655351
 20
0.8695912968971857
 30
0.0
 11
1.061884752400937
 21
0.8891598866578185
 31
0.0
  0
LINE
  5
332
  8
EQUIPAMENTOS_MOBILIA
 10
1.146479054853346
 20
0.9939413719700223
 30
0.0
 11
1.146472213011529
 21
1.029772640837791
 31
0.0
  0
LINE
  5
333
  8
EQUIPAMENTOS_MOBILIA
 10
1.025880118000751
 20
0.9703798266937387
 30
0.0
 11
1.087764401441484
 21
0.9703798266937369
 31
0.0
  0
ARC
  5
334
  8
EQUIPAMENTOS_MOBILIA
 10
0.7969217596533813
 20
1.018319877459946
 30
0.0
 40
0.294767180584524
 50
334.0124206967792
 51
358.8067805411804
  0
ARC
  5
335
  8
EQUIPAMENTOS_MOBILIA
 10
1.078533201915926
 20
0.8531295991316483
 30
0.0
 40
0.0333093429281167
 50
145.2768193724616
 51
331.3939802508025
  0
ARC
  5
336
  8
EQUIPAMENTOS_MOBILIA
 10
0.8221871635742506
 20
0.9908484374085607
 30
0.0
 40
0.3243066403784727
 50
331.7166795441469
 51
0.5464420432156913
  0
ARC
  5
337
  8
EQUIPAMENTOS_MOBILIA
 10
0.8221871635742506
 20
0.9908484374085607
 30
0.0
 40
0.2047187917793318
 50
275.8109420400711
 51
5.981493544167229
  0
ARC
  5
338
  8
EQUIPAMENTOS_MOBILIA
 10
0.8202416864083961
 20
0.9096551692041501
 30
0.0
 40
0.1245544598104686
 50
256.947074098106
 51
280.4879525926241
  0
ARC
  5
339
  8
EQUIPAMENTOS_MOBILIA
 10
0.8202416864083979
 20
1.114708061502206
 30
0.0
 40
0.1245544598104686
 50
79.51204740737589
 51
103.052925901894
  0
ENDBLK
  8
0
  0
BLOCK
  8
0
  2
TV
 70
     0
 10
0.0
 20
0.0
 30
0.0
  0
LINE
  5
33E
  8
EQUIPAMENTOS_MOBILIA
 10
0.0640684837992351
 20
0.35
 30
0.0
 11
0.0640684837992351
 21
-0.35
 31
0.0
  0
LINE
  5
33F
  8
EQUIPAMENTOS_MOBILIA
 10
0.0940684837992354
 20
0.35
 30
0.0
 11
0.0940684837992354
 21
-0.35
 31
0.0
  0
LINE
  5
340
  8
EQUIPAMENTOS_MOBILIA
 10
0.0
 20
0.35
 30
0.0
 11
0.0940684837992354
 21
0.35
 31
0.0
  0
LINE
  5
341
  8
EQUIPAMENTOS_MOBILIA
 10
0.0
 20
-0.35
 30
0.0
 11
0.0
 21
0.35
 31
0.0
  0
LINE
  5
342
  8
EQUIPAMENTOS_MOBILIA
 10
0.0940684837992354
 20
-0.35
 30
0.0
 11
0.0
 21
-0.35
 31
0.0
  0
ENDBLK
  8
0
  0
BLOCK
  8
0
  2
CAMAS
 70
     0
 10
0.0
 20
0.0
 30
0.0
  0
POLYLINE
  5
347
  8
EQUIPAMENTOS_MOBILIA
 66
     1
 10
0.0
 20
0.0
 30
0.0
 70
     1
  0
VERTEX
  5
1150
  8
EQUIPAMENTOS_MOBILIA
 10
-0.0300000000000011
 20
0.4250000000000007
 30
0.0
  0
VERTEX
  5
1151
  8
EQUIPAMENTOS_MOBILIA
 10
-1.829999999999998
 20
0.4250000000000007
 30
0.0
  0
VERTEX
  5
1152
  8
EQUIPAMENTOS_MOBILIA
 10
-1.829999999999998
 20
-0.4250000000000007
 30
0.0
  0
VERTEX
  5
1153
  8
EQUIPAMENTOS_MOBILIA
 10
-0.0300000000000011
 20
-0.4250000000000007
 30
0.0
  0
SEQEND
  5
11B4
  8
EQUIPAMENTOS_MOBILIA
  0
LINE
  5
348
  8
EQUIPAMENTOS_MOBILIA
 10
-0.5989375352347963
 20
0.4250000000000007
 30
0.0
 11
-0.7771865807814962
 21
-0.1899940111360827
 31
0.0
  0
LINE
  5
349
  8
EQUIPAMENTOS_MOBILIA
 10
-0.7771865807814962
 20
-0.1899940111360827
 30
0.0
 11
-1.071504151922461
 21
-0.4250000000000007
 31
0.0
  0
LINE
  5
34A
  8
EQUIPAMENTOS_MOBILIA
 10
-0.5989375352347963
 20
0.4250000000000007
 30
0.0
 11
-0.7191514843982887
 21
-0.4250000000000007
 31
0.0
  0
ARC
  5
34B
  8
EQUIPAMENTOS_MOBILIA
 10
-0.284916682854778
 20
-0.8108947399301876
 30
0.0
 40
0.5547036152335851
 50
68.86584429810023
 51
111.1341557019004
  0
ARC
  5
34C
  8
EQUIPAMENTOS_MOBILIA
 10
-1.82982876007658
 20
-0.0042137278516172
 30
0.0
 40
1.380337200031101
 50
347.374598568659
 51
13.008701028921
  0
ARC
  5
34D
  8
EQUIPAMENTOS_MOBILIA
 10
-0.2849166828547922
 20
0.6520293425793149
 30
0.0
 40
0.3992384485044764
 50
239.9368799774797
 51
300.0631200225239
  0
ARC
  5
34E
  8
EQUIPAMENTOS_MOBILIA
 10
1.252178391387694
 20
0.0064988247313913
 30
0.0
 40
1.370336906590307
 50
167.354142235563
 51
192.6458577644373
  0
POLYLINE
  5
34F
  8
EQUIPAMENTOS_MOBILIA
 66
     1
 10
0.0
 20
0.0
 30
0.0
 70
     1
  0
VERTEX
  5
1154
  8
EQUIPAMENTOS_MOBILIA
 10
0.0
 20
0.4550000000000018
 30
0.0
  0
VERTEX
  5
1155
  8
EQUIPAMENTOS_MOBILIA
 10
-1.859999999999992
 20
0.455000000000009
 30
0.0
  0
VERTEX
  5
1156
  8
EQUIPAMENTOS_MOBILIA
 10
-1.859999999999992
 20
-0.4550000000000018
 30
0.0
  0
VERTEX
  5
1157
  8
EQUIPAMENTOS_MOBILIA
 10
0.0
 20
-0.4550000000000018
 30
0.0
  0
SEQEND
  5
11B5
  8
EQUIPAMENTOS_MOBILIA
  0
ENDBLK
  8
0
  0
BLOCK
  8
0
  2
GELAD
 70
     0
 10
0.0
 20
0.0
 30
0.0
  0
LINE
  5
353
  8
EQUIPAMENTOS_MOBILIA
 10
-0.7199999999999989
 20
0.1587980179370447
 30
0.0
 11
-0.6999999999999886
 21
0.1587980179370447
 31
0.0
  0
LINE
  5
354
  8
EQUIPAMENTOS_MOBILIA
 10
-0.7199999999999989
 20
0.258798017937039
 30
0.0
 11
-0.6999999999999886
 21
0.258798017937039
 31
0.0
  0
LINE
  5
355
  8
EQUIPAMENTOS_MOBILIA
 10
-0.7199999999999989
 20
0.1587980179370447
 30
0.0
 11
-0.7199999999999989
 21
0.258798017937039
 31
0.0
  0
LINE
  5
356
  8
EQUIPAMENTOS_MOBILIA
 10
-0.6299999999999955
 20
-0.2800000000000011
 30
0.0
 11
-0.6299999999999955
 21
0.2799999999999443
 31
0.0
  0
LINE
  5
357
  8
EQUIPAMENTOS_MOBILIA
 10
-0.6399999999999864
 20
-0.2800000000000011
 30
0.0
 11
-0.6399999999999864
 21
0.2799999999999443
 31
0.0
  0
LINE
  5
358
  8
EQUIPAMENTOS_MOBILIA
 10
-0.6499999999999773
 20
-0.3000000000000114
 30
0.0
 11
-0.6999999999999886
 21
-0.3000000000000114
 31
0.0
  0
LINE
  5
359
  8
EQUIPAMENTOS_MOBILIA
 10
-0.6199999999999477
 20
-0.2800000000000296
 30
0.0
 11
-0.6499999999999773
 21
-0.2800000000000011
 31
0.0
  0
LINE
  5
35A
  8
EQUIPAMENTOS_MOBILIA
 10
-0.6199999999999761
 20
0.2999999999999829
 30
0.0
 11
-0.0500000000000398
 21
0.2999999999999829
 31
0.0
  0
LINE
  5
35B
  8
EQUIPAMENTOS_MOBILIA
 10
-0.0500000000000114
 20
-0.2800000000000011
 30
0.0
 11
0.0
 21
-0.2299999999999898
 31
0.0
  0
LINE
  5
35C
  8
EQUIPAMENTOS_MOBILIA
 10
-0.0500000000000114
 20
0.2799999999999727
 30
0.0
 11
0.0
 21
0.2299999999999613
 31
0.0
  0
LINE
  5
35D
  8
EQUIPAMENTOS_MOBILIA
 10
-0.0500000000000114
 20
0.2999999999999829
 30
0.0
 11
-0.0500000000000114
 21
-0.3000000000000114
 31
0.0
  0
LINE
  5
35E
  8
EQUIPAMENTOS_MOBILIA
 10
-0.6199999999999761
 20
-0.3000000000000114
 30
0.0
 11
-0.6199999999999761
 21
0.2999999999999829
 31
0.0
  0
LINE
  5
35F
  8
EQUIPAMENTOS_MOBILIA
 10
-0.6499999999999773
 20
0.2799999999999727
 30
0.0
 11
-0.6199999999999477
 21
0.2799999999999727
 31
0.0
  0
LINE
  5
360
  8
EQUIPAMENTOS_MOBILIA
 10
-0.6499999999999773
 20
-0.3000000000000114
 30
0.0
 11
-0.6499999999999773
 21
0.2999999999999829
 31
0.0
  0
LINE
  5
361
  8
EQUIPAMENTOS_MOBILIA
 10
-0.6999999999999886
 20
-0.3000000000000114
 30
0.0
 11
-0.6999999999999886
 21
0.2999999999999829
 31
0.0
  0
LINE
  5
362
  8
EQUIPAMENTOS_MOBILIA
 10
-0.0500000000000398
 20
-0.3000000000000114
 30
0.0
 11
-0.6199999999999761
 21
-0.3000000000000114
 31
0.0
  0
LINE
  5
363
  8
EQUIPAMENTOS_MOBILIA
 10
0.0
 20
0.2299999999999613
 30
0.0
 11
0.0
 21
-0.2299999999999898
 31
0.0
  0
LINE
  5
364
  8
EQUIPAMENTOS_MOBILIA
 10
-0.6999999999999886
 20
0.2999999999999829
 30
0.0
 11
-0.6499999999999773
 21
0.2999999999999829
 31
0.0
  0
ENDBLK
  8
0
  0
BLOCK
  8
0
  2
VEG1
 70
     0
 10
0.0
 20
0.0
 30
0.0
  0
LINE
  5
368
  8
VERDE
 10
0.3870417301596163
 20
-0.0191556455750401
 30
0.0
 11
0.3531064396806727
 21
-0.0191556455750401
 31
0.0
  0
LINE
  5
369
  8
VERDE
 10
0.3870417301596163
 20
-0.0191556455750401
 30
0.0
 11
0.3528198243852998
 21
-0.0238593382574912
 31
0.0
  0
LINE
  5
36A
  8
VERDE
 10
0.3870417301596163
 20
-0.0191556455750401
 30
0.0
 11
0.3524469491616102
 21
-0.0288486486343729
 31
0.0
  0
LINE
  5
36B
  8
VERDE
 10
0.3870417301596163
 20
-0.0191556455750401
 30
0.0
 11
0.3519486088038164
 21
-0.03439873925619
 31
0.0
  0
LINE
  5
36C
  8
VERDE
 10
0.3870417301596163
 20
-0.0191556455750401
 30
0.0
 11
0.3512499989389966
 21
-0.0409210794910564
 31
0.0
  0
LINE
  5
36D
  8
VERDE
 10
0.3870417301596163
 20
-0.0191556455750401
 30
0.0
 11
0.3501958668535181
 21
-0.0491319787925839
 31
0.0
  0
LINE
  5
36E
  8
VERDE
 10
0.3870417301596163
 20
-0.0191556455750401
 30
0.0
 11
0.3484080297729761
 21
-0.0605222379879926
 31
0.0
  0
LINE
  5
36F
  8
VERDE
 10
0.3870417301596163
 20
-0.0191556455750401
 30
0.0
 11
0.34463512185215
 21
-0.0792321228247488
 31
0.0
  0
LINE
  5
370
  8
VERDE
 10
0.3870417301596163
 20
-0.0191556455750401
 30
0.0
 11
0.3433535468973545
 21
-0.103470011927925
 31
0.0
  0
LINE
  5
371
  8
VERDE
 10
0.3870417301596163
 20
-0.0191556455750401
 30
0.0
 11
0.3552412657307826
 21
-0.1086335768897264
 31
0.0
  0
LINE
  5
372
  8
VERDE
 10
0.3870417301596163
 20
-0.0191556455750401
 30
0.0
 11
0.3677213670477286
 21
-0.1121303372898836
 31
0.0
  0
LINE
  5
373
  8
VERDE
 10
0.3870417301596163
 20
-0.0191556455750401
 30
0.0
 11
0.3805613701739148
 21
-0.1138951550982661
 31
0.0
  0
LINE
  5
374
  8
VERDE
 10
0.3870417301596163
 20
-0.0191556455750401
 30
0.0
 11
0.3935220901453249
 21
-0.1138951550982661
 31
0.0
  0
LINE
  5
375
  8
VERDE
 10
0.3870417301596163
 20
-0.0191556455750401
 30
0.0
 11
0.4063620932715111
 21
-0.1121303372898836
 31
0.0
  0
LINE
  5
376
  8
VERDE
 10
0.3870417301596163
 20
-0.0191556455750401
 30
0.0
 11
0.4188421945884571
 21
-0.1086335768897264
 31
0.0
  0
LINE
  5
377
  8
VERDE
 10
0.3870417301596163
 20
-0.0191556455750401
 30
0.0
 11
0.4307299134218781
 21
-0.103470011927925
 31
0.0
  0
LINE
  5
378
  8
VERDE
 10
0.3870417301596163
 20
-0.0191556455750401
 30
0.0
 11
0.4418038040623458
 21
-0.0967358298498766
 31
0.0
  0
LINE
  5
379
  8
VERDE
 10
0.3870417301596163
 20
-0.0191556455750401
 30
0.0
 11
0.4518575808798317
 21
-0.0885564757261328
 31
0.0
  0
LINE
  5
37A
  8
VERDE
 10
0.3870417301596163
 20
-0.0191556455750401
 30
0.0
 11
0.4607039610346888
 21
-0.0790843154480889
 31
0.0
  0
LINE
  5
37B
  8
VERDE
 10
0.3870417301596163
 20
-0.0191556455750401
 30
0.0
 11
0.4681781532026434
 21
-0.0684957974397093
 31
0.0
  0
LINE
  5
37C
  8
VERDE
 10
0.3870417301596163
 20
-0.0191556455750437
 30
0.0
 11
0.4741409273253154
 21
-0.0569881657572395
 31
0.0
  0
LINE
  5
37D
  8
VERDE
 10
0.3870417301596163
 20
-0.0191556455750401
 30
0.0
 11
0.4784812082028012
 21
-0.0447757858056548
 31
0.0
  0
LINE
  5
37E
  8
VERDE
 10
0.3870417301596163
 20
-0.0191556455750401
 30
0.0
 11
0.4811181446144772
 21
-0.0320861511167436
 31
0.0
  0
LINE
  5
37F
  8
VERDE
 10
0.3870417301596163
 20
-0.0191556455750401
 30
0.0
 11
0.482002615424264
 21
-0.0191556455750401
 31
0.0
  0
LINE
  5
380
  8
VERDE
 10
0.3870417301596163
 20
-0.0191556455750401
 30
0.0
 11
0.4811181446144772
 21
-0.0062251400333437
 31
0.0
  0
LINE
  5
381
  8
VERDE
 10
0.3870417301596163
 20
-0.0191556455750401
 30
0.0
 11
0.4784812082028012
 21
0.0064644946555745
 31
0.0
  0
LINE
  5
382
  8
VERDE
 10
0.3870417301596163
 20
-0.0191556455750401
 30
0.0
 11
0.4741409273253154
 21
0.0186768746071557
 31
0.0
  0
LINE
  5
383
  8
VERDE
 10
0.3870417301596163
 20
-0.0191556455750437
 30
0.0
 11
0.4681781532026434
 21
0.0301845062896255
 31
0.0
  0
LINE
  5
384
  8
VERDE
 10
0.3870417301596163
 20
-0.0191556455750401
 30
0.0
 11
0.4607039610346888
 21
0.0407730242980051
 31
0.0
  0
LINE
  5
385
  8
VERDE
 10
0.3870417301596163
 20
-0.0191556455750437
 30
0.0
 11
0.4518575808798317
 21
0.050245184576049
 31
0.0
  0
LINE
  5
386
  8
VERDE
 10
0.3870417301596163
 20
-0.0191556455750437
 30
0.0
 11
0.4418038040623529
 21
0.0584245386997928
 31
0.0
  0
LINE
  5
387
  8
VERDE
 10
0.3870417301596163
 20
-0.0191556455750401
 30
0.0
 11
0.4307299134218781
 21
0.0651587207778412
 31
0.0
  0
LINE
  5
388
  8
VERDE
 10
0.3870417301596163
 20
-0.0191556455750401
 30
0.0
 11
0.4188421945884571
 21
0.0703222857396426
 31
0.0
  0
LINE
  5
389
  8
VERDE
 10
0.3870417301596163
 20
-0.0191556455750401
 30
0.0
 11
0.4040452025715879
 21
0.0626695559715991
 31
0.0
  0
LINE
  5
38A
  8
VERDE
 10
0.3870417301596163
 20
-0.0191556455750401
 30
0.0
 11
0.3924561697927089
 21
0.0600006599871854
 31
0.0
  0
LINE
  5
38B
  8
VERDE
 10
0.3870417301596163
 20
-0.0191556455750401
 30
0.0
 11
0.3817551318836578
 21
0.0581316855015785
 31
0.0
  0
LINE
  5
38C
  8
VERDE
 10
0.3870417301596163
 20
-0.0191556455750401
 30
0.0
 11
0.3712500928357088
 21
0.0568378853622313
 31
0.0
  0
LINE
  5
38D
  8
VERDE
 10
0.3870417301596163
 20
-0.0191556455750401
 30
0.0
 11
0.3603137112021173
 21
0.056049792062776
 31
0.0
  0
LINE
  5
38E
  8
VERDE
 10
0.3870417301596163
 20
-0.0191556455750401
 30
0.0
 11
0.3496221363171728
 21
0.05306089236311
 31
0.0
  0
LINE
  5
38F
  8
VERDE
 10
0.3870417301596163
 20
-0.0191556455750401
 30
0.0
 11
0.352351764589244
 21
0.0299888394606747
 31
0.0
  0
LINE
  5
390
  8
VERDE
 10
0.3870417301596163
 20
-0.0191556455750401
 30
0.0
 11
0.353213630032549
 21
0.017065405374165
 31
0.0
  0
LINE
  5
391
  8
VERDE
 10
0.3870417301596163
 20
-0.0191556455750401
 30
0.0
 11
0.3535327284511283
 21
0.0081059493740554
 31
0.0
  0
LINE
  5
392
  8
VERDE
 10
0.3870417301596163
 20
-0.0191556455750401
 30
0.0
 11
0.3536237212849969
 21
0.0011662958052732
 31
0.0
  0
LINE
  5
393
  8
VERDE
 10
0.3870417301596163
 20
-0.0191556455750401
 30
0.0
 11
0.3535953614252563
 21
-0.004627837497118
 31
0.0
  0
LINE
  5
394
  8
VERDE
 10
0.3870417301596163
 20
-0.0191556455750401
 30
0.0
 11
0.3534910646259846
 21
-0.0097551899491215
 31
0.0
  0
LINE
  5
395
  8
VERDE
 10
0.3870417301596163
 20
-0.0191556455750401
 30
0.0
 11
0.3533273502282199
 21
-0.0145217107140638
 31
0.0
  0
ARC
  5
396
  8
VERDE
 10
0.3870417301596163
 20
-0.0191556455750401
 30
0.0
 40
0.0949608852646463
 50
62.60869565217382
 51
70.43478260869603
  0
ARC
  5
397
  8
VERDE
 10
0.3870417301596163
 20
-0.0191556455750401
 30
0.0
 40
0.0949608852646463
 50
46.95652173912991
 51
54.78260869565144
  0
ARC
  5
398
  8
VERDE
 10
0.3870417301596163
 20
-0.0191556455750401
 30
0.0
 40
0.0949608852646463
 50
31.30434782608611
 51
39.13043478260849
  0
ARC
  5
399
  8
VERDE
 10
0.3870417301596163
 20
-0.0191556455750401
 30
0.0
 40
0.0949608852646463
 50
15.65217391304423
 51
23.47826086956405
  0
ARC
  5
39A
  8
VERDE
 10
0.3870417301596163
 20
-0.0191556455750401
 30
0.0
 40
0.0949608852646463
 50
0.0
 51
7.82608695652151
  0
ARC
  5
39B
  8
VERDE
 10
0.3870417301596163
 20
-0.0191556455750401
 30
0.0
 40
0.0949608852646463
 50
344.3478260869565
 51
352.173913043478
  0
ARC
  5
39C
  8
VERDE
 10
0.3870417301596163
 20
-0.0191556455750401
 30
0.0
 40
0.0949608852646463
 50
328.6956521739131
 51
336.5217391304354
  0
ARC
  5
39D
  8
VERDE
 10
0.3870417301596163
 20
-0.0191556455750401
 30
0.0
 40
0.0949608852646463
 50
313.0434782608693
 51
320.8695652173915
  0
ARC
  5
39E
  8
VERDE
 10
0.3870417301596163
 20
-0.0191556455750401
 30
0.0
 40
0.0949608852646463
 50
297.391304347826
 51
305.2173913043473
  0
ARC
  5
39F
  8
VERDE
 10
0.3870417301596163
 20
-0.0191556455750401
 30
0.0
 40
0.0949608852646463
 50
281.7391304347827
 51
289.5652173913049
  0
ARC
  5
3A0
  8
VERDE
 10
0.3870417301596163
 20
-0.0191556455750401
 30
0.0
 40
0.0949608852646463
 50
266.0869565217389
 51
273.9130434782602
  0
ARC
  5
3A1
  8
VERDE
 10
0.3870417301596163
 20
-0.0191556455750401
 30
0.0
 40
0.0949608852646463
 50
250.4347826086958
 51
258.260869565217
  0
ARC
  5
3A2
  8
VERDE
 10
0.3870417301596163
 20
-0.0191556455750401
 30
0.0
 40
0.0949608852646463
 50
239.5338970063569
 51
242.6086956521738
  0
ARC
  5
3A3
  8
VERDE
 10
-0.0000000000000284
 20
-0.0000000000000355
 30
0.0
 40
0.3551585790916382
 50
172.1739130434785
 51
180.0
  0
ARC
  5
3A4
  8
VERDE
 10
-0.0000000000000284
 20
-0.0000000000000355
 30
0.0
 40
0.3551585790916382
 50
187.8260869565221
 51
195.6521739130436
  0
ARC
  5
3A5
  8
VERDE
 10
-0.0000000000000284
 20
-0.0000000000000355
 30
0.0
 40
0.3551585790916382
 50
203.4782608695641
 51
211.3043478260874
  0
ARC
  5
3A6
  8
VERDE
 10
-0.0000000000000284
 20
-0.0000000000000355
 30
0.0
 40
0.3551585790916382
 50
219.1304347826087
 51
226.9565217391307
  0
ARC
  5
3A7
  8
VERDE
 10
-0.0000000000000284
 20
-0.0000000000000355
 30
0.0
 40
0.3551585790916382
 50
234.7826086956519
 51
242.6086956521738
  0
ARC
  5
3A8
  8
VERDE
 10
-0.0000000000000284
 20
-0.0000000000000355
 30
0.0
 40
0.3551585790916382
 50
250.4347826086958
 51
258.260869565217
  0
ARC
  5
3A9
  8
VERDE
 10
-0.0000000000000284
 20
-0.0000000000000355
 30
0.0
 40
0.3551585790916382
 50
266.0869565217389
 51
273.9130434782602
  0
ARC
  5
3AA
  8
VERDE
 10
-0.0000000000000284
 20
-0.0000000000000355
 30
0.0
 40
0.3551585790916382
 50
281.7391304347827
 51
289.5652173913049
  0
ARC
  5
3AB
  8
VERDE
 10
-0.0000000000000284
 20
-0.0000000000000355
 30
0.0
 40
0.3551585790916382
 50
297.391304347826
 51
305.2173913043473
  0
ARC
  5
3AC
  8
VERDE
 10
-0.0000000000000284
 20
-0.0000000000000355
 30
0.0
 40
0.3551585790916382
 50
313.0434782608693
 51
320.8695652173915
  0
ARC
  5
3AD
  8
VERDE
 10
-0.0000000000000284
 20
-0.0000000000000355
 30
0.0
 40
0.3551585790916382
 50
328.6956521739131
 51
336.5217391304354
  0
ARC
  5
3AE
  8
VERDE
 10
-0.0000000000000284
 20
-0.0000000000000355
 30
0.0
 40
0.3551585790916382
 50
344.3478260869565
 51
352.173913043478
  0
ARC
  5
3AF
  8
VERDE
 10
-0.0000000000000284
 20
-0.0000000000000355
 30
0.0
 40
0.3551585790916382
 50
0.0
 51
7.82608695652151
  0
ARC
  5
3B0
  8
VERDE
 10
-0.0000000000000284
 20
-0.0000000000000355
 30
0.0
 40
0.3551585790916382
 50
15.65217391304423
 51
23.47826086956405
  0
ARC
  5
3B1
  8
VERDE
 10
-0.0000000000000284
 20
-0.0000000000000355
 30
0.0
 40
0.3551585790916382
 50
31.30434782608611
 51
39.13043478260849
  0
ARC
  5
3B2
  8
VERDE
 10
-0.0000000000000284
 20
-0.0000000000000355
 30
0.0
 40
0.3551585790916382
 50
62.60869565217382
 51
70.43478260869603
  0
ARC
  5
3B3
  8
VERDE
 10
-0.0000000000000284
 20
-0.0000000000000355
 30
0.0
 40
0.3551585790916382
 50
78.2608695652176
 51
86.0869565217392
  0
ARC
  5
3B4
  8
VERDE
 10
-0.0000000000000284
 20
-0.0000000000000355
 30
0.0
 40
0.3551585790916382
 50
93.9130434782608
 51
101.7391304347829
  0
ARC
  5
3B5
  8
VERDE
 10
-0.0000000000000284
 20
-0.0000000000000355
 30
0.0
 40
0.3551585790916382
 50
109.5652173913047
 51
117.3913043478264
  0
ARC
  5
3B6
  8
VERDE
 10
-0.0000000000000284
 20
-0.0000000000000355
 30
0.0
 40
0.3551585790916382
 50
125.2173913043479
 51
133.0434782608698
  0
ARC
  5
3B7
  8
VERDE
 10
-0.0000000000000284
 20
-0.0000000000000355
 30
0.0
 40
0.3551585790916382
 50
140.8695652173913
 51
148.6956521739131
  0
LINE
  5
3B8
  8
VERDE
 10
-0.0000000000000284
 20
-0.0000000000000355
 30
0.0
 11
-0.3518506129203516
 21
0.0483607536126556
 31
0.0
  0
LINE
  5
3B9
  8
VERDE
 10
-0.0000000000000284
 20
-0.0000000000000355
 30
0.0
 11
-0.3419883355572466
 21
0.0958206378876021
 31
0.0
  0
LINE
  5
3BA
  8
VERDE
 10
-0.0000000000000284
 20
-0.0000000000000355
 30
0.0
 11
-0.3257554625694965
 21
0.1414955649783174
 31
0.0
  0
LINE
  5
3BB
  8
VERDE
 10
-0.0000000000000284
 20
-0.0000000000000355
 30
0.0
 11
-0.3034543816670805
 21
0.184534697413369
 31
0.0
  0
LINE
  5
3BC
  8
VERDE
 10
-0.0000000000000284
 20
-0.0000000000000355
 30
0.0
 11
-0.2755005197919544
 21
0.224136297588668
 31
0.0
  0
LINE
  5
3BD
  8
VERDE
 10
-0.0000000000000284
 20
-0.0000000000000355
 30
0.0
 11
-0.2424146045000981
 21
0.2595626626220486
 31
0.0
  0
LINE
  5
3BE
  8
VERDE
 10
-0.0000000000000284
 20
-0.0000000000000355
 30
0.0
 11
-0.2048129637924561
 21
0.2901538663621999
 31
0.0
  0
LINE
  5
3BF
  8
VERDE
 10
-0.0000000000000284
 20
-0.000000000000032
 30
0.0
 11
-0.1633960450903658
 21
0.3153400525642205
 31
0.0
  0
LINE
  5
3C0
  8
VERDE
 10
-0.0000000000000284
 20
-0.0000000000000355
 30
0.0
 11
-0.1189353672254398
 21
0.3346520502332631
 31
0.0
  0
LINE
  5
3C1
  8
VERDE
 10
-0.0000000000000284
 20
-0.0000000000000355
 30
0.0
 11
-0.0722591485034556
 21
0.3477301133924477
 31
0.0
  0
LINE
  5
3C2
  8
VERDE
 10
-0.0000000000000284
 20
-0.0000000000000355
 30
0.0
 11
-0.0242368785644089
 21
0.354330622469778
 31
0.0
  0
LINE
  5
3C3
  8
VERDE
 10
-0.0000000000000284
 20
-0.000000000000032
 30
0.0
 11
0.0242368785643521
 21
0.3543306224697815
 31
0.0
  0
LINE
  5
3C4
  8
VERDE
 10
-0.0000000000000284
 20
-0.000000000000032
 30
0.0
 11
0.0722591485033917
 21
0.3477301133924549
 31
0.0
  0
LINE
  5
3C5
  8
VERDE
 10
-0.0000000000000284
 20
-0.000000000000032
 30
0.0
 11
0.1189353672253759
 21
0.3346520502332666
 31
0.0
  0
LINE
  5
3C6
  8
VERDE
 10
-0.0000000000000284
 20
-0.0000000000000355
 30
0.0
 11
0.1633960450903089
 21
0.3153400525642205
 31
0.0
  0
LINE
  5
3C7
  8
VERDE
 10
-0.0000000000000284
 20
-0.0000000000000391
 30
0.0
 11
0.2048129637923992
 21
0.2901538663621963
 31
0.0
  0
LINE
  5
3C8
  8
VERDE
 10
-0.0000000000000284
 20
-0.0000000000000391
 30
0.0
 11
0.2424146045000413
 21
0.2595626626220451
 31
0.0
  0
LINE
  5
3C9
  8
VERDE
 10
-0.0000000000000284
 20
-0.0000000000000355
 30
0.0
 11
0.2755005197918976
 21
0.224136297588668
 31
0.0
  0
LINE
  5
3CA
  8
VERDE
 10
-0.0000000000000284
 20
-0.0000000000000391
 30
0.0
 11
0.3034543816670237
 21
0.1845346974133655
 31
0.0
  0
LINE
  5
3CB
  8
VERDE
 10
-0.0000000000000284
 20
-0.0000000000000355
 30
0.0
 11
0.3257554625694397
 21
0.1414955649783138
 31
0.0
  0
LINE
  5
3CC
  8
VERDE
 10
-0.0000000000000284
 20
-0.000000000000032
 30
0.0
 11
0.3419883355571898
 21
0.0958206378876092
 31
0.0
  0
LINE
  5
3CD
  8
VERDE
 10
-0.0000000000000284
 20
-0.0000000000000355
 30
0.0
 11
0.3518506129202876
 21
0.0483607536126556
 31
0.0
  0
LINE
  5
3CE
  8
VERDE
 10
-0.0000000000000284
 20
-0.0000000000000355
 30
0.0
 11
0.3551585790916079
 21
-0.0000000000000355
 31
0.0
  0
LINE
  5
3CF
  8
VERDE
 10
-0.0000000000000284
 20
-0.0000000000000355
 30
0.0
 11
0.3518506129202876
 21
-0.0483607536127302
 31
0.0
  0
LINE
  5
3D0
  8
VERDE
 10
-0.0000000000000284
 20
-0.0000000000000355
 30
0.0
 11
0.3419883355571898
 21
-0.0958206378876767
 31
0.0
  0
LINE
  5
3D1
  8
VERDE
 10
-0.0000000000000284
 20
-0.0000000000000391
 30
0.0
 11
0.3257554625694397
 21
-0.1414955649783884
 31
0.0
  0
LINE
  5
3D2
  8
VERDE
 10
-0.0000000000000284
 20
-0.000000000000032
 30
0.0
 11
0.3034543816670237
 21
-0.1845346974134401
 31
0.0
  0
LINE
  5
3D3
  8
VERDE
 10
-0.0000000000000284
 20
-0.0000000000000355
 30
0.0
 11
0.2755005197918905
 21
-0.2241362975887391
 31
0.0
  0
LINE
  5
3D4
  8
VERDE
 10
-0.0000000000000284
 20
-0.0000000000000355
 30
0.0
 11
0.2424146045000413
 21
-0.2595626626221232
 31
0.0
  0
LINE
  5
3D5
  8
VERDE
 10
-0.0000000000000284
 20
-0.0000000000000355
 30
0.0
 11
0.2048129637923921
 21
-0.2901538663622709
 31
0.0
  0
LINE
  5
3D6
  8
VERDE
 10
-0.0000000000000284
 20
-0.0000000000000355
 30
0.0
 11
0.1633960450903089
 21
-0.3153400525642915
 31
0.0
  0
LINE
  5
3D7
  8
VERDE
 10
-0.0000000000000284
 20
-0.0000000000000355
 30
0.0
 11
0.118935367225383
 21
-0.3346520502333341
 31
0.0
  0
LINE
  5
3D8
  8
VERDE
 10
-0.0000000000000284
 20
-0.0000000000000355
 30
0.0
 11
0.0722591485033917
 21
-0.3477301133925188
 31
0.0
  0
LINE
  5
3D9
  8
VERDE
 10
-0.0000000000000284
 20
-0.0000000000000355
 30
0.0
 11
0.0242368785643521
 21
-0.354330622469849
 31
0.0
  0
LINE
  5
3DA
  8
VERDE
 10
-0.0000000000000284
 20
-0.0000000000000355
 30
0.0
 11
-0.0242368785644089
 21
-0.3543306224698526
 31
0.0
  0
LINE
  5
3DB
  8
VERDE
 10
-0.0000000000000284
 20
-0.0000000000000355
 30
0.0
 11
-0.0722591485034556
 21
-0.3477301133925224
 31
0.0
  0
LINE
  5
3DC
  8
VERDE
 10
-0.0000000000000284
 20
-0.0000000000000355
 30
0.0
 11
-0.1189353672254327
 21
-0.3346520502333306
 31
0.0
  0
LINE
  5
3DD
  8
VERDE
 10
-0.0000000000000284
 20
-0.0000000000000355
 30
0.0
 11
-0.1633960450903658
 21
-0.3153400525642915
 31
0.0
  0
LINE
  5
3DE
  8
VERDE
 10
-0.0000000000000284
 20
-0.0000000000000355
 30
0.0
 11
-0.2048129637924561
 21
-0.2901538663622709
 31
0.0
  0
LINE
  5
3DF
  8
VERDE
 10
-0.0000000000000284
 20
-0.0000000000000355
 30
0.0
 11
-0.2424146045000981
 21
-0.2595626626221232
 31
0.0
  0
LINE
  5
3E0
  8
VERDE
 10
-0.0000000000000284
 20
-0.0000000000000355
 30
0.0
 11
-0.2755005197919544
 21
-0.2241362975887391
 31
0.0
  0
LINE
  5
3E1
  8
VERDE
 10
-0.0000000000000284
 20
-0.0000000000000355
 30
0.0
 11
-0.3034543816670805
 21
-0.1845346974134436
 31
0.0
  0
LINE
  5
3E2
  8
VERDE
 10
-0.0000000000000284
 20
-0.0000000000000355
 30
0.0
 11
-0.3257554625694965
 21
-0.1414955649783849
 31
0.0
  0
LINE
  5
3E3
  8
VERDE
 10
-0.0000000000000284
 20
-0.0000000000000355
 30
0.0
 11
-0.3419883355572466
 21
-0.0958206378876767
 31
0.0
  0
LINE
  5
3E4
  8
VERDE
 10
-0.0000000000000284
 20
-0.0000000000000355
 30
0.0
 11
-0.3518506129203516
 21
-0.0483607536127302
 31
0.0
  0
LINE
  5
3E5
  8
VERDE
 10
-0.0000000000000284
 20
-0.0000000000000355
 30
0.0
 11
-0.3551585790916647
 21
-0.0000000000000355
 31
0.0
  0
ARC
  5
3E6
  8
VERDE
 10
-0.0000000000000284
 20
-0.0000000000000355
 30
0.0
 40
0.3551585790916382
 50
156.5217391304353
 51
164.347826086957
  0
ARC
  5
3E7
  8
VERDE
 10
0.3504821847911117
 20
0.2687582266214861
 30
0.0
 40
0.2129355232082327
 50
269.6526218083338
 51
273.9130434782602
  0
ARC
  5
3E8
  8
VERDE
 10
0.3504821847911117
 20
0.2687582266214861
 30
0.0
 40
0.2129355232082327
 50
281.7391304347827
 51
289.5652173913049
  0
ARC
  5
3E9
  8
VERDE
 10
0.3504821847911117
 20
0.2687582266214861
 30
0.0
 40
0.2129355232082327
 50
297.391304347826
 51
305.2173913043473
  0
ARC
  5
3EA
  8
VERDE
 10
0.3504821847911117
 20
0.2687582266214861
 30
0.0
 40
0.2129355232082327
 50
313.0434782608693
 51
320.8695652173915
  0
ARC
  5
3EB
  8
VERDE
 10
0.3504821847911117
 20
0.2687582266214861
 30
0.0
 40
0.2129355232082327
 50
328.6956521739131
 51
336.5217391304354
  0
ARC
  5
3EC
  8
VERDE
 10
0.3504821847911117
 20
0.2687582266214861
 30
0.0
 40
0.2129355232082327
 50
344.3478260869565
 51
352.173913043478
  0
ARC
  5
3ED
  8
VERDE
 10
0.3504821847911117
 20
0.2687582266214861
 30
0.0
 40
0.2129355232082327
 50
0.0
 51
7.82608695652151
  0
ARC
  5
3EE
  8
VERDE
 10
0.3504821847911117
 20
0.2687582266214861
 30
0.0
 40
0.2129355232082327
 50
15.65217391304423
 51
23.47826086956405
  0
ARC
  5
3EF
  8
VERDE
 10
0.3504821847911117
 20
0.2687582266214861
 30
0.0
 40
0.2129355232082327
 50
31.30434782608611
 51
39.13043478260849
  0
ARC
  5
3F0
  8
VERDE
 10
0.3504821847911117
 20
0.2687582266214861
 30
0.0
 40
0.2129355232082327
 50
46.95652173912991
 51
54.78260869565144
  0
ARC
  5
3F1
  8
VERDE
 10
0.3504821847911117
 20
0.2687582266214861
 30
0.0
 40
0.2129355232082327
 50
62.60869565217382
 51
70.43478260869603
  0
ARC
  5
3F2
  8
VERDE
 10
0.3504821847911117
 20
0.2687582266214861
 30
0.0
 40
0.2129355232082327
 50
78.2608695652176
 51
86.0869565217392
  0
ARC
  5
3F3
  8
VERDE
 10
0.3504821847911117
 20
0.2687582266214861
 30
0.0
 40
0.2129355232082327
 50
93.9130434782608
 51
101.7391304347829
  0
ARC
  5
3F4
  8
VERDE
 10
0.3504821847911117
 20
0.2687582266214861
 30
0.0
 40
0.2129355232082327
 50
109.5652173913047
 51
117.3913043478264
  0
ARC
  5
3F5
  8
VERDE
 10
0.3504821847911117
 20
0.2687582266214861
 30
0.0
 40
0.2129355232082327
 50
125.2173913043479
 51
133.0434782608698
  0
ARC
  5
3F6
  8
VERDE
 10
0.3504821847911117
 20
0.2687582266214861
 30
0.0
 40
0.2129355232082327
 50
140.8695652173913
 51
148.6956521739131
  0
LINE
  5
3F7
  8
VERDE
 10
0.3504821847911117
 20
0.2687582266214861
 30
0.0
 11
0.2039289506218083
 21
0.2889015050144934
 31
0.0
  0
LINE
  5
3F8
  8
VERDE
 10
0.3504821847911117
 20
0.2687582266214861
 30
0.0
 11
0.1454428884034584
 21
0.3262075432476941
 31
0.0
  0
LINE
  5
3F9
  8
VERDE
 10
0.3504821847911117
 20
0.2687582266214861
 30
0.0
 11
0.1551753164125458
 21
0.3535919711346267
 31
0.0
  0
LINE
  5
3FA
  8
VERDE
 10
0.3504821847911117
 20
0.2687582266214861
 30
0.0
 11
0.1685459418447408
 21
0.3793961068728784
 31
0.0
  0
LINE
  5
3FB
  8
VERDE
 10
0.3504821847911117
 20
0.2687582266214861
 30
0.0
 11
0.1853056952464343
 21
0.4031392682369592
 31
0.0
  0
LINE
  5
3FC
  8
VERDE
 10
0.3504821847911117
 20
0.2687582266214861
 30
0.0
 11
0.2051423741224241
 21
0.4243791650544395
 31
0.0
  0
LINE
  5
3FD
  8
VERDE
 10
0.3504821847911117
 20
0.2687582266214861
 30
0.0
 11
0.2276864586776881
 21
0.4427201382350354
 31
0.0
  0
LINE
  5
3FE
  8
VERDE
 10
0.3504821847911117
 20
0.2687582266214861
 30
0.0
 11
0.2525179952720151
 21
0.4578205301508511
 31
0.0
  0
LINE
  5
3FF
  8
VERDE
 10
0.3504821847911117
 20
0.2687582266214861
 30
0.0
 11
0.2791744193617092
 21
0.4693990490715301
 31
0.0
  0
LINE
  5
400
  8
VERDE
 10
0.3504821847911117
 20
0.2687582266214861
 30
0.0
 11
0.3071591722018852
 21
0.4772400090969739
 31
0.0
  0
LINE
  5
401
  8
VERDE
 10
0.3504821847911117
 20
0.2687582266214861
 30
0.0
 11
0.3359509507963097
 21
0.4811973479775844
 31
0.0
  0
LINE
  5
402
  8
VERDE
 10
0.3504821847911117
 20
0.2687582266214861
 30
0.0
 11
0.3650134187859138
 21
0.481197347977588
 31
0.0
  0
LINE
  5
403
  8
VERDE
 10
0.3504821847911117
 20
0.2687582266214861
 30
0.0
 11
0.3938051973803383
 21
0.4772400090969775
 31
0.0
  0
LINE
  5
404
  8
VERDE
 10
0.3504821847911117
 20
0.2687582266214861
 30
0.0
 11
0.4217899502205071
 21
0.4693990490715301
 31
0.0
  0
LINE
  5
405
  8
VERDE
 10
0.3504821847911117
 20
0.2687582266214861
 30
0.0
 11
0.4484463743102083
 21
0.4578205301508511
 31
0.0
  0
LINE
  5
406
  8
VERDE
 10
0.3504821847911117
 20
0.2687582266214825
 30
0.0
 11
0.4732779109045353
 21
0.4427201382350354
 31
0.0
  0
LINE
  5
407
  8
VERDE
 10
0.3504821847911117
 20
0.2687582266214825
 30
0.0
 11
0.4958219954597993
 21
0.424379165054436
 31
0.0
  0
LINE
  5
408
  8
VERDE
 10
0.3504821847911117
 20
0.2687582266214861
 30
0.0
 11
0.5156586743357892
 21
0.4031392682369592
 31
0.0
  0
LINE
  5
409
  8
VERDE
 10
0.3504821847911117
 20
0.2687582266214825
 30
0.0
 11
0.5324184277374826
 21
0.3793961068728784
 31
0.0
  0
LINE
  5
40A
  8
VERDE
 10
0.3504821847911117
 20
0.2687582266214861
 30
0.0
 11
0.5457890531696776
 21
0.3535919711346232
 31
0.0
  0
LINE
  5
40B
  8
VERDE
 10
0.3504821847911117
 20
0.2687582266214861
 30
0.0
 11
0.555521481178765
 21
0.3262075432477012
 31
0.0
  0
LINE
  5
40C
  8
VERDE
 10
0.3504821847911117
 20
0.2687582266214861
 30
0.0
 11
0.5614344150454045
 21
0.2977529432903054
 31
0.0
  0
LINE
  5
40D
  8
VERDE
 10
0.3504821847911117
 20
0.2687582266214861
 30
0.0
 11
0.5634177079993421
 21
0.2687582266214861
 31
0.0
  0
LINE
  5
40E
  8
VERDE
 10
0.3504821847911117
 20
0.2687582266214861
 30
0.0
 11
0.5614344150454045
 21
0.2397635099526632
 31
0.0
  0
LINE
  5
40F
  8
VERDE
 10
0.3504821847911117
 20
0.2687582266214861
 30
0.0
 11
0.555521481178765
 21
0.211308909995271
 31
0.0
  0
LINE
  5
410
  8
VERDE
 10
0.3504821847911117
 20
0.2687582266214825
 30
0.0
 11
0.5457890531696776
 21
0.1839244821083454
 31
0.0
  0
LINE
  5
411
  8
VERDE
 10
0.3504821847911117
 20
0.2687582266214861
 30
0.0
 11
0.5324184277374826
 21
0.1581203463700902
 31
0.0
  0
LINE
  5
412
  8
VERDE
 10
0.3504821847911117
 20
0.2687582266214861
 30
0.0
 11
0.5156586743357892
 21
0.1343771850060094
 31
0.0
  0
LINE
  5
413
  8
VERDE
 10
0.3504821847911117
 20
0.2687582266214861
 30
0.0
 11
0.4958219954597993
 21
0.1131372881885291
 31
0.0
  0
LINE
  5
414
  8
VERDE
 10
0.3504821847911117
 20
0.2687582266214861
 30
0.0
 11
0.4732779109045353
 21
0.0947963150079332
 31
0.0
  0
LINE
  5
415
  8
VERDE
 10
0.3504821847911117
 20
0.2687582266214861
 30
0.0
 11
0.4484463743102083
 21
0.0796959230921175
 31
0.0
  0
LINE
  5
416
  8
VERDE
 10
0.3504821847911117
 20
0.2687582266214861
 30
0.0
 11
0.4217899502205142
 21
0.0681174041714421
 31
0.0
  0
LINE
  5
417
  8
VERDE
 10
0.3504821847911117
 20
0.2687582266214861
 30
0.0
 11
0.3938051973803383
 21
0.0602764441459946
 31
0.0
  0
LINE
  5
418
  8
VERDE
 10
0.3504821847911117
 20
0.2687582266214861
 30
0.0
 11
0.3650134187859067
 21
0.0563191052653842
 31
0.0
  0
LINE
  5
419
  8
VERDE
 10
0.3504821847911117
 20
0.2687582266214861
 30
0.0
 11
0.3389863096154073
 21
0.1006944804578573
 31
0.0
  0
LINE
  5
41A
  8
VERDE
 10
0.3504821847911117
 20
0.2687582266214861
 30
0.0
 11
0.3240517816330808
 21
0.1415681437392422
 31
0.0
  0
LINE
  5
41B
  8
VERDE
 10
0.3504821847911117
 20
0.2687582266214861
 30
0.0
 11
0.3132697159782865
 21
0.1640523744181408
 31
0.0
  0
LINE
  5
41C
  8
VERDE
 10
0.3504821847911117
 20
0.2687582266214861
 30
0.0
 11
0.304442355135869
 21
0.1799053887482884
 31
0.0
  0
LINE
  5
41D
  8
VERDE
 10
0.3504821847911117
 20
0.2687582266214861
 30
0.0
 11
0.2966459575393117
 21
0.1924896682342521
 31
0.0
  0
LINE
  5
41E
  8
VERDE
 10
0.3504821847911117
 20
0.2687582266214861
 30
0.0
 11
0.289346171164091
 21
0.2032975399114001
 31
0.0
  0
LINE
  5
41F
  8
VERDE
 10
0.3504821847911117
 20
0.2687582266214861
 30
0.0
 11
0.2821530571160267
 21
0.2131683580211394
 31
0.0
  0
LINE
  5
420
  8
VERDE
 10
0.3504821847911117
 20
0.2687582266214861
 30
0.0
 11
0.274708863169316
 21
0.2226794489789548
 31
0.0
  0
LINE
  5
421
  8
VERDE
 10
0.3504821847911117
 20
0.2687582266214861
 30
0.0
 11
0.2666020896684884
 21
0.2323239597754423
 31
0.0
  0
LINE
  5
422
  8
VERDE
 10
0.3504821847911117
 20
0.2687582266214861
 30
0.0
 11
0.2572521610652387
 21
0.2426363990183944
 31
0.0
  0
LINE
  5
423
  8
VERDE
 10
0.3504821847911117
 20
0.2687582266214861
 30
0.0
 11
0.2456741779221687
 21
0.254352697653502
 31
0.0
  0
LINE
  5
424
  8
VERDE
 10
0.3504821847911117
 20
0.2687582266214861
 30
0.0
 11
0.229826265088704
 21
0.2687582266214861
 31
0.0
  0
ARC
  5
425
  8
VERDE
 10
0.3504821847911117
 20
0.2687582266214861
 30
0.0
 40
0.2129355232082327
 50
156.5217391304353
 51
164.347826086957
  0
ARC
  5
426
  8
VERDE
 10
-0.0000000000000568
 20
-0.0000000000000391
 30
0.0
 40
0.3551585790916559
 50
46.95652173912698
 51
54.78260869564816
  0
CIRCLE
  5
427
  8
VERDE
 10
-0.4365812213191091
 20
-0.0345840418617716
 30
0.0
 40
0.0345174025640205
  0
CIRCLE
  5
428
  8
VERDE
 10
0.3854443286315359
 20
-0.2528373871245311
 30
0.0
 40
0.0214981881843403
  0
CIRCLE
  5
429
  8
VERDE
 10
0.3515661372261008
 20
-0.3042460980001263
 30
0.0
 40
0.0300429244538734
  0
CIRCLE
  5
42A
  8
VERDE
 10
0.0127842231717921
 20
0.5094135895854457
 30
0.0
 40
0.0214981881843403
  0
ENDBLK
  8
0
  0
BLOCK
  8
0
  2
_ARCHTICK
 70
     0
 10
0.0
 20
0.0
 30
0.0
  0
POLYLINE
  5
AF2
  8
0
 62
     0
 66
     1
 10
0.0
 20
0.0
 30
0.0
 40
0.15
 41
0.15
  0
VERTEX
  5
1158
  8
0
 62
     0
 10
-0.5
 20
-0.5
 30
0.0
  0
VERTEX
  5
1159
  8
0
 62
     0
 10
0.5
 20
0.5
 30
0.0
  0
SEQEND
  5
11B6
  8
0
 62
     0
  0
ENDBLK
  8
0
  0
BLOCK
  8
0
  2
*D22
 70
     1
 10
0.0
 20
0.0
 30
0.0
  0
LINE
  5
DB2
  8
0
 62
     0
 10
2.082861746145533
 20
4.114145605967443
 30
0.0
 11
1.147933255372263
 21
4.114145605967442
 31
0.0
  0
LINE
  5
DB3
  8
0
 62
     0
 10
2.082861746145533
 20
16.21414560596741
 30
0.0
 11
1.14793325537226
 21
16.21414560596741
 31
0.0
  0
LINE
  5
DB4
  8
0
 62
     0
 10
1.327933255372263
 20
4.294145605967442
 30
0.0
 11
1.327933255372262
 21
9.982242468177521
 31
0.0
  0
LINE
  5
DB5
  8
0
 62
     0
 10
1.32793325537226
 20
16.03414560596741
 30
0.0
 11
1.327933255372262
 21
10.34604874375733
 31
0.0
  0
SOLID
  5
DB6
  8
0
 62
     0
 10
1.297933255372263
 20
4.294145605967442
 30
0.0
 11
1.357933255372263
 21
4.294145605967442
 31
0.0
 12
1.327933255372263
 22
4.114145605967442
 32
0.0
 13
1.327933255372263
 23
4.114145605967442
 33
0.0
  0
SOLID
  5
DB7
  8
0
 62
     0
 10
1.29793325537226
 20
16.03414560596741
 30
0.0
 11
1.35793325537226
 21
16.03414560596741
 31
0.0
 12
1.32793325537226
 22
16.21414560596741
 32
0.0
 13
1.32793325537226
 23
16.21414560596741
 33
0.0
  0
TEXT
  5
DB8
  8
0
  6
CONTINUOUS
 62
     0
 10
1.002218969657978
 20
10.07414560596742
 30
0.0
 40
0.18
  1
12.10
  0
POINT
  5
DB9
  8
DEFPOINTS
 62
     0
 10
2.145361746145533
 20
4.114145605967443
 30
0.0
  0
POINT
  5
DBA
  8
DEFPOINTS
 62
     0
 10
2.145361746145533
 20
16.21414560596741
 30
0.0
  0
POINT
  5
DBB
  8
DEFPOINTS
 62
     0
 10
1.32793325537226
 20
16.21414560596741
 30
0.0
  0
ENDBLK
  8
0
  0
BLOCK
  8
0
  2
*D23
 70
     1
 10
0.0
 20
0.0
 30
0.0
  0
LINE
  5
DBF
  8
0
 62
     0
 10
2.145361746145532
 20
16.2766456059674
 30
0.0
 11
2.145361746145532
 21
16.96735690441459
 31
0.0
  0
LINE
  5
DC0
  8
0
 62
     0
 10
21.04536174614553
 20
16.27664560596737
 30
0.0
 11
21.04536174614553
 21
16.96735690441459
 31
0.0
  0
LINE
  5
DC1
  8
0
 62
     0
 10
2.325361746145532
 20
16.78735690441459
 30
0.0
 11
11.21043678025194
 21
16.78735690441459
 31
0.0
  0
LINE
  5
DC2
  8
0
 62
     0
 10
20.86536174614553
 20
16.78735690441459
 30
0.0
 11
11.98028671203912
 21
16.78735690441459
 31
0.0
  0
SOLID
  5
DC3
  8
0
 62
     0
 10
2.325361746145532
 20
16.81735690441459
 30
0.0
 11
2.325361746145532
 21
16.75735690441459
 31
0.0
 12
2.145361746145532
 22
16.78735690441459
 32
0.0
 13
2.145361746145532
 23
16.78735690441459
 33
0.0
  0
SOLID
  5
DC4
  8
0
 62
     0
 10
20.86536174614553
 20
16.81735690441459
 30
0.0
 11
20.86536174614553
 21
16.75735690441459
 31
0.0
 12
21.04536174614553
 22
16.78735690441459
 32
0.0
 13
21.04536174614553
 23
16.78735690441459
 33
0.0
  0
TEXT
  5
DC5
  8
0
  6
CONTINUOUS
 62
     0
 10
11.25250460328839
 20
16.69735690441459
 30
0.0
 40
0.18
  1
18.90
  0
POINT
  5
DC6
  8
DEFPOINTS
 62
     0
 10
2.145361746145532
 20
16.2141456059674
 30
0.0
  0
POINT
  5
DC7
  8
DEFPOINTS
 62
     0
 10
21.04536174614553
 20
16.21414560596737
 30
0.0
  0
POINT
  5
DC8
  8
DEFPOINTS
 62
     0
 10
21.04536174614553
 20
16.78735690441459
 30
0.0
  0
ENDBLK
  8
0
  0
BLOCK
  8
0
  2
*X24
 70
     1
 10
0.0
 20
0.0
 30
0.0
  0
LINE
  5
E1E
  8
PISO
  6
CONTINUOUS
 10
3.745361746145541
 20
12.11414560596744
 30
0.0
 11
5.145361746145532
 21
12.11414560596744
 31
0.0
  0
LINE
  5
E1F
  8
PISO
  6
CONTINUOUS
 10
3.745361746145531
 20
11.11414560596744
 30
0.0
 11
5.145361746145532
 21
11.11414560596744
 31
0.0
  0
LINE
  5
E20
  8
PISO
  6
CONTINUOUS
 10
2.145361746145538
 20
10.11414560596744
 30
0.0
 11
5.145361746145532
 21
10.11414560596744
 31
0.0
  0
LINE
  5
E21
  8
PISO
  6
CONTINUOUS
 10
17.85565395228156
 20
10.11414560596744
 30
0.0
 11
21.04536174614553
 21
10.11414560596744
 31
0.0
  0
LINE
  5
E22
  8
PISO
  6
CONTINUOUS
 10
2.145361746145532
 20
9.114145605967442
 30
0.0
 11
5.145361746145532
 21
9.114145605967442
 31
0.0
  0
LINE
  5
E23
  8
PISO
  6
CONTINUOUS
 10
2.145361746145527
 20
8.114145605967442
 30
0.0
 11
5.145361746145532
 21
8.114145605967442
 31
0.0
  0
LINE
  5
E24
  8
PISO
  6
CONTINUOUS
 10
16.85565395228147
 20
9.114145605967442
 30
0.0
 11
21.04536174614553
 21
9.114145605967442
 31
0.0
  0
LINE
  5
E25
  8
PISO
  6
CONTINUOUS
 10
15.8556539522814
 20
8.114145605967442
 30
0.0
 11
21.04536174614553
 21
8.114145605967442
 31
0.0
  0
LINE
  5
E26
  8
PISO
  6
CONTINUOUS
 10
2.145361746145525
 20
7.114145605967441
 30
0.0
 11
5.145361746145532
 21
7.114145605967442
 31
0.0
  0
LINE
  5
E27
  8
PISO
  6
CONTINUOUS
 10
14.85565395228137
 20
7.114145605967442
 30
0.0
 11
21.04536174614553
 21
7.114145605967443
 31
0.0
  0
LINE
  5
E28
  8
PISO
  6
CONTINUOUS
 10
2.145361746145529
 20
6.114145605967442
 30
0.0
 11
21.04536174614553
 21
6.114145605967442
 31
0.0
  0
LINE
  5
E29
  8
PISO
  6
CONTINUOUS
 10
2.145361746145531
 20
5.114145605967442
 30
0.0
 11
21.04536174614553
 21
5.114145605967442
 31
0.0
  0
LINE
  5
E2A
  8
PISO
  6
CONTINUOUS
 10
3.145361746145532
 20
4.114145605967438
 30
0.0
 11
3.145361746145532
 21
10.6141456059674
 31
0.0
  0
LINE
  5
E2B
  8
PISO
  6
CONTINUOUS
 10
4.145361746145532
 20
4.114145605967439
 30
0.0
 11
4.145361746145532
 21
12.91414560596742
 31
0.0
  0
LINE
  5
E2C
  8
PISO
  6
CONTINUOUS
 10
5.145361746145532
 20
4.11414560596744
 30
0.0
 11
5.145361746145532
 21
7.064145605967401
 31
0.0
  0
LINE
  5
E2D
  8
PISO
  6
CONTINUOUS
 10
6.145361746145532
 20
4.114145605967441
 30
0.0
 11
6.145361746145532
 21
7.064145605967406
 31
0.0
  0
LINE
  5
E2E
  8
PISO
  6
CONTINUOUS
 10
7.145361746145532
 20
4.114145605967442
 30
0.0
 11
7.145361746145532
 21
7.064145605967409
 31
0.0
  0
LINE
  5
E2F
  8
PISO
  6
CONTINUOUS
 10
8.145361746145532
 20
4.11414560596744
 30
0.0
 11
8.145361746145532
 21
7.064145605967409
 31
0.0
  0
LINE
  5
E30
  8
PISO
  6
CONTINUOUS
 10
9.145361746145532
 20
4.114145605967439
 30
0.0
 11
9.145361746145532
 21
7.064145605967409
 31
0.0
  0
LINE
  5
E31
  8
PISO
  6
CONTINUOUS
 10
10.14536174614553
 20
4.114145605967437
 30
0.0
 11
10.14536174614553
 21
5.462357703339576
 31
0.0
  0
LINE
  5
E32
  8
PISO
  6
CONTINUOUS
 10
10.14536174614553
 20
5.687357703339577
 30
0.0
 11
10.14536174614553
 21
7.064145605967407
 31
0.0
  0
LINE
  5
E33
  8
PISO
  6
CONTINUOUS
 10
11.14536174614553
 20
4.114145605967435
 30
0.0
 11
11.14536174614553
 21
5.462357703339576
 31
0.0
  0
LINE
  5
E34
  8
PISO
  6
CONTINUOUS
 10
11.14536174614553
 20
5.687357703339577
 30
0.0
 11
11.14536174614553
 21
7.064145605967385
 31
0.0
  0
LINE
  5
E35
  8
PISO
  6
CONTINUOUS
 10
12.14536174614553
 20
4.114145605967438
 30
0.0
 11
12.14536174614553
 21
7.064145605967362
 31
0.0
  0
LINE
  5
E36
  8
PISO
  6
CONTINUOUS
 10
13.14536174614553
 20
4.114145605967438
 30
0.0
 11
13.14536174614553
 21
7.064145605967352
 31
0.0
  0
LINE
  5
E37
  8
PISO
  6
CONTINUOUS
 10
14.14536174614553
 20
4.114145605967439
 30
0.0
 11
14.14536174614553
 21
7.064145605967352
 31
0.0
  0
LINE
  5
E38
  8
PISO
  6
CONTINUOUS
 10
15.14536174614553
 20
4.114145605967439
 30
0.0
 11
15.14536174614553
 21
7.403853399831602
 31
0.0
  0
LINE
  5
E39
  8
PISO
  6
CONTINUOUS
 10
16.14536174614553
 20
4.414145605967435
 30
0.0
 11
16.14536174614553
 21
8.403853399831554
 31
0.0
  0
LINE
  5
E3A
  8
PISO
  6
CONTINUOUS
 10
17.14536174614553
 20
4.114145605967439
 30
0.0
 11
17.14536174614553
 21
9.403853399831489
 31
0.0
  0
LINE
  5
E3B
  8
PISO
  6
CONTINUOUS
 10
18.14536174614553
 20
4.11414560596744
 30
0.0
 11
18.14536174614553
 21
10.4038533998314
 31
0.0
  0
LINE
  5
E3C
  8
PISO
  6
CONTINUOUS
 10
19.14536174614553
 20
4.11414560596744
 30
0.0
 11
19.14536174614553
 21
10.6141456059674
 31
0.0
  0
LINE
  5
E3D
  8
PISO
  6
CONTINUOUS
 10
20.14536174614553
 20
4.11414560596744
 30
0.0
 11
20.14536174614553
 21
10.6141456059674
 31
0.0
  0
ENDBLK
  8
0
  0
BLOCK
  8
0
  2
*X25
 70
     1
 10
0.0
 20
0.0
 30
0.0
  0
LINE
  5
E3F
  8
PISO
  6
CONTINUOUS
 10
15.74536174614553
 20
15.2641456059674
 30
0.0
 11
20.74536174614537
 21
15.2641456059674
 31
0.0
  0
LINE
  5
E40
  8
PISO
  6
CONTINUOUS
 10
20.74536174614553
 20
15.2641456059674
 30
0.0
 11
20.89536174614553
 21
15.2641456059674
 31
0.0
  0
LINE
  5
E41
  8
PISO
  6
CONTINUOUS
 10
15.74536174614553
 20
14.4641456059674
 30
0.0
 11
16.79896470482436
 21
14.4641456059674
 31
0.0
  0
LINE
  5
E42
  8
PISO
  6
CONTINUOUS
 10
18.47193537331003
 20
14.4641456059674
 30
0.0
 11
20.89536174614553
 21
14.4641456059674
 31
0.0
  0
LINE
  5
E43
  8
PISO
  6
CONTINUOUS
 10
15.74536174614553
 20
13.6641456059674
 30
0.0
 11
18.89958016300841
 21
13.6641456059674
 31
0.0
  0
LINE
  5
E44
  8
PISO
  6
CONTINUOUS
 10
18.96738738828327
 20
13.6641456059674
 30
0.0
 11
19.02947731645036
 21
13.6641456059674
 31
0.0
  0
LINE
  5
E45
  8
PISO
  6
CONTINUOUS
 10
20.27295383578814
 20
13.6641456059674
 30
0.0
 11
20.33401123110922
 21
13.6641456059674
 31
0.0
  0
LINE
  5
E46
  8
PISO
  6
CONTINUOUS
 10
20.39938153041135
 20
13.6641456059674
 30
0.0
 11
20.89536174614553
 21
13.6641456059674
 31
0.0
  0
LINE
  5
E47
  8
PISO
  6
CONTINUOUS
 10
16.1661878582141
 20
12.8641456059674
 30
0.0
 11
16.17566922733733
 21
12.8641456059674
 31
0.0
  0
LINE
  5
E48
  8
PISO
  6
CONTINUOUS
 10
16.84722300567659
 20
12.8641456059674
 30
0.0
 11
16.88389937416883
 21
12.8641456059674
 31
0.0
  0
LINE
  5
E49
  8
PISO
  6
CONTINUOUS
 10
17.17157699749268
 20
12.8641456059674
 30
0.0
 11
18.88673963085328
 21
12.8641456059674
 31
0.0
  0
LINE
  5
E4A
  8
PISO
  6
CONTINUOUS
 10
18.94689637175602
 20
12.8641456059674
 30
0.0
 11
19.00801593935543
 21
12.8641456059674
 31
0.0
  0
LINE
  5
E4B
  8
PISO
  6
CONTINUOUS
 10
20.25207034604687
 20
12.8641456059674
 30
0.0
 11
20.31318991364629
 21
12.8641456059674
 31
0.0
  0
LINE
  5
E4C
  8
PISO
  6
CONTINUOUS
 10
20.37336443862165
 20
12.8641456059674
 30
0.0
 11
20.89536174614553
 21
12.8641456059674
 31
0.0
  0
LINE
  5
E4D
  8
PISO
  6
CONTINUOUS
 10
17.15412500092818
 20
12.0641456059674
 30
0.0
 11
17.29554635716549
 21
12.0641456059674
 31
0.0
  0
LINE
  5
E4E
  8
PISO
  6
CONTINUOUS
 10
17.33797276403669
 20
12.0641456059674
 30
0.0
 11
17.91149080285302
 21
12.0641456059674
 31
0.0
  0
LINE
  5
E4F
  8
PISO
  6
CONTINUOUS
 10
17.91288442957494
 20
12.0641456059674
 30
0.0
 11
19.23004314270116
 21
12.0641456059674
 31
0.0
  0
LINE
  5
E50
  8
PISO
  6
CONTINUOUS
 10
20.03004314270115
 20
12.0641456059674
 30
0.0
 11
20.06666265793232
 21
12.0641456059674
 31
0.0
  0
LINE
  5
E51
  8
PISO
  6
CONTINUOUS
 10
20.08370753099271
 20
12.0641456059674
 30
0.0
 11
20.89536174614553
 21
12.0641456059674
 31
0.0
  0
LINE
  5
E52
  8
PISO
  6
CONTINUOUS
 10
17.76618785821406
 20
11.2641456059674
 30
0.0
 11
20.89536174614553
 21
11.2641456059674
 31
0.0
  0
LINE
  5
E53
  8
PISO
  6
CONTINUOUS
 10
16.09536174614553
 20
12.93497171803597
 30
0.0
 11
16.09536174614553
 21
15.4641456059674
 31
0.0
  0
LINE
  5
E54
  8
PISO
  6
CONTINUOUS
 10
16.89536174614553
 20
12.13497171803596
 30
0.0
 11
16.89536174614553
 21
12.15041136365339
 31
0.0
  0
LINE
  5
E55
  8
PISO
  6
CONTINUOUS
 10
16.89536174614553
 20
12.8756079779441
 30
0.0
 11
16.89536174614553
 21
12.91228434643633
 31
0.0
  0
LINE
  5
E56
  8
PISO
  6
CONTINUOUS
 10
16.89536174614553
 20
13.13440258082034
 30
0.0
 11
16.89536174614553
 21
14.4152160533528
 31
0.0
  0
LINE
  5
E57
  8
PISO
  6
CONTINUOUS
 10
16.89536174614553
 20
14.64804347490805
 30
0.0
 11
16.89536174614553
 21
15.4641456059674
 31
0.0
  0
LINE
  5
E58
  8
PISO
  6
CONTINUOUS
 10
17.69536174614553
 20
11.33497171803593
 30
0.0
 11
17.69536174614553
 21
12.42153458807622
 31
0.0
  0
LINE
  5
E59
  8
PISO
  6
CONTINUOUS
 10
17.69536174614553
 20
12.46396099494742
 30
0.0
 11
17.69536174614553
 21
12.60538235118475
 31
0.0
  0
LINE
  5
E5A
  8
PISO
  6
CONTINUOUS
 10
17.69536174614553
 20
12.66814564452452
 30
0.0
 11
17.69536174614553
 21
14.4152160533528
 31
0.0
  0
LINE
  5
E5B
  8
PISO
  6
CONTINUOUS
 10
17.69536174614553
 20
14.64804347490805
 30
0.0
 11
17.69536174614553
 21
15.4641456059674
 31
0.0
  0
LINE
  5
E5C
  8
PISO
  6
CONTINUOUS
 10
18.49536174614553
 20
10.7641456059674
 30
0.0
 11
18.49536174614553
 21
15.4641456059674
 31
0.0
  0
LINE
  5
E5D
  8
PISO
  6
CONTINUOUS
 10
19.29536174614553
 20
10.7641456059674
 30
0.0
 11
19.29536174614553
 21
11.91297465057949
 31
0.0
  0
LINE
  5
E5E
  8
PISO
  6
CONTINUOUS
 10
19.29536174614553
 20
13.91297465057949
 30
0.0
 11
19.29536174614553
 21
15.35975840195729
 31
0.0
  0
LINE
  5
E5F
  8
PISO
  6
CONTINUOUS
 10
19.29536174614553
 20
16.00691542443315
 30
0.0
 11
19.29536174614553
 21
16.06414560596739
 31
0.0
  0
LINE
  5
E60
  8
PISO
  6
CONTINUOUS
 10
20.09536174614553
 20
10.76414560596739
 30
0.0
 11
20.09536174614553
 21
12.06520495593742
 31
0.0
  0
LINE
  5
E61
  8
PISO
  6
CONTINUOUS
 10
20.09536174614553
 20
12.51566881128664
 30
0.0
 11
20.09536174614553
 21
12.70467971939183
 31
0.0
  0
LINE
  5
E62
  8
PISO
  6
CONTINUOUS
 10
20.09536174614553
 20
13.14563281247351
 30
0.0
 11
20.09536174614553
 21
13.3324368388747
 31
0.0
  0
LINE
  5
E63
  8
PISO
  6
CONTINUOUS
 10
20.09536174614553
 20
13.78503869032203
 30
0.0
 11
20.09536174614553
 21
15.60119778797595
 31
0.0
  0
LINE
  5
E64
  8
PISO
  6
CONTINUOUS
 10
20.09536174614553
 20
15.60217160655728
 30
0.0
 11
20.09536174614553
 21
16.06414560596738
 31
0.0
  0
ENDBLK
  8
0
  0
BLOCK
  8
0
  2
*U26
 70
     1
 10
0.0
 20
0.0
 30
0.0
  0
SOLID
  5
E66
  8
PAREDE-HACH
  6
CONTINUOUS
 10
12.39536174614553
 20
12.9141456059674
 30
0.0
 11
12.39536174614553
 21
13.06414560596742
 31
0.0
 12
14.19536174614554
 22
12.91414560596742
 32
0.0
 13
14.19536174614554
 23
12.91414560596742
 33
0.0
  0
SOLID
  5
E67
  8
PAREDE-HACH
  6
CONTINUOUS
 10
14.19536174614554
 20
12.91414560596742
 30
0.0
 11
12.39536174614553
 21
13.06414560596742
 31
0.0
 12
14.19536174614554
 22
13.06414560596742
 32
0.0
 13
14.19536174614554
 23
13.06414560596742
 33
0.0
  0
SOLID
  5
E68
  8
PAREDE-HACH
  6
CONTINUOUS
 10
14.19536174614554
 20
12.91414560596742
 30
0.0
 11
14.19536174614554
 21
13.06414560596742
 31
0.0
 12
14.99536174614553
 22
12.91414560596743
 32
0.0
 13
14.99536174614553
 23
12.91414560596743
 33
0.0
  0
SOLID
  5
E69
  8
PAREDE-HACH
  6
CONTINUOUS
 10
14.99536174614553
 20
12.91414560596743
 30
0.0
 11
14.19536174614554
 21
13.06414560596742
 31
0.0
 12
14.99536174614553
 22
13.06414560596742
 32
0.0
 13
14.99536174614553
 23
13.06414560596742
 33
0.0
  0
SOLID
  5
E6A
  8
PAREDE-HACH
  6
CONTINUOUS
 10
14.19536174614554
 20
16.06414560596738
 30
0.0
 11
14.19536174614554
 21
16.2141456059674
 31
0.0
 12
14.99536174614553
 22
16.06414560596738
 32
0.0
 13
14.99536174614553
 23
16.06414560596738
 33
0.0
  0
SOLID
  5
E6B
  8
PAREDE-HACH
  6
CONTINUOUS
 10
14.99536174614553
 20
16.06414560596738
 30
0.0
 11
14.19536174614554
 21
16.2141456059674
 31
0.0
 12
14.99536174614553
 22
16.2141456059674
 32
0.0
 13
14.99536174614553
 23
16.2141456059674
 33
0.0
  0
SOLID
  5
E6C
  8
PAREDE-HACH
  6
CONTINUOUS
 10
14.99536174614553
 20
12.91414560596743
 30
0.0
 11
14.99536174614553
 21
16.2141456059674
 31
0.0
 12
15.14536174614553
 22
12.91414560596743
 32
0.0
 13
15.14536174614553
 23
12.91414560596743
 33
0.0
  0
SOLID
  5
E6D
  8
PAREDE-HACH
  6
CONTINUOUS
 10
15.14536174614553
 20
12.91414560596743
 30
0.0
 11
14.99536174614553
 21
16.2141456059674
 31
0.0
 12
15.14536174614553
 22
16.2141456059674
 32
0.0
 13
15.14536174614553
 23
16.2141456059674
 33
0.0
  0
SOLID
  5
E6E
  8
PAREDE-HACH
  6
CONTINUOUS
 10
15.14536174614553
 20
12.91414560596743
 30
0.0
 11
15.14536174614553
 21
13.06414560596742
 31
0.0
 12
15.90405582385811
 22
12.91414560596743
 32
0.0
 13
15.90405582385811
 23
12.91414560596743
 33
0.0
  0
SOLID
  5
E6F
  8
PAREDE-HACH
  6
CONTINUOUS
 10
15.90405582385811
 20
12.91414560596743
 30
0.0
 11
15.14536174614553
 21
13.06414560596742
 31
0.0
 12
15.90405582385811
 22
13.06414560596743
 32
0.0
 13
15.90405582385811
 23
13.06414560596743
 33
0.0
  0
SOLID
  5
E70
  8
PAREDE-HACH
  6
CONTINUOUS
 10
15.14536174614553
 20
16.0641456059674
 30
0.0
 11
15.14536174614553
 21
16.2141456059674
 31
0.0
 12
15.90405582385811
 22
16.0641456059674
 32
0.0
 13
15.90405582385811
 23
16.0641456059674
 33
0.0
  0
SOLID
  5
E71
  8
PAREDE-HACH
  6
CONTINUOUS
 10
15.90405582385811
 20
16.0641456059674
 30
0.0
 11
15.14536174614553
 21
16.2141456059674
 31
0.0
 12
15.90405582385811
 22
16.21414560596739
 32
0.0
 13
15.90405582385811
 23
16.21414560596739
 33
0.0
  0
SOLID
  5
E72
  8
PAREDE-HACH
  6
CONTINUOUS
 10
15.90405582385811
 20
12.91414560596743
 30
0.0
 11
15.90405582385811
 21
13.06414560596743
 31
0.0
 12
15.96618785821408
 22
12.85201357161146
 32
0.0
 13
15.96618785821408
 23
12.85201357161146
 33
0.0
  0
SOLID
  5
E73
  8
PAREDE-HACH
  6
CONTINUOUS
 10
15.96618785821408
 20
12.85201357161146
 30
0.0
 11
15.90405582385811
 21
13.06414560596743
 31
0.0
 12
15.96618785821408
 22
13.06414560596743
 32
0.0
 13
15.96618785821408
 23
13.06414560596743
 33
0.0
  0
SOLID
  5
E74
  8
PAREDE-HACH
  6
CONTINUOUS
 10
15.90405582385811
 20
16.0641456059674
 30
0.0
 11
15.90405582385811
 21
16.21414560596739
 31
0.0
 12
15.96618785821408
 22
16.0641456059674
 32
0.0
 13
15.96618785821408
 23
16.0641456059674
 33
0.0
  0
SOLID
  5
E75
  8
PAREDE-HACH
  6
CONTINUOUS
 10
15.96618785821408
 20
16.0641456059674
 30
0.0
 11
15.90405582385811
 21
16.21414560596739
 31
0.0
 12
15.96618785821408
 22
16.21414560596738
 32
0.0
 13
15.96618785821408
 23
16.21414560596738
 33
0.0
  0
SOLID
  5
E76
  8
PAREDE-HACH
  6
CONTINUOUS
 10
15.96618785821408
 20
12.85201357161146
 30
0.0
 11
15.96618785821408
 21
13.06414560596743
 31
0.0
 12
16.52036174614553
 22
12.29783968367999
 32
0.0
 13
16.52036174614553
 23
12.29783968367999
 33
0.0
  0
SOLID
  5
E77
  8
PAREDE-HACH
  6
CONTINUOUS
 10
16.52036174614553
 20
12.29783968367999
 30
0.0
 11
15.96618785821408
 21
13.06414560596743
 31
0.0
 12
16.52036174614553
 22
12.50997171803596
 32
0.0
 13
16.52036174614553
 23
12.50997171803596
 33
0.0
  0
SOLID
  5
E78
  8
PAREDE-HACH
  6
CONTINUOUS
 10
15.96618785821408
 20
16.0641456059674
 30
0.0
 11
15.96618785821408
 21
16.21414560596738
 31
0.0
 12
16.52036174614553
 22
16.0641456059674
 32
0.0
 13
16.52036174614553
 23
16.0641456059674
 33
0.0
  0
SOLID
  5
E79
  8
PAREDE-HACH
  6
CONTINUOUS
 10
16.52036174614553
 20
16.0641456059674
 30
0.0
 11
15.96618785821408
 21
16.21414560596738
 31
0.0
 12
16.52036174614553
 22
16.21414560596738
 32
0.0
 13
16.52036174614553
 23
16.21414560596738
 33
0.0
  0
SOLID
  5
E7A
  8
PAREDE-HACH
  6
CONTINUOUS
 10
16.52036174614553
 20
12.29783968367999
 30
0.0
 11
16.52036174614553
 21
12.50997171803596
 31
0.0
 12
16.95409041239315
 22
11.86411101743236
 32
0.0
 13
16.95409041239315
 23
11.86411101743236
 33
0.0
  0
SOLID
  5
E7B
  8
PAREDE-HACH
  6
CONTINUOUS
 10
16.95409041239315
 20
11.86411101743236
 30
0.0
 11
16.52036174614553
 21
12.50997171803596
 31
0.0
 12
16.95409041239315
 22
12.07624305178834
 32
0.0
 13
16.95409041239315
 23
12.07624305178834
 33
0.0
  0
SOLID
  5
E7C
  8
PAREDE-HACH
  6
CONTINUOUS
 10
16.95409041239315
 20
11.86411101743236
 30
0.0
 11
16.95409041239315
 21
12.07624305178834
 31
0.0
 12
16.98944575145247
 22
11.82875567837304
 32
0.0
 13
16.98944575145247
 23
11.82875567837304
 33
0.0
  0
SOLID
  5
E7D
  8
PAREDE-HACH
  6
CONTINUOUS
 10
16.98944575145247
 20
11.82875567837304
 30
0.0
 11
16.95409041239315
 21
12.07624305178834
 31
0.0
 12
16.98944575145247
 22
12.11159839084766
 32
0.0
 13
16.98944575145247
 23
12.11159839084766
 33
0.0
  0
SOLID
  5
E7E
  8
PAREDE-HACH
  6
CONTINUOUS
 10
16.98944575145247
 20
11.82875567837304
 30
0.0
 11
16.98944575145247
 21
12.11159839084766
 31
0.0
 12
17.06015642957113
 22
11.8994663564917
 32
0.0
 13
17.06015642957113
 23
11.8994663564917
 33
0.0
  0
SOLID
  5
E7F
  8
PAREDE-HACH
  6
CONTINUOUS
 10
17.06015642957113
 20
11.8994663564917
 30
0.0
 11
16.98944575145247
 21
12.11159839084766
 31
0.0
 12
17.06015642957113
 22
12.18230906896632
 32
0.0
 13
17.06015642957113
 23
12.18230906896632
 33
0.0
  0
SOLID
  5
E80
  8
PAREDE-HACH
  6
CONTINUOUS
 10
17.06015642957113
 20
11.8994663564917
 30
0.0
 11
17.06015642957113
 21
11.97017703461035
 31
0.0
 12
17.09551176863046
 22
11.93482169555102
 32
0.0
 13
17.09551176863046
 23
11.93482169555102
 33
0.0
  0
SOLID
  5
E81
  8
PAREDE-HACH
  6
CONTINUOUS
 10
17.06015642957113
 20
11.97017703461035
 30
0.0
 11
17.06015642957113
 21
12.18230906896632
 31
0.0
 12
17.09551176863046
 22
12.00553237366968
 32
0.0
 13
17.09551176863046
 23
12.00553237366968
 33
0.0
  0
SOLID
  5
E82
  8
PAREDE-HACH
  6
CONTINUOUS
 10
17.09551176863046
 20
12.00553237366968
 30
0.0
 11
17.06015642957113
 21
12.18230906896632
 31
0.0
 12
17.09551176863046
 22
12.21766440802565
 32
0.0
 13
17.09551176863046
 23
12.21766440802565
 33
0.0
  0
SOLID
  5
E83
  8
PAREDE-HACH
  6
CONTINUOUS
 10
17.09551176863046
 20
12.00553237366968
 30
0.0
 11
17.09551176863046
 21
12.21766440802565
 31
0.0
 12
17.62067737563743
 22
12.53069798067666
 32
0.0
 13
17.62067737563743
 23
12.53069798067666
 33
0.0
  0
SOLID
  5
E84
  8
PAREDE-HACH
  6
CONTINUOUS
 10
17.62067737563743
 20
12.53069798067666
 30
0.0
 11
17.09551176863046
 21
12.21766440802565
 31
0.0
 12
17.62067737563743
 22
12.74283001503262
 32
0.0
 13
17.62067737563743
 23
12.74283001503262
 33
0.0
  0
SOLID
  5
E85
  8
PAREDE-HACH
  6
CONTINUOUS
 10
17.62067737563743
 20
12.53069798067666
 30
0.0
 11
17.62067737563743
 21
12.74283001503262
 31
0.0
 12
17.72674339281541
 22
12.63676399785464
 32
0.0
 13
17.72674339281541
 23
12.63676399785464
 33
0.0
  0
ENDBLK
  8
0
  0
BLOCK
  8
0
  2
*U27
 70
     1
 10
0.0
 20
0.0
 30
0.0
  0
SOLID
  5
E87
  8
PAREDE-HACH
  6
CONTINUOUS
 10
17.21919471628996
 20
9.477686369975913
 30
0.0
 11
17.11737762461967
 21
9.579503461646205
 31
0.0
 12
17.21919471628996
 22
9.681320553316496
 32
0.0
 13
17.21919471628996
 23
9.681320553316496
 33
0.0
  0
SOLID
  5
E88
  8
PAREDE-HACH
  6
CONTINUOUS
 10
17.21919471628996
 20
9.477686369975913
 30
0.0
 11
17.21919471628996
 21
9.681320553316496
 31
0.0
 12
17.31155612050625
 22
9.57004777419219
 32
0.0
 13
17.31155612050625
 23
9.57004777419219
 33
0.0
  0
SOLID
  5
E89
  8
PAREDE-HACH
  6
CONTINUOUS
 10
17.31155612050625
 20
9.57004777419219
 30
0.0
 11
17.21919471628996
 21
9.681320553316496
 31
0.0
 12
17.31155612050625
 22
9.77368195753278
 32
0.0
 13
17.31155612050625
 23
9.77368195753278
 33
0.0
  0
SOLID
  5
E8A
  8
PAREDE-HACH
  6
CONTINUOUS
 10
17.31155612050625
 20
9.57004777419219
 30
0.0
 11
17.31155612050625
 21
9.77368195753278
 31
0.0
 12
17.31361926385784
 22
9.572110917543785
 32
0.0
 13
17.31361926385784
 23
9.572110917543785
 33
0.0
  0
SOLID
  5
E8B
  8
PAREDE-HACH
  6
CONTINUOUS
 10
17.31361926385784
 20
9.572110917543785
 30
0.0
 11
17.31155612050625
 21
9.77368195753278
 31
0.0
 12
17.31361926385784
 22
9.776102790612343
 32
0.0
 13
17.31361926385784
 23
9.776102790612343
 33
0.0
  0
SOLID
  5
E8C
  8
PAREDE-HACH
  6
CONTINUOUS
 10
17.31361926385784
 20
9.572110917543785
 30
0.0
 11
17.31361926385784
 21
9.776102790612343
 31
0.0
 12
17.31527253546286
 22
9.573764189148804
 32
0.0
 13
17.31527253546286
 23
9.573764189148804
 33
0.0
  0
SOLID
  5
E8D
  8
PAREDE-HACH
  6
CONTINUOUS
 10
17.31527253546286
 20
9.573764189148804
 30
0.0
 11
17.31361926385784
 21
9.776102790612343
 31
0.0
 12
17.31527253546286
 22
9.778820084539829
 32
0.0
 13
17.31527253546286
 23
9.778820084539829
 33
0.0
  0
SOLID
  5
E8E
  8
PAREDE-HACH
  6
CONTINUOUS
 10
17.31527253546286
 20
9.573764189148804
 30
0.0
 11
17.31527253546286
 21
9.778820084539829
 31
0.0
 12
17.31647411997698
 22
9.574965773662925
 32
0.0
 13
17.31647411997698
 23
9.574965773662925
 33
0.0
  0
SOLID
  5
E8F
  8
PAREDE-HACH
  6
CONTINUOUS
 10
17.31647411997698
 20
9.574965773662925
 30
0.0
 11
17.31527253546286
 21
9.778820084539829
 31
0.0
 12
17.31647411997698
 22
9.781765112204173
 32
0.0
 13
17.31647411997698
 23
9.781765112204173
 33
0.0
  0
SOLID
  5
E90
  8
PAREDE-HACH
  6
CONTINUOUS
 10
17.31647411997698
 20
9.574965773662925
 30
0.0
 11
17.31647411997698
 21
9.781765112204173
 31
0.0
 12
17.31719362634404
 22
9.57568528002998
 32
0.0
 13
17.31719362634404
 23
9.57568528002998
 33
0.0
  0
SOLID
  5
E91
  8
PAREDE-HACH
  6
CONTINUOUS
 10
17.31719362634404
 20
9.57568528002998
 30
0.0
 11
17.31647411997698
 21
9.781765112204173
 31
0.0
 12
17.31719362634404
 22
9.78486338654259
 32
0.0
 13
17.31719362634404
 23
9.78486338654259
 33
0.0
  0
SOLID
  5
E92
  8
PAREDE-HACH
  6
CONTINUOUS
 10
17.31719362634404
 20
9.57568528002998
 30
0.0
 11
17.31719362634404
 21
9.78486338654259
 31
0.0
 12
17.31741285646131
 22
9.575904510147257
 32
0.0
 13
17.31741285646131
 23
9.575904510147257
 33
0.0
  0
SOLID
  5
E93
  8
PAREDE-HACH
  6
CONTINUOUS
 10
17.31741285646131
 20
9.575904510147257
 30
0.0
 11
17.31719362634404
 21
9.78486338654259
 31
0.0
 12
17.31741285646131
 22
9.78803654450336
 32
0.0
 13
17.31741285646131
 23
9.78803654450336
 33
0.0
  0
SOLID
  5
E94
  8
PAREDE-HACH
  6
CONTINUOUS
 10
17.31741285646131
 20
9.575904510147257
 30
0.0
 11
17.31741285646131
 21
9.78803654450336
 31
0.0
 12
17.46668208970518
 22
9.725173743391112
 32
0.0
 13
17.46668208970518
 23
9.725173743391112
 33
0.0
  0
SOLID
  5
E95
  8
PAREDE-HACH
  6
CONTINUOUS
 10
17.46668208970518
 20
9.725173743391112
 30
0.0
 11
17.31741285646131
 21
9.78803654450336
 31
0.0
 12
17.46668208970518
 22
9.937305777747234
 32
0.0
 13
17.46668208970518
 23
9.937305777747234
 33
0.0
  0
SOLID
  5
E96
  8
PAREDE-HACH
  6
CONTINUOUS
 10
17.46668208970518
 20
9.725173743391112
 30
0.0
 11
17.46668208970518
 21
9.937305777747234
 31
0.0
 12
17.57274810688324
 22
9.831239760569165
 32
0.0
 13
17.57274810688324
 23
9.831239760569165
 33
0.0
  0
ENDBLK
  8
0
  0
BLOCK
  8
0
  2
*U28
 70
     1
 10
0.0
 20
0.0
 30
0.0
  0
SOLID
  5
E98
  8
PAREDE-HACH
  6
CONTINUOUS
 10
2.145361746145532
 20
4.114145605967441
 30
0.0
 11
2.145361746145532
 21
4.414145605967438
 31
0.0
 12
2.445361746145529
 22
4.114145605967445
 32
0.0
 13
2.445361746145529
 23
4.114145605967445
 33
0.0
  0
SOLID
  5
E99
  8
PAREDE-HACH
  6
CONTINUOUS
 10
2.445361746145529
 20
4.114145605967445
 30
0.0
 11
2.145361746145532
 21
4.414145605967438
 31
0.0
 12
2.445361746145529
 22
4.414145605967438
 32
0.0
 13
2.445361746145529
 23
4.414145605967438
 33
0.0
  0
ENDBLK
  8
0
  0
BLOCK
  8
0
  2
*U29
 70
     1
 10
0.0
 20
0.0
 30
0.0
  0
SOLID
  5
E9B
  8
PAREDE-HACH
  6
CONTINUOUS
 10
6.795361746145531
 20
4.114145605967438
 30
0.0
 11
6.795361746145531
 21
4.414145605967438
 31
0.0
 12
7.095361746145535
 22
4.114145605967438
 32
0.0
 13
7.095361746145535
 23
4.114145605967438
 33
0.0
  0
SOLID
  5
E9C
  8
PAREDE-HACH
  6
CONTINUOUS
 10
7.095361746145535
 20
4.114145605967438
 30
0.0
 11
6.795361746145531
 21
4.414145605967438
 31
0.0
 12
7.095361746145535
 22
4.414145605967442
 32
0.0
 13
7.095361746145535
 23
4.414145605967442
 33
0.0
  0
ENDBLK
  8
0
  0
BLOCK
  8
0
  2
*U30
 70
     1
 10
0.0
 20
0.0
 30
0.0
  0
SOLID
  5
E9E
  8
PAREDE-HACH
  6
CONTINUOUS
 10
11.44536174614553
 20
4.114145605967434
 30
0.0
 11
11.44536174614553
 21
4.414145605967438
 31
0.0
 12
11.74536174614553
 22
4.114145605967434
 32
0.0
 13
11.74536174614553
 23
4.114145605967434
 33
0.0
  0
SOLID
  5
E9F
  8
PAREDE-HACH
  6
CONTINUOUS
 10
11.74536174614553
 20
4.114145605967434
 30
0.0
 11
11.44536174614553
 21
4.414145605967438
 31
0.0
 12
11.74536174614553
 22
4.414145605967435
 32
0.0
 13
11.74536174614553
 23
4.414145605967435
 33
0.0
  0
ENDBLK
  8
0
  0
BLOCK
  8
0
  2
*U31
 70
     1
 10
0.0
 20
0.0
 30
0.0
  0
SOLID
  5
EA1
  8
PAREDE-HACH
  6
CONTINUOUS
 10
16.09536174614554
 20
4.114145605967438
 30
0.0
 11
16.09536174614554
 21
4.414145605967435
 31
0.0
 12
16.39536174614553
 22
4.114145605967438
 32
0.0
 13
16.39536174614553
 23
4.114145605967438
 33
0.0
  0
SOLID
  5
EA2
  8
PAREDE-HACH
  6
CONTINUOUS
 10
16.39536174614553
 20
4.114145605967438
 30
0.0
 11
16.09536174614554
 21
4.414145605967435
 31
0.0
 12
16.39536174614553
 22
4.414145605967435
 32
0.0
 13
16.39536174614553
 23
4.414145605967435
 33
0.0
  0
ENDBLK
  8
0
  0
BLOCK
  8
0
  2
*X32
 70
     1
 10
0.0
 20
0.0
 30
0.0
  0
LINE
  5
EA4
  8
PISO
  6
CONTINUOUS
 10
9.945361746145524
 20
15.46414560596741
 30
0.0
 11
11.24536174614552
 21
15.46414560596741
 31
0.0
  0
LINE
  5
EA5
  8
PISO
  6
CONTINUOUS
 10
9.945361746145526
 20
14.86414560596741
 30
0.0
 11
9.98036174614553
 21
14.86414560596741
 31
0.0
  0
LINE
  5
EA6
  8
PISO
  6
CONTINUOUS
 10
10.48334170026593
 20
14.86414560596741
 30
0.0
 11
11.24536174614552
 21
14.86414560596741
 31
0.0
  0
LINE
  5
EA7
  8
PISO
  6
CONTINUOUS
 10
10.44536174614552
 20
14.26414560596741
 30
0.0
 11
11.24536174614552
 21
14.26414560596741
 31
0.0
  0
LINE
  5
EA8
  8
PISO
  6
CONTINUOUS
 10
10.44536174614553
 20
13.66414560596741
 30
0.0
 11
10.74008446699176
 21
13.66414560596741
 31
0.0
  0
LINE
  5
EA9
  8
PISO
  6
CONTINUOUS
 10
10.74091832760285
 20
13.66414560596741
 30
0.0
 11
11.06536174614551
 21
13.66414560596741
 31
0.0
  0
LINE
  5
EAA
  8
PISO
  6
CONTINUOUS
 10
11.09536174614551
 20
13.66414560596741
 30
0.0
 11
11.24536174614552
 21
13.66414560596741
 31
0.0
  0
LINE
  5
EAB
  8
PISO
  6
CONTINUOUS
 10
10.04536174614552
 20
14.38450956189788
 30
0.0
 11
10.04536174614552
 21
14.67310482420882
 31
0.0
  0
LINE
  5
EAC
  8
PISO
  6
CONTINUOUS
 10
10.04536174614552
 20
14.94624596885714
 30
0.0
 11
10.04536174614552
 21
15.23508854824641
 31
0.0
  0
LINE
  5
EAD
  8
PISO
  6
CONTINUOUS
 10
10.04536174614552
 20
15.26508854824642
 30
0.0
 11
10.04536174614552
 21
15.62474018759448
 31
0.0
  0
LINE
  5
EAE
  8
PISO
  6
CONTINUOUS
 10
10.04536174614552
 20
15.64974018759449
 30
0.0
 11
10.04536174614552
 21
16.06414560596739
 31
0.0
  0
LINE
  5
EAF
  8
PISO
  6
CONTINUOUS
 10
10.64536174614552
 20
13.06414560596739
 30
0.0
 11
10.64536174614552
 21
13.59603017364472
 31
0.0
  0
LINE
  5
EB0
  8
PISO
  6
CONTINUOUS
 10
10.64536174614552
 20
13.59620492104175
 30
0.0
 11
10.64536174614552
 21
14.39552154539622
 31
0.0
  0
LINE
  5
EB1
  8
PISO
  6
CONTINUOUS
 10
10.64536174614552
 20
14.62834896695148
 30
0.0
 11
10.64536174614552
 21
15.19508854824641
 31
0.0
  0
LINE
  5
EB2
  8
PISO
  6
CONTINUOUS
 10
10.64536174614552
 20
15.22508854824641
 30
0.0
 11
10.64536174614552
 21
16.06414560596739
 31
0.0
  0
ENDBLK
  8
0
  0
BLOCK
  8
0
  2
*U33
 70
     1
 10
0.0
 20
0.0
 30
0.0
  0
SOLID
  5
EB4
  8
PAREDE-HACH
  6
CONTINUOUS
 10
8.94536174614553
 20
16.06414560596735
 30
0.0
 11
8.94536174614553
 21
16.2141456059674
 31
0.0
 12
9.783534544510069
 22
16.06414560596734
 32
0.0
 13
9.783534544510069
 23
16.06414560596734
 33
0.0
  0
SOLID
  5
EB5
  8
PAREDE-HACH
  6
CONTINUOUS
 10
9.783534544510069
 20
16.06414560596734
 30
0.0
 11
8.94536174614553
 21
16.2141456059674
 31
0.0
 12
9.783534544510069
 22
16.2141456059674
 32
0.0
 13
9.783534544510069
 23
16.2141456059674
 33
0.0
  0
SOLID
  5
EB6
  8
PAREDE-HACH
  6
CONTINUOUS
 10
9.795361746145524
 20
12.44049120269642
 30
0.0
 11
9.783534544510069
 21
12.45231840433188
 31
0.0
 12
9.795361746145524
 22
12.46414560596733
 32
0.0
 13
9.795361746145524
 23
12.46414560596733
 33
0.0
  0
SOLID
  5
EB7
  8
PAREDE-HACH
  6
CONTINUOUS
 10
9.783534544510069
 20
16.06414560596734
 30
0.0
 11
9.783534544510069
 21
16.2141456059674
 31
0.0
 12
9.795361746145524
 22
16.06414560596734
 32
0.0
 13
9.795361746145524
 23
16.06414560596734
 33
0.0
  0
SOLID
  5
EB8
  8
PAREDE-HACH
  6
CONTINUOUS
 10
9.795361746145524
 20
16.06414560596734
 30
0.0
 11
9.783534544510069
 21
16.2141456059674
 31
0.0
 12
9.795361746145524
 22
16.2141456059674
 32
0.0
 13
9.795361746145524
 23
16.2141456059674
 33
0.0
  0
SOLID
  5
EB9
  8
PAREDE-HACH
  6
CONTINUOUS
 10
9.795361746145524
 20
12.44049120269642
 30
0.0
 11
9.795361746145524
 21
16.2141456059674
 31
0.0
 12
9.889600561688049
 22
12.3462523871539
 32
0.0
 13
9.889600561688049
 23
12.3462523871539
 33
0.0
  0
SOLID
  5
EBA
  8
PAREDE-HACH
  6
CONTINUOUS
 10
9.889600561688049
 20
12.3462523871539
 30
0.0
 11
9.795361746145524
 21
16.2141456059674
 31
0.0
 12
9.889600561688049
 22
16.2141456059674
 32
0.0
 13
9.889600561688049
 23
16.2141456059674
 33
0.0
  0
SOLID
  5
EBB
  8
PAREDE-HACH
  6
CONTINUOUS
 10
9.889600561688049
 20
12.3462523871539
 30
0.0
 11
9.889600561688049
 21
16.2141456059674
 31
0.0
 12
9.94536174614553
 22
12.40201357161138
 32
0.0
 13
9.94536174614553
 23
12.40201357161138
 33
0.0
  0
SOLID
  5
EBC
  8
PAREDE-HACH
  6
CONTINUOUS
 10
9.94536174614553
 20
12.40201357161138
 30
0.0
 11
9.889600561688049
 21
16.2141456059674
 31
0.0
 12
9.94536174614553
 22
16.2141456059674
 32
0.0
 13
9.94536174614553
 23
16.2141456059674
 33
0.0
  0
SOLID
  5
EBD
  8
PAREDE-HACH
  6
CONTINUOUS
 10
9.94536174614553
 20
12.91414560596738
 30
0.0
 11
9.94536174614553
 21
13.06414560596742
 31
0.0
 12
10.22629132750672
 22
12.91414560596738
 32
0.0
 13
10.22629132750672
 23
12.91414560596738
 33
0.0
  0
SOLID
  5
EBE
  8
PAREDE-HACH
  6
CONTINUOUS
 10
10.22629132750672
 20
12.91414560596738
 30
0.0
 11
9.94536174614553
 21
13.06414560596742
 31
0.0
 12
10.22629132750672
 22
13.06414560596742
 32
0.0
 13
10.22629132750672
 23
13.06414560596742
 33
0.0
  0
SOLID
  5
EBF
  8
PAREDE-HACH
  6
CONTINUOUS
 10
9.94536174614553
 20
16.06414560596739
 30
0.0
 11
9.94536174614553
 21
16.2141456059674
 31
0.0
 12
10.22629132750672
 22
16.06414560596739
 32
0.0
 13
10.22629132750672
 23
16.06414560596739
 33
0.0
  0
SOLID
  5
EC0
  8
PAREDE-HACH
  6
CONTINUOUS
 10
10.22629132750672
 20
16.06414560596739
 30
0.0
 11
9.94536174614553
 21
16.2141456059674
 31
0.0
 12
10.22629132750672
 22
16.2141456059674
 32
0.0
 13
10.22629132750672
 23
16.2141456059674
 33
0.0
  0
SOLID
  5
EC1
  8
PAREDE-HACH
  6
CONTINUOUS
 10
10.22629132750672
 20
12.91414560596738
 30
0.0
 11
10.22629132750672
 21
13.06414560596742
 31
0.0
 12
10.34536174614552
 22
12.91414560596738
 32
0.0
 13
10.34536174614552
 23
12.91414560596738
 33
0.0
  0
SOLID
  5
EC2
  8
PAREDE-HACH
  6
CONTINUOUS
 10
10.34536174614552
 20
12.91414560596738
 30
0.0
 11
10.22629132750672
 21
13.06414560596742
 31
0.0
 12
10.34536174614552
 22
13.06414560596742
 32
0.0
 13
10.34536174614552
 23
13.06414560596742
 33
0.0
  0
ENDBLK
  8
0
  0
BLOCK
  8
0
  2
*U34
 70
     1
 10
0.0
 20
0.0
 30
0.0
  0
SOLID
  5
EC4
  8
PAREDE-HACH
  6
CONTINUOUS
 10
10.82629132750672
 20
16.06414560596739
 30
0.0
 11
10.82629132750672
 21
16.2141456059674
 31
0.0
 12
11.14536174614551
 22
16.06414560596739
 32
0.0
 13
11.14536174614551
 23
16.06414560596739
 33
0.0
  0
SOLID
  5
EC5
  8
PAREDE-HACH
  6
CONTINUOUS
 10
11.14536174614551
 20
16.06414560596739
 30
0.0
 11
10.82629132750672
 21
16.2141456059674
 31
0.0
 12
11.14536174614551
 22
16.2141456059674
 32
0.0
 13
11.14536174614551
 23
16.2141456059674
 33
0.0
  0
SOLID
  5
EC6
  8
PAREDE-HACH
  6
CONTINUOUS
 10
11.14536174614551
 20
12.91414560596739
 30
0.0
 11
11.14536174614551
 21
13.06414560596742
 31
0.0
 12
11.24536174614552
 22
12.91414560596739
 32
0.0
 13
11.24536174614552
 23
12.91414560596739
 33
0.0
  0
SOLID
  5
EC7
  8
PAREDE-HACH
  6
CONTINUOUS
 10
11.24536174614552
 20
12.91414560596739
 30
0.0
 11
11.14536174614551
 21
13.06414560596742
 31
0.0
 12
11.24536174614552
 22
13.06414560596742
 32
0.0
 13
11.24536174614552
 23
13.06414560596742
 33
0.0
  0
SOLID
  5
EC8
  8
PAREDE-HACH
  6
CONTINUOUS
 10
11.14536174614551
 20
16.06414560596739
 30
0.0
 11
11.14536174614551
 21
16.2141456059674
 31
0.0
 12
11.24536174614552
 22
16.06414560596739
 32
0.0
 13
11.24536174614552
 23
16.06414560596739
 33
0.0
  0
SOLID
  5
EC9
  8
PAREDE-HACH
  6
CONTINUOUS
 10
11.24536174614552
 20
16.06414560596739
 30
0.0
 11
11.14536174614551
 21
16.2141456059674
 31
0.0
 12
11.24536174614552
 22
16.2141456059674
 32
0.0
 13
11.24536174614552
 23
16.2141456059674
 33
0.0
  0
SOLID
  5
ECA
  8
PAREDE-HACH
  6
CONTINUOUS
 10
11.24536174614552
 20
12.91414560596739
 30
0.0
 11
11.24536174614552
 21
16.2141456059674
 31
0.0
 12
11.39536174614553
 22
12.91414560596739
 32
0.0
 13
11.39536174614553
 23
12.91414560596739
 33
0.0
  0
SOLID
  5
ECB
  8
PAREDE-HACH
  6
CONTINUOUS
 10
11.39536174614553
 20
12.91414560596739
 30
0.0
 11
11.24536174614552
 21
16.2141456059674
 31
0.0
 12
11.39536174614553
 22
16.2141456059674
 32
0.0
 13
11.39536174614553
 23
16.2141456059674
 33
0.0
  0
SOLID
  5
ECC
  8
PAREDE-HACH
  6
CONTINUOUS
 10
11.39536174614553
 20
12.91414560596739
 30
0.0
 11
11.39536174614553
 21
13.06414560596741
 31
0.0
 12
11.49536174614554
 22
12.91414560596739
 32
0.0
 13
11.49536174614554
 23
12.91414560596739
 33
0.0
  0
SOLID
  5
ECD
  8
PAREDE-HACH
  6
CONTINUOUS
 10
11.49536174614554
 20
12.91414560596739
 30
0.0
 11
11.39536174614553
 21
13.06414560596741
 31
0.0
 12
11.49536174614554
 22
13.06414560596741
 32
0.0
 13
11.49536174614554
 23
13.06414560596741
 33
0.0
  0
SOLID
  5
ECE
  8
PAREDE-HACH
  6
CONTINUOUS
 10
11.39536174614553
 20
16.06414560596739
 30
0.0
 11
11.39536174614553
 21
16.2141456059674
 31
0.0
 12
11.49536174614554
 22
16.06414560596739
 32
0.0
 13
11.49536174614554
 23
16.06414560596739
 33
0.0
  0
SOLID
  5
ECF
  8
PAREDE-HACH
  6
CONTINUOUS
 10
11.49536174614554
 20
16.06414560596739
 30
0.0
 11
11.39536174614553
 21
16.2141456059674
 31
0.0
 12
11.49536174614554
 22
16.2141456059674
 32
0.0
 13
11.49536174614554
 23
16.2141456059674
 33
0.0
  0
SOLID
  5
ED0
  8
PAREDE-HACH
  6
CONTINUOUS
 10
11.49536174614554
 20
16.06414560596739
 30
0.0
 11
11.49536174614554
 21
16.2141456059674
 31
0.0
 12
12.19536174614553
 22
16.0641456059674
 32
0.0
 13
12.19536174614553
 23
16.0641456059674
 33
0.0
  0
SOLID
  5
ED1
  8
PAREDE-HACH
  6
CONTINUOUS
 10
12.19536174614553
 20
16.0641456059674
 30
0.0
 11
11.49536174614554
 21
16.2141456059674
 31
0.0
 12
12.19536174614553
 22
16.2141456059674
 32
0.0
 13
12.19536174614553
 23
16.2141456059674
 33
0.0
  0
ENDBLK
  8
0
  0
BLOCK
  8
0
  2
*U35
 70
     1
 10
0.0
 20
0.0
 30
0.0
  0
SOLID
  5
ED3
  8
PAREDE-HACH
  6
CONTINUOUS
 10
5.045361746145524
 20
12.91414560596741
 30
0.0
 11
5.045361746145524
 21
13.0641456059674
 31
0.0
 12
5.120361746145527
 22
12.91414560596741
 32
0.0
 13
5.120361746145527
 23
12.91414560596741
 33
0.0
  0
SOLID
  5
ED4
  8
PAREDE-HACH
  6
CONTINUOUS
 10
5.120361746145527
 20
12.91414560596741
 30
0.0
 11
5.045361746145524
 21
13.0641456059674
 31
0.0
 12
5.120361746145527
 22
13.06414560596741
 32
0.0
 13
5.120361746145527
 23
13.06414560596741
 33
0.0
  0
SOLID
  5
ED5
  8
PAREDE-HACH
  6
CONTINUOUS
 10
5.120361746145527
 20
12.91414560596741
 30
0.0
 11
5.120361746145527
 21
13.06414560596741
 31
0.0
 12
5.145361746145532
 22
12.91414560596741
 32
0.0
 13
5.145361746145532
 23
12.91414560596741
 33
0.0
  0
SOLID
  5
ED6
  8
PAREDE-HACH
  6
CONTINUOUS
 10
5.145361746145532
 20
12.91414560596741
 30
0.0
 11
5.120361746145527
 21
13.06414560596741
 31
0.0
 12
5.145361746145532
 22
13.06414560596741
 32
0.0
 13
5.145361746145532
 23
13.06414560596741
 33
0.0
  0
SOLID
  5
ED7
  8
PAREDE-HACH
  6
CONTINUOUS
 10
5.120361746145527
 20
16.06414560596741
 30
0.0
 11
5.120361746145527
 21
16.2141456059674
 31
0.0
 12
5.145361746145532
 22
16.06414560596741
 32
0.0
 13
5.145361746145532
 23
16.06414560596741
 33
0.0
  0
SOLID
  5
ED8
  8
PAREDE-HACH
  6
CONTINUOUS
 10
5.145361746145532
 20
16.06414560596741
 30
0.0
 11
5.120361746145527
 21
16.2141456059674
 31
0.0
 12
5.145361746145532
 22
16.2141456059674
 32
0.0
 13
5.145361746145532
 23
16.2141456059674
 33
0.0
  0
SOLID
  5
ED9
  8
PAREDE-HACH
  6
CONTINUOUS
 10
5.145361746145532
 20
12.61414560596741
 30
0.0
 11
5.145361746145532
 21
13.06414560596741
 31
0.0
 12
5.295361746145524
 22
12.61414560596741
 32
0.0
 13
5.295361746145524
 23
12.61414560596741
 33
0.0
  0
SOLID
  5
EDA
  8
PAREDE-HACH
  6
CONTINUOUS
 10
5.295361746145524
 20
12.61414560596741
 30
0.0
 11
5.145361746145532
 21
13.06414560596741
 31
0.0
 12
5.295361746145524
 22
13.06414560596742
 32
0.0
 13
5.295361746145524
 23
13.06414560596742
 33
0.0
  0
SOLID
  5
EDB
  8
PAREDE-HACH
  6
CONTINUOUS
 10
5.145361746145532
 20
16.06414560596741
 30
0.0
 11
5.145361746145532
 21
16.2141456059674
 31
0.0
 12
5.295361746145524
 22
16.06414560596741
 32
0.0
 13
5.295361746145524
 23
16.06414560596741
 33
0.0
  0
SOLID
  5
EDC
  8
PAREDE-HACH
  6
CONTINUOUS
 10
5.295361746145524
 20
16.06414560596741
 30
0.0
 11
5.145361746145532
 21
16.2141456059674
 31
0.0
 12
5.295361746145524
 22
16.2141456059674
 32
0.0
 13
5.295361746145524
 23
16.2141456059674
 33
0.0
  0
SOLID
  5
EDD
  8
PAREDE-HACH
  6
CONTINUOUS
 10
5.295361746145524
 20
12.91414560596741
 30
0.0
 11
5.295361746145524
 21
13.06414560596742
 31
0.0
 12
5.945361746145529
 22
12.91414560596741
 32
0.0
 13
5.945361746145529
 23
12.91414560596741
 33
0.0
  0
SOLID
  5
EDE
  8
PAREDE-HACH
  6
CONTINUOUS
 10
5.945361746145529
 20
12.91414560596741
 30
0.0
 11
5.295361746145524
 21
13.06414560596742
 31
0.0
 12
5.945361746145529
 22
13.06414560596748
 32
0.0
 13
5.945361746145529
 23
13.06414560596748
 33
0.0
  0
SOLID
  5
EDF
  8
PAREDE-HACH
  6
CONTINUOUS
 10
5.295361746145524
 20
16.06414560596741
 30
0.0
 11
5.295361746145524
 21
16.2141456059674
 31
0.0
 12
5.945361746145529
 22
16.06414560596743
 32
0.0
 13
5.945361746145529
 23
16.06414560596743
 33
0.0
  0
SOLID
  5
EE0
  8
PAREDE-HACH
  6
CONTINUOUS
 10
5.945361746145529
 20
16.06414560596743
 30
0.0
 11
5.295361746145524
 21
16.2141456059674
 31
0.0
 12
5.945361746145529
 22
16.2141456059674
 32
0.0
 13
5.945361746145529
 23
16.2141456059674
 33
0.0
  0
SOLID
  5
EE1
  8
PAREDE-HACH
  6
CONTINUOUS
 10
5.945361746145529
 20
12.91414560596741
 30
0.0
 11
5.945361746145529
 21
16.2141456059674
 31
0.0
 12
6.095361746145535
 22
12.91414560596741
 32
0.0
 13
6.095361746145535
 23
12.91414560596741
 33
0.0
  0
SOLID
  5
EE2
  8
PAREDE-HACH
  6
CONTINUOUS
 10
6.095361746145535
 20
12.91414560596741
 30
0.0
 11
5.945361746145529
 21
16.2141456059674
 31
0.0
 12
6.095361746145535
 22
16.2141456059674
 32
0.0
 13
6.095361746145535
 23
16.2141456059674
 33
0.0
  0
SOLID
  5
EE3
  8
PAREDE-HACH
  6
CONTINUOUS
 10
6.095361746145535
 20
12.91414560596741
 30
0.0
 11
6.095361746145535
 21
13.0641456059674
 31
0.0
 12
6.524195485003034
 22
12.9141456059674
 32
0.0
 13
6.524195485003034
 23
12.9141456059674
 33
0.0
  0
SOLID
  5
EE4
  8
PAREDE-HACH
  6
CONTINUOUS
 10
6.524195485003034
 20
12.9141456059674
 30
0.0
 11
6.095361746145535
 21
13.0641456059674
 31
0.0
 12
6.524195485003034
 22
13.0641456059674
 32
0.0
 13
6.524195485003034
 23
13.0641456059674
 33
0.0
  0
SOLID
  5
EE5
  8
PAREDE-HACH
  6
CONTINUOUS
 10
6.095361746145535
 20
16.0641456059674
 30
0.0
 11
6.095361746145535
 21
16.2141456059674
 31
0.0
 12
6.524195485003034
 22
16.06414560596739
 32
0.0
 13
6.524195485003034
 23
16.06414560596739
 33
0.0
  0
SOLID
  5
EE6
  8
PAREDE-HACH
  6
CONTINUOUS
 10
6.524195485003034
 20
16.06414560596739
 30
0.0
 11
6.095361746145535
 21
16.2141456059674
 31
0.0
 12
6.524195485003034
 22
16.2141456059674
 32
0.0
 13
6.524195485003034
 23
16.2141456059674
 33
0.0
  0
SOLID
  5
EE7
  8
PAREDE-HACH
  6
CONTINUOUS
 10
6.524195485003034
 20
16.06414560596739
 30
0.0
 11
6.524195485003034
 21
16.2141456059674
 31
0.0
 12
6.945361746145529
 22
16.06414560596738
 32
0.0
 13
6.945361746145529
 23
16.06414560596738
 33
0.0
  0
SOLID
  5
EE8
  8
PAREDE-HACH
  6
CONTINUOUS
 10
6.945361746145529
 20
16.06414560596738
 30
0.0
 11
6.524195485003034
 21
16.2141456059674
 31
0.0
 12
6.945361746145529
 22
16.2141456059674
 32
0.0
 13
6.945361746145529
 23
16.2141456059674
 33
0.0
  0
ENDBLK
  8
0
  0
BLOCK
  8
0
  2
*U36
 70
     1
 10
0.0
 20
0.0
 30
0.0
  0
SOLID
  5
EEA
  8
PAREDE-HACH
  6
CONTINUOUS
 10
2.145361746145539
 20
10.6141456059674
 30
0.0
 11
2.145361746145539
 21
16.2141456059674
 31
0.0
 12
2.295361746145531
 22
10.6141456059674
 32
0.0
 13
2.295361746145531
 23
10.6141456059674
 33
0.0
  0
SOLID
  5
EEB
  8
PAREDE-HACH
  6
CONTINUOUS
 10
2.295361746145531
 20
10.6141456059674
 30
0.0
 11
2.145361746145539
 21
16.2141456059674
 31
0.0
 12
2.295361746145531
 22
16.2141456059674
 32
0.0
 13
2.295361746145531
 23
16.2141456059674
 33
0.0
  0
SOLID
  5
EEC
  8
PAREDE-HACH
  6
CONTINUOUS
 10
2.295361746145531
 20
10.6141456059674
 30
0.0
 11
2.295361746145531
 21
10.7641456059674
 31
0.0
 12
2.645361746145539
 22
10.6141456059674
 32
0.0
 13
2.645361746145539
 23
10.6141456059674
 33
0.0
  0
SOLID
  5
EED
  8
PAREDE-HACH
  6
CONTINUOUS
 10
2.645361746145539
 20
10.6141456059674
 30
0.0
 11
2.295361746145531
 21
10.7641456059674
 31
0.0
 12
2.645361746145539
 22
10.7641456059674
 32
0.0
 13
2.645361746145539
 23
10.7641456059674
 33
0.0
  0
SOLID
  5
EEE
  8
PAREDE-HACH
  6
CONTINUOUS
 10
2.295361746145531
 20
12.91414560596741
 30
0.0
 11
2.295361746145531
 21
13.06414560596742
 31
0.0
 12
2.645361746145539
 22
12.91414560596741
 32
0.0
 13
2.645361746145539
 23
12.91414560596741
 33
0.0
  0
SOLID
  5
EEF
  8
PAREDE-HACH
  6
CONTINUOUS
 10
2.645361746145539
 20
12.91414560596741
 30
0.0
 11
2.295361746145531
 21
13.06414560596742
 31
0.0
 12
2.645361746145539
 22
13.06414560596742
 32
0.0
 13
2.645361746145539
 23
13.06414560596742
 33
0.0
  0
SOLID
  5
EF0
  8
PAREDE-HACH
  6
CONTINUOUS
 10
2.295361746145531
 20
16.06414560596734
 30
0.0
 11
2.295361746145531
 21
16.2141456059674
 31
0.0
 12
2.645361746145539
 22
16.06414560596735
 32
0.0
 13
2.645361746145539
 23
16.06414560596735
 33
0.0
  0
SOLID
  5
EF1
  8
PAREDE-HACH
  6
CONTINUOUS
 10
2.645361746145539
 20
16.06414560596735
 30
0.0
 11
2.295361746145531
 21
16.2141456059674
 31
0.0
 12
2.645361746145539
 22
16.2141456059674
 32
0.0
 13
2.645361746145539
 23
16.2141456059674
 33
0.0
  0
SOLID
  5
EF2
  8
PAREDE-HACH
  6
CONTINUOUS
 10
2.645361746145539
 20
12.91414560596741
 30
0.0
 11
2.645361746145539
 21
13.06414560596742
 31
0.0
 12
3.120361746145527
 22
12.91414560596741
 32
0.0
 13
3.120361746145527
 23
12.91414560596741
 33
0.0
  0
SOLID
  5
EF3
  8
PAREDE-HACH
  6
CONTINUOUS
 10
3.120361746145527
 20
12.91414560596741
 30
0.0
 11
2.645361746145539
 21
13.06414560596742
 31
0.0
 12
3.120361746145527
 22
13.06414560596741
 32
0.0
 13
3.120361746145527
 23
13.06414560596741
 33
0.0
  0
SOLID
  5
EF4
  8
PAREDE-HACH
  6
CONTINUOUS
 10
2.645361746145539
 20
16.06414560596735
 30
0.0
 11
2.645361746145539
 21
16.2141456059674
 31
0.0
 12
3.120361746145527
 22
16.06414560596736
 32
0.0
 13
3.120361746145527
 23
16.06414560596736
 33
0.0
  0
SOLID
  5
EF5
  8
PAREDE-HACH
  6
CONTINUOUS
 10
3.120361746145527
 20
16.06414560596736
 30
0.0
 11
2.645361746145539
 21
16.2141456059674
 31
0.0
 12
3.120361746145527
 22
16.2141456059674
 32
0.0
 13
3.120361746145527
 23
16.2141456059674
 33
0.0
  0
SOLID
  5
EF6
  8
PAREDE-HACH
  6
CONTINUOUS
 10
3.120361746145527
 20
12.91414560596741
 30
0.0
 11
3.120361746145527
 21
13.06414560596741
 31
0.0
 12
3.595361746145528
 22
12.91414560596741
 32
0.0
 13
3.595361746145528
 23
12.91414560596741
 33
0.0
  0
SOLID
  5
EF7
  8
PAREDE-HACH
  6
CONTINUOUS
 10
3.595361746145528
 20
12.91414560596741
 30
0.0
 11
3.120361746145527
 21
13.06414560596741
 31
0.0
 12
3.595361746145528
 22
13.06414560596741
 32
0.0
 13
3.595361746145528
 23
13.06414560596741
 33
0.0
  0
SOLID
  5
EF8
  8
PAREDE-HACH
  6
CONTINUOUS
 10
3.595361746145528
 20
12.81414560596741
 30
0.0
 11
3.595361746145528
 21
13.06414560596741
 31
0.0
 12
3.745361746145534
 22
12.81414560596741
 32
0.0
 13
3.745361746145534
 23
12.81414560596741
 33
0.0
  0
SOLID
  5
EF9
  8
PAREDE-HACH
  6
CONTINUOUS
 10
3.745361746145534
 20
12.81414560596741
 30
0.0
 11
3.595361746145528
 21
13.06414560596741
 31
0.0
 12
3.745361746145534
 22
13.06414560596741
 32
0.0
 13
3.745361746145534
 23
13.06414560596741
 33
0.0
  0
SOLID
  5
EFA
  8
PAREDE-HACH
  6
CONTINUOUS
 10
3.745361746145534
 20
12.91414560596741
 30
0.0
 11
3.745361746145534
 21
13.06414560596741
 31
0.0
 12
4.145361746145532
 22
12.91414560596741
 32
0.0
 13
4.145361746145532
 23
12.91414560596741
 33
0.0
  0
SOLID
  5
EFB
  8
PAREDE-HACH
  6
CONTINUOUS
 10
4.145361746145532
 20
12.91414560596741
 30
0.0
 11
3.745361746145534
 21
13.06414560596741
 31
0.0
 12
4.145361746145532
 22
13.06414560596741
 32
0.0
 13
4.145361746145532
 23
13.06414560596741
 33
0.0
  0
ENDBLK
  8
0
  0
BLOCK
  8
0
  2
*X37
 70
     1
 10
0.0
 20
0.0
 30
0.0
  0
LINE
  5
EFD
  8
PISO
  6
CONTINUOUS
 10
6.092173534778304
 20
12.31414560596735
 30
0.0
 11
6.915315571106408
 21
12.31414560596735
 31
0.0
  0
LINE
  5
EFE
  8
PISO
  6
CONTINUOUS
 10
6.919752066460392
 20
12.31414560596735
 30
0.0
 11
7.244195485003026
 21
12.31414560596735
 31
0.0
  0
LINE
  5
EFF
  8
PISO
  6
CONTINUOUS
 10
7.274195485003027
 20
12.31414560596735
 30
0.0
 11
7.41003572546704
 21
12.31414560596735
 31
0.0
  0
LINE
  5
F00
  8
PISO
  6
CONTINUOUS
 10
7.440035725467041
 20
12.31414560596735
 30
0.0
 11
7.450035725467039
 21
12.31414560596735
 31
0.0
  0
LINE
  5
F01
  8
PISO
  6
CONTINUOUS
 10
7.450035725467039
 20
12.31414560596735
 30
0.0
 11
8.29536174614555
 21
12.31414560596735
 31
0.0
  0
LINE
  5
F02
  8
PISO
  6
CONTINUOUS
 10
5.374195485003038
 20
12.3141456059674
 30
0.0
 11
5.374195485003038
 21
12.91414560596741
 31
0.0
  0
LINE
  5
F03
  8
PISO
  6
CONTINUOUS
 10
5.974195485003039
 20
12.3141456059674
 30
0.0
 11
5.974195485003039
 21
12.53131182247056
 31
0.0
  0
LINE
  5
F04
  8
PISO
  6
CONTINUOUS
 10
5.974195485003039
 20
12.76413924402581
 30
0.0
 11
5.974195485003039
 21
12.91414560596741
 31
0.0
  0
LINE
  5
F05
  8
PISO
  6
CONTINUOUS
 10
6.574195485003038
 20
11.7141456059674
 30
0.0
 11
6.574195485003038
 21
12.9141456059674
 31
0.0
  0
LINE
  5
F06
  8
PISO
  6
CONTINUOUS
 10
7.174195485003038
 20
11.7141456059674
 30
0.0
 11
7.174195485003038
 21
12.22289447231998
 31
0.0
  0
LINE
  5
F07
  8
PISO
  6
CONTINUOUS
 10
7.174195485003038
 20
12.22453664164039
 30
0.0
 11
7.174195485003038
 21
12.9141456059674
 31
0.0
  0
LINE
  5
F08
  8
PISO
  6
CONTINUOUS
 10
7.774195485003038
 20
11.7141456059674
 30
0.0
 11
7.774195485003038
 21
12.83531186710987
 31
0.0
  0
LINE
  5
F09
  8
PISO
  6
CONTINUOUS
 10
8.374195485003039
 20
11.7141456059674
 30
0.0
 11
8.374195485003039
 21
12.23531186710986
 31
0.0
  0
ENDBLK
  8
0
  0
BLOCK
  8
0
  2
*U38
 70
     1
 10
0.0
 20
0.0
 30
0.0
  0
SOLID
  5
F0B
  8
PAREDE-HACH
  6
CONTINUOUS
 10
5.145361746145532
 20
11.2641456059674
 30
0.0
 11
5.145361746145532
 21
12.01414560596741
 31
0.0
 12
5.295361746145559
 22
11.2641456059674
 32
0.0
 13
5.295361746145559
 23
11.2641456059674
 33
0.0
  0
SOLID
  5
F0C
  8
PAREDE-HACH
  6
CONTINUOUS
 10
5.295361746145559
 20
11.2641456059674
 30
0.0
 11
5.145361746145532
 21
12.01414560596741
 31
0.0
 12
5.295361746145559
 22
12.01414560596741
 32
0.0
 13
5.295361746145559
 23
12.01414560596741
 33
0.0
  0
SOLID
  5
F0D
  8
PAREDE-HACH
  6
CONTINUOUS
 10
5.295361746145559
 20
11.5641456059674
 30
0.0
 11
5.295361746145559
 21
11.7141456059674
 31
0.0
 12
7.324195485003031
 22
11.56414560596739
 32
0.0
 13
7.324195485003031
 23
11.56414560596739
 33
0.0
  0
SOLID
  5
F0E
  8
PAREDE-HACH
  6
CONTINUOUS
 10
7.324195485003031
 20
11.56414560596739
 30
0.0
 11
5.295361746145559
 21
11.7141456059674
 31
0.0
 12
7.324195485003031
 22
11.7141456059674
 32
0.0
 13
7.324195485003031
 23
11.7141456059674
 33
0.0
  0
SOLID
  5
F0F
  8
PAREDE-HACH
  6
CONTINUOUS
 10
7.324195485003031
 20
10.21414560596741
 30
0.0
 11
7.324195485003031
 21
10.36414560596739
 31
0.0
 12
7.695361746145544
 22
10.21414560596741
 32
0.0
 13
7.695361746145544
 23
10.21414560596741
 33
0.0
  0
SOLID
  5
F10
  8
PAREDE-HACH
  6
CONTINUOUS
 10
7.695361746145544
 20
10.21414560596741
 30
0.0
 11
7.324195485003031
 21
10.36414560596739
 31
0.0
 12
7.695361746145544
 22
10.36414560596741
 32
0.0
 13
7.695361746145544
 23
10.36414560596741
 33
0.0
  0
SOLID
  5
F11
  8
PAREDE-HACH
  6
CONTINUOUS
 10
7.324195485003031
 20
11.56414560596739
 30
0.0
 11
7.324195485003031
 21
11.7141456059674
 31
0.0
 12
7.695361746145544
 22
11.56414560596739
 32
0.0
 13
7.695361746145544
 23
11.56414560596739
 33
0.0
  0
SOLID
  5
F12
  8
PAREDE-HACH
  6
CONTINUOUS
 10
7.695361746145544
 20
11.56414560596739
 30
0.0
 11
7.324195485003031
 21
11.7141456059674
 31
0.0
 12
7.695361746145544
 22
11.7141456059674
 32
0.0
 13
7.695361746145544
 23
11.7141456059674
 33
0.0
  0
SOLID
  5
F13
  8
PAREDE-HACH
  6
CONTINUOUS
 10
7.324195485003031
 20
12.91414560596741
 30
0.0
 11
7.324195485003031
 21
13.06414560596742
 31
0.0
 12
7.695361746145544
 22
12.9141456059674
 32
0.0
 13
7.695361746145544
 23
12.9141456059674
 33
0.0
  0
SOLID
  5
F14
  8
PAREDE-HACH
  6
CONTINUOUS
 10
7.695361746145544
 20
12.9141456059674
 30
0.0
 11
7.324195485003031
 21
13.06414560596742
 31
0.0
 12
7.695361746145544
 22
13.06414560596742
 32
0.0
 13
7.695361746145544
 23
13.06414560596742
 33
0.0
  0
SOLID
  5
F15
  8
PAREDE-HACH
  6
CONTINUOUS
 10
7.695361746145544
 20
10.21414560596741
 30
0.0
 11
7.695361746145544
 21
10.36414560596741
 31
0.0
 12
7.757493780501541
 22
10.21414560596741
 32
0.0
 13
7.757493780501541
 23
10.21414560596741
 33
0.0
  0
SOLID
  5
F16
  8
PAREDE-HACH
  6
CONTINUOUS
 10
7.757493780501541
 20
10.21414560596741
 30
0.0
 11
7.695361746145544
 21
10.36414560596741
 31
0.0
 12
7.757493780501541
 22
10.42627764032341
 32
0.0
 13
7.757493780501541
 23
10.42627764032341
 33
0.0
  0
SOLID
  5
F17
  8
PAREDE-HACH
  6
CONTINUOUS
 10
7.695361746145544
 20
11.56414560596739
 30
0.0
 11
7.695361746145544
 21
11.7141456059674
 31
0.0
 12
7.757493780501541
 22
11.56414560596739
 32
0.0
 13
7.757493780501541
 23
11.56414560596739
 33
0.0
  0
SOLID
  5
F18
  8
PAREDE-HACH
  6
CONTINUOUS
 10
7.757493780501541
 20
11.56414560596739
 30
0.0
 11
7.695361746145544
 21
11.7141456059674
 31
0.0
 12
7.757493780501541
 22
11.7141456059674
 32
0.0
 13
7.757493780501541
 23
11.7141456059674
 33
0.0
  0
SOLID
  5
F19
  8
PAREDE-HACH
  6
CONTINUOUS
 10
7.695361746145544
 20
12.9141456059674
 30
0.0
 11
7.695361746145544
 21
13.06414560596742
 31
0.0
 12
7.757493780501541
 22
12.8520135716114
 32
0.0
 13
7.757493780501541
 23
12.8520135716114
 33
0.0
  0
SOLID
  5
F1A
  8
PAREDE-HACH
  6
CONTINUOUS
 10
7.757493780501541
 20
12.8520135716114
 30
0.0
 11
7.695361746145544
 21
13.06414560596742
 31
0.0
 12
7.757493780501541
 22
13.06414560596742
 32
0.0
 13
7.757493780501541
 23
13.06414560596742
 33
0.0
  0
SOLID
  5
F1B
  8
PAREDE-HACH
  6
CONTINUOUS
 10
7.757493780501541
 20
10.21414560596741
 30
0.0
 11
7.757493780501541
 21
10.42627764032341
 31
0.0
 12
8.595361746145532
 22
11.05201357161146
 32
0.0
 13
8.595361746145532
 23
11.05201357161146
 33
0.0
  0
SOLID
  5
F1C
  8
PAREDE-HACH
  6
CONTINUOUS
 10
8.595361746145532
 20
11.05201357161146
 30
0.0
 11
7.757493780501541
 21
10.42627764032341
 31
0.0
 12
8.595361746145532
 22
11.26414560596741
 32
0.0
 13
8.595361746145532
 23
11.26414560596741
 33
0.0
  0
SOLID
  5
F1D
  8
PAREDE-HACH
  6
CONTINUOUS
 10
7.757493780501541
 20
11.56414560596739
 30
0.0
 11
7.757493780501541
 21
11.7141456059674
 31
0.0
 12
8.595361746145532
 22
11.56414560596738
 32
0.0
 13
8.595361746145532
 23
11.56414560596738
 33
0.0
  0
SOLID
  5
F1E
  8
PAREDE-HACH
  6
CONTINUOUS
 10
8.595361746145532
 20
11.56414560596738
 30
0.0
 11
7.757493780501541
 21
11.7141456059674
 31
0.0
 12
8.595361746145532
 22
11.7141456059674
 32
0.0
 13
8.595361746145532
 23
11.7141456059674
 33
0.0
  0
SOLID
  5
F1F
  8
PAREDE-HACH
  6
CONTINUOUS
 10
7.757493780501541
 20
12.8520135716114
 30
0.0
 11
7.757493780501541
 21
13.06414560596742
 31
0.0
 12
8.595361746145532
 22
12.01414560596739
 32
0.0
 13
8.595361746145532
 23
12.01414560596739
 33
0.0
  0
SOLID
  5
F20
  8
PAREDE-HACH
  6
CONTINUOUS
 10
8.595361746145532
 20
12.01414560596739
 30
0.0
 11
7.757493780501541
 21
13.06414560596742
 31
0.0
 12
8.595361746145532
 22
12.22627764032337
 32
0.0
 13
8.595361746145532
 23
12.22627764032337
 33
0.0
  0
SOLID
  5
F21
  8
PAREDE-HACH
  6
CONTINUOUS
 10
8.595361746145532
 20
11.05201357161146
 30
0.0
 11
8.595361746145532
 21
12.22627764032337
 31
0.0
 12
9.076427763323451
 22
11.53307958878941
 32
0.0
 13
9.076427763323451
 23
11.53307958878941
 33
0.0
  0
SOLID
  5
F22
  8
PAREDE-HACH
  6
CONTINUOUS
 10
9.076427763323451
 20
11.53307958878941
 30
0.0
 11
8.595361746145532
 21
12.22627764032337
 31
0.0
 12
9.076427763323451
 22
11.74521162314542
 32
0.0
 13
9.076427763323451
 23
11.74521162314542
 33
0.0
  0
SOLID
  5
F23
  8
PAREDE-HACH
  6
CONTINUOUS
 10
9.076427763323451
 20
11.53307958878941
 30
0.0
 11
9.076427763323451
 21
11.74521162314539
 31
0.0
 12
9.147138441442113
 22
11.46236891067075
 32
0.0
 13
9.147138441442113
 23
11.46236891067075
 33
0.0
  0
SOLID
  5
F24
  8
PAREDE-HACH
  6
CONTINUOUS
 10
9.147138441442113
 20
11.46236891067075
 30
0.0
 11
9.076427763323451
 21
11.74521162314539
 31
0.0
 12
9.147138441442113
 22
11.81592230126405
 32
0.0
 13
9.147138441442113
 23
11.81592230126405
 33
0.0
  0
SOLID
  5
F25
  8
PAREDE-HACH
  6
CONTINUOUS
 10
9.147138441442113
 20
11.46236891067075
 30
0.0
 11
9.147138441442113
 21
11.81592230126405
 31
0.0
 12
9.25320445862009
 22
11.56843492784874
 32
0.0
 13
9.25320445862009
 23
11.56843492784874
 33
0.0
  0
SOLID
  5
F26
  8
PAREDE-HACH
  6
CONTINUOUS
 10
9.25320445862009
 20
11.56843492784874
 30
0.0
 11
9.147138441442113
 21
11.81592230126405
 31
0.0
 12
9.25320445862009
 22
11.70985628408606
 32
0.0
 13
9.25320445862009
 23
11.70985628408606
 33
0.0
  0
ENDBLK
  8
0
  0
BLOCK
  8
0
  2
*X39
 70
     1
 10
0.0
 20
0.0
 30
0.0
  0
LINE
  5
F28
  8
PISO
  6
CONTINUOUS
 10
6.092173534778304
 20
10.96414560596741
 30
0.0
 11
6.919752066460322
 21
10.96414560596741
 31
0.0
  0
LINE
  5
F29
  8
PISO
  6
CONTINUOUS
 10
6.919752066460322
 20
10.96414560596741
 30
0.0
 11
7.244195485003026
 21
10.96414560596741
 31
0.0
  0
LINE
  5
F2A
  8
PISO
  6
CONTINUOUS
 10
7.274195485003027
 20
10.96414560596741
 30
0.0
 11
7.41003572546704
 21
10.96414560596741
 31
0.0
  0
LINE
  5
F2B
  8
PISO
  6
CONTINUOUS
 10
7.440035725467041
 20
10.96414560596741
 30
0.0
 11
8.295361746145531
 21
10.96414560596741
 31
0.0
  0
LINE
  5
F2C
  8
PISO
  6
CONTINUOUS
 10
5.374195485003038
 20
10.36414560596739
 30
0.0
 11
5.374195485003038
 21
10.9641456059674
 31
0.0
  0
LINE
  5
F2D
  8
PISO
  6
CONTINUOUS
 10
5.974195485003039
 20
10.3641456059674
 30
0.0
 11
5.974195485003039
 21
10.5470285683323
 31
0.0
  0
LINE
  5
F2E
  8
PISO
  6
CONTINUOUS
 10
5.974195485003039
 20
10.77985598988755
 30
0.0
 11
5.974195485003039
 21
10.9641456059674
 31
0.0
  0
LINE
  5
F2F
  8
PISO
  6
CONTINUOUS
 10
6.574195485003038
 20
10.36414560596741
 30
0.0
 11
6.574195485003038
 21
11.5641456059674
 31
0.0
  0
LINE
  5
F30
  8
PISO
  6
CONTINUOUS
 10
7.174195485003038
 20
10.36414560596741
 30
0.0
 11
7.174195485003038
 21
11.05375457029441
 31
0.0
  0
LINE
  5
F31
  8
PISO
  6
CONTINUOUS
 10
7.174195485003038
 20
11.05375457029441
 30
0.0
 11
7.174195485003038
 21
11.56414560596739
 31
0.0
  0
LINE
  5
F32
  8
PISO
  6
CONTINUOUS
 10
7.774195485003038
 20
10.4429793448249
 30
0.0
 11
7.774195485003038
 21
11.56414560596739
 31
0.0
  0
LINE
  5
F33
  8
PISO
  6
CONTINUOUS
 10
8.374195485003039
 20
11.04297934482492
 30
0.0
 11
8.374195485003039
 21
11.56414560596738
 31
0.0
  0
ENDBLK
  8
0
  0
BLOCK
  8
0
  2
*X40
 70
     1
 10
0.0
 20
0.0
 30
0.0
  0
LINE
  5
F35
  8
PISO
 10
6.574195485003031
 20
10.36414560596741
 30
0.0
 11
7.274195485003027
 21
10.36414560596741
 31
0.0
  0
LINE
  5
F36
  8
PISO
 10
6.574195485003031
 20
10.21414560596741
 30
0.0
 11
7.274195485003027
 21
10.21414560596741
 31
0.0
  0
ENDBLK
  8
0
  0
BLOCK
  8
0
  2
*U41
 70
     1
 10
0.0
 20
0.0
 30
0.0
  0
SOLID
  5
F38
  8
PAREDE-HACH
  6
CONTINUOUS
 10
5.145361746145532
 20
7.064145605967401
 30
0.0
 11
5.145361746145532
 21
10.66414560596741
 31
0.0
 12
5.295361746145538
 22
7.064145605967402
 32
0.0
 13
5.295361746145538
 23
7.064145605967402
 33
0.0
  0
SOLID
  5
F39
  8
PAREDE-HACH
  6
CONTINUOUS
 10
5.295361746145538
 20
7.064145605967402
 30
0.0
 11
5.145361746145532
 21
10.66414560596741
 31
0.0
 12
5.295361746145538
 22
10.66414560596741
 32
0.0
 13
5.295361746145538
 23
10.66414560596741
 33
0.0
  0
SOLID
  5
F3A
  8
PAREDE-HACH
  6
CONTINUOUS
 10
5.295361746145538
 20
7.064145605967402
 30
0.0
 11
5.295361746145538
 21
7.2141456059674
 31
0.0
 12
6.524195485003034
 22
7.064145605967408
 32
0.0
 13
6.524195485003034
 23
7.064145605967408
 33
0.0
  0
SOLID
  5
F3B
  8
PAREDE-HACH
  6
CONTINUOUS
 10
6.524195485003034
 20
7.064145605967408
 30
0.0
 11
5.295361746145538
 21
7.2141456059674
 31
0.0
 12
6.524195485003034
 22
7.2141456059674
 32
0.0
 13
6.524195485003034
 23
7.2141456059674
 33
0.0
  0
SOLID
  5
F3C
  8
PAREDE-HACH
  6
CONTINUOUS
 10
5.295361746145538
 20
10.21414560596742
 30
0.0
 11
5.295361746145538
 21
10.36414560596739
 31
0.0
 12
6.524195485003034
 22
10.21414560596741
 32
0.0
 13
6.524195485003034
 23
10.21414560596741
 33
0.0
  0
SOLID
  5
F3D
  8
PAREDE-HACH
  6
CONTINUOUS
 10
6.524195485003034
 20
10.21414560596741
 30
0.0
 11
5.295361746145538
 21
10.36414560596739
 31
0.0
 12
6.524195485003034
 22
10.3641456059674
 32
0.0
 13
6.524195485003034
 23
10.3641456059674
 33
0.0
  0
SOLID
  5
F3E
  8
PAREDE-HACH
  6
CONTINUOUS
 10
6.524195485003034
 20
7.064145605967408
 30
0.0
 11
6.524195485003034
 21
7.2141456059674
 31
0.0
 12
6.62554645469627
 22
7.064145605967409
 32
0.0
 13
6.62554645469627
 23
7.064145605967409
 33
0.0
  0
SOLID
  5
F3F
  8
PAREDE-HACH
  6
CONTINUOUS
 10
6.62554645469627
 20
7.064145605967409
 30
0.0
 11
6.524195485003034
 21
7.2141456059674
 31
0.0
 12
6.62554645469627
 22
7.2141456059674
 32
0.0
 13
6.62554645469627
 23
7.2141456059674
 33
0.0
  0
ENDBLK
  8
0
  0
BLOCK
  8
0
  2
*U42
 70
     1
 10
0.0
 20
0.0
 30
0.0
  0
SOLID
  5
F41
  8
PAREDE-HACH
  6
CONTINUOUS
 10
2.145361746145532
 20
7.289145605967421
 30
0.0
 11
2.145361746145532
 21
7.589145605967418
 31
0.0
 12
2.445361746145529
 22
7.289145605967417
 32
0.0
 13
2.445361746145529
 23
7.289145605967417
 33
0.0
  0
SOLID
  5
F42
  8
PAREDE-HACH
  6
CONTINUOUS
 10
2.445361746145529
 20
7.289145605967417
 30
0.0
 11
2.145361746145532
 21
7.589145605967418
 31
0.0
 12
2.445361746145529
 22
7.589145605967418
 32
0.0
 13
2.445361746145529
 23
7.589145605967418
 33
0.0
  0
ENDBLK
  8
0
  0
BLOCK
  8
0
  2
*U43
 70
     1
 10
0.0
 20
0.0
 30
0.0
  0
SOLID
  5
F44
  8
PAREDE-HACH
  6
CONTINUOUS
 10
3.245361746145527
 20
10.6141456059674
 30
0.0
 11
3.245361746145527
 21
10.7641456059674
 31
0.0
 12
3.595361746145528
 22
10.6141456059674
 32
0.0
 13
3.595361746145528
 23
10.6141456059674
 33
0.0
  0
SOLID
  5
F45
  8
PAREDE-HACH
  6
CONTINUOUS
 10
3.595361746145528
 20
10.6141456059674
 30
0.0
 11
3.245361746145527
 21
10.7641456059674
 31
0.0
 12
3.595361746145528
 22
10.7641456059674
 32
0.0
 13
3.595361746145528
 23
10.7641456059674
 33
0.0
  0
SOLID
  5
F46
  8
PAREDE-HACH
  6
CONTINUOUS
 10
3.595361746145528
 20
10.6141456059674
 30
0.0
 11
3.595361746145528
 21
12.11414560596741
 31
0.0
 12
3.745361746145527
 22
10.6141456059674
 32
0.0
 13
3.745361746145527
 23
10.6141456059674
 33
0.0
  0
SOLID
  5
F47
  8
PAREDE-HACH
  6
CONTINUOUS
 10
3.745361746145527
 20
10.6141456059674
 30
0.0
 11
3.595361746145528
 21
12.11414560596741
 31
0.0
 12
3.745361746145527
 22
12.11414560596741
 32
0.0
 13
3.745361746145527
 23
12.11414560596741
 33
0.0
  0
ENDBLK
  8
0
  0
BLOCK
  8
0
  2
*X44
 70
     1
 10
0.0
 20
0.0
 30
0.0
  0
LINE
  5
F49
  8
PISO
  6
CONTINUOUS
 10
2.713348678488548
 20
12.31414560596741
 30
0.0
 11
3.152629010737637
 21
12.31414560596741
 31
0.0
  0
LINE
  5
F4A
  8
PISO
  6
CONTINUOUS
 10
3.152629010737637
 20
12.31414560596741
 30
0.0
 11
3.595361746145538
 21
12.31414560596741
 31
0.0
  0
LINE
  5
F4B
  8
PISO
  6
CONTINUOUS
 10
2.295361746145531
 20
11.71414560596741
 30
0.0
 11
2.402558357696812
 21
11.71414560596741
 31
0.0
  0
LINE
  5
F4C
  8
PISO
  6
CONTINUOUS
 10
2.750239233227729
 20
11.71414560596741
 30
0.0
 11
2.781488804756386
 21
11.71414560596741
 31
0.0
  0
LINE
  5
F4D
  8
PISO
  6
CONTINUOUS
 10
2.295361746145531
 20
11.11414560596741
 30
0.0
 11
2.589855296900843
 21
11.11414560596741
 31
0.0
  0
LINE
  5
F4E
  8
PISO
  6
CONTINUOUS
 10
2.700859220440806
 20
11.11414560596741
 30
0.0
 11
3.595361746145528
 21
11.11414560596741
 31
0.0
  0
LINE
  5
F4F
  8
PISO
  6
CONTINUOUS
 10
2.395361746145538
 20
10.7641456059674
 30
0.0
 11
2.395361746145538
 21
11.07352799972905
 31
0.0
  0
LINE
  5
F50
  8
PISO
  6
CONTINUOUS
 10
2.395361746145538
 20
11.09852799972906
 30
0.0
 11
2.395361746145538
 21
11.72217158675115
 31
0.0
  0
LINE
  5
F51
  8
PISO
  6
CONTINUOUS
 10
2.395361746145538
 20
11.99531273139951
 30
0.0
 11
2.395361746145538
 21
12.1961586736244
 31
0.0
  0
LINE
  5
F52
  8
PISO
  6
CONTINUOUS
 10
2.995361746145538
 20
10.7641456059674
 30
0.0
 11
2.995361746145538
 21
11.44816106061998
 31
0.0
  0
LINE
  5
F53
  8
PISO
  6
CONTINUOUS
 10
2.995361746145538
 20
11.47816106061998
 30
0.0
 11
2.995361746145538
 21
11.5534512681357
 31
0.0
  0
LINE
  5
F54
  8
PISO
  6
CONTINUOUS
 10
2.995361746145538
 20
11.78627868969095
 30
0.0
 11
2.995361746145538
 21
12.49063244499775
 31
0.0
  0
LINE
  5
F55
  8
PISO
  6
CONTINUOUS
 10
2.995361746145538
 20
12.49063244499775
 30
0.0
 11
2.995361746145538
 21
12.73414560596741
 31
0.0
  0
LINE
  5
F56
  8
PISO
  6
CONTINUOUS
 10
2.995361746145538
 20
12.76414560596741
 30
0.0
 11
2.995361746145538
 21
12.91414560596741
 31
0.0
  0
ENDBLK
  8
0
  0
BLOCK
  8
0
  2
*X45
 70
     1
 10
0.0
 20
0.0
 30
0.0
  0
LINE
  5
F58
  8
PISO
 10
3.595361746145538
 20
12.16414560596741
 30
0.0
 11
3.595361746145538
 21
12.76414560596741
 31
0.0
  0
LINE
  5
F59
  8
PISO
 10
3.745361746145538
 20
12.16414560596741
 30
0.0
 11
3.745361746145538
 21
12.76414560596741
 31
0.0
  0
ENDBLK
  8
0
  0
BLOCK
  8
0
  2
*X46
 70
     1
 10
0.0
 20
0.0
 30
0.0
  0
LINE
  5
F5B
  8
PISO
 10
6.574195485003031
 20
13.0641456059674
 30
0.0
 11
7.274195485003027
 21
13.0641456059674
 31
0.0
  0
LINE
  5
F5C
  8
PISO
 10
6.574195485003031
 20
12.9141456059674
 30
0.0
 11
7.274195485003027
 21
12.9141456059674
 31
0.0
  0
ENDBLK
  8
0
  0
BLOCK
  8
0
  2
*U47
 70
     1
 10
0.0
 20
0.0
 30
0.0
  0
SOLID
  5
F5E
  8
PAREDE-HACH
  6
CONTINUOUS
 10
10.94536174614552
 20
10.61414560596739
 30
0.0
 11
10.94536174614552
 21
10.7641456059674
 31
0.0
 12
12.28929572896753
 22
10.61414560596739
 32
0.0
 13
12.28929572896753
 23
10.61414560596739
 33
0.0
  0
SOLID
  5
F5F
  8
PAREDE-HACH
  6
CONTINUOUS
 10
12.28929572896753
 20
10.61414560596739
 30
0.0
 11
10.94536174614552
 21
10.7641456059674
 31
0.0
 12
12.28929572896753
 22
10.7641456059674
 32
0.0
 13
12.28929572896753
 23
10.7641456059674
 33
0.0
  0
SOLID
  5
F60
  8
PAREDE-HACH
  6
CONTINUOUS
 10
12.28929572896753
 20
7.064145605967359
 30
0.0
 11
12.28929572896753
 21
7.214145605967375
 31
0.0
 12
12.33506954000985
 22
7.064145605967358
 32
0.0
 13
12.33506954000985
 23
7.064145605967358
 33
0.0
  0
SOLID
  5
F61
  8
PAREDE-HACH
  6
CONTINUOUS
 10
12.33506954000985
 20
7.064145605967358
 30
0.0
 11
12.28929572896753
 21
7.214145605967375
 31
0.0
 12
12.33506954000985
 22
7.214145605967374
 32
0.0
 13
12.33506954000985
 23
7.214145605967374
 33
0.0
  0
SOLID
  5
F62
  8
PAREDE-HACH
  6
CONTINUOUS
 10
12.28929572896753
 20
10.61414560596739
 30
0.0
 11
12.28929572896753
 21
10.7641456059674
 31
0.0
 12
12.33506954000985
 22
10.61414560596739
 32
0.0
 13
12.33506954000985
 23
10.61414560596739
 33
0.0
  0
SOLID
  5
F63
  8
PAREDE-HACH
  6
CONTINUOUS
 10
12.33506954000985
 20
10.61414560596739
 30
0.0
 11
12.28929572896753
 21
10.7641456059674
 31
0.0
 12
12.33506954000985
 22
10.7641456059674
 32
0.0
 13
12.33506954000985
 23
10.7641456059674
 33
0.0
  0
SOLID
  5
F64
  8
PAREDE-HACH
  6
CONTINUOUS
 10
12.33506954000985
 20
7.064145605967358
 30
0.0
 11
12.33506954000985
 21
7.214145605967374
 31
0.0
 12
12.39536174614553
 22
7.064145605967357
 32
0.0
 13
12.39536174614553
 23
7.064145605967357
 33
0.0
  0
SOLID
  5
F65
  8
PAREDE-HACH
  6
CONTINUOUS
 10
12.39536174614553
 20
7.064145605967357
 30
0.0
 11
12.33506954000985
 21
7.214145605967374
 31
0.0
 12
12.39536174614553
 22
7.214145605967373
 32
0.0
 13
12.39536174614553
 23
7.214145605967373
 33
0.0
  0
SOLID
  5
F66
  8
PAREDE-HACH
  6
CONTINUOUS
 10
12.33506954000985
 20
10.61414560596739
 30
0.0
 11
12.33506954000985
 21
10.7641456059674
 31
0.0
 12
12.39536174614553
 22
10.55385339983171
 32
0.0
 13
12.39536174614553
 23
10.55385339983171
 33
0.0
  0
SOLID
  5
F67
  8
PAREDE-HACH
  6
CONTINUOUS
 10
12.39536174614553
 20
10.55385339983171
 30
0.0
 11
12.33506954000985
 21
10.7641456059674
 31
0.0
 12
12.39536174614553
 22
10.7641456059674
 32
0.0
 13
12.39536174614553
 23
10.7641456059674
 33
0.0
  0
SOLID
  5
F68
  8
PAREDE-HACH
  6
CONTINUOUS
 10
12.39536174614553
 20
7.064145605967357
 30
0.0
 11
12.39536174614553
 21
7.214145605967373
 31
0.0
 12
12.54536174614552
 22
7.064145605967354
 32
0.0
 13
12.54536174614552
 23
7.064145605967354
 33
0.0
  0
SOLID
  5
F69
  8
PAREDE-HACH
  6
CONTINUOUS
 10
12.54536174614552
 20
7.064145605967354
 30
0.0
 11
12.39536174614553
 21
7.214145605967373
 31
0.0
 12
12.54536174614552
 22
7.21414560596737
 32
0.0
 13
12.54536174614552
 23
7.21414560596737
 33
0.0
  0
SOLID
  5
F6A
  8
PAREDE-HACH
  6
CONTINUOUS
 10
12.39536174614553
 20
10.55385339983171
 30
0.0
 11
12.39536174614553
 21
12.06414560596739
 31
0.0
 12
12.54536174614552
 22
10.40385339983171
 32
0.0
 13
12.54536174614552
 23
10.40385339983171
 33
0.0
  0
SOLID
  5
F6B
  8
PAREDE-HACH
  6
CONTINUOUS
 10
12.54536174614552
 20
10.40385339983171
 30
0.0
 11
12.39536174614553
 21
12.06414560596739
 31
0.0
 12
12.54536174614552
 22
12.0641456059674
 32
0.0
 13
12.54536174614552
 23
12.0641456059674
 33
0.0
  0
SOLID
  5
F6C
  8
PAREDE-HACH
  6
CONTINUOUS
 10
12.54536174614552
 20
7.064145605967354
 30
0.0
 11
12.54536174614552
 21
7.21414560596737
 31
0.0
 12
12.63322971178953
 22
7.064145605967353
 32
0.0
 13
12.63322971178953
 23
7.064145605967353
 33
0.0
  0
SOLID
  5
F6D
  8
PAREDE-HACH
  6
CONTINUOUS
 10
12.63322971178953
 20
7.064145605967353
 30
0.0
 11
12.54536174614552
 21
7.21414560596737
 31
0.0
 12
12.63322971178953
 22
7.214145605967368
 32
0.0
 13
12.63322971178953
 23
7.214145605967368
 33
0.0
  0
SOLID
  5
F6E
  8
PAREDE-HACH
  6
CONTINUOUS
 10
12.54536174614552
 20
10.40385339983171
 30
0.0
 11
12.54536174614552
 21
10.61598543418766
 31
0.0
 12
12.63322971178953
 22
10.3159854341877
 32
0.0
 13
12.63322971178953
 23
10.3159854341877
 33
0.0
  0
SOLID
  5
F6F
  8
PAREDE-HACH
  6
CONTINUOUS
 10
12.63322971178953
 20
10.3159854341877
 30
0.0
 11
12.54536174614552
 21
10.61598543418766
 31
0.0
 12
12.63322971178953
 22
10.52811746854365
 32
0.0
 13
12.63322971178953
 23
10.52811746854365
 33
0.0
  0
SOLID
  5
F70
  8
PAREDE-HACH
  6
CONTINUOUS
 10
12.63322971178953
 20
7.064145605967353
 30
0.0
 11
12.63322971178953
 21
7.214145605967368
 31
0.0
 12
12.69536174614547
 22
7.064145605967352
 32
0.0
 13
12.69536174614547
 23
7.064145605967352
 33
0.0
  0
SOLID
  5
F71
  8
PAREDE-HACH
  6
CONTINUOUS
 10
12.69536174614547
 20
7.064145605967352
 30
0.0
 11
12.63322971178953
 21
7.214145605967368
 31
0.0
 12
12.69536174614547
 22
7.276277640323308
 32
0.0
 13
12.69536174614547
 23
7.276277640323308
 33
0.0
  0
SOLID
  5
F72
  8
PAREDE-HACH
  6
CONTINUOUS
 10
12.63322971178953
 20
10.3159854341877
 30
0.0
 11
12.63322971178953
 21
10.52811746854365
 31
0.0
 12
12.69536174614547
 22
10.25385339983176
 32
0.0
 13
12.69536174614547
 23
10.25385339983176
 33
0.0
  0
SOLID
  5
F73
  8
PAREDE-HACH
  6
CONTINUOUS
 10
12.69536174614547
 20
10.25385339983176
 30
0.0
 11
12.63322971178953
 21
10.52811746854365
 31
0.0
 12
12.69536174614547
 22
10.4659854341877
 32
0.0
 13
12.69536174614547
 23
10.4659854341877
 33
0.0
  0
SOLID
  5
F74
  8
PAREDE-HACH
  6
CONTINUOUS
 10
12.69536174614547
 20
7.064145605967352
 30
0.0
 11
12.69536174614547
 21
7.276277640323308
 31
0.0
 12
14.18414962589968
 22
8.552933485721573
 32
0.0
 13
14.18414962589968
 23
8.552933485721573
 33
0.0
  0
SOLID
  5
F75
  8
PAREDE-HACH
  6
CONTINUOUS
 10
14.18414962589968
 20
8.552933485721573
 30
0.0
 11
12.69536174614547
 21
7.276277640323308
 31
0.0
 12
14.18414962589968
 22
8.76506552007752
 32
0.0
 13
14.18414962589968
 23
8.76506552007752
 33
0.0
  0
SOLID
  5
F76
  8
PAREDE-HACH
  6
CONTINUOUS
 10
12.69536174614547
 20
10.25385339983176
 30
0.0
 11
12.69536174614547
 21
10.4659854341877
 31
0.0
 12
14.18414962589968
 22
8.76506552007752
 32
0.0
 13
14.18414962589968
 23
8.76506552007752
 33
0.0
  0
SOLID
  5
F77
  8
PAREDE-HACH
  6
CONTINUOUS
 10
14.18414962589968
 20
8.76506552007752
 30
0.0
 11
12.69536174614547
 21
10.4659854341877
 31
0.0
 12
14.18414962589968
 22
8.977197554433461
 32
0.0
 13
14.18414962589968
 23
8.977197554433461
 33
0.0
  0
SOLID
  5
F78
  8
PAREDE-HACH
  6
CONTINUOUS
 10
14.18414962589968
 20
8.552933485721573
 30
0.0
 11
14.18414962589968
 21
8.977197554433461
 31
0.0
 12
14.29021564307764
 22
8.658999502899533
 32
0.0
 13
14.29021564307764
 23
8.658999502899533
 33
0.0
  0
SOLID
  5
F79
  8
PAREDE-HACH
  6
CONTINUOUS
 10
14.29021564307764
 20
8.658999502899533
 30
0.0
 11
14.18414962589968
 21
8.977197554433461
 31
0.0
 12
14.29021564307764
 22
8.8711315372555
 32
0.0
 13
14.29021564307764
 23
8.8711315372555
 33
0.0
  0
SOLID
  5
F7A
  8
PAREDE-HACH
  6
CONTINUOUS
 10
14.29021564307764
 20
8.658999502899533
 30
0.0
 11
14.29021564307764
 21
8.8711315372555
 31
0.0
 12
14.44733613403864
 22
8.50187901193852
 32
0.0
 13
14.44733613403864
 23
8.50187901193852
 33
0.0
  0
SOLID
  5
F7B
  8
PAREDE-HACH
  6
CONTINUOUS
 10
14.44733613403864
 20
8.50187901193852
 30
0.0
 11
14.29021564307764
 21
8.8711315372555
 31
0.0
 12
14.44733613403864
 22
8.714011046294496
 32
0.0
 13
14.44733613403864
 23
8.714011046294496
 33
0.0
  0
SOLID
  5
F7C
  8
PAREDE-HACH
  6
CONTINUOUS
 10
14.44733613403864
 20
8.50187901193852
 30
0.0
 11
14.44733613403864
 21
8.714011046294496
 31
0.0
 12
14.55340215121662
 22
8.607945029116507
 32
0.0
 13
14.55340215121662
 23
8.607945029116507
 33
0.0
  0
ENDBLK
  8
0
  0
BLOCK
  8
0
  2
*U48
 70
     1
 10
0.0
 20
0.0
 30
0.0
  0
SOLID
  5
F7E
  8
PAREDE-HACH
  6
CONTINUOUS
 10
8.425546454696267
 20
7.064145605967409
 30
0.0
 11
8.425546454696267
 21
7.2141456059674
 31
0.0
 12
9.783534544510069
 22
7.064145605967409
 32
0.0
 13
9.783534544510069
 23
7.064145605967409
 33
0.0
  0
SOLID
  5
F7F
  8
PAREDE-HACH
  6
CONTINUOUS
 10
9.783534544510069
 20
7.064145605967409
 30
0.0
 11
8.425546454696267
 21
7.2141456059674
 31
0.0
 12
9.783534544510069
 22
7.2141456059674
 32
0.0
 13
9.783534544510069
 23
7.2141456059674
 33
0.0
  0
SOLID
  5
F80
  8
PAREDE-HACH
  6
CONTINUOUS
 10
9.783534544510069
 20
7.064145605967409
 30
0.0
 11
9.783534544510069
 21
7.2141456059674
 31
0.0
 12
9.795361746145538
 22
7.064145605967409
 32
0.0
 13
9.795361746145538
 23
7.064145605967409
 33
0.0
  0
SOLID
  5
F81
  8
PAREDE-HACH
  6
CONTINUOUS
 10
9.795361746145538
 20
7.064145605967409
 30
0.0
 11
9.783534544510069
 21
7.2141456059674
 31
0.0
 12
9.795361746145538
 22
7.2141456059674
 32
0.0
 13
9.795361746145538
 23
7.2141456059674
 33
0.0
  0
SOLID
  5
F82
  8
PAREDE-HACH
  6
CONTINUOUS
 10
9.795361746145538
 20
10.81414560596745
 30
0.0
 11
9.783534544510069
 21
10.82597280760292
 31
0.0
 12
9.795361746145538
 22
10.83780000923839
 32
0.0
 13
9.795361746145538
 23
10.83780000923839
 33
0.0
  0
SOLID
  5
F83
  8
PAREDE-HACH
  6
CONTINUOUS
 10
9.795361746145538
 20
7.064145605967409
 30
0.0
 11
9.795361746145538
 21
10.83780000923839
 31
0.0
 12
9.889600561688049
 22
7.064145605967409
 32
0.0
 13
9.889600561688049
 23
7.064145605967409
 33
0.0
  0
SOLID
  5
F84
  8
PAREDE-HACH
  6
CONTINUOUS
 10
9.889600561688049
 20
7.064145605967409
 30
0.0
 11
9.795361746145538
 21
10.83780000923839
 31
0.0
 12
9.889600561688049
 22
10.9320388247809
 32
0.0
 13
9.889600561688049
 23
10.9320388247809
 33
0.0
  0
SOLID
  5
F85
  8
PAREDE-HACH
  6
CONTINUOUS
 10
9.889600561688049
 20
7.064145605967409
 30
0.0
 11
9.889600561688049
 21
10.9320388247809
 31
0.0
 12
9.94536174614553
 22
7.064145605967409
 32
0.0
 13
9.94536174614553
 23
7.064145605967409
 33
0.0
  0
SOLID
  5
F86
  8
PAREDE-HACH
  6
CONTINUOUS
 10
9.94536174614553
 20
7.064145605967409
 30
0.0
 11
9.889600561688049
 21
10.9320388247809
 31
0.0
 12
9.94536174614553
 22
10.87627764032342
 32
0.0
 13
9.94536174614553
 23
10.87627764032342
 33
0.0
  0
SOLID
  5
F87
  8
PAREDE-HACH
  6
CONTINUOUS
 10
9.94536174614553
 20
7.064145605967409
 30
0.0
 11
9.94536174614553
 21
7.214145605967407
 31
0.0
 12
10.04536174614552
 22
7.064145605967407
 32
0.0
 13
10.04536174614552
 23
7.064145605967407
 33
0.0
  0
SOLID
  5
F88
  8
PAREDE-HACH
  6
CONTINUOUS
 10
10.04536174614552
 20
7.064145605967407
 30
0.0
 11
9.94536174614553
 21
7.214145605967407
 31
0.0
 12
10.04536174614552
 22
7.214145605967406
 32
0.0
 13
10.04536174614552
 23
7.214145605967406
 33
0.0
  0
SOLID
  5
F89
  8
PAREDE-HACH
  6
CONTINUOUS
 10
9.94536174614553
 20
10.61414560596739
 30
0.0
 11
9.94536174614553
 21
10.7641456059674
 31
0.0
 12
10.04536174614552
 22
10.61414560596739
 32
0.0
 13
10.04536174614552
 23
10.61414560596739
 33
0.0
  0
SOLID
  5
F8A
  8
PAREDE-HACH
  6
CONTINUOUS
 10
10.04536174614552
 20
10.61414560596739
 30
0.0
 11
9.94536174614553
 21
10.7641456059674
 31
0.0
 12
10.04536174614552
 22
10.76414560596739
 32
0.0
 13
10.04536174614552
 23
10.76414560596739
 33
0.0
  0
SOLID
  5
F8B
  8
PAREDE-HACH
  6
CONTINUOUS
 10
10.04536174614552
 20
7.064145605967407
 30
0.0
 11
10.04536174614552
 21
7.214145605967406
 31
0.0
 12
10.28929572896753
 22
7.064145605967401
 32
0.0
 13
10.28929572896753
 23
7.064145605967401
 33
0.0
  0
SOLID
  5
F8C
  8
PAREDE-HACH
  6
CONTINUOUS
 10
10.28929572896753
 20
7.064145605967401
 30
0.0
 11
10.04536174614552
 21
7.214145605967406
 31
0.0
 12
10.28929572896753
 22
7.214145605967404
 32
0.0
 13
10.28929572896753
 23
7.214145605967404
 33
0.0
  0
ENDBLK
  8
0
  0
BLOCK
  8
0
  2
*X49
 70
     1
 10
0.0
 20
0.0
 30
0.0
  0
LINE
  5
F8E
  8
PISO
  6
CONTINUOUS
 10
14.12267895765895
 20
8.477568462740368
 30
0.0
 11
14.12267895765895
 21
8.477568462740368
 31
0.0
  0
LINE
  5
F8F
  8
PISO
  6
CONTINUOUS
 10
14.25159887545628
 20
8.576492194954286
 30
0.0
 11
14.25159887545628
 21
8.576492194954286
 31
0.0
  0
LINE
  5
F90
  8
PISO
  6
CONTINUOUS
 10
13.2253488388782
 20
7.591506818198119
 30
0.0
 11
13.2253488388782
 21
7.591506818198119
 31
0.0
  0
LINE
  5
F91
  8
PISO
  6
CONTINUOUS
 10
13.36021890672771
 20
7.694996261129601
 30
0.0
 11
13.36021890672771
 21
7.694996261129601
 31
0.0
  0
LINE
  5
F92
  8
PISO
  6
CONTINUOUS
 10
13.6097285322493
 20
7.886451730552844
 30
0.0
 11
13.6097285322493
 21
7.886451730552844
 31
0.0
  0
LINE
  5
F93
  8
PISO
  6
CONTINUOUS
 10
13.74459860009881
 20
7.989941173484326
 30
0.0
 11
13.74459860009881
 21
7.989941173484326
 31
0.0
  0
LINE
  5
F94
  8
PISO
  6
CONTINUOUS
 10
13.87351851789614
 20
8.088864905698244
 30
0.0
 11
13.87351851789614
 21
8.088864905698244
 31
0.0
  0
LINE
  5
F95
  8
PISO
  6
CONTINUOUS
 10
13.9941082256204
 20
8.18139664290757
 30
0.0
 11
13.9941082256204
 21
8.18139664290757
 31
0.0
  0
LINE
  5
F96
  8
PISO
  6
CONTINUOUS
 10
14.12897829346991
 20
8.284886085839052
 30
0.0
 11
14.12897829346991
 21
8.284886085839052
 31
0.0
  0
LINE
  5
F97
  8
PISO
  6
CONTINUOUS
 10
14.25789821126724
 20
8.383809818052969
 30
0.0
 11
14.25789821126724
 21
8.383809818052969
 31
0.0
  0
LINE
  5
F98
  8
PISO
  6
CONTINUOUS
 10
14.37848791899151
 20
8.476341555262294
 30
0.0
 11
14.37848791899151
 21
8.476341555262294
 31
0.0
  0
LINE
  5
F99
  8
PISO
  6
CONTINUOUS
 10
13.11105846696489
 20
7.306292704087476
 30
0.0
 11
13.11105846696489
 21
7.306292704087476
 31
0.0
  0
LINE
  5
F9A
  8
PISO
  6
CONTINUOUS
 10
13.23164817468916
 20
7.398824441296802
 30
0.0
 11
13.23164817468916
 21
7.398824441296802
 31
0.0
  0
LINE
  5
F9B
  8
PISO
  6
CONTINUOUS
 10
13.75089793590977
 20
7.79725879658301
 30
0.0
 11
13.75089793590977
 21
7.79725879658301
 31
0.0
  0
LINE
  5
F9C
  8
PISO
  6
CONTINUOUS
 10
13.8798178537071
 20
7.896182528796928
 30
0.0
 11
13.8798178537071
 21
7.896182528796928
 31
0.0
  0
LINE
  5
F9D
  8
PISO
  6
CONTINUOUS
 10
14.00040756143136
 20
7.988714266006252
 30
0.0
 11
14.00040756143136
 21
7.988714266006252
 31
0.0
  0
LINE
  5
F9E
  8
PISO
  6
CONTINUOUS
 10
14.13527762928087
 20
8.092203708937735
 30
0.0
 11
14.13527762928087
 21
8.092203708937735
 31
0.0
  0
LINE
  5
F9F
  8
PISO
  6
CONTINUOUS
 10
14.2641975470782
 20
8.191127441151652
 30
0.0
 11
14.2641975470782
 21
8.191127441151652
 31
0.0
  0
LINE
  5
FA0
  8
PISO
  6
CONTINUOUS
 10
14.38478725480247
 20
8.283659178360978
 30
0.0
 11
14.38478725480247
 21
8.283659178360978
 31
0.0
  0
LINE
  5
FA1
  8
PISO
  6
CONTINUOUS
 10
14.51965732265198
 20
8.38714862129246
 30
0.0
 11
14.51965732265198
 21
8.38714862129246
 31
0.0
  0
LINE
  5
FA2
  8
PISO
  6
CONTINUOUS
 10
13.50173749614695
 20
7.408555239540887
 30
0.0
 11
13.50173749614695
 21
7.408555239540887
 31
0.0
  0
LINE
  5
FA3
  8
PISO
  6
CONTINUOUS
 10
13.62232720387122
 20
7.501086976750213
 30
0.0
 11
13.62232720387122
 21
7.501086976750213
 31
0.0
  0
LINE
  5
FA4
  8
PISO
  6
CONTINUOUS
 10
13.88611718951806
 20
7.703500151895613
 30
0.0
 11
13.88611718951806
 21
7.703500151895613
 31
0.0
  0
LINE
  5
FA5
  8
PISO
  6
CONTINUOUS
 10
14.00670689724232
 20
7.796031889104938
 30
0.0
 11
14.00670689724232
 21
7.796031889104938
 31
0.0
  0
LINE
  5
FA6
  8
PISO
  6
CONTINUOUS
 10
14.14157696509183
 20
7.899521332036421
 30
0.0
 11
14.14157696509183
 21
7.899521332036421
 31
0.0
  0
LINE
  5
FA7
  8
PISO
  6
CONTINUOUS
 10
14.27049688288916
 20
7.998445064250338
 30
0.0
 11
14.27049688288916
 21
7.998445064250338
 31
0.0
  0
LINE
  5
FA8
  8
PISO
  6
CONTINUOUS
 10
14.39108659061343
 20
8.090976801459664
 30
0.0
 11
14.39108659061343
 21
8.090976801459664
 31
0.0
  0
LINE
  5
FA9
  8
PISO
  6
CONTINUOUS
 10
14.52595665846294
 20
8.194466244391146
 30
0.0
 11
14.52595665846294
 21
8.194466244391146
 31
0.0
  0
LINE
  5
FAA
  8
PISO
  6
CONTINUOUS
 10
14.65487657626026
 20
8.293389976605063
 30
0.0
 11
14.65487657626026
 21
8.293389976605063
 31
0.0
  0
LINE
  5
FAB
  8
PISO
  6
CONTINUOUS
 10
13.50803683195791
 20
7.215872862639571
 30
0.0
 11
13.50803683195791
 21
7.215872862639571
 31
0.0
  0
LINE
  5
FAC
  8
PISO
  6
CONTINUOUS
 10
13.76349660753169
 20
7.411894042780379
 30
0.0
 11
13.76349660753169
 21
7.411894042780379
 31
0.0
  0
LINE
  5
FAD
  8
PISO
  6
CONTINUOUS
 10
13.89241652532902
 20
7.510817774994297
 30
0.0
 11
13.89241652532902
 21
7.510817774994297
 31
0.0
  0
LINE
  5
FAE
  8
PISO
  6
CONTINUOUS
 10
14.01300623305329
 20
7.603349512203621
 30
0.0
 11
14.01300623305329
 21
7.603349512203621
 31
0.0
  0
LINE
  5
FAF
  8
PISO
  6
CONTINUOUS
 10
14.14787630090279
 20
7.706838955135105
 30
0.0
 11
14.14787630090279
 21
7.706838955135105
 31
0.0
  0
LINE
  5
FB0
  8
PISO
  6
CONTINUOUS
 10
14.27679621870012
 20
7.805762687349022
 30
0.0
 11
14.27679621870012
 21
7.805762687349022
 31
0.0
  0
LINE
  5
FB1
  8
PISO
  6
CONTINUOUS
 10
14.5322559942739
 20
8.001783867489827
 30
0.0
 11
14.5322559942739
 21
8.001783867489827
 31
0.0
  0
LINE
  5
FB2
  8
PISO
  6
CONTINUOUS
 10
14.66117591207122
 20
8.100707599703744
 30
0.0
 11
14.66117591207122
 21
8.100707599703744
 31
0.0
  0
LINE
  5
FB3
  8
PISO
  6
CONTINUOUS
 10
13.76979594334265
 20
7.219211665879063
 30
0.0
 11
13.76979594334265
 21
7.219211665879063
 31
0.0
  0
LINE
  5
FB4
  8
PISO
  6
CONTINUOUS
 10
13.89871586113998
 20
7.31813539809298
 30
0.0
 11
13.89871586113998
 21
7.31813539809298
 31
0.0
  0
LINE
  5
FB5
  8
PISO
  6
CONTINUOUS
 10
14.01930556886425
 20
7.410667135302305
 30
0.0
 11
14.01930556886425
 21
7.410667135302305
 31
0.0
  0
LINE
  5
FB6
  8
PISO
  6
CONTINUOUS
 10
14.15417563671375
 20
7.514156578233788
 30
0.0
 11
14.15417563671375
 21
7.514156578233788
 31
0.0
  0
LINE
  5
FB7
  8
PISO
  6
CONTINUOUS
 10
14.28309555451108
 20
7.613080310447705
 30
0.0
 11
14.28309555451108
 21
7.613080310447705
 31
0.0
  0
LINE
  5
FB8
  8
PISO
  6
CONTINUOUS
 10
14.40368526223535
 20
7.705612047657031
 30
0.0
 11
14.40368526223535
 21
7.705612047657031
 31
0.0
  0
LINE
  5
FB9
  8
PISO
  6
CONTINUOUS
 10
14.53855533008486
 20
7.809101490588513
 30
0.0
 11
14.53855533008486
 21
7.809101490588513
 31
0.0
  0
LINE
  5
FBA
  8
PISO
  6
CONTINUOUS
 10
14.66747524788218
 20
7.90802522280243
 30
0.0
 11
14.66747524788218
 21
7.90802522280243
 31
0.0
  0
LINE
  5
FBB
  8
PISO
  6
CONTINUOUS
 10
14.78806495560645
 20
8.000556960011755
 30
0.0
 11
14.78806495560645
 21
8.000556960011755
 31
0.0
  0
LINE
  5
FBC
  8
PISO
  6
CONTINUOUS
 10
14.02560490467521
 20
7.217984758400991
 30
0.0
 11
14.02560490467521
 21
7.217984758400991
 31
0.0
  0
LINE
  5
FBD
  8
PISO
  6
CONTINUOUS
 10
14.16047497252472
 20
7.321474201332474
 30
0.0
 11
14.16047497252472
 21
7.321474201332474
 31
0.0
  0
LINE
  5
FBE
  8
PISO
  6
CONTINUOUS
 10
14.28939489032204
 20
7.420397933546391
 30
0.0
 11
14.28939489032204
 21
7.420397933546391
 31
0.0
  0
LINE
  5
FBF
  8
PISO
  6
CONTINUOUS
 10
14.40998459804631
 20
7.512929670755716
 30
0.0
 11
14.40998459804631
 21
7.512929670755716
 31
0.0
  0
LINE
  5
FC0
  8
PISO
  6
CONTINUOUS
 10
14.67377458369315
 20
7.715342845901114
 30
0.0
 11
14.67377458369315
 21
7.715342845901114
 31
0.0
  0
LINE
  5
FC1
  8
PISO
  6
CONTINUOUS
 10
14.79436429141741
 20
7.80787458311044
 30
0.0
 11
14.79436429141741
 21
7.80787458311044
 31
0.0
  0
LINE
  5
FC2
  8
PISO
  6
CONTINUOUS
 10
14.92923435926692
 20
7.911364026041922
 30
0.0
 11
14.92923435926692
 21
7.911364026041922
 31
0.0
  0
LINE
  5
FC3
  8
PISO
  6
CONTINUOUS
 10
14.295694226133
 20
7.227715556645074
 30
0.0
 11
14.295694226133
 21
7.227715556645074
 31
0.0
  0
LINE
  5
FC4
  8
PISO
  6
CONTINUOUS
 10
14.41628393385727
 20
7.3202472938544
 30
0.0
 11
14.41628393385727
 21
7.3202472938544
 31
0.0
  0
LINE
  5
FC5
  8
PISO
  6
CONTINUOUS
 10
14.55115400170678
 20
7.423736736785882
 30
0.0
 11
14.55115400170678
 21
7.423736736785882
 31
0.0
  0
LINE
  5
FC6
  8
PISO
  6
CONTINUOUS
 10
14.68007391950411
 20
7.522660468999799
 30
0.0
 11
14.68007391950411
 21
7.522660468999799
 31
0.0
  0
LINE
  5
FC7
  8
PISO
  6
CONTINUOUS
 10
14.80066362722837
 20
7.615192206209125
 30
0.0
 11
14.80066362722837
 21
7.615192206209125
 31
0.0
  0
LINE
  5
FC8
  8
PISO
  6
CONTINUOUS
 10
14.93553369507788
 20
7.718681649140607
 30
0.0
 11
14.93553369507788
 21
7.718681649140607
 31
0.0
  0
LINE
  5
FC9
  8
PISO
  6
CONTINUOUS
 10
15.06445361287521
 20
7.817605381354524
 30
0.0
 11
15.06445361287521
 21
7.817605381354524
 31
0.0
  0
LINE
  5
FCA
  8
PISO
  6
CONTINUOUS
 10
14.55745333751774
 20
7.231054359884563
 30
0.0
 11
14.55745333751774
 21
7.231054359884563
 31
0.0
  0
LINE
  5
FCB
  8
PISO
  6
CONTINUOUS
 10
14.68637325531506
 20
7.329978092098481
 30
0.0
 11
14.68637325531506
 21
7.329978092098481
 31
0.0
  0
LINE
  5
FCC
  8
PISO
  6
CONTINUOUS
 10
14.80696296303933
 20
7.422509829307806
 30
0.0
 11
14.80696296303933
 21
7.422509829307806
 31
0.0
  0
LINE
  5
FCD
  8
PISO
  6
CONTINUOUS
 10
14.94183303088884
 20
7.525999272239289
 30
0.0
 11
14.94183303088884
 21
7.525999272239289
 31
0.0
  0
LINE
  5
FCE
  8
PISO
  6
CONTINUOUS
 10
15.07075294868617
 20
7.624923004453206
 30
0.0
 11
15.07075294868617
 21
7.624923004453206
 31
0.0
  0
LINE
  5
FCF
  8
PISO
  6
CONTINUOUS
 10
15.19134265641044
 20
7.717454741662531
 30
0.0
 11
15.19134265641044
 21
7.717454741662531
 31
0.0
  0
LINE
  5
FD0
  8
PISO
  6
CONTINUOUS
 10
14.09020097390686
 20
8.40188684157103
 30
0.0
 11
14.09020097390686
 21
8.40188684157103
 31
0.0
  0
LINE
  5
FD1
  8
PISO
  6
CONTINUOUS
 10
14.22602891991507
 20
8.419768929905178
 30
0.0
 11
14.22602891991507
 21
8.419768929905178
 31
0.0
  0
LINE
  5
FD2
  8
PISO
  6
CONTINUOUS
 10
14.2780797751372
 20
8.42662155499673
 30
0.0
 11
14.2780797751372
 21
8.42662155499673
 31
0.0
  0
LINE
  5
FD3
  8
PISO
  6
CONTINUOUS
 10
14.35937825376985
 20
8.437324702758776
 30
0.0
 11
14.35937825376985
 21
8.437324702758776
 31
0.0
  0
LINE
  5
FD4
  8
PISO
  6
CONTINUOUS
 10
13.77987396952531
 20
8.10211646219446
 30
0.0
 11
13.77987396952531
 21
8.10211646219446
 31
0.0
  0
LINE
  5
FD5
  8
PISO
  6
CONTINUOUS
 10
13.83192482474744
 20
8.108969087286013
 30
0.0
 11
13.83192482474744
 21
8.108969087286013
 31
0.0
  0
LINE
  5
FD6
  8
PISO
  6
CONTINUOUS
 10
13.91322330338009
 20
8.119672235048057
 30
0.0
 11
13.91322330338009
 21
8.119672235048057
 31
0.0
  0
LINE
  5
FD7
  8
PISO
  6
CONTINUOUS
 10
14.0490512493883
 20
8.137554323382204
 30
0.0
 11
14.0490512493883
 21
8.137554323382204
 31
0.0
  0
LINE
  5
FD8
  8
PISO
  6
CONTINUOUS
 10
14.10110210461042
 20
8.144406948473756
 30
0.0
 11
14.10110210461042
 21
8.144406948473756
 31
0.0
  0
LINE
  5
FD9
  8
PISO
  6
CONTINUOUS
 10
14.18240058324308
 20
8.1551100962358
 30
0.0
 11
14.18240058324308
 21
8.1551100962358
 31
0.0
  0
LINE
  5
FDA
  8
PISO
  6
CONTINUOUS
 10
14.31822852925129
 20
8.172992184569948
 30
0.0
 11
14.31822852925129
 21
8.172992184569948
 31
0.0
  0
LINE
  5
FDB
  8
PISO
  6
CONTINUOUS
 10
14.37027938447341
 20
8.179844809661502
 30
0.0
 11
14.37027938447341
 21
8.179844809661502
 31
0.0
  0
LINE
  5
FDC
  8
PISO
  6
CONTINUOUS
 10
14.45157786310607
 20
8.190547957423545
 30
0.0
 11
14.45157786310607
 21
8.190547957423545
 31
0.0
  0
LINE
  5
FDD
  8
PISO
  6
CONTINUOUS
 10
14.58740580911428
 20
8.208430045757693
 30
0.0
 11
14.58740580911428
 21
8.208430045757693
 31
0.0
  0
LINE
  5
FDE
  8
PISO
  6
CONTINUOUS
 10
14.6394566643364
 20
8.215282670849245
 30
0.0
 11
14.6394566643364
 21
8.215282670849245
 31
0.0
  0
LINE
  5
FDF
  8
PISO
  6
CONTINUOUS
 10
14.72075514296906
 20
8.225985818611289
 30
0.0
 11
14.72075514296906
 21
8.225985818611289
 31
0.0
  0
LINE
  5
FE0
  8
PISO
  6
CONTINUOUS
 10
13.60289629899854
 20
7.819901855671485
 30
0.0
 11
13.60289629899854
 21
7.819901855671485
 31
0.0
  0
LINE
  5
FE1
  8
PISO
  6
CONTINUOUS
 10
13.65494715422066
 20
7.826754480763038
 30
0.0
 11
13.65494715422066
 21
7.826754480763038
 31
0.0
  0
LINE
  5
FE2
  8
PISO
  6
CONTINUOUS
 10
13.73624563285331
 20
7.837457628525082
 30
0.0
 11
13.73624563285331
 21
7.837457628525082
 31
0.0
  0
LINE
  5
FE3
  8
PISO
  6
CONTINUOUS
 10
13.87207357886153
 20
7.85533971685923
 30
0.0
 11
13.87207357886153
 21
7.85533971685923
 31
0.0
  0
LINE
  5
FE4
  8
PISO
  6
CONTINUOUS
 10
13.92412443408365
 20
7.862192341950783
 30
0.0
 11
13.92412443408365
 21
7.862192341950783
 31
0.0
  0
LINE
  5
FE5
  8
PISO
  6
CONTINUOUS
 10
14.0054229127163
 20
7.872895489712826
 30
0.0
 11
14.0054229127163
 21
7.872895489712826
 31
0.0
  0
LINE
  5
FE6
  8
PISO
  6
CONTINUOUS
 10
14.14125085872451
 20
7.890777578046974
 30
0.0
 11
14.14125085872451
 21
7.890777578046974
 31
0.0
  0
LINE
  5
FE7
  8
PISO
  6
CONTINUOUS
 10
14.19330171394664
 20
7.897630203138527
 30
0.0
 11
14.19330171394664
 21
7.897630203138527
 31
0.0
  0
LINE
  5
FE8
  8
PISO
  6
CONTINUOUS
 10
14.27460019257929
 20
7.908333350900571
 30
0.0
 11
14.27460019257929
 21
7.908333350900571
 31
0.0
  0
LINE
  5
FE9
  8
PISO
  6
CONTINUOUS
 10
14.46247899380963
 20
7.93306806432627
 30
0.0
 11
14.46247899380963
 21
7.93306806432627
 31
0.0
  0
LINE
  5
FEA
  8
PISO
  6
CONTINUOUS
 10
14.54377747244228
 20
7.943771212088315
 30
0.0
 11
14.54377747244228
 21
7.943771212088315
 31
0.0
  0
LINE
  5
FEB
  8
PISO
  6
CONTINUOUS
 10
14.67960541845049
 20
7.961653300422462
 30
0.0
 11
14.67960541845049
 21
7.961653300422462
 31
0.0
  0
LINE
  5
FEC
  8
PISO
  6
CONTINUOUS
 10
14.73165627367262
 20
7.968505925514014
 30
0.0
 11
14.73165627367262
 21
7.968505925514014
 31
0.0
  0
LINE
  5
FED
  8
PISO
  6
CONTINUOUS
 10
14.81295475230527
 20
7.979209073276059
 30
0.0
 11
14.81295475230527
 21
7.979209073276059
 31
0.0
  0
LINE
  5
FEE
  8
PISO
  6
CONTINUOUS
 10
14.94878269831348
 20
7.997091161610205
 30
0.0
 11
14.94878269831348
 21
7.997091161610205
 31
0.0
  0
LINE
  5
FEF
  8
PISO
  6
CONTINUOUS
 10
13.15674134860877
 20
7.502249387960767
 30
0.0
 11
13.15674134860877
 21
7.502249387960767
 31
0.0
  0
LINE
  5
FF0
  8
PISO
  6
CONTINUOUS
 10
13.2087922038309
 20
7.509102013052321
 30
0.0
 11
13.2087922038309
 21
7.509102013052321
 31
0.0
  0
LINE
  5
FF1
  8
PISO
  6
CONTINUOUS
 10
13.29009068246355
 20
7.519805160814364
 30
0.0
 11
13.29009068246355
 21
7.519805160814364
 31
0.0
  0
LINE
  5
FF2
  8
PISO
  6
CONTINUOUS
 10
13.42591862847176
 20
7.537687249148512
 30
0.0
 11
13.42591862847176
 21
7.537687249148512
 31
0.0
  0
LINE
  5
FF3
  8
PISO
  6
CONTINUOUS
 10
13.55926796232654
 20
7.555243022002109
 30
0.0
 11
13.55926796232654
 21
7.555243022002109
 31
0.0
  0
LINE
  5
FF4
  8
PISO
  6
CONTINUOUS
 10
13.69509590833475
 20
7.573125110336256
 30
0.0
 11
13.69509590833475
 21
7.573125110336256
 31
0.0
  0
LINE
  5
FF5
  8
PISO
  6
CONTINUOUS
 10
13.74714676355688
 20
7.579977735427809
 30
0.0
 11
13.74714676355688
 21
7.579977735427809
 31
0.0
  0
LINE
  5
FF6
  8
PISO
  6
CONTINUOUS
 10
13.82844524218953
 20
7.590680883189853
 30
0.0
 11
13.82844524218953
 21
7.590680883189853
 31
0.0
  0
LINE
  5
FF7
  8
PISO
  6
CONTINUOUS
 10
13.96427318819774
 20
7.608562971524
 30
0.0
 11
13.96427318819774
 21
7.608562971524
 31
0.0
  0
LINE
  5
FF8
  8
PISO
  6
CONTINUOUS
 10
14.01632404341987
 20
7.615415596615552
 30
0.0
 11
14.01632404341987
 21
7.615415596615552
 31
0.0
  0
LINE
  5
FF9
  8
PISO
  6
CONTINUOUS
 10
14.09762252205252
 20
7.626118744377597
 30
0.0
 11
14.09762252205252
 21
7.626118744377597
 31
0.0
  0
LINE
  5
FFA
  8
PISO
  6
CONTINUOUS
 10
14.23345046806073
 20
7.644000832711744
 30
0.0
 11
14.23345046806073
 21
7.644000832711744
 31
0.0
  0
LINE
  5
FFB
  8
PISO
  6
CONTINUOUS
 10
14.28550132328286
 20
7.650853457803296
 30
0.0
 11
14.28550132328286
 21
7.650853457803296
 31
0.0
  0
LINE
  5
FFC
  8
PISO
  6
CONTINUOUS
 10
14.36679980191551
 20
7.661556605565341
 30
0.0
 11
14.36679980191551
 21
7.661556605565341
 31
0.0
  0
LINE
  5
FFD
  8
PISO
  6
CONTINUOUS
 10
14.50262774792372
 20
7.679438693899488
 30
0.0
 11
14.50262774792372
 21
7.679438693899488
 31
0.0
  0
LINE
  5
FFE
  8
PISO
  6
CONTINUOUS
 10
14.55467860314585
 20
7.68629131899104
 30
0.0
 11
14.55467860314585
 21
7.68629131899104
 31
0.0
  0
LINE
  5
FFF
  8
PISO
  6
CONTINUOUS
 10
14.6359770817785
 20
7.696994466753085
 30
0.0
 11
14.6359770817785
 21
7.696994466753085
 31
0.0
  0
LINE
  5
1000
  8
PISO
  6
CONTINUOUS
 10
14.77180502778671
 20
7.714876555087232
 30
0.0
 11
14.77180502778671
 21
7.714876555087232
 31
0.0
  0
LINE
  5
1001
  8
PISO
  6
CONTINUOUS
 10
14.82385588300884
 20
7.721729180178785
 30
0.0
 11
14.82385588300884
 21
7.721729180178785
 31
0.0
  0
LINE
  5
1002
  8
PISO
  6
CONTINUOUS
 10
14.90515436164149
 20
7.732432327940829
 30
0.0
 11
14.90515436164149
 21
7.732432327940829
 31
0.0
  0
LINE
  5
1003
  8
PISO
  6
CONTINUOUS
 10
15.0409823076497
 20
7.750314416274976
 30
0.0
 11
15.0409823076497
 21
7.750314416274976
 31
0.0
  0
LINE
  5
1004
  8
PISO
  6
CONTINUOUS
 10
15.09303316287183
 20
7.757167041366529
 30
0.0
 11
15.09303316287183
 21
7.757167041366529
 31
0.0
  0
LINE
  5
1005
  8
PISO
  6
CONTINUOUS
 10
15.17433164150448
 20
7.767870189128573
 30
0.0
 11
15.17433164150448
 21
7.767870189128573
 31
0.0
  0
LINE
  5
1006
  8
PISO
  6
CONTINUOUS
 10
12.979763678082
 20
7.220034781437794
 30
0.0
 11
12.979763678082
 21
7.220034781437794
 31
0.0
  0
LINE
  5
1007
  8
PISO
  6
CONTINUOUS
 10
13.03181453330413
 20
7.226887406529347
 30
0.0
 11
13.03181453330413
 21
7.226887406529347
 31
0.0
  0
LINE
  5
1008
  8
PISO
  6
CONTINUOUS
 10
13.11311301193678
 20
7.237590554291391
 30
0.0
 11
13.11311301193678
 21
7.237590554291391
 31
0.0
  0
LINE
  5
1009
  8
PISO
  6
CONTINUOUS
 10
13.24894095794499
 20
7.255472642625538
 30
0.0
 11
13.24894095794499
 21
7.255472642625538
 31
0.0
  0
LINE
  5
100A
  8
PISO
  6
CONTINUOUS
 10
13.30099181316712
 20
7.26232526771709
 30
0.0
 11
13.30099181316712
 21
7.26232526771709
 31
0.0
  0
LINE
  5
100B
  8
PISO
  6
CONTINUOUS
 10
13.38229029179977
 20
7.273028415479135
 30
0.0
 11
13.38229029179977
 21
7.273028415479135
 31
0.0
  0
LINE
  5
100C
  8
PISO
  6
CONTINUOUS
 10
13.65146757166276
 20
7.308466276666879
 30
0.0
 11
13.65146757166276
 21
7.308466276666879
 31
0.0
  0
LINE
  5
100D
  8
PISO
  6
CONTINUOUS
 10
13.78729551767097
 20
7.326348365001026
 30
0.0
 11
13.78729551767097
 21
7.326348365001026
 31
0.0
  0
LINE
  5
100E
  8
PISO
  6
CONTINUOUS
 10
13.8393463728931
 20
7.333200990092578
 30
0.0
 11
13.8393463728931
 21
7.333200990092578
 31
0.0
  0
LINE
  5
100F
  8
PISO
  6
CONTINUOUS
 10
13.92064485152575
 20
7.343904137854623
 30
0.0
 11
13.92064485152575
 21
7.343904137854623
 31
0.0
  0
LINE
  5
1010
  8
PISO
  6
CONTINUOUS
 10
14.05647279753396
 20
7.361786226188769
 30
0.0
 11
14.05647279753396
 21
7.361786226188769
 31
0.0
  0
LINE
  5
1011
  8
PISO
  6
CONTINUOUS
 10
14.10852365275609
 20
7.368638851280322
 30
0.0
 11
14.10852365275609
 21
7.368638851280322
 31
0.0
  0
LINE
  5
1012
  8
PISO
  6
CONTINUOUS
 10
14.18982213138874
 20
7.379341999042367
 30
0.0
 11
14.18982213138874
 21
7.379341999042367
 31
0.0
  0
LINE
  5
1013
  8
PISO
  6
CONTINUOUS
 10
14.32565007739695
 20
7.397224087376514
 30
0.0
 11
14.32565007739695
 21
7.397224087376514
 31
0.0
  0
LINE
  5
1014
  8
PISO
  6
CONTINUOUS
 10
14.37770093261908
 20
7.404076712468067
 30
0.0
 11
14.37770093261908
 21
7.404076712468067
 31
0.0
  0
LINE
  5
1015
  8
PISO
  6
CONTINUOUS
 10
14.45899941125173
 20
7.41477986023011
 30
0.0
 11
14.45899941125173
 21
7.41477986023011
 31
0.0
  0
LINE
  5
1016
  8
PISO
  6
CONTINUOUS
 10
14.59482735725994
 20
7.432661948564258
 30
0.0
 11
14.59482735725994
 21
7.432661948564258
 31
0.0
  0
LINE
  5
1017
  8
PISO
  6
CONTINUOUS
 10
14.64687821248206
 20
7.439514573655811
 30
0.0
 11
14.64687821248206
 21
7.439514573655811
 31
0.0
  0
LINE
  5
1018
  8
PISO
  6
CONTINUOUS
 10
14.72817669111472
 20
7.450217721417855
 30
0.0
 11
14.72817669111472
 21
7.450217721417855
 31
0.0
  0
LINE
  5
1019
  8
PISO
  6
CONTINUOUS
 10
14.86400463712293
 20
7.468099809752002
 30
0.0
 11
14.86400463712293
 21
7.468099809752002
 31
0.0
  0
LINE
  5
101A
  8
PISO
  6
CONTINUOUS
 10
14.91605549234505
 20
7.474952434843555
 30
0.0
 11
14.91605549234505
 21
7.474952434843555
 31
0.0
  0
LINE
  5
101B
  8
PISO
  6
CONTINUOUS
 10
14.99735397097771
 20
7.485655582605599
 30
0.0
 11
14.99735397097771
 21
7.485655582605599
 31
0.0
  0
LINE
  5
101C
  8
PISO
  6
CONTINUOUS
 10
14.20889014979537
 20
8.502555688465998
 30
0.0
 11
14.20889014979537
 21
8.502555688465998
 31
0.0
  0
LINE
  5
101D
  8
PISO
  6
CONTINUOUS
 10
14.25105972208602
 20
8.475690708048656
 30
0.0
 11
14.25105972208602
 21
8.475690708048656
 31
0.0
  0
LINE
  5
101E
  8
PISO
  6
CONTINUOUS
 10
14.40287018233234
 20
8.378976778546228
 30
0.0
 11
14.40287018233234
 21
8.378976778546228
 31
0.0
  0
LINE
  5
101F
  8
PISO
  6
CONTINUOUS
 10
14.60106717209836
 20
8.252711370584725
 30
0.0
 11
14.60106717209836
 21
8.252711370584725
 31
0.0
  0
LINE
  5
1020
  8
PISO
  6
CONTINUOUS
 10
14.64323674438901
 20
8.225846390167384
 30
0.0
 11
14.64323674438901
 21
8.225846390167384
 31
0.0
  0
LINE
  5
1021
  8
PISO
  6
CONTINUOUS
 10
14.79504720463533
 20
8.129132460664955
 30
0.0
 11
14.79504720463533
 21
8.129132460664955
 31
0.0
  0
LINE
  5
1022
  8
PISO
  6
CONTINUOUS
 10
14.09145599615719
 20
8.37841087319253
 30
0.0
 11
14.09145599615719
 21
8.37841087319253
 31
0.0
  0
LINE
  5
1023
  8
PISO
  6
CONTINUOUS
 10
14.28965298592322
 20
8.252145465231028
 30
0.0
 11
14.28965298592322
 21
8.252145465231028
 31
0.0
  0
LINE
  5
1024
  8
PISO
  6
CONTINUOUS
 10
14.33182255821386
 20
8.225280484813686
 30
0.0
 11
14.33182255821386
 21
8.225280484813686
 31
0.0
  0
LINE
  5
1025
  8
PISO
  6
CONTINUOUS
 10
14.48363301846018
 20
8.128566555311258
 30
0.0
 11
14.48363301846018
 21
8.128566555311258
 31
0.0
  0
LINE
  5
1026
  8
PISO
  6
CONTINUOUS
 10
14.68183000822621
 20
8.002301147349755
 30
0.0
 11
14.68183000822621
 21
8.002301147349755
 31
0.0
  0
LINE
  5
1027
  8
PISO
  6
CONTINUOUS
 10
14.72399958051685
 20
7.975436166932413
 30
0.0
 11
14.72399958051685
 21
7.975436166932413
 31
0.0
  0
LINE
  5
1028
  8
PISO
  6
CONTINUOUS
 10
14.87581004076317
 20
7.878722237429985
 30
0.0
 11
14.87581004076317
 21
7.878722237429985
 31
0.0
  0
LINE
  5
1029
  8
PISO
  6
CONTINUOUS
 10
15.0740070305292
 20
7.752456829468481
 30
0.0
 11
15.0740070305292
 21
7.752456829468481
 31
0.0
  0
LINE
  5
102A
  8
PISO
  6
CONTINUOUS
 10
15.11617660281984
 20
7.72559184905114
 30
0.0
 11
15.11617660281984
 21
7.72559184905114
 31
0.0
  0
LINE
  5
102B
  8
PISO
  6
CONTINUOUS
 10
13.97823879974807
 20
8.251579559877332
 30
0.0
 11
13.97823879974807
 21
8.251579559877332
 31
0.0
  0
LINE
  5
102C
  8
PISO
  6
CONTINUOUS
 10
14.02040837203871
 20
8.22471457945999
 30
0.0
 11
14.02040837203871
 21
8.22471457945999
 31
0.0
  0
LINE
  5
102D
  8
PISO
  6
CONTINUOUS
 10
14.17221883228503
 20
8.128000649957562
 30
0.0
 11
14.17221883228503
 21
8.128000649957562
 31
0.0
  0
LINE
  5
102E
  8
PISO
  6
CONTINUOUS
 10
14.37041582205106
 20
8.001735241996059
 30
0.0
 11
14.37041582205106
 21
8.001735241996059
 31
0.0
  0
LINE
  5
102F
  8
PISO
  6
CONTINUOUS
 10
14.4125853943417
 20
7.974870261578717
 30
0.0
 11
14.4125853943417
 21
7.974870261578717
 31
0.0
  0
LINE
  5
1030
  8
PISO
  6
CONTINUOUS
 10
13.86080464610988
 20
8.127434744603866
 30
0.0
 11
13.86080464610988
 21
8.127434744603866
 31
0.0
  0
LINE
  5
1031
  8
PISO
  6
CONTINUOUS
 10
14.05900163587591
 20
8.001169336642361
 30
0.0
 11
14.05900163587591
 21
8.001169336642361
 31
0.0
  0
LINE
  5
1032
  8
PISO
  6
CONTINUOUS
 10
14.10117120816655
 20
7.97430435622502
 30
0.0
 11
14.10117120816655
 21
7.97430435622502
 31
0.0
  0
LINE
  5
1033
  8
PISO
  6
CONTINUOUS
 10
14.25298166841287
 20
7.877590426722592
 30
0.0
 11
14.25298166841287
 21
7.877590426722592
 31
0.0
  0
LINE
  5
1034
  8
PISO
  6
CONTINUOUS
 10
14.56439585458802
 20
7.878156332076289
 30
0.0
 11
14.56439585458802
 21
7.878156332076289
 31
0.0
  0
LINE
  5
1035
  8
PISO
  6
CONTINUOUS
 10
14.76259284435405
 20
7.751890924114786
 30
0.0
 11
14.76259284435405
 21
7.751890924114786
 31
0.0
  0
LINE
  5
1036
  8
PISO
  6
CONTINUOUS
 10
14.80476241664469
 20
7.725025943697444
 30
0.0
 11
14.80476241664469
 21
7.725025943697444
 31
0.0
  0
LINE
  5
1037
  8
PISO
  6
CONTINUOUS
 10
14.95657287689101
 20
7.628312014195016
 30
0.0
 11
14.95657287689101
 21
7.628312014195016
 31
0.0
  0
LINE
  5
1038
  8
PISO
  6
CONTINUOUS
 10
14.4511786581789
 20
7.751325018761088
 30
0.0
 11
14.4511786581789
 21
7.751325018761088
 31
0.0
  0
LINE
  5
1039
  8
PISO
  6
CONTINUOUS
 10
14.49334823046954
 20
7.724460038343747
 30
0.0
 11
14.49334823046954
 21
7.724460038343747
 31
0.0
  0
LINE
  5
103A
  8
PISO
  6
CONTINUOUS
 10
14.64515869071586
 20
7.627746108841318
 30
0.0
 11
14.64515869071586
 21
7.627746108841318
 31
0.0
  0
LINE
  5
103B
  8
PISO
  6
CONTINUOUS
 10
14.84335568048189
 20
7.501480700879815
 30
0.0
 11
14.84335568048189
 21
7.501480700879815
 31
0.0
  0
LINE
  5
103C
  8
PISO
  6
CONTINUOUS
 10
14.88552525277254
 20
7.474615720462474
 30
0.0
 11
14.88552525277254
 21
7.474615720462474
 31
0.0
  0
LINE
  5
103D
  8
PISO
  6
CONTINUOUS
 10
13.74758744970076
 20
8.000603431288665
 30
0.0
 11
13.74758744970076
 21
8.000603431288665
 31
0.0
  0
LINE
  5
103E
  8
PISO
  6
CONTINUOUS
 10
13.7897570219914
 20
7.973738450871324
 30
0.0
 11
13.7897570219914
 21
7.973738450871324
 31
0.0
  0
LINE
  5
103F
  8
PISO
  6
CONTINUOUS
 10
13.94156748223772
 20
7.877024521368896
 30
0.0
 11
13.94156748223772
 21
7.877024521368896
 31
0.0
  0
LINE
  5
1040
  8
PISO
  6
CONTINUOUS
 10
14.13976447200375
 20
7.750759113407392
 30
0.0
 11
14.13976447200375
 21
7.750759113407392
 31
0.0
  0
LINE
  5
1041
  8
PISO
  6
CONTINUOUS
 10
14.18193404429439
 20
7.723894132990051
 30
0.0
 11
14.18193404429439
 21
7.723894132990051
 31
0.0
  0
LINE
  5
1042
  8
PISO
  6
CONTINUOUS
 10
14.33374450454071
 20
7.627180203487623
 30
0.0
 11
14.33374450454071
 21
7.627180203487623
 31
0.0
  0
LINE
  5
1043
  8
PISO
  6
CONTINUOUS
 10
14.53194149430674
 20
7.50091479552612
 30
0.0
 11
14.53194149430674
 21
7.50091479552612
 31
0.0
  0
LINE
  5
1044
  8
PISO
  6
CONTINUOUS
 10
14.57411106659739
 20
7.474049815108778
 30
0.0
 11
14.57411106659739
 21
7.474049815108778
 31
0.0
  0
LINE
  5
1045
  8
PISO
  6
CONTINUOUS
 10
14.72592152684371
 20
7.37733588560635
 30
0.0
 11
14.72592152684371
 21
7.37733588560635
 31
0.0
  0
LINE
  5
1046
  8
PISO
  6
CONTINUOUS
 10
13.63015329606257
 20
7.876458616015199
 30
0.0
 11
13.63015329606257
 21
7.876458616015199
 31
0.0
  0
LINE
  5
1047
  8
PISO
  6
CONTINUOUS
 10
13.8283502858286
 20
7.750193208053695
 30
0.0
 11
13.8283502858286
 21
7.750193208053695
 31
0.0
  0
LINE
  5
1048
  8
PISO
  6
CONTINUOUS
 10
13.87051985811924
 20
7.723328227636354
 30
0.0
 11
13.87051985811924
 21
7.723328227636354
 31
0.0
  0
LINE
  5
1049
  8
PISO
  6
CONTINUOUS
 10
14.02233031836557
 20
7.626614298133926
 30
0.0
 11
14.02233031836557
 21
7.626614298133926
 31
0.0
  0
LINE
  5
104A
  8
PISO
  6
CONTINUOUS
 10
14.22052730813159
 20
7.500348890172422
 30
0.0
 11
14.22052730813159
 21
7.500348890172422
 31
0.0
  0
LINE
  5
104B
  8
PISO
  6
CONTINUOUS
 10
14.26269688042224
 20
7.473483909755081
 30
0.0
 11
14.26269688042224
 21
7.473483909755081
 31
0.0
  0
LINE
  5
104C
  8
PISO
  6
CONTINUOUS
 10
14.41450734066856
 20
7.376769980252653
 30
0.0
 11
14.41450734066856
 21
7.376769980252653
 31
0.0
  0
LINE
  5
104D
  8
PISO
  6
CONTINUOUS
 10
14.61270433043459
 20
7.250504572291149
 30
0.0
 11
14.61270433043459
 21
7.250504572291149
 31
0.0
  0
LINE
  5
104E
  8
PISO
  6
CONTINUOUS
 10
14.65487390272523
 20
7.223639591873807
 30
0.0
 11
14.65487390272523
 21
7.223639591873807
 31
0.0
  0
LINE
  5
104F
  8
PISO
  6
CONTINUOUS
 10
13.51693609965345
 20
7.7496273027
 30
0.0
 11
13.51693609965345
 21
7.7496273027
 31
0.0
  0
LINE
  5
1050
  8
PISO
  6
CONTINUOUS
 10
13.55910567194409
 20
7.722762322282659
 30
0.0
 11
13.55910567194409
 21
7.722762322282659
 31
0.0
  0
LINE
  5
1051
  8
PISO
  6
CONTINUOUS
 10
13.90911312195644
 20
7.499782984818725
 30
0.0
 11
13.90911312195644
 21
7.499782984818725
 31
0.0
  0
LINE
  5
1052
  8
PISO
  6
CONTINUOUS
 10
13.95128269424709
 20
7.472918004401383
 30
0.0
 11
13.95128269424709
 21
7.472918004401383
 31
0.0
  0
LINE
  5
1053
  8
PISO
  6
CONTINUOUS
 10
14.10309315449341
 20
7.376204074898955
 30
0.0
 11
14.10309315449341
 21
7.376204074898955
 31
0.0
  0
LINE
  5
1054
  8
PISO
  6
CONTINUOUS
 10
14.30129014425944
 20
7.249938666937451
 30
0.0
 11
14.30129014425944
 21
7.249938666937451
 31
0.0
  0
LINE
  5
1055
  8
PISO
  6
CONTINUOUS
 10
14.34345971655008
 20
7.22307368652011
 30
0.0
 11
14.34345971655008
 21
7.22307368652011
 31
0.0
  0
LINE
  5
1056
  8
PISO
  6
CONTINUOUS
 10
13.5976989357813
 20
7.499217079465027
 30
0.0
 11
13.5976989357813
 21
7.499217079465027
 31
0.0
  0
LINE
  5
1057
  8
PISO
  6
CONTINUOUS
 10
13.79167896831826
 20
7.375638169545258
 30
0.0
 11
13.79167896831826
 21
7.375638169545258
 31
0.0
  0
LINE
  5
1058
  8
PISO
  6
CONTINUOUS
 10
13.98987595808429
 20
7.249372761583754
 30
0.0
 11
13.98987595808429
 21
7.249372761583754
 31
0.0
  0
LINE
  5
1059
  8
PISO
  6
CONTINUOUS
 10
14.03204553037493
 20
7.222507781166413
 30
0.0
 11
14.03204553037493
 21
7.222507781166413
 31
0.0
  0
LINE
  5
105A
  8
PISO
  6
CONTINUOUS
 10
13.28628474960615
 20
7.498651174111332
 30
0.0
 11
13.28628474960615
 21
7.498651174111332
 31
0.0
  0
LINE
  5
105B
  8
PISO
  6
CONTINUOUS
 10
13.48026478214311
 20
7.375072264191562
 30
0.0
 11
13.48026478214311
 21
7.375072264191562
 31
0.0
  0
LINE
  5
105C
  8
PISO
  6
CONTINUOUS
 10
13.67846177190914
 20
7.248806856230058
 30
0.0
 11
13.67846177190914
 21
7.248806856230058
 31
0.0
  0
LINE
  5
105D
  8
PISO
  6
CONTINUOUS
 10
13.72063134419978
 20
7.221941875812718
 30
0.0
 11
13.72063134419978
 21
7.221941875812718
 31
0.0
  0
LINE
  5
105E
  8
PISO
  6
CONTINUOUS
 10
13.16885059596796
 20
7.374506358837865
 30
0.0
 11
13.16885059596796
 21
7.374506358837865
 31
0.0
  0
LINE
  5
105F
  8
PISO
  6
CONTINUOUS
 10
13.36704758573399
 20
7.248240950876361
 30
0.0
 11
13.36704758573399
 21
7.248240950876361
 31
0.0
  0
LINE
  5
1060
  8
PISO
  6
CONTINUOUS
 10
13.40921715802463
 20
7.22137597045902
 30
0.0
 11
13.40921715802463
 21
7.22137597045902
 31
0.0
  0
LINE
  5
1061
  8
PISO
  6
CONTINUOUS
 10
13.05563339955884
 20
7.247675045522666
 30
0.0
 11
13.05563339955884
 21
7.247675045522666
 31
0.0
  0
LINE
  5
1062
  8
PISO
  6
CONTINUOUS
 10
13.09780297184948
 20
7.220810065105324
 30
0.0
 11
13.09780297184948
 21
7.220810065105324
 31
0.0
  0
LINE
  5
1063
  8
PISO
  6
CONTINUOUS
 10
14.22770348155317
 20
8.567858613830552
 30
0.0
 11
14.22770348155317
 21
8.567858613830552
 31
0.0
  0
LINE
  5
1064
  8
PISO
  6
CONTINUOUS
 10
14.31470220729677
 20
8.488138969331905
 30
0.0
 11
14.31470220729677
 21
8.488138969331905
 31
0.0
  0
LINE
  5
1065
  8
PISO
  6
CONTINUOUS
 10
14.41423464776614
 20
8.396934291303792
 30
0.0
 11
14.41423464776614
 21
8.396934291303792
 31
0.0
  0
LINE
  5
1066
  8
PISO
  6
CONTINUOUS
 10
14.43266658118639
 20
8.380044536113399
 30
0.0
 11
14.43266658118639
 21
8.380044536113399
 31
0.0
  0
LINE
  5
1067
  8
PISO
  6
CONTINUOUS
 10
14.51966530692998
 20
8.300324891614752
 30
0.0
 11
14.51966530692998
 21
8.300324891614752
 31
0.0
  0
LINE
  5
1068
  8
PISO
  6
CONTINUOUS
 10
14.61919774739935
 20
8.209120213586637
 30
0.0
 11
14.61919774739935
 21
8.209120213586637
 31
0.0
  0
LINE
  5
1069
  8
PISO
  6
CONTINUOUS
 10
14.6376296808196
 20
8.192230458396246
 30
0.0
 11
14.6376296808196
 21
8.192230458396246
 31
0.0
  0
LINE
  5
106A
  8
PISO
  6
CONTINUOUS
 10
14.7246284065632
 20
8.112510813897599
 30
0.0
 11
14.7246284065632
 21
8.112510813897599
 31
0.0
  0
LINE
  5
106B
  8
PISO
  6
CONTINUOUS
 10
14.82416084703256
 20
8.021306135869484
 30
0.0
 11
14.82416084703256
 21
8.021306135869484
 31
0.0
  0
LINE
  5
106C
  8
PISO
  6
CONTINUOUS
 10
14.84259278045282
 20
8.004416380679093
 30
0.0
 11
14.84259278045282
 21
8.004416380679093
 31
0.0
  0
LINE
  5
106D
  8
PISO
  6
CONTINUOUS
 10
14.92959150619641
 20
7.924696736180445
 30
0.0
 11
14.92959150619641
 21
7.924696736180445
 31
0.0
  0
LINE
  5
106E
  8
PISO
  6
CONTINUOUS
 10
15.02912394666578
 20
7.83349205815233
 30
0.0
 11
15.02912394666578
 21
7.83349205815233
 31
0.0
  0
LINE
  5
106F
  8
PISO
  6
CONTINUOUS
 10
15.04755588008603
 20
7.816602302961939
 30
0.0
 11
15.04755588008603
 21
7.816602302961939
 31
0.0
  0
LINE
  5
1070
  8
PISO
  6
CONTINUOUS
 10
15.13455460582963
 20
7.736882658463291
 30
0.0
 11
15.13455460582963
 21
7.736882658463291
 31
0.0
  0
LINE
  5
1071
  8
PISO
  6
CONTINUOUS
 10
14.11362198730891
 20
8.309166734810367
 30
0.0
 11
14.11362198730891
 21
8.309166734810367
 31
0.0
  0
LINE
  5
1072
  8
PISO
  6
CONTINUOUS
 10
14.13205392072916
 20
8.292276979619974
 30
0.0
 11
14.13205392072916
 21
8.292276979619974
 31
0.0
  0
LINE
  5
1073
  8
PISO
  6
CONTINUOUS
 10
14.21905264647275
 20
8.212557335121327
 30
0.0
 11
14.21905264647275
 21
8.212557335121327
 31
0.0
  0
LINE
  5
1074
  8
PISO
  6
CONTINUOUS
 10
14.31858508694212
 20
8.121352657093212
 30
0.0
 11
14.31858508694212
 21
8.121352657093212
 31
0.0
  0
LINE
  5
1075
  8
PISO
  6
CONTINUOUS
 10
14.33701702036237
 20
8.10446290190282
 30
0.0
 11
14.33701702036237
 21
8.10446290190282
 31
0.0
  0
LINE
  5
1076
  8
PISO
  6
CONTINUOUS
 10
14.52354818657533
 20
7.933538579376059
 30
0.0
 11
14.52354818657533
 21
7.933538579376059
 31
0.0
  0
LINE
  5
1077
  8
PISO
  6
CONTINUOUS
 10
14.54198011999559
 20
7.916648824185668
 30
0.0
 11
14.54198011999559
 21
7.916648824185668
 31
0.0
  0
LINE
  5
1078
  8
PISO
  6
CONTINUOUS
 10
14.62897884573918
 20
7.83692917968702
 30
0.0
 11
14.62897884573918
 21
7.83692917968702
 31
0.0
  0
LINE
  5
1079
  8
PISO
  6
CONTINUOUS
 10
14.72851128620855
 20
7.745724501658906
 30
0.0
 11
14.72851128620855
 21
7.745724501658906
 31
0.0
  0
LINE
  5
107A
  8
PISO
  6
CONTINUOUS
 10
14.7469432196288
 20
7.728834746468514
 30
0.0
 11
14.7469432196288
 21
7.728834746468514
 31
0.0
  0
LINE
  5
107B
  8
PISO
  6
CONTINUOUS
 10
14.8339419453724
 20
7.649115101969866
 30
0.0
 11
14.8339419453724
 21
7.649115101969866
 31
0.0
  0
LINE
  5
107C
  8
PISO
  6
CONTINUOUS
 10
14.93347438584176
 20
7.557910423941752
 30
0.0
 11
14.93347438584176
 21
7.557910423941752
 31
0.0
  0
LINE
  5
107D
  8
PISO
  6
CONTINUOUS
 10
14.95190631926202
 20
7.541020668751361
 30
0.0
 11
14.95190631926202
 21
7.541020668751361
 31
0.0
  0
LINE
  5
107E
  8
PISO
  6
CONTINUOUS
 10
13.91843998601552
 20
8.124789778627902
 30
0.0
 11
13.91843998601552
 21
8.124789778627902
 31
0.0
  0
LINE
  5
107F
  8
PISO
  6
CONTINUOUS
 10
14.01797242648489
 20
8.033585100599787
 30
0.0
 11
14.01797242648489
 21
8.033585100599787
 31
0.0
  0
LINE
  5
1080
  8
PISO
  6
CONTINUOUS
 10
14.03640435990514
 20
8.016695345409396
 30
0.0
 11
14.03640435990514
 21
8.016695345409396
 31
0.0
  0
LINE
  5
1081
  8
PISO
  6
CONTINUOUS
 10
14.12340308564874
 20
7.936975700910748
 30
0.0
 11
14.12340308564874
 21
7.936975700910748
 31
0.0
  0
LINE
  5
1082
  8
PISO
  6
CONTINUOUS
 10
14.22293552611811
 20
7.845771022882634
 30
0.0
 11
14.22293552611811
 21
7.845771022882634
 31
0.0
  0
LINE
  5
1083
  8
PISO
  6
CONTINUOUS
 10
14.24136745953836
 20
7.828881267692242
 30
0.0
 11
14.24136745953836
 21
7.828881267692242
 31
0.0
  0
LINE
  5
1084
  8
PISO
  6
CONTINUOUS
 10
14.32836618528195
 20
7.749161623193594
 30
0.0
 11
14.32836618528195
 21
7.749161623193594
 31
0.0
  0
LINE
  5
1085
  8
PISO
  6
CONTINUOUS
 10
14.42789862575132
 20
7.65795694516548
 30
0.0
 11
14.42789862575132
 21
7.65795694516548
 31
0.0
  0
LINE
  5
1086
  8
PISO
  6
CONTINUOUS
 10
14.44633055917157
 20
7.641067189975089
 30
0.0
 11
14.44633055917157
 21
7.641067189975089
 31
0.0
  0
LINE
  5
1087
  8
PISO
  6
CONTINUOUS
 10
14.53332928491517
 20
7.561347545476441
 30
0.0
 11
14.53332928491517
 21
7.561347545476441
 31
0.0
  0
LINE
  5
1088
  8
PISO
  6
CONTINUOUS
 10
14.63286172538453
 20
7.470142867448327
 30
0.0
 11
14.63286172538453
 21
7.470142867448327
 31
0.0
  0
LINE
  5
1089
  8
PISO
  6
CONTINUOUS
 10
14.65129365880479
 20
7.453253112257935
 30
0.0
 11
14.65129365880479
 21
7.453253112257935
 31
0.0
  0
LINE
  5
108A
  8
PISO
  6
CONTINUOUS
 10
14.73829238454838
 20
7.373533467759287
 30
0.0
 11
14.73829238454838
 21
7.373533467759287
 31
0.0
  0
LINE
  5
108B
  8
PISO
  6
CONTINUOUS
 10
13.71735976602766
 20
7.945817544106363
 30
0.0
 11
13.71735976602766
 21
7.945817544106363
 31
0.0
  0
LINE
  5
108C
  8
PISO
  6
CONTINUOUS
 10
13.73579169944792
 20
7.928927788915971
 30
0.0
 11
13.73579169944792
 21
7.928927788915971
 31
0.0
  0
LINE
  5
108D
  8
PISO
  6
CONTINUOUS
 10
13.82279042519151
 20
7.849208144417323
 30
0.0
 11
13.82279042519151
 21
7.849208144417323
 31
0.0
  0
LINE
  5
108E
  8
PISO
  6
CONTINUOUS
 10
13.92232286566088
 20
7.758003466389209
 30
0.0
 11
13.92232286566088
 21
7.758003466389209
 31
0.0
  0
LINE
  5
108F
  8
PISO
  6
CONTINUOUS
 10
13.94075479908113
 20
7.741113711198818
 30
0.0
 11
13.94075479908113
 21
7.741113711198818
 31
0.0
  0
LINE
  5
1090
  8
PISO
  6
CONTINUOUS
 10
14.02775352482472
 20
7.661394066700169
 30
0.0
 11
14.02775352482472
 21
7.661394066700169
 31
0.0
  0
LINE
  5
1091
  8
PISO
  6
CONTINUOUS
 10
14.12728596529409
 20
7.570189388672055
 30
0.0
 11
14.12728596529409
 21
7.570189388672055
 31
0.0
  0
LINE
  5
1092
  8
PISO
  6
CONTINUOUS
 10
14.14571789871435
 20
7.553299633481664
 30
0.0
 11
14.14571789871435
 21
7.553299633481664
 31
0.0
  0
LINE
  5
1093
  8
PISO
  6
CONTINUOUS
 10
14.23271662445794
 20
7.473579988983015
 30
0.0
 11
14.23271662445794
 21
7.473579988983015
 31
0.0
  0
LINE
  5
1094
  8
PISO
  6
CONTINUOUS
 10
14.33224906492731
 20
7.382375310954902
 30
0.0
 11
14.33224906492731
 21
7.382375310954902
 31
0.0
  0
LINE
  5
1095
  8
PISO
  6
CONTINUOUS
 10
14.35068099834756
 20
7.36548555576451
 30
0.0
 11
14.35068099834756
 21
7.36548555576451
 31
0.0
  0
LINE
  5
1096
  8
PISO
  6
CONTINUOUS
 10
14.43767972409115
 20
7.285765911265862
 30
0.0
 11
14.43767972409115
 21
7.285765911265862
 31
0.0
  0
LINE
  5
1097
  8
PISO
  6
CONTINUOUS
 10
13.52217776473428
 20
7.761440587923898
 30
0.0
 11
13.52217776473428
 21
7.761440587923898
 31
0.0
  0
LINE
  5
1098
  8
PISO
  6
CONTINUOUS
 10
13.6401421386239
 20
7.653346154705392
 30
0.0
 11
13.6401421386239
 21
7.653346154705392
 31
0.0
  0
LINE
  5
1099
  8
PISO
  6
CONTINUOUS
 10
13.7271408643675
 20
7.573626510206744
 30
0.0
 11
13.7271408643675
 21
7.573626510206744
 31
0.0
  0
LINE
  5
109A
  8
PISO
  6
CONTINUOUS
 10
13.82667330483686
 20
7.48242183217863
 30
0.0
 11
13.82667330483686
 21
7.48242183217863
 31
0.0
  0
LINE
  5
109B
  8
PISO
  6
CONTINUOUS
 10
13.84510523825712
 20
7.465532076988239
 30
0.0
 11
13.84510523825712
 21
7.465532076988239
 31
0.0
  0
LINE
  5
109C
  8
PISO
  6
CONTINUOUS
 10
13.93210396400071
 20
7.38581243248959
 30
0.0
 11
13.93210396400071
 21
7.38581243248959
 31
0.0
  0
LINE
  5
109D
  8
PISO
  6
CONTINUOUS
 10
14.03163640447008
 20
7.294607754461476
 30
0.0
 11
14.03163640447008
 21
7.294607754461476
 31
0.0
  0
LINE
  5
109E
  8
PISO
  6
CONTINUOUS
 10
14.05006833789033
 20
7.277717999271085
 30
0.0
 11
14.05006833789033
 21
7.277717999271085
 31
0.0
  0
LINE
  5
109F
  8
PISO
  6
CONTINUOUS
 10
13.52606064437963
 20
7.394654275685205
 30
0.0
 11
13.52606064437963
 21
7.394654275685205
 31
0.0
  0
LINE
  5
10A0
  8
PISO
  6
CONTINUOUS
 10
13.54449257779989
 20
7.377764520494813
 30
0.0
 11
13.54449257779989
 21
7.377764520494813
 31
0.0
  0
LINE
  5
10A1
  8
PISO
  6
CONTINUOUS
 10
13.63149130354348
 20
7.298044875996166
 30
0.0
 11
13.63149130354348
 21
7.298044875996166
 31
0.0
  0
LINE
  5
10A2
  8
PISO
  6
CONTINUOUS
 10
13.12591554345304
 20
7.398091397219895
 30
0.0
 11
13.12591554345304
 21
7.398091397219895
 31
0.0
  0
LINE
  5
10A3
  8
PISO
  6
CONTINUOUS
 10
13.2254479839224
 20
7.30688671919178
 30
0.0
 11
13.2254479839224
 21
7.30688671919178
 31
0.0
  0
LINE
  5
10A4
  8
PISO
  6
CONTINUOUS
 10
13.24387991734266
 20
7.289996964001389
 30
0.0
 11
13.24387991734266
 21
7.289996964001389
 31
0.0
  0
LINE
  5
10A5
  8
PISO
  6
CONTINUOUS
 10
12.92483532346517
 20
7.219119162698355
 30
0.0
 11
12.92483532346517
 21
7.219119162698355
 31
0.0
  0
ENDBLK
  8
0
  0
BLOCK
  8
0
  2
*U50
 70
     1
 10
0.0
 20
0.0
 30
0.0
  0
SOLID
  5
10A7
  8
PAREDE-HACH
  6
CONTINUOUS
 10
15.28172213583874
 20
7.667493010138397
 30
0.0
 11
15.17565611866076
 21
7.773559027316382
 31
0.0
 12
15.28172213583874
 22
7.879625044494373
 32
0.0
 13
15.28172213583874
 23
7.879625044494373
 33
0.0
  0
SOLID
  5
10A8
  8
PAREDE-HACH
  6
CONTINUOUS
 10
15.28172213583874
 20
7.667493010138397
 30
0.0
 11
15.28172213583874
 21
7.879625044494373
 31
0.0
 12
15.34536174614554
 22
7.603853399831604
 32
0.0
 13
15.34536174614554
 23
7.603853399831604
 33
0.0
  0
SOLID
  5
10A9
  8
PAREDE-HACH
  6
CONTINUOUS
 10
15.34536174614554
 20
7.603853399831604
 30
0.0
 11
15.28172213583874
 21
7.879625044494373
 31
0.0
 12
15.34536174614554
 22
7.815985434187586
 32
0.0
 13
15.34536174614554
 23
7.815985434187586
 33
0.0
  0
SOLID
  5
10AA
  8
PAREDE-HACH
  6
CONTINUOUS
 10
15.34536174614554
 20
7.603853399831604
 30
0.0
 11
15.34536174614554
 21
7.815985434187579
 31
0.0
 12
15.69891513673882
 22
7.957406790424874
 32
0.0
 13
15.69891513673882
 23
7.957406790424874
 33
0.0
  0
SOLID
  5
10AB
  8
PAREDE-HACH
  6
CONTINUOUS
 10
15.69891513673882
 20
7.957406790424874
 30
0.0
 11
15.34536174614554
 21
7.815985434187579
 31
0.0
 12
15.69891513673882
 22
8.169538824780872
 32
0.0
 13
15.69891513673882
 23
8.169538824780872
 33
0.0
  0
SOLID
  5
10AC
  8
PAREDE-HACH
  6
CONTINUOUS
 10
15.69891513673882
 20
7.957406790424874
 30
0.0
 11
15.69891513673882
 21
8.169538824780865
 31
0.0
 12
15.80498115391682
 22
8.063472807602867
 32
0.0
 13
15.80498115391682
 23
8.063472807602867
 33
0.0
  0
ENDBLK
  8
0
  0
BLOCK
  8
0
  2
*U51
 70
     1
 10
0.0
 20
0.0
 30
0.0
  0
SOLID
  5
10AE
  8
PAREDE-HACH
  6
CONTINUOUS
 10
14.83624486369124
 20
8.112970282285909
 30
0.0
 11
14.73017884651325
 21
8.219036299463902
 31
0.0
 12
14.83624486369124
 22
8.325102316641882
 32
0.0
 13
14.83624486369124
 23
8.325102316641882
 33
0.0
  0
SOLID
  5
10AF
  8
PAREDE-HACH
  6
CONTINUOUS
 10
14.83624486369124
 20
8.112970282285909
 30
0.0
 11
14.83624486369124
 21
8.325102316641882
 31
0.0
 12
14.89281340618615
 22
8.056401739791
 32
0.0
 13
14.89281340618615
 23
8.056401739791
 33
0.0
  0
SOLID
  5
10B0
  8
PAREDE-HACH
  6
CONTINUOUS
 10
14.89281340618615
 20
8.056401739791
 30
0.0
 11
14.83624486369124
 21
8.325102316641882
 31
0.0
 12
14.89281340618615
 22
8.268533774146974
 32
0.0
 13
14.89281340618615
 23
8.268533774146974
 33
0.0
  0
SOLID
  5
10B1
  8
PAREDE-HACH
  6
CONTINUOUS
 10
14.89281340618615
 20
8.056401739791
 30
0.0
 11
14.89281340618615
 21
8.268533774146974
 31
0.0
 12
14.99887942336413
 22
8.16246775696899
 32
0.0
 13
14.99887942336413
 23
8.16246775696899
 33
0.0
  0
ENDBLK
  8
0
  0
BLOCK
  8
0
  2
*X52
 70
     1
 10
0.0
 20
0.0
 30
0.0
  0
LINE
  5
10B3
  8
PISO
 10
10.39536174614551
 20
13.06414560596739
 30
0.0
 11
11.09536174614551
 21
13.06414560596739
 31
0.0
  0
LINE
  5
10B4
  8
PISO
 10
10.39536174614551
 20
12.91414560596739
 30
0.0
 11
11.09536174614551
 21
12.91414560596739
 31
0.0
  0
ENDBLK
  8
0
  0
BLOCK
  8
0
  2
*U53
 70
     1
 10
0.0
 20
0.0
 30
0.0
  0
SOLID
  5
10B8
  8
PAREDE-HACH
  6
CONTINUOUS
 10
20.74536174614553
 20
4.114145605967441
 30
0.0
 11
20.74536174614553
 21
4.414145605967438
 31
0.0
 12
21.04536174614553
 22
4.114145605967438
 32
0.0
 13
21.04536174614553
 23
4.114145605967438
 33
0.0
  0
SOLID
  5
10B9
  8
PAREDE-HACH
  6
CONTINUOUS
 10
21.04536174614553
 20
4.114145605967438
 30
0.0
 11
20.74536174614553
 21
4.414145605967438
 31
0.0
 12
21.04536174614553
 22
4.414145605967438
 32
0.0
 13
21.04536174614553
 23
4.414145605967438
 33
0.0
  0
ENDBLK
  8
0
  0
BLOCK
  8
0
  2
*X54
 70
     1
 10
0.0
 20
0.0
 30
0.0
  0
LINE
  5
10BB
  8
PISO
 10
17.50203742876461
 20
9.972661116806458
 30
0.0
 11
18.06772285371385
 21
10.53834654175569
 31
0.0
  0
LINE
  5
10BC
  8
PISO
 10
17.60810344594259
 20
9.866595099628475
 30
0.0
 11
18.17378887089183
 21
10.4322805245777
 31
0.0
  0
ENDBLK
  8
0
  0
BLOCK
  8
0
  2
*U55
 70
     1
 10
0.0
 20
0.0
 30
0.0
  0
SOLID
  5
10BE
  8
PAREDE-HACH
  6
CONTINUOUS
 10
20.74536174614553
 20
7.364145605967416
 30
0.0
 11
20.74536174614553
 21
7.664145605967414
 31
0.0
 12
21.04536174614553
 22
7.364145605967413
 32
0.0
 13
21.04536174614553
 23
7.364145605967413
 33
0.0
  0
SOLID
  5
10BF
  8
PAREDE-HACH
  6
CONTINUOUS
 10
21.04536174614553
 20
7.364145605967413
 30
0.0
 11
20.74536174614553
 21
7.664145605967414
 31
0.0
 12
21.04536174614553
 22
7.664145605967414
 32
0.0
 13
21.04536174614553
 23
7.664145605967414
 33
0.0
  0
ENDBLK
  8
0
  0
BLOCK
  8
0
  2
*U56
 70
     1
 10
0.0
 20
0.0
 30
0.0
  0
SOLID
  5
10C1
  8
PAREDE-HACH
  6
CONTINUOUS
 10
17.73190787169835
 20
11.08629355812715
 30
0.0
 11
17.62584185452036
 21
11.19235957530514
 31
0.0
 12
17.73190787169835
 22
11.29842559248312
 32
0.0
 13
17.73190787169835
 23
11.29842559248312
 33
0.0
  0
SOLID
  5
10C2
  8
PAREDE-HACH
  6
CONTINUOUS
 10
17.73190787169835
 20
11.08629355812715
 30
0.0
 11
17.73190787169835
 21
11.29842559248312
 31
0.0
 12
18.10307819277308
 22
10.71512323705242
 32
0.0
 13
18.10307819277308
 23
10.71512323705242
 33
0.0
  0
SOLID
  5
10C3
  8
PAREDE-HACH
  6
CONTINUOUS
 10
18.10307819277308
 20
10.71512323705242
 30
0.0
 11
17.73190787169835
 21
11.29842559248312
 31
0.0
 12
18.10307819277308
 22
10.92725527140838
 32
0.0
 13
18.10307819277308
 23
10.92725527140838
 33
0.0
  0
SOLID
  5
10C4
  8
PAREDE-HACH
  6
CONTINUOUS
 10
18.17378887089172
 20
10.50299120269648
 30
0.0
 11
18.10307819277308
 21
10.57370188081512
 31
0.0
 12
18.17378887089172
 22
10.64441255893377
 32
0.0
 13
18.17378887089172
 23
10.64441255893377
 33
0.0
  0
SOLID
  5
10C5
  8
PAREDE-HACH
  6
CONTINUOUS
 10
18.10307819277308
 20
10.71512323705242
 30
0.0
 11
18.10307819277308
 21
10.92725527140838
 31
0.0
 12
18.17378887089172
 22
10.64441255893377
 32
0.0
 13
18.17378887089172
 23
10.64441255893377
 33
0.0
  0
SOLID
  5
10C6
  8
PAREDE-HACH
  6
CONTINUOUS
 10
18.17378887089172
 20
10.64441255893377
 30
0.0
 11
18.10307819277308
 21
10.92725527140838
 31
0.0
 12
18.17378887089172
 22
10.85654459328973
 32
0.0
 13
18.17378887089172
 23
10.85654459328973
 33
0.0
  0
SOLID
  5
10C7
  8
PAREDE-HACH
  6
CONTINUOUS
 10
18.17378887089172
 20
10.50299120269648
 30
0.0
 11
18.17378887089172
 21
10.85654459328973
 31
0.0
 12
18.20914420995106
 22
10.46763586363714
 32
0.0
 13
18.20914420995106
 23
10.46763586363714
 33
0.0
  0
SOLID
  5
10C8
  8
PAREDE-HACH
  6
CONTINUOUS
 10
18.20914420995106
 20
10.46763586363714
 30
0.0
 11
18.17378887089172
 21
10.85654459328973
 31
0.0
 12
18.20914420995106
 22
10.82118925423039
 32
0.0
 13
18.20914420995106
 23
10.82118925423039
 33
0.0
  0
SOLID
  5
10C9
  8
PAREDE-HACH
  6
CONTINUOUS
 10
18.20914420995106
 20
10.46763586363714
 30
0.0
 11
18.20914420995106
 21
10.82118925423039
 31
0.0
 12
18.26618785821405
 22
10.52467951190014
 32
0.0
 13
18.26618785821405
 23
10.52467951190014
 33
0.0
  0
SOLID
  5
10CA
  8
PAREDE-HACH
  6
CONTINUOUS
 10
18.26618785821405
 20
10.52467951190014
 30
0.0
 11
18.20914420995106
 21
10.82118925423039
 31
0.0
 12
18.26618785821405
 22
10.7641456059674
 32
0.0
 13
18.26618785821405
 23
10.7641456059674
 33
0.0
  0
SOLID
  5
10CB
  8
PAREDE-HACH
  6
CONTINUOUS
 10
18.26618785821405
 20
10.52467951190014
 30
0.0
 11
18.26618785821405
 21
10.7641456059674
 31
0.0
 12
18.3556539522813
 22
10.61414560596739
 32
0.0
 13
18.3556539522813
 23
10.61414560596739
 33
0.0
  0
SOLID
  5
10CC
  8
PAREDE-HACH
  6
CONTINUOUS
 10
18.3556539522813
 20
10.61414560596739
 30
0.0
 11
18.26618785821405
 21
10.7641456059674
 31
0.0
 12
18.3556539522813
 22
10.7641456059674
 32
0.0
 13
18.3556539522813
 23
10.7641456059674
 33
0.0
  0
SOLID
  5
10CD
  8
PAREDE-HACH
  6
CONTINUOUS
 10
18.3556539522813
 20
10.61414560596739
 30
0.0
 11
18.3556539522813
 21
10.7641456059674
 31
0.0
 12
20.89536174614553
 22
10.6141456059674
 32
0.0
 13
20.89536174614553
 23
10.6141456059674
 33
0.0
  0
SOLID
  5
10CE
  8
PAREDE-HACH
  6
CONTINUOUS
 10
20.89536174614553
 20
10.6141456059674
 30
0.0
 11
18.3556539522813
 21
10.7641456059674
 31
0.0
 12
20.89536174614553
 22
10.76414560596739
 32
0.0
 13
20.89536174614553
 23
10.76414560596739
 33
0.0
  0
SOLID
  5
10CF
  8
PAREDE-HACH
  6
CONTINUOUS
 10
20.89536174614553
 20
10.6141456059674
 30
0.0
 11
20.89536174614553
 21
12.4141456059674
 31
0.0
 12
21.04536174614553
 22
10.6141456059674
 32
0.0
 13
21.04536174614553
 23
10.6141456059674
 33
0.0
  0
SOLID
  5
10D0
  8
PAREDE-HACH
  6
CONTINUOUS
 10
21.04536174614553
 20
10.6141456059674
 30
0.0
 11
20.89536174614553
 21
12.4141456059674
 31
0.0
 12
21.04536174614553
 22
12.41414560596739
 32
0.0
 13
21.04536174614553
 23
12.41414560596739
 33
0.0
  0
ENDBLK
  8
0
  0
BLOCK
  8
0
  2
*U57
 70
     1
 10
0.0
 20
0.0
 30
0.0
  0
SOLID
  5
10D2
  8
PAREDE-HACH
  6
CONTINUOUS
 10
20.79536174614553
 20
16.0641456059674
 30
0.0
 11
20.79536174614553
 21
16.21414560596737
 31
0.0
 12
20.89536174614553
 22
16.0641456059674
 32
0.0
 13
20.89536174614553
 23
16.0641456059674
 33
0.0
  0
SOLID
  5
10D3
  8
PAREDE-HACH
  6
CONTINUOUS
 10
20.89536174614553
 20
16.0641456059674
 30
0.0
 11
20.79536174614553
 21
16.21414560596737
 31
0.0
 12
20.89536174614553
 22
16.21414560596737
 32
0.0
 13
20.89536174614553
 23
16.21414560596737
 33
0.0
  0
SOLID
  5
10D4
  8
PAREDE-HACH
  6
CONTINUOUS
 10
20.89536174614553
 20
14.4141456059674
 30
0.0
 11
20.89536174614553
 21
16.21414560596737
 31
0.0
 12
21.04536174614553
 22
14.4141456059674
 32
0.0
 13
21.04536174614553
 23
14.4141456059674
 33
0.0
  0
SOLID
  5
10D5
  8
PAREDE-HACH
  6
CONTINUOUS
 10
21.04536174614553
 20
14.4141456059674
 30
0.0
 11
20.89536174614553
 21
16.21414560596737
 31
0.0
 12
21.04536174614553
 22
16.21414560596737
 32
0.0
 13
21.04536174614553
 23
16.21414560596737
 33
0.0
  0
ENDBLK
  8
0
  0
BLOCK
  8
0
  2
*U58
 70
     1
 10
0.0
 20
0.0
 30
0.0
  0
SOLID
  5
10D7
  8
PAREDE-HACH
  6
CONTINUOUS
 10
18.52036174614553
 20
16.0641456059674
 30
0.0
 11
18.52036174614553
 21
16.21414560596738
 31
0.0
 12
19.89536174614553
 22
16.0641456059674
 32
0.0
 13
19.89536174614553
 23
16.0641456059674
 33
0.0
  0
SOLID
  5
10D8
  8
PAREDE-HACH
  6
CONTINUOUS
 10
19.89536174614553
 20
16.0641456059674
 30
0.0
 11
18.52036174614553
 21
16.21414560596738
 31
0.0
 12
19.89536174614553
 22
16.21414560596737
 32
0.0
 13
19.89536174614553
 23
16.21414560596737
 33
0.0
  0
ENDBLK
  8
0
  0
BLOCK
  8
0
  2
*X59
 70
     1
 10
0.0
 20
0.0
 30
0.0
  0
LINE
  5
10DA
  8
PISO
 10
19.94536174614554
 20
16.21414560596738
 30
0.0
 11
20.74536174614553
 21
16.21414560596738
 31
0.0
  0
LINE
  5
10DB
  8
PISO
 10
19.94536174614554
 20
16.06414560596738
 30
0.0
 11
20.74536174614553
 21
16.06414560596738
 31
0.0
  0
ENDBLK
  8
0
  0
BLOCK
  8
0
  2
*X60
 70
     1
 10
0.0
 20
0.0
 30
0.0
  0
TEXT
  5
10F9
  8
0
  6
CONTINUOUS
 62
     6
 10
23.04536540908167
 20
14.56638143375308
 30
0.0
 40
0.0930819307982686
  1
Isenção de Responsabilidade
  7
ARIAL
  0
TEXT
  5
10FA
  8
0
  6
CONTINUOUS
 62
     6
 10
23.04536540908167
 20
14.25610833109219
 30
0.0
 40
0.0930819307982686
  1
Este desenho foi disponibilizado como um modelo e pode ser utilizado
  7
ARIAL
  0
TEXT
  5
10FB
  8
0
  6
CONTINUOUS
 62
     6
 10
23.04536540908167
 20
14.10097177976174
 30
0.0
 40
0.0930819307982686
  1
livremente em estudos, pesquisas acadêmicas e como base para projetos
  7
ARIAL
  0
TEXT
  5
10FC
  8
0
  6
CONTINUOUS
 62
     6
 10
23.04536540908167
 20
13.94583522843129
 30
0.0
 40
0.0930819307982686
  1
comerciais oferecidos ao cliente final.
  7
ARIAL
  0
TEXT
  5
10FD
  8
0
  6
CONTINUOUS
 62
     6
 10
23.04536540908167
 20
13.6355621257704
 30
0.0
 40
0.0930819307982686
  1
Contudo, é importante destacar que este não é um projeto finalizado para
  7
ARIAL
  0
TEXT
  5
10FE
  8
0
  6
CONTINUOUS
 62
     6
 10
23.04536540908167
 20
13.48042557443995
 30
0.0
 40
0.0930819307982686
  1
ser impresso e vendido diretamente ao cliente. Ele requer análise e
  7
ARIAL
  0
TEXT
  5
10FF
  8
0
  6
CONTINUOUS
 62
     6
 10
23.04536540908167
 20
13.32528902310951
 30
0.0
 40
0.0930819307982686
  1
ajustes feitos por um profissional qualificado.
  7
ARIAL
  0
TEXT
  5
1100
  8
0
  6
CONTINUOUS
 62
     6
 10
23.04536540908167
 20
13.01501592044861
 30
0.0
 40
0.0930819307982686
  1
Não há garantias, implícitas ou explícitas, quanto à precisão do projeto
  7
ARIAL
  0
TEXT
  5
1101
  8
0
  6
CONTINUOUS
 62
     6
 10
23.04536540908167
 20
12.85987936911817
 30
0.0
 40
0.0930819307982686
  1
modelo. A responsabilidade pela sua utilização recai sobre o usuário,
  7
ARIAL
  0
TEXT
  5
1102
  8
0
  6
CONTINUOUS
 62
     6
 10
23.04536540908167
 20
12.70474281778772
 30
0.0
 40
0.0930819307982686
  1
incluindo a verificação de conformidade com normas, códigos de obras e
  7
ARIAL
  0
TEXT
  5
1103
  8
0
  6
CONTINUOUS
 62
     6
 10
23.04536540908167
 20
12.54960626645727
 30
0.0
 40
0.0930819307982686
  1
outras exigências aplicáveis.
  7
ARIAL
  0
TEXT
  5
1104
  8
0
  6
CONTINUOUS
 62
     6
 10
23.04536540908167
 20
12.23933316379638
 30
0.0
 40
0.0930819307982686
  1
Para trabalhos acadêmicos, caso seja necessário referenciar a autoria,
  7
ARIAL
  0
TEXT
  5
1105
  8
0
  6
CONTINUOUS
 62
     6
 10
23.04536540908167
 20
12.08419661246593
 30
0.0
 40
0.0930819307982686
  1
utilize o link pelo qual obteve o projeto no site www.aditivocad.com
  7
ARIAL
  0
ENDBLK
  8
0
  0
BLOCK
  8
0
  2
*U61
 70
     1
 10
0.0
 20
0.0
 30
0.0
  0
SOLID
  5
1118
  8
0
  6
CONTINUOUS
 10
15.8940112294063
 20
2.366561781560732
 30
0.0
 11
15.8940112294063
 21
2.566561781560725
 31
0.0
 12
20.8940112294063
 22
2.366561781561153
 32
0.0
 13
20.8940112294063
 23
2.366561781561153
 33
0.0
  0
SOLID
  5
1119
  8
0
  6
CONTINUOUS
 10
20.8940112294063
 20
2.366561781561153
 30
0.0
 11
15.8940112294063
 21
2.566561781560725
 31
0.0
 12
20.8940112294063
 22
2.56656178156113
 32
0.0
 13
20.8940112294063
 23
2.56656178156113
 33
0.0
  0
ENDBLK
  8
0
  0
BLOCK
  8
0
  2
*U62
 70
     1
 10
0.0
 20
0.0
 30
0.0
  0
SOLID
  5
111B
  8
0
  6
CONTINUOUS
 10
10.89401122940633
 20
2.5665617815603
 30
0.0
 11
10.89401122940633
 21
2.766561781560289
 31
0.0
 12
11.39401122940633
 22
2.566561781560342
 32
0.0
 13
11.39401122940633
 23
2.566561781560342
 33
0.0
  0
SOLID
  5
111C
  8
0
  6
CONTINUOUS
 10
11.39401122940633
 20
2.566561781560342
 30
0.0
 11
10.89401122940633
 21
2.766561781560289
 31
0.0
 12
11.39401122940633
 22
2.766561781560331
 32
0.0
 13
11.39401122940633
 23
2.766561781560331
 33
0.0
  0
SOLID
  5
111D
  8
0
  6
CONTINUOUS
 10
11.39401122940633
 20
2.366561781560353
 30
0.0
 11
11.39401122940633
 21
2.566561781560342
 31
0.0
 12
11.89401122940633
 22
2.366561781560396
 32
0.0
 13
11.89401122940633
 23
2.366561781560396
 33
0.0
  0
SOLID
  5
111E
  8
0
  6
CONTINUOUS
 10
11.89401122940633
 20
2.366561781560396
 30
0.0
 11
11.39401122940633
 21
2.566561781560342
 31
0.0
 12
11.89401122940633
 22
2.566561781560385
 32
0.0
 13
11.89401122940633
 23
2.566561781560385
 33
0.0
  0
SOLID
  5
111F
  8
0
  6
CONTINUOUS
 10
11.89401122940633
 20
2.566561781560385
 30
0.0
 11
11.89401122940633
 21
2.766561781560373
 31
0.0
 12
12.89401122940633
 22
2.566561781560469
 32
0.0
 13
12.89401122940633
 23
2.566561781560469
 33
0.0
  0
SOLID
  5
1120
  8
0
  6
CONTINUOUS
 10
12.89401122940633
 20
2.566561781560469
 30
0.0
 11
11.89401122940633
 21
2.766561781560373
 31
0.0
 12
12.89401122940633
 22
2.766561781560457
 32
0.0
 13
12.89401122940633
 23
2.766561781560457
 33
0.0
  0
SOLID
  5
1121
  8
0
  6
CONTINUOUS
 10
12.89401122940633
 20
2.366561781560479
 30
0.0
 11
12.89401122940633
 21
2.566561781560469
 31
0.0
 12
13.89401122940633
 22
2.366561781560564
 32
0.0
 13
13.89401122940633
 23
2.366561781560564
 33
0.0
  0
SOLID
  5
1122
  8
0
  6
CONTINUOUS
 10
13.89401122940633
 20
2.366561781560564
 30
0.0
 11
12.89401122940633
 21
2.566561781560469
 31
0.0
 12
13.89401122940633
 22
2.566561781560553
 32
0.0
 13
13.89401122940633
 23
2.566561781560553
 33
0.0
  0
SOLID
  5
1123
  8
0
  6
CONTINUOUS
 10
13.89401122940633
 20
2.566561781560553
 30
0.0
 11
13.89401122940633
 21
2.766561781560541
 31
0.0
 12
15.8940112294063
 22
2.566561781560723
 32
0.0
 13
15.8940112294063
 23
2.566561781560723
 33
0.0
  0
SOLID
  5
1124
  8
0
  6
CONTINUOUS
 10
15.8940112294063
 20
2.566561781560723
 30
0.0
 11
13.89401122940633
 21
2.766561781560541
 31
0.0
 12
15.8940112294063
 22
2.76656178156071
 32
0.0
 13
15.8940112294063
 23
2.76656178156071
 33
0.0
  0
ENDBLK
  8
0
  0
ENDSEC
  0
SECTION
  2
ENTITIES
  0
LINE
  5
6D8
  8
EQUIPAMENTOS_MOBILIA
 10
24.41604295692698
 20
7.906325789075098
 30
0.0
 11
24.41604295692698
 21
9.438742542272678
 31
0.0
  0
LINE
  5
6D9
  8
EQUIPAMENTOS_MOBILIA
 10
24.43259329336568
 20
9.243650135890178
 30
0.0
 11
24.54604295692699
 21
7.906325789075098
 31
0.0
  0
LINE
  5
6DA
  8
EQUIPAMENTOS_MOBILIA
 10
22.59604295692703
 20
7.906325789075098
 30
0.0
 11
22.59604295692703
 21
9.43874254227265
 31
0.0
  0
LINE
  5
6DB
  8
EQUIPAMENTOS_MOBILIA
 10
22.46604295692703
 20
7.906325789075098
 30
0.0
 11
22.57949262048832
 21
9.243650135890178
 31
0.0
  0
LINE
  5
6DC
  8
EQUIPAMENTOS_MOBILIA
 10
22.84044913583522
 20
7.295310341804584
 30
0.0
 11
22.59604295692701
 21
7.906325789075098
 31
0.0
  0
ARC
  5
6DD
  8
EQUIPAMENTOS_MOBILIA
 10
23.506042956927
 20
5.154659122408991
 30
0.0
 40
2.898235574352326
 50
71.70050194013649
 51
108.2994980598635
  0
LINE
  5
6DE
  8
EQUIPAMENTOS_MOBILIA
 10
22.82515522099804
 20
5.678044482994314
 30
0.0
 11
22.7022970628384
 21
5.091125795341829
 31
0.0
  0
ARC
  5
6DF
  8
EQUIPAMENTOS_MOBILIA
 10
23.506042956927
 20
14.03806072258806
 30
0.0
 40
9.786433314975465
 50
265.470728383787
 51
274.5292716162127
  0
ARC
  5
6E0
  8
EQUIPAMENTOS_MOBILIA
 10
23.506042956927
 20
7.817028747000407
 30
0.0
 40
2.841927930846459
 50
253.5715881198599
 51
286.4284118801403
  0
ARC
  5
6E1
  8
EQUIPAMENTOS_MOBILIA
 10
23.506042956927
 20
14.03806072258809
 30
0.0
 40
9.68243331497549
 50
265.3717411642439
 51
274.6282588357561
  0
ARC
  5
6E2
  8
EQUIPAMENTOS_MOBILIA
 10
23.506042956927
 20
14.03806072258809
 30
0.0
 40
9.532654008955243
 50
265.3717411642439
 51
274.6282588357561
  0
ARC
  5
6E3
  8
EQUIPAMENTOS_MOBILIA
 10
45.04143045154486
 20
6.795324522986843
 30
0.0
 40
22.6027087833604
 50
177.1825790978195
 51
184.7325253844527
  0
LINE
  5
6E4
  8
EQUIPAMENTOS_MOBILIA
 10
22.52415869756479
 20
4.829843646001689
 30
0.0
 11
22.51578081679994
 21
4.930504725228038
 31
0.0
  0
ARC
  5
6E5
  8
EQUIPAMENTOS_MOBILIA
 10
22.65283555966641
 20
4.683326530415553
 30
0.0
 40
0.1950000000000005
 50
131.2908240476866
 51
179.999999999999
  0
LINE
  5
6E6
  8
EQUIPAMENTOS_MOBILIA
 10
22.45783555966641
 20
4.580255523600482
 30
0.0
 11
22.45783555966641
 21
4.683326530415553
 31
0.0
  0
LINE
  5
6E7
  8
EQUIPAMENTOS_MOBILIA
 10
22.52415869756479
 20
4.829843646001689
 30
0.0
 11
22.54616877518955
 21
4.565390351696093
 31
0.0
  0
LINE
  5
6E8
  8
EQUIPAMENTOS_MOBILIA
 10
22.57543724152711
 20
4.477735710815726
 30
0.0
 11
22.70229706283842
 21
5.091125795341829
 31
0.0
  0
ARC
  5
6E9
  8
EQUIPAMENTOS_MOBILIA
 10
22.74049688134116
 20
4.581564008039831
 30
0.0
 40
0.195
 50
184.7576822833012
 51
265.371741164244
  0
ARC
  5
6EA
  8
EQUIPAMENTOS_MOBILIA
 10
22.75683555966642
 20
4.580255523600482
 30
0.0
 40
0.2990000000000012
 50
179.9999999999998
 51
265.470728383787
  0
LINE
  5
6EB
  8
EQUIPAMENTOS_MOBILIA
 10
22.72604295692701
 20
5.712162530205579
 30
0.0
 11
22.72604295692701
 21
7.301297219104097
 31
0.0
  0
ARC
  5
6EC
  8
EQUIPAMENTOS_MOBILIA
 10
42.64411275838371
 20
6.521469056482514
 30
0.0
 40
20.07848968505851
 50
176.8456801427037
 51
183.8738706759015
  0
LINE
  5
6ED
  8
EQUIPAMENTOS_MOBILIA
 10
22.72604295692701
 20
5.712162530205572
 30
0.0
 11
22.6114985477666
 21
5.164960331268088
 31
0.0
  0
LINE
  5
6EE
  8
EQUIPAMENTOS_MOBILIA
 10
22.72604295692701
 20
7.301297219104097
 30
0.0
 11
22.59604295692701
 21
7.626297219104107
 31
0.0
  0
LINE
  5
6EF
  8
EQUIPAMENTOS_MOBILIA
 10
24.18693069285597
 20
5.678044482994314
 30
0.0
 11
24.3097888510156
 21
5.091125795341829
 31
0.0
  0
ARC
  5
6F0
  8
EQUIPAMENTOS_MOBILIA
 10
1.97065546230909
 20
6.795324522986886
 30
0.0
 40
22.60270878336045
 50
355.267474615547
 51
2.817420902180465
  0
ARC
  5
6F1
  8
EQUIPAMENTOS_MOBILIA
 10
24.2552503541876
 20
4.580255523600482
 30
0.0
 40
0.2990000000000017
 50
274.529271616213
 51
11.0064599347127
  0
ARC
  5
6F2
  8
EQUIPAMENTOS_MOBILIA
 10
24.35925035418759
 20
4.683326530415553
 30
0.0
 40
0.1950000000000005
 50
346.3596958042395
 51
48.70917595231186
  0
LINE
  5
6F3
  8
EQUIPAMENTOS_MOBILIA
 10
24.49630509705406
 20
4.930504725228038
 30
0.0
 11
24.48792721628921
 21
4.829843646001689
 31
0.0
  0
LINE
  5
6F4
  8
EQUIPAMENTOS_MOBILIA
 10
24.48792721628921
 20
4.829843646001689
 30
0.0
 11
24.46591713866446
 21
4.565390351696093
 31
0.0
  0
LINE
  5
6F5
  8
EQUIPAMENTOS_MOBILIA
 10
24.43664867232689
 20
4.477735710815726
 30
0.0
 11
24.30978885101558
 21
5.091125795341829
 31
0.0
  0
LINE
  5
6F6
  8
EQUIPAMENTOS_MOBILIA
 10
24.28604295692698
 20
7.301297219104097
 30
0.0
 11
24.286042956927
 21
5.712162530205572
 31
0.0
  0
ARC
  5
6F7
  8
EQUIPAMENTOS_MOBILIA
 10
4.36797315547031
 20
6.521469056482514
 30
0.0
 40
20.07848968505851
 50
356.1261293240983
 51
3.154319857296354
  0
ARC
  5
6F8
  8
EQUIPAMENTOS_MOBILIA
 10
23.506042956927
 20
7.817028747000407
 30
0.0
 40
2.244740918369913
 50
252.3425343058296
 51
287.6574656941703
  0
LINE
  5
6F9
  8
EQUIPAMENTOS_MOBILIA
 10
24.286042956927
 20
5.712162530205572
 30
0.0
 11
24.4005873660874
 21
5.164960331268117
 31
0.0
  0
LINE
  5
6FA
  8
EQUIPAMENTOS_MOBILIA
 10
23.68040995967377
 20
8.403326891365367
 30
0.0
 11
23.68040995967377
 21
8.18160827221061
 31
0.0
  0
LINE
  5
6FB
  8
EQUIPAMENTOS_MOBILIA
 10
23.81040995967378
 20
8.393734121902185
 30
0.0
 11
23.81040995967377
 21
8.17131053329004
 31
0.0
  0
LINE
  5
6FC
  8
EQUIPAMENTOS_MOBILIA
 10
23.94040995967377
 20
8.378875528239675
 30
0.0
 11
23.94040995967377
 21
8.155350761690912
 31
0.0
  0
LINE
  5
6FD
  8
EQUIPAMENTOS_MOBILIA
 10
23.87540995967377
 20
8.386966988622362
 30
0.0
 11
23.87540995967377
 21
8.164043282733743
 31
0.0
  0
LINE
  5
6FE
  8
EQUIPAMENTOS_MOBILIA
 10
23.74540995967379
 20
8.399185214567737
 30
0.0
 11
23.74540995967377
 21
8.177162794057338
 31
0.0
  0
LINE
  5
6FF
  8
EQUIPAMENTOS_MOBILIA
 10
23.03040995967381
 20
8.373046820718017
 30
0.0
 11
23.03040995967381
 21
8.149086990809835
 31
0.0
  0
LINE
  5
700
  8
EQUIPAMENTOS_MOBILIA
 10
23.16040995967381
 20
8.389590954134775
 30
0.0
 11
23.16040995967381
 21
8.166861446015659
 31
0.0
  0
LINE
  5
701
  8
EQUIPAMENTOS_MOBILIA
 10
23.2904099596738
 20
8.400848971323953
 30
0.0
 11
23.2904099596738
 21
8.178948694792439
 31
0.0
  0
LINE
  5
702
  8
EQUIPAMENTOS_MOBILIA
 10
23.2254099596738
 20
8.395876678444935
 30
0.0
 11
23.2254099596738
 21
8.173610948454638
 31
0.0
  0
LINE
  5
703
  8
EQUIPAMENTOS_MOBILIA
 10
23.09540995967381
 20
8.381984124058164
 30
0.0
 11
23.09540995967381
 21
8.158690671627227
 31
0.0
  0
ARC
  5
704
  8
EQUIPAMENTOS_MOBILIA
 10
23.506042956927
 20
5.154659122408991
 30
0.0
 40
2.241741014875589
 50
72.72793550946251
 51
107.2720644905377
  0
LINE
  5
705
  8
EQUIPAMENTOS_MOBILIA
 10
22.86420602477862
 20
7.879637861749245
 30
0.0
 11
23.32677220341589
 21
8.047344974930297
 31
0.0
  0
LINE
  5
706
  8
EQUIPAMENTOS_MOBILIA
 10
23.66772474602992
 20
7.947994323530153
 30
0.0
 11
24.15881235018355
 21
7.978426386839416
 31
0.0
  0
LINE
  5
707
  8
EQUIPAMENTOS_MOBILIA
 10
24.28604295692698
 20
7.301297219104097
 30
0.0
 11
24.41604295692698
 21
7.626297219104107
 31
0.0
  0
LINE
  5
708
  8
EQUIPAMENTOS_MOBILIA
 10
24.17163677801879
 20
7.295310341804591
 30
0.0
 11
24.41604295692698
 21
7.906325789075098
 31
0.0
  0
ARC
  5
709
  8
EQUIPAMENTOS_MOBILIA
 10
22.83282867121275
 20
9.39695682798694
 30
0.0
 40
0.3314444227013107
 50
100.0079798014424
 51
169.992020198558
  0
ARC
  5
70A
  8
EQUIPAMENTOS_MOBILIA
 10
22.83282867121274
 20
9.396956827986955
 30
0.0
 40
0.240444422701309
 50
100.0079798014423
 51
169.992020198558
  0
LINE
  5
70B
  8
EQUIPAMENTOS_MOBILIA
 10
22.48383555966642
 20
9.326535145012059
 30
0.0
 11
22.5064276530746
 21
9.45455700765838
 31
0.0
  0
ARC
  5
70C
  8
EQUIPAMENTOS_MOBILIA
 10
22.54784649098958
 20
9.31523909830797
 30
0.0
 40
0.0650000000000001
 50
169.9920201985584
 51
259.9920201985572
  0
LINE
  5
70D
  8
EQUIPAMENTOS_MOBILIA
 10
22.57949262048832
 20
9.243650135890178
 30
0.0
 11
22.5365504442855
 21
9.251228166984802
 31
0.0
  0
LINE
  5
70E
  8
EQUIPAMENTOS_MOBILIA
 10
22.48383555966642
 20
9.326535145012059
 30
0.0
 11
22.5064276530746
 21
9.454557007658394
 31
0.0
  0
LINE
  5
70F
  8
EQUIPAMENTOS_MOBILIA
 10
22.57949262048832
 20
9.243650135890178
 30
0.0
 11
22.59604295692703
 21
9.438742542272664
 31
0.0
  0
ARC
  5
710
  8
EQUIPAMENTOS_MOBILIA
 10
23.506042956927
 20
5.582075875606525
 30
0.0
 40
4.205271232888458
 50
79.9920201985577
 51
100.0079798014423
  0
ARC
  5
711
  8
EQUIPAMENTOS_MOBILIA
 10
23.506042956927
 20
5.582075875606525
 30
0.0
 40
4.114271232888456
 50
79.9920201985577
 51
100.0079798014423
  0
LINE
  5
712
  8
EQUIPAMENTOS_MOBILIA
 10
24.43259329336568
 20
9.243650135890178
 30
0.0
 11
24.41604295692698
 21
9.438742542272664
 31
0.0
  0
ARC
  5
713
  8
EQUIPAMENTOS_MOBILIA
 10
24.46423942286443
 20
9.31523909830797
 30
0.0
 40
0.0649999999999999
 50
239.5235802468557
 51
10.00797980144179
  0
LINE
  5
714
  8
EQUIPAMENTOS_MOBILIA
 10
24.50565826077941
 20
9.454557007658394
 30
0.0
 11
24.52825035418758
 21
9.326535145012059
 31
0.0
  0
ARC
  5
715
  8
EQUIPAMENTOS_MOBILIA
 10
24.17925724264126
 20
9.396956827986955
 30
0.0
 40
0.2404444227013088
 50
10.00797980144221
 51
79.9920201985577
  0
ARC
  5
716
  8
EQUIPAMENTOS_MOBILIA
 10
24.17925724264126
 20
9.396956827986955
 30
0.0
 40
0.3314444227013068
 50
10.00797980144202
 51
79.99202019855738
  0
INSERT
  5
717
  8
PISO
  2
*X24
 10
0.0
 20
0.0
 30
0.0
  0
LINE
  5
718
  8
ESQUADRIA
 10
17.21919471628997
 20
9.477686369975913
 30
0.0
 11
15.80498115391682
 21
8.063472807602864
 31
0.0
  0
LINE
  5
719
  8
PISO
 10
16.39536174614553
 20
4.114145605967438
 30
0.0
 11
20.74536174614553
 21
4.114145605967441
 31
0.0
  0
INSERT
  5
71A
  8
PISO
  2
*X25
 10
0.0
 20
0.0
 30
0.0
  0
INSERT
  5
71B
  8
PAREDE-HACH
  2
*U26
 10
0.0
 20
0.0
 30
0.0
  0
LINE
  5
71C
  8
PAREDE
 10
16.95409041239315
 20
12.07624305178834
 30
0.0
 11
15.96618785821408
 21
13.06414560596743
 31
0.0
  0
INSERT
  5
71D
  8
EQUIPAMENTOS_MOBILIA
  2
GELAD
 10
16.29931408215101
 20
12.74050075115372
 30
0.0
 50
224.9999999999994
  0
LINE
  5
71E
  8
ESQUADRIA
 10
18.52036174614553
 20
16.0641456059674
 30
0.0
 11
16.52036174614553
 21
16.0641456059674
 31
0.0
  0
LINE
  5
71F
  8
ESQUADRIA
 10
16.52036174614553
 20
16.21414560596738
 30
0.0
 11
18.52036174614553
 21
16.21414560596737
 31
0.0
  0
LINE
  5
720
  8
ESQUADRIA
 10
18.52036174614553
 20
16.1241456059674
 30
0.0
 11
16.52036174614553
 21
16.12414560596741
 31
0.0
  0
LINE
  5
721
  8
ESQUADRIA
 10
16.52036174614553
 20
16.15414560596738
 30
0.0
 11
18.52036174614553
 21
16.15414560596737
 31
0.0
  0
LINE
  5
722
  8
ESQUADRIA
 10
17.17676830941878
 20
9.520112776847107
 30
0.0
 11
15.76255474704563
 21
8.105899214474057
 31
0.0
  0
LINE
  5
723
  8
ESQUADRIA
 10
15.74134154361001
 20
8.127112417909672
 30
0.0
 11
17.1555551059831
 21
9.541325980282764
 31
0.0
  0
LINE
  5
724
  8
ESQUADRIA
 10
15.69891513673882
 20
8.169538824780865
 30
0.0
 11
17.11312869911192
 21
9.583752387153957
 31
0.0
  0
INSERT
  5
725
  8
PAREDE-HACH
  2
*U27
 10
0.0
 20
0.0
 30
0.0
  0
INSERT
  5
726
  8
EQUIPAMENTOS_MOBILIA
  2
SOFA3
 10
16.68930215306208
 20
9.15142799008862
 30
0.0
 50
224.9999999999998
  0
LINE
  5
727
  8
PAREDE
 10
16.98944575145247
 20
11.82875567837304
 30
0.0
 11
15.90405582385811
 21
12.91414560596743
 31
0.0
  0
ARC
  5
728
  8
EQUIPAMENTOS_MOBILIA
 10
16.04019700504134
 20
13.134208928663
 30
0.0
 40
1.2
 50
190.5670531687916
 51
303.1700432032059
  0
LINE
  5
729
  8
PISO
 10
2.145361746145532
 20
4.414145605967435
 30
0.0
 11
2.145361746145525
 21
7.289145605967421
 31
0.0
  0
LINE
  5
72A
  8
PISO
 10
11.44536174614553
 20
4.114145605967434
 30
0.0
 11
7.095361746145528
 21
4.114145605967441
 31
0.0
  0
TEXT
  5
72B
  8
TEXTO
 10
2.28863459123319
 20
2.726778316571159
 30
0.0
 40
0.4
  1
Planta Baixa
  0
LINE
  5
72C
  8
PISO
 10
6.795361746145524
 20
4.114145605967441
 30
0.0
 11
2.445361746145529
 21
4.114145605967438
 31
0.0
  0
INSERT
  5
72D
  8
PAREDE-HACH
  2
*U28
 10
0.0
 20
0.0
 30
0.0
  0
LINE
  5
72E
  8
PAREDE
 10
2.445361746145529
 20
4.414145605967438
 30
0.0
 11
2.145361746145532
 21
4.414145605967438
 31
0.0
  0
LINE
  5
72F
  8
PAREDE
 10
2.445361746145529
 20
4.114145605967438
 30
0.0
 11
2.445361746145529
 21
4.414145605967438
 31
0.0
  0
LINE
  5
730
  8
PAREDE
 10
2.145361746145532
 20
4.414145605967435
 30
0.0
 11
2.145361746145532
 21
4.114145605967441
 31
0.0
  0
LINE
  5
731
  8
PAREDE
 10
2.445361746145529
 20
4.114145605967438
 30
0.0
 11
2.145361746145532
 21
4.114145605967441
 31
0.0
  0
LINE
  5
732
  8
PAREDE
 10
2.445361746145529
 20
4.114145605967445
 30
0.0
 11
2.145361746145532
 21
4.114145605967441
 31
0.0
  0
INSERT
  5
733
  8
PAREDE-HACH
  2
*U29
 10
0.0
 20
0.0
 30
0.0
  0
LINE
  5
734
  8
PAREDE
 10
6.795361746145531
 20
4.114145605967438
 30
0.0
 11
6.795361746145538
 21
4.414145605967438
 31
0.0
  0
LINE
  5
735
  8
PAREDE
 10
6.795361746145538
 20
4.414145605967438
 30
0.0
 11
7.095361746145528
 21
4.414145605967442
 31
0.0
  0
LINE
  5
736
  8
PAREDE
 10
7.095361746145528
 20
4.114145605967438
 30
0.0
 11
7.095361746145535
 21
4.414145605967438
 31
0.0
  0
LINE
  5
737
  8
PAREDE
 10
6.795361746145531
 20
4.114145605967438
 30
0.0
 11
7.095361746145528
 21
4.114145605967438
 31
0.0
  0
LINE
  5
738
  8
PISO
 10
11.74536174614553
 20
4.114145605967438
 30
0.0
 11
16.09536174614554
 21
4.114145605967438
 31
0.0
  0
TEXT
  5
739
  8
TEXTO
 10
10.13956503682824
 20
5.499857703339576
 30
0.0
 40
0.15
  1
VARANDA
  0
INSERT
  5
73A
  8
PAREDE-HACH
  2
*U30
 10
0.0
 20
0.0
 30
0.0
  0
LINE
  5
73B
  8
PAREDE
 10
11.44536174614553
 20
4.114145605967438
 30
0.0
 11
11.44536174614553
 21
4.414145605967438
 31
0.0
  0
LINE
  5
73C
  8
PAREDE
 10
11.44536174614553
 20
4.414145605967438
 30
0.0
 11
11.74536174614553
 21
4.414145605967435
 31
0.0
  0
LINE
  5
73D
  8
PAREDE
 10
11.74536174614553
 20
4.114145605967438
 30
0.0
 11
11.74536174614553
 21
4.414145605967435
 31
0.0
  0
LINE
  5
73E
  8
PAREDE
 10
11.44536174614554
 20
4.114145605967434
 30
0.0
 11
11.74536174614553
 21
4.114145605967434
 31
0.0
  0
INSERT
  5
73F
  8
PAREDE-HACH
  2
*U31
 10
0.0
 20
0.0
 30
0.0
  0
LINE
  5
740
  8
PAREDE
 10
16.09536174614554
 20
4.114145605967438
 30
0.0
 11
16.09536174614554
 21
4.414145605967435
 31
0.0
  0
LINE
  5
741
  8
PAREDE
 10
16.09536174614554
 20
4.414145605967435
 30
0.0
 11
16.39536174614553
 21
4.414145605967435
 31
0.0
  0
LINE
  5
742
  8
PAREDE
 10
16.39536174614553
 20
4.114145605967438
 30
0.0
 11
16.39536174614553
 21
4.414145605967435
 31
0.0
  0
LINE
  5
743
  8
PAREDE
 10
16.09536174614554
 20
4.114145605967438
 30
0.0
 11
16.39536174614553
 21
4.114145605967438
 31
0.0
  0
INSERT
  5
744
  8
PISO
  2
*X32
 10
0.0
 20
0.0
 30
0.0
  0
INSERT
  5
745
  8
PAREDE-HACH
  2
*U33
 10
0.0
 20
0.0
 30
0.0
  0
LINE
  5
746
  8
PAREDE
 10
9.945361746145522
 20
16.06414560596739
 30
0.0
 11
9.94536174614553
 21
13.06414560596742
 31
0.0
  0
LINE
  5
747
  8
EQUIPAMENTOS_MOBILIA
 10
10.44536174614552
 20
14.38450956189788
 30
0.0
 11
10.44536174614553
 21
13.55939621070694
 31
0.0
  0
ARC
  5
748
  8
0
  6
HIDDEN2
 10
11.09536174614551
 20
13.06414560596739
 30
0.0
 40
0.6999999999999957
 50
90.0
 51
180.0000000000006
  0
INSERT
  5
749
  8
PAREDE-HACH
  2
*U34
 10
0.0
 20
0.0
 30
0.0
  0
LINE
  5
74A
  8
PAREDE
 10
11.24536174614553
 20
16.06414560596739
 30
0.0
 11
11.24536174614552
 21
13.06414560596741
 31
0.0
  0
LINE
  5
74B
  8
EQUIPAMENTOS_MOBILIA
 10
15.74536174614553
 20
16.0641456059674
 30
0.0
 11
15.74536174614553
 21
13.06414560596742
 31
0.0
  0
INSERT
  5
74C
  8
EQUIPAMENTOS_MOBILIA
  2
CAMAS
 10
14.97738974931023
 20
13.5634047619852
 30
0.0
  0
LINE
  5
74D
  8
PAREDE
 10
14.99536174614553
 20
16.06414560596738
 30
0.0
 11
14.99536174614553
 21
13.06414560596742
 31
0.0
  0
LINE
  5
74E
  8
PAREDE
 10
15.14536174614553
 20
16.0641456059674
 30
0.0
 11
15.14536174614553
 21
13.06414560596742
 31
0.0
  0
INSERT
  5
74F
  8
EQUIPAMENTOS_MOBILIA
  2
CUBA
 10
10.36781522401812
 20
13.89227070231496
 30
0.0
 50
180.0
  0
LINE
  5
750
  8
PAREDE
 10
11.39536174614553
 20
16.06414560596739
 30
0.0
 11
11.39536174614553
 21
13.06414560596741
 31
0.0
  0
LINE
  5
751
  8
EQUIPAMENTOS_MOBILIA
 10
9.195361746145522
 20
16.0641456059674
 30
0.0
 11
9.19536174614553
 21
13.51414560596739
 31
0.0
  0
LINE
  5
752
  8
PAREDE
 10
9.795361746145524
 20
16.06414560596734
 30
0.0
 11
9.795361746145524
 21
12.46414560596733
 31
0.0
  0
ARC
  5
753
  8
0
  6
HIDDEN2
 10
4.995361746145527
 20
13.06414560596742
 30
0.0
 40
0.7999999999999936
 50
90.00000000000026
 51
180.0
  0
INSERT
  5
754
  8
PAREDE-HACH
  2
*U35
 10
0.0
 20
0.0
 30
0.0
  0
LINE
  5
755
  8
PAREDE
 10
6.095361746145535
 20
16.0641456059674
 30
0.0
 11
6.095361746145535
 21
13.0641456059674
 31
0.0
  0
LINE
  5
756
  8
PAREDE
 10
5.945361746145529
 20
16.06414560596743
 30
0.0
 11
5.945361746145529
 21
13.06414560596748
 31
0.0
  0
INSERT
  5
757
  8
PAREDE-HACH
  2
*U36
 10
0.0
 20
0.0
 30
0.0
  0
LINE
  5
758
  8
PAREDE
 10
2.295361746145531
 20
16.06414560596734
 30
0.0
 11
2.295361746145531
 21
13.06414560596742
 31
0.0
  0
TEXT
  5
759
  8
TEXTO
 10
2.752873535305532
 20
13.49914676074659
 30
0.0
 40
0.15
  1
QUARTO
  0
INSERT
  5
75A
  8
EQUIPAMENTOS_MOBILIA
  2
CAMAC
 10
6.161825734960765
 20
14.56124386590969
 30
0.0
  0
LINE
  5
75B
  8
PAREDE
 10
2.145361746145532
 20
16.2141456059674
 30
0.0
 11
2.145361746145539
 21
10.6141456059674
 31
0.0
  0
LINE
  5
75C
  8
ESQUADRIA
 10
8.425546454696267
 20
7.064145605967409
 30
0.0
 11
6.62554645469627
 21
7.064145605967409
 31
0.0
  0
INSERT
  5
75D
  8
PISO
  2
*X37
 10
0.0
 20
0.0
 30
0.0
  0
INSERT
  5
75E
  8
PAREDE-HACH
  2
*U38
 10
0.0
 20
0.0
 30
0.0
  0
LINE
  5
75F
  8
PAREDE
 10
8.595361746145533
 20
11.7141456059674
 30
0.0
 11
5.295361746145524
 21
11.7141456059674
 31
0.0
  0
LINE
  5
760
  8
PAREDE
 10
8.595361746145533
 20
12.01414560596735
 30
0.0
 11
7.695361746145515
 21
12.9141456059674
 31
0.0
  0
INSERT
  5
761
  8
PISO
  2
*X39
 10
0.0
 20
0.0
 30
0.0
  0
LINE
  5
762
  8
PAREDE
 10
8.595361746145533
 20
11.56414560596738
 30
0.0
 11
5.295361746145524
 21
11.5641456059674
 31
0.0
  0
LINE
  5
763
  8
PAREDE
 10
8.595361746145532
 20
11.26414560596741
 30
0.0
 11
7.695361746145544
 21
10.36414560596741
 31
0.0
  0
LINE
  5
764
  8
PAREDE
 10
9.076427763323451
 20
11.53307958878941
 30
0.0
 11
7.757493780501541
 21
10.21414560596741
 31
0.0
  0
TEXT
  5
765
  8
TEXTO
 10
7.448895684899149
 20
9.554089152540165
 30
0.0
 40
0.15
  1
SUÍTE
  0
LINE
  5
766
  8
ESQUADRIA
 10
6.62554645469627
 20
7.2141456059674
 30
0.0
 11
8.425546454696267
 21
7.214145605967357
 31
0.0
  0
LINE
  5
767
  8
ESQUADRIA
 10
8.425546454696267
 20
7.124145605967411
 30
0.0
 11
6.62554645469627
 21
7.124145605967411
 31
0.0
  0
LINE
  5
768
  8
ESQUADRIA
 10
6.62554645469627
 20
7.154145605967398
 30
0.0
 11
8.425546454696267
 21
7.154145605967359
 31
0.0
  0
LINE
  5
769
  8
PAREDE
 10
9.076427763323458
 20
11.74521162314539
 30
0.0
 11
7.757493780501513
 21
13.06414560596742
 31
0.0
  0
LINE
  5
76A
  8
PISO
 10
2.145361746145525
 20
7.589145605967418
 30
0.0
 11
2.145361746145539
 21
10.6141456059674
 31
0.0
  0
INSERT
  5
76B
  8
PISO
  2
*X40
 10
0.0
 20
0.0
 30
0.0
  0
LINE
  5
76C
  8
ESQUADRIA
 10
6.574195485003031
 20
10.21414560596741
 30
0.0
 11
6.574195485003038
 21
10.36414560596741
 31
0.0
  0
LINE
  5
76D
  8
ESQUADRIA
 10
7.274195485003027
 20
10.21414560596741
 30
0.0
 11
7.274195485003027
 21
10.36414560596741
 31
0.0
  0
LINE
  5
76E
  8
PAREDE
 10
7.324195485003031
 20
10.21414560596741
 30
0.0
 11
7.324195485003031
 21
10.36414560596739
 31
0.0
  0
INSERT
  5
76F
  8
PAREDE-HACH
  2
*U41
 10
0.0
 20
0.0
 30
0.0
  0
LINE
  5
770
  8
PAREDE
 10
6.524195485003034
 20
10.21414560596742
 30
0.0
 11
6.524195485003034
 21
10.3641456059674
 31
0.0
  0
INSERT
  5
771
  8
PAREDE-HACH
  2
*U42
 10
0.0
 20
0.0
 30
0.0
  0
LINE
  5
772
  8
PAREDE
 10
2.445361746145529
 20
7.589145605967418
 30
0.0
 11
2.145361746145532
 21
7.589145605967418
 31
0.0
  0
LINE
  5
773
  8
PAREDE
 10
2.445361746145529
 20
7.289145605967417
 30
0.0
 11
2.445361746145529
 21
7.589145605967418
 31
0.0
  0
LINE
  5
774
  8
PAREDE
 10
2.445361746145529
 20
7.289145605967417
 30
0.0
 11
2.145361746145532
 21
7.289145605967421
 31
0.0
  0
LINE
  5
775
  8
PAREDE
 10
2.145361746145532
 20
7.589145605967418
 30
0.0
 11
2.145361746145532
 21
7.289145605967421
 31
0.0
  0
LINE
  5
776
  8
PAREDE
 10
5.295361746145524
 20
10.2141456059674
 30
0.0
 11
5.295361746145538
 21
7.2141456059674
 31
0.0
  0
INSERT
  5
777
  8
EQUIPAMENTOS_MOBILIA
  2
CAMAC
 10
5.346505666986317
 20
8.860018290133866
 30
0.0
  0
LINE
  5
778
  8
PAREDE
 10
6.62554645469627
 20
7.064145605967409
 30
0.0
 11
5.145361746145532
 21
7.064145605967401
 31
0.0
  0
LINE
  5
779
  8
PAREDE
 10
6.62554645469627
 20
7.2141456059674
 30
0.0
 11
5.295361746145538
 21
7.2141456059674
 31
0.0
  0
LINE
  5
77A
  8
PAREDE
 10
6.62554645469627
 20
7.2141456059674
 30
0.0
 11
6.62554645469627
 21
7.064145605967409
 31
0.0
  0
LINE
  5
77B
  8
PAREDE
 10
6.524195485003034
 20
10.21414560596741
 30
0.0
 11
5.295361746145531
 21
10.21414560596742
 31
0.0
  0
LINE
  5
77C
  8
ESQUADRIA
 10
6.574195485003038
 20
10.21414560596741
 30
0.0
 11
6.524195485003034
 21
10.21414560596741
 31
0.0
  0
LINE
  5
77D
  8
ESQUADRIA
 10
7.324195485003031
 20
10.21414560596741
 30
0.0
 11
7.274195485003027
 21
10.21414560596741
 31
0.0
  0
LINE
  5
77E
  8
PAREDE
 10
7.757493780501541
 20
10.21414560596741
 30
0.0
 11
7.324195485003031
 21
10.21414560596741
 31
0.0
  0
INSERT
  5
77F
  8
PAREDE-HACH
  2
*U43
 10
0.0
 20
0.0
 30
0.0
  0
LINE
  5
780
  8
PAREDE
 10
3.745361746145527
 20
10.6141456059674
 30
0.0
 11
2.145361746145539
 21
10.6141456059674
 31
0.0
  0
INSERT
  5
781
  8
PISO
  2
*X44
 10
0.0
 20
0.0
 30
0.0
  0
LINE
  5
782
  8
ESQUADRIA
 10
3.595361746145528
 20
11.47816106061998
 30
0.0
 11
2.85518023272963
 21
11.47816106061998
 31
0.0
  0
LINE
  5
783
  8
ESQUADRIA
 10
3.595361746145528
 20
11.44816106061998
 30
0.0
 11
2.85518023272963
 21
11.44816106061998
 31
0.0
  0
ARC
  5
784
  8
0
  6
HIDDEN2
 10
3.581646703663658
 20
12.85647805640523
 30
0.0
 40
0.6924682839809327
 50
187.6625349999621
 51
271.13487571003
  0
LINE
  5
785
  8
ESQUADRIA
 10
3.595361746145535
 20
12.76414560596741
 30
0.0
 11
2.895361746145532
 21
12.76414560596741
 31
0.0
  0
LINE
  5
786
  8
PAREDE
 10
3.595361746145528
 20
12.91414560596741
 30
0.0
 11
2.295361746145531
 21
12.91414560596741
 31
0.0
  0
LINE
  5
787
  8
PAREDE
 10
3.595361746145528
 20
10.7641456059674
 30
0.0
 11
2.295361746145531
 21
10.7641456059674
 31
0.0
  0
LINE
  5
788
  8
ESQUADRIA
 10
3.595361746145535
 20
12.73414560596741
 30
0.0
 11
2.89611221548239
 21
12.73414560596741
 31
0.0
  0
LINE
  5
789
  8
PAREDE
 10
4.145361746145532
 20
13.06414560596741
 30
0.0
 11
2.295361746145531
 21
13.06414560596742
 31
0.0
  0
LINE
  5
78A
  8
PAREDE
 10
2.295361746145531
 20
12.91414560596741
 30
0.0
 11
2.295361746145531
 21
10.7641456059674
 31
0.0
  0
TEXT
  5
78B
  8
TEXTO
 10
2.820293375015595
 20
11.59481381929532
 30
0.0
 40
0.15
  1
BANHO
  0
LINE
  5
78C
  8
ESQUADRIA
 10
2.85518023272963
 20
11.48816106061999
 30
0.0
 11
2.295361746145524
 21
11.48816106061999
 31
0.0
  0
LINE
  5
78D
  8
ESQUADRIA
 10
2.85518023272963
 20
11.47816106061998
 30
0.0
 11
2.85518023272963
 21
11.44816106061998
 31
0.0
  0
INSERT
  5
78E
  8
EQUIPAMENTOS_MOBILIA
  2
BACIA
 10
2.295361746145531
 20
11.85874215907533
 30
0.0
 41
-1.0
 50
180.0
  0
INSERT
  5
78F
  8
EQUIPAMENTOS_MOBILIA
  2
CHUVEIRO
 10
2.295361746145531
 20
11.08602799972905
 30
0.0
  0
LINE
  5
790
  8
ESQUADRIA
  6
HIDDEN2
 10
2.645361746145539
 20
10.7041456059674
 30
0.0
 11
3.245361746145527
 21
10.7041456059674
 31
0.0
  0
LINE
  5
791
  8
ESQUADRIA
  6
HIDDEN2
 10
3.245361746145527
 20
10.6741456059674
 30
0.0
 11
2.645361746145539
 21
10.6741456059674
 31
0.0
  0
LINE
  5
792
  8
ESQUADRIA
  6
HIDDEN2
 10
2.645361746145539
 20
10.6141456059674
 30
0.0
 11
2.645361746145539
 21
10.7641456059674
 31
0.0
  0
LINE
  5
793
  8
ESQUADRIA
  6
HIDDEN2
 10
3.245361746145527
 20
10.6141456059674
 30
0.0
 11
3.245361746145527
 21
10.7641456059674
 31
0.0
  0
LINE
  5
794
  8
ESQUADRIA
 10
2.85518023272963
 20
11.51816106061999
 30
0.0
 11
2.85518023272963
 21
11.48816106061999
 31
0.0
  0
LINE
  5
795
  8
ESQUADRIA
 10
2.85518023272963
 20
11.51816106061999
 30
0.0
 11
2.305180232729626
 21
11.51816106061999
 31
0.0
  0
LINE
  5
796
  8
EQUIPAMENTOS_MOBILIA
 10
2.845361746145528
 20
12.44615867362439
 30
0.0
 11
2.845361746145528
 21
12.91414560596741
 31
0.0
  0
LINE
  5
797
  8
EQUIPAMENTOS_MOBILIA
 10
2.845361746145528
 20
12.44615867362439
 30
0.0
 11
2.595361746145528
 21
12.1961586736244
 31
0.0
  0
LINE
  5
798
  8
EQUIPAMENTOS_MOBILIA
 10
2.595361746145528
 20
12.1961586736244
 30
0.0
 11
2.295361746145531
 21
12.1961586736244
 31
0.0
  0
ARC
  5
799
  8
EQUIPAMENTOS_MOBILIA
 10
2.519139514465991
 20
12.62540795477992
 30
0.0
 40
0.1980880940538973
 50
357.16358844674
 51
120.2414257184714
  0
ARC
  5
79A
  8
EQUIPAMENTOS_MOBILIA
 10
2.519139514465991
 20
12.56256653690283
 30
0.0
 40
0.1980880940538973
 50
239.7585742815286
 51
2.836411553259985
  0
LINE
  5
79B
  8
EQUIPAMENTOS_MOBILIA
 10
2.716928544551131
 20
12.57464630974826
 30
0.0
 11
2.716928544551131
 21
12.61332818193448
 31
0.0
  0
LINE
  5
79C
  8
EQUIPAMENTOS_MOBILIA
 10
2.419373495980096
 20
12.39143607625533
 30
0.0
 11
2.419373495980096
 21
12.57898724584125
 31
0.0
  0
LINE
  5
79D
  8
EQUIPAMENTOS_MOBILIA
 10
2.447747693488409
 20
12.57898724584125
 30
0.0
 11
2.335668023234376
 21
12.57898724584125
 31
0.0
  0
LINE
  5
79E
  8
EQUIPAMENTOS_MOBILIA
 10
2.447747693488409
 20
12.60898724584125
 30
0.0
 11
2.335668023234376
 21
12.60898724584124
 31
0.0
  0
LINE
  5
79F
  8
EQUIPAMENTOS_MOBILIA
 10
2.457747693488415
 20
12.58898724584125
 30
0.0
 11
2.457747693488415
 21
12.59898724584125
 31
0.0
  0
ARC
  5
7A0
  8
EQUIPAMENTOS_MOBILIA
 10
2.447747693488409
 20
12.58898724584125
 30
0.0
 40
0.01
 50
270.0
 51
0.0000000000034604
  0
ARC
  5
7A1
  8
EQUIPAMENTOS_MOBILIA
 10
2.447747693488409
 20
12.59898724584125
 30
0.0
 40
0.01
 50
0.0000000000152667
 51
90.0
  0
LINE
  5
7A2
  8
EQUIPAMENTOS_MOBILIA
 10
2.419373495980096
 20
12.60898724584125
 30
0.0
 11
2.419373495980096
 21
12.79653841542716
 31
0.0
  0
LINE
  5
7A3
  8
EQUIPAMENTOS_MOBILIA
 10
2.330668023234367
 20
12.58398724584125
 30
0.0
 11
2.330668023234381
 21
12.60398724584125
 31
0.0
  0
ARC
  5
7A4
  8
EQUIPAMENTOS_MOBILIA
 10
2.335668023234376
 20
12.58398724584125
 30
0.0
 40
0.005
 50
179.9999999999965
 51
270.0
  0
ARC
  5
7A5
  8
EQUIPAMENTOS_MOBILIA
 10
2.335668023234376
 20
12.60398724584125
 30
0.0
 40
0.005
 50
90.0
 51
179.9999999999919
  0
LINE
  5
7A6
  8
ESQUADRIA
 10
3.745361746145541
 20
12.16414560596741
 30
0.0
 11
3.745361746145541
 21
12.11414560596742
 31
0.0
  0
LINE
  5
7A7
  8
ESQUADRIA
 10
3.595361746145542
 20
12.16414560596741
 30
0.0
 11
3.595361746145542
 21
12.11414560596742
 31
0.0
  0
LINE
  5
7A8
  8
ESQUADRIA
 10
7.450035725467039
 20
12.9141456059674
 30
0.0
 11
7.450035725467039
 21
11.7141456059674
 31
0.0
  0
LINE
  5
7A9
  8
ESQUADRIA
 10
7.400035725467042
 20
12.26414560596739
 30
0.0
 11
7.400035725467042
 21
11.71414560596739
 31
0.0
  0
ARC
  5
7AA
  8
0
  6
HIDDEN2
 10
7.274195485003034
 20
12.91414560596738
 30
0.0
 40
0.6999999999999957
 50
179.9999999999994
 51
270.0
  0
LINE
  5
7AB
  8
EQUIPAMENTOS_MOBILIA
 10
6.242173534778303
 20
12.1641456059674
 30
0.0
 11
6.242173534778303
 21
12.0141456059674
 31
0.0
  0
INSERT
  5
7AC
  8
0
  2
BACIA
 10
6.791549798096952
 20
11.7141456059674
 30
0.0
 41
-1.0
 50
270.0
  0
LINE
  5
7AD
  8
ESQUADRIA
 10
7.370035725467041
 20
12.26414560596739
 30
0.0
 11
7.370035725467034
 21
11.71414560596739
 31
0.0
  0
INSERT
  5
7AE
  8
EQUIPAMENTOS_MOBILIA
  2
CUBA
 10
5.743975636958858
 20
11.82618635253839
 30
0.0
 50
90.0
  0
LINE
  5
7AF
  8
ESQUADRIA
  6
HIDDEN2
 10
5.235361746145522
 20
12.01414560596741
 30
0.0
 11
5.235361746145522
 21
12.61414560596741
 31
0.0
  0
LINE
  5
7B0
  8
ESQUADRIA
  6
HIDDEN2
 10
5.205361746145535
 20
12.61414560596741
 30
0.0
 11
5.205361746145535
 21
12.01414560596741
 31
0.0
  0
TEXT
  5
7B1
  8
TEXTO
 10
5.435588860845165
 20
10.58839111949192
 30
0.0
 40
0.15
  1
BANHO
  0
LINE
  5
7B2
  8
PAREDE
 10
6.524195485003034
 20
10.3641456059674
 30
0.0
 11
5.295361746145531
 21
10.36414560596739
 31
0.0
  0
INSERT
  5
7B3
  8
EQUIPAMENTOS_MOBILIA
  2
CUBA
 10
5.743975636958858
 20
11.45210485939641
 30
0.0
 41
-1.0
 50
90.0
  0
LINE
  5
7B4
  8
PAREDE
 10
3.745361746145527
 20
12.11414560596741
 30
0.0
 11
3.745361746145527
 21
10.6141456059674
 31
0.0
  0
LINE
  5
7B5
  8
PAREDE
 10
3.595361746145528
 20
12.11414560596741
 30
0.0
 11
3.595361746145528
 21
10.7641456059674
 31
0.0
  0
LINE
  5
7B6
  8
PAREDE
 10
5.295361746145559
 20
11.5641456059674
 30
0.0
 11
5.295361746145531
 21
10.3641456059674
 31
0.0
  0
LINE
  5
7B7
  8
PAREDE
 10
5.145361746145532
 20
12.01414560596741
 30
0.0
 11
5.295361746145524
 21
12.01414560596741
 31
0.0
  0
LINE
  5
7B8
  8
PAREDE
 10
3.745361746145534
 20
12.11414560596741
 30
0.0
 11
3.595361746145528
 21
12.11414560596741
 31
0.0
  0
LINE
  5
7B9
  8
ESQUADRIA
  6
HIDDEN2
 10
5.205361746145535
 20
11.2641456059674
 30
0.0
 11
5.205361746145535
 21
10.66414560596741
 31
0.0
  0
LINE
  5
7BA
  8
ESQUADRIA
  6
HIDDEN2
 10
5.235361746145536
 20
10.66414560596741
 30
0.0
 11
5.235361746145536
 21
11.2641456059674
 31
0.0
  0
LINE
  5
7BB
  8
PAREDE
 10
5.145361746145539
 20
10.66414560596741
 30
0.0
 11
5.295361746145538
 21
10.66414560596741
 31
0.0
  0
LINE
  5
7BC
  8
PAREDE
 10
5.145361746145539
 20
11.2641456059674
 30
0.0
 11
5.295361746145524
 21
11.2641456059674
 31
0.0
  0
LINE
  5
7BD
  8
PAREDE
 10
5.295361746145524
 20
12.91414560596741
 30
0.0
 11
5.295361746145524
 21
11.71414560596741
 31
0.0
  0
LINE
  5
7BE
  8
EQUIPAMENTOS_MOBILIA
 10
6.242173534778303
 20
12.0141456059674
 30
0.0
 11
6.392173534778301
 21
12.0141456059674
 31
0.0
  0
LINE
  5
7BF
  8
EQUIPAMENTOS_MOBILIA
 10
6.392173534778301
 20
12.0141456059674
 30
0.0
 11
6.392173534778301
 21
11.7141456059674
 31
0.0
  0
ARC
  5
7C0
  8
0
  6
HIDDEN2
 10
7.274195485003034
 20
10.36414560596742
 30
0.0
 40
0.6999999999999957
 50
90.0
 51
180.0000000000006
  0
LINE
  5
7C1
  8
ESQUADRIA
 10
7.244195485003026
 20
10.36414560596741
 30
0.0
 11
7.244195485003026
 21
11.06350245336365
 31
0.0
  0
LINE
  5
7C2
  8
ESQUADRIA
 10
7.274195485003027
 20
10.36414560596741
 30
0.0
 11
7.274195485003027
 21
11.0641456059674
 31
0.0
  0
LINE
  5
7C3
  8
ESQUADRIA
 10
7.324195485003031
 20
10.36414560596741
 30
0.0
 11
7.244195485003026
 21
10.36414560596741
 31
0.0
  0
LINE
  5
7C4
  8
PAREDE
 10
7.695361746145544
 20
10.36414560596741
 30
0.0
 11
7.324195485003031
 21
10.36414560596739
 31
0.0
  0
LINE
  5
7C5
  8
ESQUADRIA
 10
7.41003572546704
 20
10.3641456059674
 30
0.0
 11
7.41003572546704
 21
11.01414560596741
 31
0.0
  0
LINE
  5
7C6
  8
ESQUADRIA
 10
7.41003572546704
 20
11.01414560596741
 30
0.0
 11
7.440035725467041
 21
11.01414560596741
 31
0.0
  0
LINE
  5
7C7
  8
ESQUADRIA
 10
7.440035725467041
 20
10.3641456059674
 30
0.0
 11
7.440035725467041
 21
11.01414560596741
 31
0.0
  0
LINE
  5
7C8
  8
ESQUADRIA
 10
7.400035725467042
 20
11.01414560596741
 30
0.0
 11
7.400035725467042
 21
11.56414560596741
 31
0.0
  0
LINE
  5
7C9
  8
ESQUADRIA
 10
7.370035725467041
 20
11.01414560596741
 30
0.0
 11
7.400035725467042
 21
11.01414560596741
 31
0.0
  0
LINE
  5
7CA
  8
ESQUADRIA
 10
7.370035725467041
 20
11.01414560596741
 30
0.0
 11
7.370035725467034
 21
11.56414560596741
 31
0.0
  0
INSERT
  5
7CB
  8
EQUIPAMENTOS_MOBILIA
  2
BACIA
 10
6.791549798096952
 20
11.56414560596739
 30
0.0
 50
270.0
  0
LINE
  5
7CC
  8
EQUIPAMENTOS_MOBILIA
 10
6.392173534778301
 20
11.2641456059674
 30
0.0
 11
6.392173534778301
 21
11.5641456059674
 31
0.0
  0
LINE
  5
7CD
  8
EQUIPAMENTOS_MOBILIA
 10
6.242173534778303
 20
11.2641456059674
 30
0.0
 11
6.392173534778301
 21
11.2641456059674
 31
0.0
  0
LINE
  5
7CE
  8
EQUIPAMENTOS_MOBILIA
 10
6.242173534778303
 20
11.1141456059674
 30
0.0
 11
6.242173534778303
 21
11.2641456059674
 31
0.0
  0
LINE
  5
7CF
  8
EQUIPAMENTOS_MOBILIA
 10
6.092173534778304
 20
11.1141456059674
 30
0.0
 11
6.242173534778303
 21
11.1141456059674
 31
0.0
  0
LINE
  5
7D0
  8
EQUIPAMENTOS_MOBILIA
 10
6.092173534778304
 20
10.9641456059674
 30
0.0
 11
6.092173534778304
 21
11.1141456059674
 31
0.0
  0
LINE
  5
7D1
  8
EQUIPAMENTOS_MOBILIA
 10
5.295361746145524
 20
10.9641456059674
 30
0.0
 11
6.092173534778304
 21
10.9641456059674
 31
0.0
  0
LINE
  5
7D2
  8
ESQUADRIA
 10
6.574195485003038
 20
10.36414560596741
 30
0.0
 11
6.524195485003034
 21
10.36414560596741
 31
0.0
  0
LINE
  5
7D3
  8
PAREDE
 10
6.095361746145535
 20
12.91414560596741
 30
0.0
 11
5.295361746145524
 21
12.91414560596741
 31
0.0
  0
TEXT
  5
7D4
  8
TEXTO
 10
5.422495969275026
 20
12.57267437363018
 30
0.0
 40
0.15
  1
BANHO
  0
LINE
  5
7D5
  8
PAREDE
 10
5.945361746145529
 20
13.06414560596748
 30
0.0
 11
5.045361746145524
 21
13.0641456059674
 31
0.0
  0
LINE
  5
7D6
  8
PAREDE
 10
5.145361746145539
 20
12.91414560596741
 30
0.0
 11
5.045361746145524
 21
12.91414560596741
 31
0.0
  0
LINE
  5
7D7
  8
ESQUADRIA
 10
5.045361746145524
 20
12.91414560596742
 30
0.0
 11
4.995361746145527
 21
12.91414560596742
 31
0.0
  0
LINE
  5
7D8
  8
PISO
 10
4.195361746145529
 20
12.91414560596742
 30
0.0
 11
4.995361746145527
 21
12.91414560596742
 31
0.0
  0
LINE
  5
7D9
  8
ESQUADRIA
 10
4.195361746145529
 20
12.91414560596742
 30
0.0
 11
4.145361746145532
 21
12.91414560596742
 31
0.0
  0
LINE
  5
7DA
  8
PAREDE
 10
4.145361746145532
 20
12.91414560596741
 30
0.0
 11
3.745361746145534
 21
12.91414560596741
 31
0.0
  0
LINE
  5
7DB
  8
PAREDE
 10
3.745361746145534
 20
12.91414560596741
 30
0.0
 11
3.745361746145527
 21
12.81414560596741
 31
0.0
  0
LINE
  5
7DC
  8
ESQUADRIA
 10
3.745361746145534
 20
12.81414560596741
 30
0.0
 11
3.745361746145534
 21
12.76414560596741
 31
0.0
  0
INSERT
  5
7DD
  8
PISO
  2
*X45
 10
0.0
 20
0.0
 30
0.0
  0
LINE
  5
7DE
  8
ESQUADRIA
 10
3.595361746145535
 20
12.81414560596741
 30
0.0
 11
3.595361746145535
 21
12.73414560596741
 31
0.0
  0
LINE
  5
7DF
  8
PAREDE
 10
3.595361746145528
 20
12.91414560596741
 30
0.0
 11
3.595361746145528
 21
12.81414560596741
 31
0.0
  0
LINE
  5
7E0
  8
ESQUADRIA
 10
3.745361746145534
 20
12.76414560596741
 30
0.0
 11
3.595361746145535
 21
12.76414560596741
 31
0.0
  0
LINE
  5
7E1
  8
ESQUADRIA
 10
5.045361746145524
 20
13.06414560596742
 30
0.0
 11
4.965361746145526
 21
13.06414560596742
 31
0.0
  0
LINE
  5
7E2
  8
ESQUADRIA
 10
4.995361746145527
 20
12.91414560596742
 30
0.0
 11
4.995361746145527
 21
13.06414560596742
 31
0.0
  0
LINE
  5
7E3
  8
ESQUADRIA
 10
4.195361746145529
 20
12.91414560596742
 30
0.0
 11
4.195361746145529
 21
13.06414560596742
 31
0.0
  0
LINE
  5
7E4
  8
ESQUADRIA
 10
4.995361746145527
 20
13.06414560596742
 30
0.0
 11
4.995361746145527
 21
13.86414560596742
 31
0.0
  0
LINE
  5
7E5
  8
ESQUADRIA
 10
4.965361746145526
 20
13.06414560596742
 30
0.0
 11
4.965361746145526
 21
13.86358290807434
 31
0.0
  0
LINE
  5
7E6
  8
ESQUADRIA
 10
4.195361746145529
 20
13.06414560596742
 30
0.0
 11
4.145361746145532
 21
13.06414560596742
 31
0.0
  0
LINE
  5
7E7
  8
PAREDE
 10
5.045361746145524
 20
12.91414560596742
 30
0.0
 11
5.045361746145524
 21
13.0641456059674
 31
0.0
  0
LINE
  5
7E8
  8
PAREDE
 10
5.145361746145532
 20
7.064145605967401
 30
0.0
 11
5.145361746145532
 21
12.91414560596742
 31
0.0
  0
LINE
  5
7E9
  8
PAREDE
 10
5.145361746145532
 20
12.61414560596741
 30
0.0
 11
5.295361746145524
 21
12.61414560596741
 31
0.0
  0
LINE
  5
7EA
  8
PAREDE
 10
4.145361746145532
 20
12.91414560596742
 30
0.0
 11
4.145361746145532
 21
13.06414560596741
 31
0.0
  0
LINE
  5
7EB
  8
PAREDE
 10
3.745361746145534
 20
12.81414560596741
 30
0.0
 11
3.595361746145528
 21
12.81414560596741
 31
0.0
  0
LINE
  5
7EC
  8
ESQUADRIA
 10
3.745361746145541
 20
12.16414560596741
 30
0.0
 11
3.595361746145542
 21
12.16414560596741
 31
0.0
  0
LINE
  5
7ED
  8
PAREDE
 10
7.695361746145515
 20
12.9141456059674
 30
0.0
 11
7.324195485003031
 21
12.91414560596741
 31
0.0
  0
LINE
  5
7EE
  8
ESQUADRIA
 10
7.370035725467041
 20
12.26414560596739
 30
0.0
 11
7.400035725467042
 21
12.26414560596739
 31
0.0
  0
LINE
  5
7EF
  8
ESQUADRIA
 10
7.440035725467041
 20
12.9141456059674
 30
0.0
 11
7.440035725467041
 21
12.26414560596739
 31
0.0
  0
LINE
  5
7F0
  8
ESQUADRIA
 10
7.41003572546704
 20
12.26414560596739
 30
0.0
 11
7.440035725467041
 21
12.26414560596739
 31
0.0
  0
LINE
  5
7F1
  8
ESQUADRIA
 10
7.41003572546704
 20
12.9141456059674
 30
0.0
 11
7.41003572546704
 21
12.26414560596739
 31
0.0
  0
LINE
  5
7F2
  8
ESQUADRIA
 10
7.324195485003031
 20
12.91414560596739
 30
0.0
 11
7.244195485003026
 21
12.91414560596739
 31
0.0
  0
LINE
  5
7F3
  8
ESQUADRIA
 10
7.274195485003027
 20
12.91414560596739
 30
0.0
 11
7.274195485003027
 21
12.2141456059674
 31
0.0
  0
LINE
  5
7F4
  8
ESQUADRIA
 10
6.574195485003038
 20
12.9141456059674
 30
0.0
 11
6.524195485003034
 21
12.9141456059674
 31
0.0
  0
LINE
  5
7F5
  8
PAREDE
 10
6.524195485003034
 20
12.9141456059674
 30
0.0
 11
6.095361746145535
 21
12.91414560596741
 31
0.0
  0
LINE
  5
7F6
  8
EQUIPAMENTOS_MOBILIA
 10
5.295361746145524
 20
12.3141456059674
 30
0.0
 11
6.092173534778304
 21
12.3141456059674
 31
0.0
  0
LINE
  5
7F7
  8
EQUIPAMENTOS_MOBILIA
 10
6.092173534778304
 20
12.3141456059674
 30
0.0
 11
6.092173534778304
 21
12.1641456059674
 31
0.0
  0
LINE
  5
7F8
  8
EQUIPAMENTOS_MOBILIA
 10
6.092173534778304
 20
12.1641456059674
 30
0.0
 11
6.242173534778303
 21
12.1641456059674
 31
0.0
  0
INSERT
  5
7F9
  8
PISO
  2
*X46
 10
0.0
 20
0.0
 30
0.0
  0
LINE
  5
7FA
  8
ESQUADRIA
 10
7.244195485003026
 20
12.91414560596739
 30
0.0
 11
7.244195485003026
 21
12.21478875857115
 31
0.0
  0
LINE
  5
7FB
  8
ESQUADRIA
 10
6.574195485003038
 20
13.0641456059674
 30
0.0
 11
6.524195485003034
 21
13.0641456059674
 31
0.0
  0
LINE
  5
7FC
  8
ESQUADRIA
 10
6.574195485003031
 20
13.0641456059674
 30
0.0
 11
6.574195485003038
 21
12.9141456059674
 31
0.0
  0
LINE
  5
7FD
  8
ESQUADRIA
 10
7.324195485003031
 20
13.06414560596739
 30
0.0
 11
7.274195485003027
 21
13.06414560596739
 31
0.0
  0
LINE
  5
7FE
  8
ESQUADRIA
 10
7.274195485003027
 20
13.06414560596739
 30
0.0
 11
7.274195485003027
 21
12.91414560596739
 31
0.0
  0
LINE
  5
7FF
  8
PAREDE
 10
7.324195485003031
 20
13.06414560596739
 30
0.0
 11
7.324195485003031
 21
12.91414560596739
 31
0.0
  0
LINE
  5
800
  8
PAREDE
 10
7.757493780501513
 20
13.06414560596742
 30
0.0
 11
7.324195485003031
 21
13.06414560596742
 31
0.0
  0
LINE
  5
801
  8
PAREDE
 10
6.524195485003034
 20
13.0641456059674
 30
0.0
 11
6.524195485003034
 21
12.9141456059674
 31
0.0
  0
LINE
  5
802
  8
PAREDE
 10
6.524195485003034
 20
13.0641456059674
 30
0.0
 11
6.095361746145535
 21
13.0641456059674
 31
0.0
  0
INSERT
  5
803
  8
PAREDE-HACH
  2
*U47
 10
0.0
 20
0.0
 30
0.0
  0
LINE
  5
804
  8
PAREDE
 10
14.55340215121663
 20
8.6079450291165
 30
0.0
 11
12.54536174614552
 21
10.61598543418766
 31
0.0
  0
LINE
  5
805
  8
PAREDE
 10
14.18414962589968
 20
8.76506552007752
 30
0.0
 11
12.33506954000985
 21
10.61414560596739
 31
0.0
  0
INSERT
  5
806
  8
EQUIPAMENTOS_MOBILIA
  2
SOFA3
 10
13.92355410827004
 20
9.286120509153477
 30
0.0
 50
135.0
  0
LINE
  5
807
  8
ESQUADRIA
 10
10.09536174614552
 20
10.61414560596739
 30
0.0
 11
10.09536174614552
 21
9.81414560596739
 31
0.0
  0
LINE
  5
808
  8
ESQUADRIA
 10
10.12536174614552
 20
10.61414560596739
 30
0.0
 11
10.12536174614552
 21
9.814708303860478
 31
0.0
  0
ARC
  5
809
  8
0
  6
HIDDEN2
 10
10.09536174614551
 20
10.61414560596739
 30
0.0
 40
0.7999999999999936
 50
270.0000000000002
 51
0.0
  0
LINE
  5
80A
  8
EQUIPAMENTOS_MOBILIA
 10
11.97318558988319
 20
10.1275014186702
 30
0.0
 11
12.39744965859511
 21
10.55176548738212
 31
0.0
  0
INSERT
  5
80B
  8
PAREDE-HACH
  2
*U48
 10
0.0
 20
0.0
 30
0.0
  0
LINE
  5
80C
  8
PAREDE
 10
9.945361746145515
 20
10.61414560596739
 30
0.0
 11
9.94536174614553
 21
7.214145605967407
 31
0.0
  0
LINE
  5
80D
  8
PAREDE
 10
9.795361746145524
 20
10.81414560596747
 30
0.0
 11
9.795361746145538
 21
7.2141456059674
 31
0.0
  0
LINE
  5
80E
  8
ESQUADRIA
 10
12.28929572896753
 20
7.064145605967359
 30
0.0
 11
10.28929572896752
 21
7.064145605967405
 31
0.0
  0
LINE
  5
80F
  8
EQUIPAMENTOS_MOBILIA
 10
13.03384576166299
 20
9.06684124689037
 30
0.0
 11
11.97318558988319
 21
10.1275014186702
 31
0.0
  0
TEXT
  5
810
  8
TEXTO
 10
11.2487646921526
 20
9.05542597078307
 30
0.0
 40
0.15
  1
QUARTO
  0
LINE
  5
811
  8
ESQUADRIA
 10
12.28929572896753
 20
7.124145605967358
 30
0.0
 11
10.28929572896752
 21
7.124145605967404
 31
0.0
  0
LINE
  5
812
  8
ESQUADRIA
 10
10.28929572896753
 20
7.154145605967405
 30
0.0
 11
12.28929572896753
 21
7.154145605967376
 31
0.0
  0
LINE
  5
813
  8
ESQUADRIA
 10
10.28929572896753
 20
7.214145605967404
 30
0.0
 11
12.28929572896753
 21
7.214145605967375
 31
0.0
  0
INSERT
  5
814
  8
EQUIPAMENTOS_MOBILIA
  2
CAMAS
 10
13.82342894570474
 20
9.0867991055174
 30
0.0
 50
45.0
  0
LINE
  5
815
  8
EQUIPAMENTOS_MOBILIA
 10
9.19536174614553
 20
9.7641456059674
 30
0.0
 11
9.19536174614553
 21
7.2141456059674
 31
0.0
  0
INSERT
  5
816
  8
EQUIPAMENTOS_MOBILIA
  2
CAMAS
 10
10.4228770457451
 20
7.264145605967408
 30
0.0
 50
270.0
  0
LINE
  5
817
  8
PAREDE
 10
9.94536174614553
 20
7.064145605967409
 30
0.0
 11
10.28929572896752
 21
7.064145605967401
 31
0.0
  0
LINE
  5
818
  8
PAREDE
 10
9.94536174614553
 20
7.214145605967407
 30
0.0
 11
10.28929572896753
 21
7.214145605967404
 31
0.0
  0
LINE
  5
819
  8
PAREDE
 10
9.94536174614553
 20
7.064145605967409
 30
0.0
 11
8.425546454696267
 21
7.064145605967409
 31
0.0
  0
LINE
  5
81A
  8
PAREDE
 10
8.425546454696267
 20
7.2141456059674
 30
0.0
 11
8.425546454696267
 21
7.064145605967409
 31
0.0
  0
LINE
  5
81B
  8
PAREDE
 10
9.795361746145538
 20
7.2141456059674
 30
0.0
 11
8.425546454696267
 21
7.2141456059674
 31
0.0
  0
LINE
  5
81C
  8
PAREDE
 10
10.28929572896752
 20
7.064145605967405
 30
0.0
 11
10.28929572896753
 21
7.214145605967404
 31
0.0
  0
LINE
  5
81D
  8
EQUIPAMENTOS_MOBILIA
 10
9.795361746145538
 20
9.7641456059674
 30
0.0
 11
9.19536174614553
 21
9.7641456059674
 31
0.0
  0
LINE
  5
81E
  8
ESQUADRIA
 10
14.55340215121663
 20
8.6079450291165
 30
0.0
 11
14.83624486369124
 21
8.325102316641882
 31
0.0
  0
LINE
  5
81F
  8
PAREDE
 10
14.55340215121662
 20
8.607945029116507
 30
0.0
 11
14.44733613403864
 21
8.50187901193852
 31
0.0
  0
LINE
  5
820
  8
EQUIPAMENTOS_MOBILIA
 10
15.36211471374781
 20
8.876797071890742
 30
0.0
 11
14.93785064503588
 21
8.452533003178814
 31
0.0
  0
LINE
  5
821
  8
EQUIPAMENTOS_MOBILIA
 10
15.78637878245974
 20
8.452533003178807
 30
0.0
 11
15.36211471374781
 21
8.876797071890742
 31
0.0
  0
LINE
  5
822
  8
PAREDE
 10
14.44733613403864
 20
8.50187901193852
 30
0.0
 11
14.29021564307764
 21
8.658999502899533
 31
0.0
  0
INSERT
  5
823
  8
PISO
  2
*X49
 10
0.0
 20
0.0
 30
0.0
  0
LINE
  5
824
  8
PAREDE
 10
14.18414962589968
 20
8.76506552007752
 30
0.0
 11
12.63322971178953
 21
7.214145605967368
 31
0.0
  0
LINE
  5
825
  8
PAREDE
 10
14.29021564307764
 20
8.658999502899533
 30
0.0
 11
12.69536174614547
 21
7.064145605967352
 31
0.0
  0
LINE
  5
826
  8
PAREDE-HACH
 10
12.69536174614547
 20
7.064145605967352
 30
0.0
 11
14.80565395228128
 21
7.064145605967352
 31
0.0
  0
LINE
  5
827
  8
PAREDE-HACH
 10
12.84536174614548
 20
7.214145605967368
 30
0.0
 11
14.74352191792533
 21
7.214145605967372
 31
0.0
  0
INSERT
  5
828
  8
VERDE
  2
VEG1
 10
14.32298375455327
 20
7.805273414325787
 30
0.0
 41
0.6400000000000001
 42
0.6400000000000001
 43
0.6400000000000001
  0
LINE
  5
829
  8
PAREDE
 10
12.28929572896753
 20
7.064145605967359
 30
0.0
 11
12.69536174614547
 21
7.064145605967352
 31
0.0
  0
INSERT
  5
82A
  8
VERDE
  2
VEG1
 10
13.47015767493111
 20
7.470612487434857
 30
0.0
 41
0.6400000000000001
 42
0.6400000000000001
 43
0.6400000000000001
  0
LINE
  5
82B
  8
PAREDE
 10
12.28929572896753
 20
7.214145605967375
 30
0.0
 11
12.63322971178953
 21
7.214145605967368
 31
0.0
  0
LINE
  5
82C
  8
PAREDE
 10
12.28929572896753
 20
7.064145605967362
 30
0.0
 11
12.28929572896753
 21
7.214145605967375
 31
0.0
  0
INSERT
  5
82D
  8
PAREDE-HACH
  2
*U50
 10
0.0
 20
0.0
 30
0.0
  0
LINE
  5
82E
  8
PAREDE
 10
15.80498115391682
 20
8.06347280760287
 30
0.0
 11
15.34536174614554
 21
7.603853399831604
 31
0.0
  0
LINE
  5
82F
  8
PAREDE-HACH
 10
15.34536174614554
 20
7.603853399831604
 30
0.0
 11
14.80565395228128
 21
7.064145605967352
 31
0.0
  0
LINE
  5
830
  8
ESQUADRIA
 10
14.48976254090983
 20
8.544305418809714
 30
0.0
 11
14.77260525338445
 21
8.261462706335095
 31
0.0
  0
LINE
  5
831
  8
ESQUADRIA
 10
14.51097574434544
 20
8.565518622245307
 30
0.0
 11
14.79381845682004
 21
8.282675909770688
 31
0.0
  0
LINE
  5
832
  8
ESQUADRIA
 10
14.44733613403864
 20
8.50187901193852
 30
0.0
 11
14.73017884651325
 21
8.219036299463902
 31
0.0
  0
INSERT
  5
833
  8
PAREDE-HACH
  2
*U51
 10
0.0
 20
0.0
 30
0.0
  0
LINE
  5
834
  8
PAREDE
 10
14.89281340618615
 20
8.056401739791
 30
0.0
 11
14.73017884651325
 21
8.219036299463902
 31
0.0
  0
LINE
  5
835
  8
PAREDE
 10
14.99887942336414
 20
8.162467756968987
 30
0.0
 11
14.83624486369123
 21
8.325102316641889
 31
0.0
  0
LINE
  5
836
  8
PAREDE
 10
14.99887942336414
 20
8.162467756968994
 30
0.0
 11
14.89281340618615
 21
8.056401739791
 31
0.0
  0
LINE
  5
837
  8
PAREDE
 10
14.83624486369124
 20
8.325102316641882
 30
0.0
 11
14.73017884651325
 21
8.219036299463902
 31
0.0
  0
LINE
  5
838
  8
EQUIPAMENTOS_MOBILIA
 10
14.93785064503588
 20
8.452533003178814
 30
0.0
 11
15.36211471374781
 21
8.02826893446688
 31
0.0
  0
LINE
  5
839
  8
PAREDE
 10
15.80498115391682
 20
8.063472807602864
 30
0.0
 11
15.69891513673882
 21
8.169538824780865
 31
0.0
  0
LINE
  5
83A
  8
EQUIPAMENTOS_MOBILIA
 10
15.36211471374781
 20
8.02826893446688
 30
0.0
 11
15.78637878245974
 21
8.452533003178807
 31
0.0
  0
LINE
  5
83E
  8
PAREDE-HACH
 10
15.23929572896756
 20
7.709919417009588
 30
0.0
 11
14.74352191792533
 21
7.214145605967372
 31
0.0
  0
LINE
  5
83F
  8
PAREDE
 10
15.28172213583875
 20
7.879625044494376
 30
0.0
 11
15.17565611866076
 21
7.773559027316378
 31
0.0
  0
LINE
  5
840
  8
PAREDE
 10
15.34536174614554
 20
7.603853399831604
 30
0.0
 11
15.17565611866076
 21
7.773559027316385
 31
0.0
  0
LINE
  5
841
  8
PAREDE
 10
15.34536174614554
 20
7.815985434187579
 30
0.0
 11
15.28172213583874
 21
7.879625044494376
 31
0.0
  0
LINE
  5
842
  8
ESQUADRIA
 10
14.93523981305734
 20
8.098828146662193
 30
0.0
 11
15.21808252553195
 21
7.815985434187579
 31
0.0
  0
LINE
  5
843
  8
ESQUADRIA
 10
14.95645301649294
 20
8.1200413500978
 30
0.0
 11
15.23929572896756
 21
7.837198637623183
 31
0.0
  0
LINE
  5
844
  8
ESQUADRIA
 10
14.89281340618615
 20
8.056401739791
 30
0.0
 11
15.17565611866076
 21
7.773559027316385
 31
0.0
  0
LINE
  5
845
  8
ESQUADRIA
 10
14.99887942336414
 20
8.162467756968994
 30
0.0
 11
15.28172213583875
 21
7.879625044494376
 31
0.0
  0
LINE
  5
846
  8
PAREDE
 10
15.69891513673882
 20
8.169538824780865
 30
0.0
 11
15.34536174614554
 21
7.815985434187579
 31
0.0
  0
LINE
  5
847
  8
EQUIPAMENTOS_MOBILIA
 10
13.03384576166299
 20
9.06684124689037
 30
0.0
 11
13.45810983037492
 21
9.491105315602297
 31
0.0
  0
TEXT
  5
848
  8
TEXTO
 10
14.91973044651046
 20
10.08811642796034
 30
0.0
 40
0.15
  1
SALA
  0
ARC
  5
849
  8
0
  6
HIDDEN2
 10
11.53073689912441
 20
12.87883810194135
 30
0.0
 40
0.8354355226063431
 50
12.81533367935665
 51
88.9969485481872
  0
LINE
  5
84A
  8
PAREDE
 10
12.33506954000985
 20
10.61414560596739
 30
0.0
 11
10.94536174614552
 21
10.61414560596739
 31
0.0
  0
LINE
  5
84B
  8
PAREDE
 10
12.39536174614553
 20
10.7641456059674
 30
0.0
 11
10.94536174614552
 21
10.7641456059674
 31
0.0
  0
INSERT
  5
84C
  8
EQUIPAMENTOS_MOBILIA
  2
CHUVEIRO
 10
7.869490930360193
 20
11.7141456059674
 30
0.0
 41
-1.0
 50
270.0
  0
LINE
  5
84D
  8
ESQUADRIA
 10
9.18249378050146
 20
11.85127764032337
 30
0.0
 11
8.616808355552273
 21
12.41696306527265
 31
0.0
  0
LINE
  5
84E
  8
ESQUADRIA
 10
9.20370698393706
 20
11.87249084375896
 30
0.0
 11
8.638419446483823
 21
12.43777838121229
 31
0.0
  0
LINE
  5
84F
  8
PAREDE
 10
10.04536174614552
 20
10.76414560596739
 30
0.0
 11
9.945361746145515
 21
10.7641456059674
 31
0.0
  0
LINE
  5
850
  8
PAREDE
 10
10.04536174614552
 20
10.61414560596739
 30
0.0
 11
9.945361746145522
 21
10.61414560596739
 31
0.0
  0
INSERT
  5
851
  8
EQUIPAMENTOS_MOBILIA
  2
CHUVEIRO
 10
7.879156455486559
 20
11.5641456059674
 30
0.0
 50
270.0
  0
LINE
  5
852
  8
ESQUADRIA
 10
9.253204458620097
 20
11.56843492784875
 30
0.0
 11
9.288559797679433
 21
11.53307958878943
 31
0.0
  0
LINE
  5
853
  8
ESQUADRIA
 10
9.14713844144213
 20
11.46236891067076
 30
0.0
 11
9.20370698393706
 21
11.40580036817584
 31
0.0
  0
LINE
  5
854
  8
ESQUADRIA
 10
9.288559797679433
 20
11.53307958878943
 30
0.0
 11
9.18249378050146
 21
11.42701357161143
 31
0.0
  0
LINE
  5
855
  8
ESQUADRIA
 10
9.854245222628712
 20
10.96739416384023
 30
0.0
 11
9.74817920545074
 21
10.86132814666225
 31
0.0
  0
LINE
  5
856
  8
ESQUADRIA
 10
9.18249378050146
 20
11.42701357161143
 30
0.0
 11
8.616808355552273
 21
10.86132814666215
 31
0.0
  0
LINE
  5
857
  8
ESQUADRIA
 10
9.20370698393706
 20
11.40580036817584
 30
0.0
 11
8.638419446483823
 21
10.84051283072251
 31
0.0
  0
LINE
  5
858
  8
ESQUADRIA
 10
9.74817920545074
 20
10.86132814666225
 30
0.0
 11
9.783534544510069
 21
10.82597280760292
 31
0.0
  0
LINE
  5
859
  8
ESQUADRIA
 10
9.854245222628712
 20
10.96739416384024
 30
0.0
 11
9.889600561688042
 21
10.93203882478091
 31
0.0
  0
ARC
  5
85A
  8
0
  6
HIDDEN2
 10
9.182493780501453
 20
11.42701357161144
 30
0.0
 40
0.7999999999999936
 50
225.000000000005
 51
315.0000000000047
  0
LINE
  5
85B
  8
ESQUADRIA
 10
9.253204458620097
 20
11.70985628408605
 30
0.0
 11
9.288559797679433
 21
11.74521162314537
 31
0.0
  0
LINE
  5
85C
  8
ESQUADRIA
 10
9.14713844144213
 20
11.81592230126404
 30
0.0
 11
9.20370698393706
 21
11.87249084375896
 31
0.0
  0
LINE
  5
85D
  8
ESQUADRIA
 10
9.288559797679433
 20
11.74521162314537
 30
0.0
 11
9.18249378050146
 21
11.85127764032337
 31
0.0
  0
LINE
  5
85E
  8
PAREDE
 10
9.25320445862009
 20
11.70985628408606
 30
0.0
 11
9.253204458620097
 21
11.56843492784875
 31
0.0
  0
LINE
  5
85F
  8
PAREDE
 10
9.889600561688049
 20
10.9320388247809
 30
0.0
 11
9.783534544510069
 21
10.82597280760292
 31
0.0
  0
LINE
  5
860
  8
PAREDE
 10
9.889600561688049
 20
10.9320388247809
 30
0.0
 11
9.945361746145515
 21
10.87627764032343
 31
0.0
  0
LINE
  5
861
  8
PAREDE
 10
9.783534544510069
 20
10.82597280760292
 30
0.0
 11
9.795361746145524
 21
10.81414560596747
 31
0.0
  0
LINE
  5
862
  8
PAREDE
 10
9.253204458620097
 20
11.56843492784875
 30
0.0
 11
9.147138441442117
 21
11.46236891067075
 31
0.0
  0
LINE
  5
863
  8
PAREDE
 10
9.147138441442102
 20
11.46236891067076
 30
0.0
 11
9.076427763323458
 21
11.53307958878941
 31
0.0
  0
LINE
  5
864
  8
PAREDE
 10
9.147138441442102
 20
11.81592230126404
 30
0.0
 11
9.076427763323458
 21
11.74521162314539
 31
0.0
  0
LINE
  5
865
  8
PAREDE
 10
9.253204458620097
 20
11.70985628408605
 30
0.0
 11
9.147138441442117
 21
11.81592230126405
 31
0.0
  0
LINE
  5
866
  8
PAREDE
 10
9.945361746145515
 20
10.87627764032343
 30
0.0
 11
9.945361746145515
 21
10.7641456059674
 31
0.0
  0
LINE
  5
867
  8
ESQUADRIA
 10
10.04536174614552
 20
10.76414560596739
 30
0.0
 11
10.09536174614552
 21
10.76414560596739
 31
0.0
  0
LINE
  5
868
  8
ESQUADRIA
 10
10.04536174614552
 20
10.61414560596739
 30
0.0
 11
10.12536174614552
 21
10.61414560596739
 31
0.0
  0
LINE
  5
869
  8
ESQUADRIA
 10
10.09536174614552
 20
10.76414560596739
 30
0.0
 11
10.09536174614552
 21
10.61414560596739
 31
0.0
  0
LINE
  5
86A
  8
ESQUADRIA
 10
10.89536174614552
 20
10.76414560596739
 30
0.0
 11
10.89536174614551
 21
10.61414560596739
 31
0.0
  0
LINE
  5
86B
  8
ESQUADRIA
 10
10.89536174614551
 20
10.61414560596739
 30
0.0
 11
10.94536174614552
 21
10.61414560596739
 31
0.0
  0
LINE
  5
86C
  8
ESQUADRIA
 10
10.89536174614551
 20
10.76414560596739
 30
0.0
 11
10.94536174614552
 21
10.76414560596739
 31
0.0
  0
LINE
  5
86D
  8
PAREDE
 10
10.94536174614552
 20
10.7641456059674
 30
0.0
 11
10.94536174614552
 21
10.61414560596739
 31
0.0
  0
LINE
  5
86E
  8
PAREDE
 10
10.04536174614552
 20
10.7641456059674
 30
0.0
 11
10.04536174614552
 21
10.61414560596739
 31
0.0
  0
TEXT
  5
86F
  8
TEXTO
 10
10.76396226272421
 20
11.93673607082678
 30
0.0
 40
0.15
  1
HALL
  0
LINE
  5
870
  8
PAREDE
 10
10.34536174614552
 20
12.91414560596738
 30
0.0
 11
9.94536174614553
 21
12.91414560596738
 31
0.0
  0
LINE
  5
871
  8
PAREDE
 10
10.34536174614552
 20
13.06414560596742
 30
0.0
 11
9.94536174614553
 21
13.06414560596742
 31
0.0
  0
LINE
  5
872
  8
ESQUADRIA
 10
9.854245222628712
 20
12.31089704809457
 30
0.0
 11
9.74817920545074
 21
12.41696306527255
 31
0.0
  0
LINE
  5
873
  8
ESQUADRIA
 10
9.74817920545074
 20
12.41696306527255
 30
0.0
 11
9.783534544510069
 21
12.45231840433188
 31
0.0
  0
LINE
  5
874
  8
ESQUADRIA
 10
9.854245222628712
 20
12.31089704809456
 30
0.0
 11
9.889600561688042
 21
12.34625238715389
 31
0.0
  0
ARC
  5
875
  8
0
  6
HIDDEN2
 10
9.182493780501453
 20
11.85127764032336
 30
0.0
 40
0.7999999999999936
 50
44.99999999999525
 51
134.999999999995
  0
LINE
  5
876
  8
PAREDE
 10
9.783534544510069
 20
12.45231840433188
 30
0.0
 11
9.795361746145524
 21
12.46414560596733
 31
0.0
  0
LINE
  5
877
  8
PAREDE
 10
9.889600561688049
 20
12.3462523871539
 30
0.0
 11
9.94536174614553
 21
12.40201357161138
 31
0.0
  0
LINE
  5
878
  8
PAREDE
 10
9.94536174614553
 20
12.41414560596739
 30
0.0
 11
9.94536174614553
 21
12.40201357161138
 31
0.0
  0
LINE
  5
879
  8
PAREDE
 10
9.889600561688049
 20
12.3462523871539
 30
0.0
 11
9.783534544510069
 21
12.45231840433188
 31
0.0
  0
LINE
  5
87A
  8
PAREDE
 10
9.94536174614553
 20
12.91414560596738
 30
0.0
 11
9.94536174614553
 21
12.40201357161138
 31
0.0
  0
LINE
  5
87B
  8
EQUIPAMENTOS_MOBILIA
 10
9.19536174614553
 20
13.51414560596739
 30
0.0
 11
9.795361746145531
 21
13.51414560596739
 31
0.0
  0
TEXT
  5
87C
  8
TEXTO
 10
8.264130930185921
 20
13.61354359507795
 30
0.0
 40
0.15
  1
SUÍTE
  0
LINE
  5
87D
  8
EQUIPAMENTOS_MOBILIA
 10
10.34536174614552
 20
13.45939621070692
 30
0.0
 11
10.44536174614553
 21
13.55939621070694
 31
0.0
  0
LINE
  5
87E
  8
EQUIPAMENTOS_MOBILIA
 10
10.34536174614551
 20
13.06414560596739
 30
0.0
 11
10.34536174614552
 21
13.45939621070692
 31
0.0
  0
LINE
  5
87F
  8
ESQUADRIA
 10
10.39536174614552
 20
13.06414560596739
 30
0.0
 11
10.34536174614551
 21
13.06414560596739
 31
0.0
  0
LINE
  5
880
  8
ESQUADRIA
 10
11.09536174614551
 20
13.06414560596739
 30
0.0
 11
11.09536174614551
 21
13.76414560596739
 31
0.0
  0
LINE
  5
881
  8
ESQUADRIA
 10
11.14536174614551
 20
13.06414560596739
 30
0.0
 11
11.06536174614551
 21
13.06414560596739
 31
0.0
  0
LINE
  5
882
  8
PAREDE
 10
11.24536174614553
 20
13.06414560596742
 30
0.0
 11
11.14536174614552
 21
13.06414560596742
 31
0.0
  0
INSERT
  5
883
  8
PISO
  2
*X52
 10
0.0
 20
0.0
 30
0.0
  0
LINE
  5
884
  8
ESQUADRIA
 10
11.06536174614551
 20
13.06414560596739
 30
0.0
 11
11.06536174614551
 21
13.76350245336362
 31
0.0
  0
LINE
  5
885
  8
ESQUADRIA
 10
11.57536174614554
 20
13.06414560596738
 30
0.0
 11
11.57536174614554
 21
13.71358290807428
 31
0.0
  0
LINE
  5
886
  8
ESQUADRIA
 10
10.39536174614552
 20
12.91414560596739
 30
0.0
 11
10.34536174614551
 21
12.91414560596739
 31
0.0
  0
LINE
  5
887
  8
ESQUADRIA
 10
10.39536174614551
 20
12.91414560596739
 30
0.0
 11
10.39536174614552
 21
13.06414560596739
 31
0.0
  0
LINE
  5
888
  8
ESQUADRIA
 10
11.14536174614551
 20
12.91414560596739
 30
0.0
 11
11.09536174614551
 21
12.91414560596739
 31
0.0
  0
LINE
  5
889
  8
ESQUADRIA
 10
11.09536174614551
 20
12.91414560596739
 30
0.0
 11
11.09536174614551
 21
13.06414560596739
 31
0.0
  0
LINE
  5
88A
  8
ESQUADRIA
 10
11.49536174614554
 20
12.91414560596738
 30
0.0
 11
11.54536174614554
 21
12.91414560596738
 31
0.0
  0
LINE
  5
88B
  8
ESQUADRIA
 10
11.49536174614554
 20
13.06414560596738
 30
0.0
 11
11.57536174614554
 21
13.06414560596738
 31
0.0
  0
LINE
  5
88C
  8
ESQUADRIA
 10
11.54536174614554
 20
12.91414560596738
 30
0.0
 11
11.54536174614554
 21
13.06414560596738
 31
0.0
  0
LINE
  5
88D
  8
ESQUADRIA
 10
11.54536174614554
 20
12.91414560596736
 30
0.0
 11
11.54536174614554
 21
13.71414560596735
 31
0.0
  0
LINE
  5
88E
  8
PAREDE
 10
11.49536174614554
 20
12.91414560596739
 30
0.0
 11
11.14536174614552
 21
12.91414560596739
 31
0.0
  0
LINE
  5
88F
  8
PAREDE
 10
11.49536174614554
 20
13.06414560596741
 30
0.0
 11
11.39536174614553
 21
13.06414560596741
 31
0.0
  0
LINE
  5
890
  8
PAREDE
 10
11.49536174614554
 20
13.06414560596741
 30
0.0
 11
11.49536174614554
 21
12.91414560596738
 31
0.0
  0
LINE
  5
891
  8
PAREDE
 10
10.34536174614552
 20
13.06414560596742
 30
0.0
 11
10.34536174614552
 21
12.91414560596739
 31
0.0
  0
LINE
  5
892
  8
PAREDE
 10
11.14536174614552
 20
13.06414560596742
 30
0.0
 11
11.14536174614551
 21
12.91414560596739
 31
0.0
  0
INSERT
  5
893
  8
EQUIPAMENTOS_MOBILIA
  2
TV
 10
15.78516338370461
 20
12.5743246780473
 30
0.0
 50
239.5054374019884
  0
LINE
  5
894
  8
PAREDE
 10
12.54536174614552
 20
10.7641456059674
 30
0.0
 11
12.54536174614555
 21
12.06414560596738
 31
0.0
  0
LINE
  5
895
  8
PAREDE
 10
12.54536174614552
 20
10.7641456059674
 30
0.0
 11
12.54536174614552
 21
10.61598543418766
 31
0.0
  0
LINE
  5
896
  8
PAREDE
 10
12.39536174614553
 20
12.06414560596739
 30
0.0
 11
12.39536174614553
 21
10.7641456059674
 31
0.0
  0
LINE
  5
897
  8
PAREDE
 10
12.39536174614556
 20
12.06414560596739
 30
0.0
 11
12.54536174614555
 21
12.06414560596738
 31
0.0
  0
LINE
  5
898
  8
PAREDE
 10
12.54536174614555
 20
12.0641456059674
 30
0.0
 11
12.39536174614557
 21
12.06414560596739
 31
0.0
  0
INSERT
  5
899
  8
EQUIPAMENTOS_MOBILIA
  2
SOFA2
 10
12.60512921116715
 20
11.29447904933294
 30
0.0
 50
90.0
  0
POLYLINE
  5
89A
  8
EQUIPAMENTOS_MOBILIA
 66
     1
 10
0.0
 20
0.0
 30
0.0
 70
     1
  0
VERTEX
  5
10B5
  8
EQUIPAMENTOS_MOBILIA
 10
15.00125286336101
 20
10.71575853544426
 30
0.0
 42
1.0
  0
VERTEX
  5
10B6
  8
EQUIPAMENTOS_MOBILIA
 10
15.601252863361
 20
10.71575853544426
 30
0.0
 42
1.0
  0
SEQEND
  5
11A8
  8
EQUIPAMENTOS_MOBILIA
  0
LINE
  5
89B
  8
PAREDE
 10
14.99536174614553
 20
13.06414560596742
 30
0.0
 11
12.39536174614553
 21
13.06414560596742
 31
0.0
  0
LINE
  5
89C
  8
PAREDE
 10
15.90405582385811
 20
12.91414560596743
 30
0.0
 11
12.39536174614553
 21
12.9141456059674
 31
0.0
  0
LINE
  5
89D
  8
ESQUADRIA
 10
12.34536174614554
 20
12.91414560596738
 30
0.0
 11
12.34536174614554
 21
13.06414560596738
 31
0.0
  0
LINE
  5
89E
  8
ESQUADRIA
 10
12.34536174614554
 20
13.06414560596738
 30
0.0
 11
12.39536174614553
 21
13.06414560596738
 31
0.0
  0
LINE
  5
89F
  8
ESQUADRIA
 10
12.34536174614554
 20
12.91414560596738
 30
0.0
 11
12.39536174614553
 21
12.91414560596738
 31
0.0
  0
LINE
  5
8A0
  8
PAREDE
 10
12.39536174614553
 20
13.06414560596742
 30
0.0
 11
12.39536174614553
 21
12.9141456059674
 31
0.0
  0
LINE
  5
8A1
  8
PAREDE
 10
15.96618785821408
 20
13.06414560596743
 30
0.0
 11
15.14536174614553
 21
13.06414560596742
 31
0.0
  0
LINE
  5
8A2
  8
ESQUADRIA
 10
6.945361746145529
 20
16.15414560596739
 30
0.0
 11
8.94536174614553
 21
16.15414560596739
 31
0.0
  0
LINE
  5
8A3
  8
ESQUADRIA
 10
8.94536174614553
 20
16.12414560596736
 30
0.0
 11
6.945361746145529
 21
16.12414560596739
 31
0.0
  0
LINE
  5
8A4
  8
ESQUADRIA
 10
8.94536174614553
 20
16.06414560596735
 30
0.0
 11
6.945361746145529
 21
16.06414560596738
 31
0.0
  0
LINE
  5
8A5
  8
ESQUADRIA
 10
6.945361746145529
 20
16.2141456059674
 30
0.0
 11
8.94536174614553
 21
16.2141456059674
 31
0.0
  0
LINE
  5
8A6
  8
ESQUADRIA
 10
3.120361746145527
 20
16.15414560596739
 30
0.0
 11
5.120361746145527
 21
16.15414560596739
 31
0.0
  0
LINE
  5
8A7
  8
ESQUADRIA
 10
5.12036174614552
 20
16.12414560596743
 30
0.0
 11
3.120361746145534
 21
16.12414560596736
 31
0.0
  0
LINE
  5
8A8
  8
ESQUADRIA
 10
5.120361746145527
 20
16.06414560596743
 30
0.0
 11
3.120361746145534
 21
16.06414560596736
 31
0.0
  0
LINE
  5
8A9
  8
ESQUADRIA
 10
3.120361746145527
 20
16.2141456059674
 30
0.0
 11
5.120361746145527
 21
16.2141456059674
 31
0.0
  0
LINE
  5
8AA
  8
PAREDE
 10
3.120361746145527
 20
16.2141456059674
 30
0.0
 11
3.120361746145527
 21
16.06414560596734
 31
0.0
  0
LINE
  5
8AB
  8
PAREDE
 10
2.295361746145531
 20
16.06414560596734
 30
0.0
 11
3.120361746145534
 21
16.06414560596736
 31
0.0
  0
LINE
  5
8AC
  8
PAREDE
 10
2.145361746145532
 20
16.2141456059674
 30
0.0
 11
3.120361746145527
 21
16.2141456059674
 31
0.0
  0
LINE
  5
8AD
  8
EQUIPAMENTOS_MOBILIA
 10
4.750740390542926
 20
16.06414560596739
 30
0.0
 11
4.750740390542926
 21
15.46414560596739
 31
0.0
  0
LINE
  5
8AE
  8
EQUIPAMENTOS_MOBILIA
 10
3.489983101748134
 20
16.06414560596737
 30
0.0
 11
3.489983101748134
 21
15.46414560596736
 31
0.0
  0
INSERT
  5
8AF
  8
EQUIPAMENTOS_MOBILIA
  2
CAMAS
 10
5.478103604189933
 20
16.04945078820475
 30
0.0
 50
90.0
  0
LINE
  5
8B0
  8
EQUIPAMENTOS_MOBILIA
 10
3.489983101748134
 20
15.46414560596736
 30
0.0
 11
4.750740390542926
 21
15.46414560596739
 31
0.0
  0
LINE
  5
8B1
  8
PAREDE
 10
5.120361746145527
 20
16.06414560596741
 30
0.0
 11
5.945361746145529
 21
16.06414560596743
 31
0.0
  0
LINE
  5
8B2
  8
PAREDE
 10
5.120361746145527
 20
16.2141456059674
 30
0.0
 11
6.945361746145529
 21
16.2141456059674
 31
0.0
  0
LINE
  5
8B3
  8
PAREDE
 10
5.120361746145527
 20
16.2141456059674
 30
0.0
 11
5.120361746145527
 21
16.0641456059674
 31
0.0
  0
LINE
  5
8B4
  8
PAREDE
 10
6.945361746145529
 20
16.06414560596738
 30
0.0
 11
6.095361746145535
 21
16.0641456059674
 31
0.0
  0
LINE
  5
8B5
  8
PAREDE
 10
6.945361746145529
 20
16.2141456059674
 30
0.0
 11
6.945361746145529
 21
16.06414560596738
 31
0.0
  0
LINE
  5
8B6
  8
PAREDE
 10
12.19536174614553
 20
16.0641456059674
 30
0.0
 11
11.39536174614553
 21
16.06414560596739
 31
0.0
  0
INSERT
  5
8B7
  8
EQUIPAMENTOS_MOBILIA
  2
CAMAS
 10
11.86736811845763
 20
16.05140371352476
 30
0.0
 50
90.0
  0
INSERT
  5
8B8
  8
EQUIPAMENTOS_MOBILIA
  2
CHUVEIRO
 10
9.945361746145522
 20
15.63724018759449
 30
0.0
  0
LINE
  5
8B9
  8
PAREDE
 10
9.795361746145524
 20
16.0641456059674
 30
0.0
 11
9.795361746145524
 21
14.38450956189789
 31
0.0
  0
INSERT
  5
8BA
  8
EQUIPAMENTOS_MOBILIA
  2
BACIA
 10
9.94536174614553
 20
14.80967539653298
 30
0.0
  0
LINE
  5
8BB
  8
EQUIPAMENTOS_MOBILIA
 10
10.44536174614552
 20
14.38450956189788
 30
0.0
 11
9.94536174614553
 21
14.38450956189789
 31
0.0
  0
LINE
  5
8BC
  8
ESQUADRIA
 10
10.59536174614552
 20
15.26508854824641
 30
0.0
 11
9.94536174614553
 21
15.26508854824642
 31
0.0
  0
LINE
  5
8BD
  8
ESQUADRIA
 10
10.59536174614552
 20
15.23508854824641
 30
0.0
 11
9.94536174614553
 21
15.23508854824642
 31
0.0
  0
LINE
  5
8BE
  8
ESQUADRIA
 10
10.59536174614552
 20
15.26508854824641
 30
0.0
 11
10.59536174614552
 21
15.23508854824641
 31
0.0
  0
LINE
  5
8BF
  8
ESQUADRIA
 10
11.24536174614553
 20
15.19508854824641
 30
0.0
 11
10.59536174614552
 21
15.19508854824641
 31
0.0
  0
LINE
  5
8C0
  8
ESQUADRIA
 10
10.59536174614552
 20
15.22508854824641
 30
0.0
 11
10.59536174614552
 21
15.19508854824641
 31
0.0
  0
LINE
  5
8C1
  8
ESQUADRIA
 10
11.24536174614553
 20
15.22508854824641
 30
0.0
 11
10.59536174614552
 21
15.22508854824641
 31
0.0
  0
TEXT
  5
8C2
  8
TEXTO
 10
10.31559789886003
 20
14.43688409655584
 30
0.0
 40
0.15
  1
BANHO
  0
LINE
  5
8C3
  8
PAREDE
 10
8.94536174614553
 20
16.2141456059674
 30
0.0
 11
8.94536174614553
 21
16.06414560596735
 31
0.0
  0
LINE
  5
8C4
  8
PAREDE
 10
9.795361746145524
 20
16.06414560596734
 30
0.0
 11
8.94536174614553
 21
16.06414560596735
 31
0.0
  0
LINE
  5
8C5
  8
PAREDE
 10
11.24536174614553
 20
16.06414560596739
 30
0.0
 11
9.945361746145522
 21
16.06414560596739
 31
0.0
  0
LINE
  5
8C6
  8
ESQUADRIA
  6
HIDDEN2
 10
10.82629132750672
 20
16.12414560596739
 30
0.0
 11
10.22629132750672
 21
16.12414560596739
 31
0.0
  0
LINE
  5
8C7
  8
ESQUADRIA
  6
HIDDEN2
 10
10.82629132750672
 20
16.15414560596739
 30
0.0
 11
10.22629132750672
 21
16.15414560596739
 31
0.0
  0
LINE
  5
8C8
  8
PAREDE
 10
8.94536174614553
 20
16.2141456059674
 30
0.0
 11
12.19536174614552
 21
16.2141456059674
 31
0.0
  0
LINE
  5
8C9
  8
ESQUADRIA
  6
HIDDEN2
 10
10.22629132750672
 20
16.21414560596739
 30
0.0
 11
10.22629132750672
 21
16.06414560596739
 31
0.0
  0
LINE
  5
8CA
  8
ESQUADRIA
  6
HIDDEN2
 10
10.82629132750672
 20
16.21414560596739
 30
0.0
 11
10.82629132750672
 21
16.06414560596739
 31
0.0
  0
LINE
  5
8CB
  8
EQUIPAMENTOS_MOBILIA
 10
13.9187740408156
 20
15.46414560596738
 30
0.0
 11
13.9187740408156
 21
16.06414560596738
 31
0.0
  0
LINE
  5
8CC
  8
EQUIPAMENTOS_MOBILIA
 10
12.4187740408156
 20
15.4641456059674
 30
0.0
 11
12.4187740408156
 21
16.06414560596739
 31
0.0
  0
INSERT
  5
8CD
  8
EQUIPAMENTOS_MOBILIA
  2
CAMAS
 10
14.51921085763302
 20
16.05140371352476
 30
0.0
 50
90.0
  0
LINE
  5
8CE
  8
EQUIPAMENTOS_MOBILIA
 10
13.9187740408156
 20
15.46414560596738
 30
0.0
 11
12.4187740408156
 21
15.4641456059674
 31
0.0
  0
TEXT
  5
8CF
  8
TEXTO
 10
12.62176156521054
 20
14.74620448547567
 30
0.0
 40
0.15
  1
QUARTO
  0
LINE
  5
8D0
  8
PAREDE
 10
14.99536174614553
 20
16.06414560596738
 30
0.0
 11
14.19536174614554
 21
16.06414560596738
 31
0.0
  0
LINE
  5
8D1
  8
PAREDE
 10
16.52036174614553
 20
16.21414560596738
 30
0.0
 11
14.19536174614554
 21
16.2141456059674
 31
0.0
  0
LINE
  5
8D2
  8
ESQUADRIA
 10
14.19536174614554
 20
16.12414560596739
 30
0.0
 11
12.19536174614553
 21
16.1241456059674
 31
0.0
  0
LINE
  5
8D3
  8
ESQUADRIA
 10
12.19536174614553
 20
16.15414560596741
 30
0.0
 11
14.19536174614553
 21
16.1541456059674
 31
0.0
  0
LINE
  5
8D4
  8
ESQUADRIA
 10
14.19536174614554
 20
16.06414560596738
 30
0.0
 11
12.19536174614553
 21
16.0641456059674
 31
0.0
  0
LINE
  5
8D5
  8
ESQUADRIA
 10
12.19536174614553
 20
16.21414560596741
 30
0.0
 11
14.19536174614553
 21
16.2141456059674
 31
0.0
  0
LINE
  5
8D6
  8
PAREDE
 10
12.19536174614553
 20
16.21414560596742
 30
0.0
 11
12.19536174614553
 21
16.0641456059674
 31
0.0
  0
LINE
  5
8D7
  8
PAREDE
 10
14.19536174614553
 20
16.2141456059674
 30
0.0
 11
14.19536174614554
 21
16.06414560596738
 31
0.0
  0
LINE
  5
8D8
  8
PAREDE
 10
16.52036174614553
 20
16.0641456059674
 30
0.0
 11
15.14536174614553
 21
16.0641456059674
 31
0.0
  0
LINE
  5
8D9
  8
PAREDE
 10
16.52036174614553
 20
16.21414560596738
 30
0.0
 11
16.52036174614553
 21
16.0641456059674
 31
0.0
  0
LINE
  5
8DA
  8
PISO
 10
21.04536174614553
 20
10.6141456059674
 30
0.0
 11
21.04536174614553
 21
4.114145605967438
 31
0.0
  0
INSERT
  5
8DB
  8
PAREDE-HACH
  2
*U53
 10
0.0
 20
0.0
 30
0.0
  0
LINE
  5
8DC
  8
PAREDE
 10
21.04536174614553
 20
4.414145605967438
 30
0.0
 11
20.74536174614553
 21
4.414145605967438
 31
0.0
  0
LINE
  5
8DD
  8
PAREDE
 10
21.04536174614553
 20
4.114145605967438
 30
0.0
 11
20.74536174614553
 21
4.114145605967441
 31
0.0
  0
LINE
  5
8DE
  8
PAREDE
 10
20.74536174614553
 20
4.114145605967441
 30
0.0
 11
21.04536174614553
 21
4.114145605967438
 31
0.0
  0
LINE
  5
8DF
  8
PAREDE
 10
20.74536174614553
 20
4.414145605967438
 30
0.0
 11
20.74536174614553
 21
4.114145605967441
 31
0.0
  0
LINE
  5
8E0
  8
PAREDE
 10
21.04536174614553
 20
4.114145605967438
 30
0.0
 11
21.04536174614553
 21
4.414145605967438
 31
0.0
  0
LINE
  5
8E1
  8
ESQUADRIA
 10
20.89536174614553
 20
14.4141456059674
 30
0.0
 11
20.89536174614553
 21
12.4141456059674
 31
0.0
  0
INSERT
  5
8E2
  8
0
  2
MESA8C
 10
19.23004314270116
 20
11.91297465057949
 30
0.0
  0
LINE
  5
8E3
  8
ESQUADRIA
 10
20.95536174614553
 20
14.4141456059674
 30
0.0
 11
20.95536174614553
 21
12.4141456059674
 31
0.0
  0
LINE
  5
8E4
  8
ESQUADRIA
 10
20.98536174614554
 20
12.41414560596739
 30
0.0
 11
20.98536174614554
 21
14.4141456059674
 31
0.0
  0
LINE
  5
8E5
  8
ESQUADRIA
 10
21.04536174614553
 20
12.41414560596739
 30
0.0
 11
21.04536174614553
 21
14.4141456059674
 31
0.0
  0
INSERT
  5
8E6
  8
PISO
  2
*X54
 10
0.0
 20
0.0
 30
0.0
  0
ARC
  5
8E7
  8
0
  6
HIDDEN2
 10
18.06772285371385
 20
10.53834654175569
 30
0.0
 40
0.7999999999999936
 50
134.9999999999993
 51
224.999999999999
  0
INSERT
  5
8E8
  8
PAREDE-HACH
  2
*U55
 10
0.0
 20
0.0
 30
0.0
  0
LINE
  5
8E9
  8
PAREDE
 10
21.04536174614553
 20
7.364145605967413
 30
0.0
 11
20.74536174614553
 21
7.364145605967416
 31
0.0
  0
LINE
  5
8EA
  8
PAREDE
 10
21.04536174614553
 20
7.664145605967414
 30
0.0
 11
20.74536174614553
 21
7.664145605967414
 31
0.0
  0
LINE
  5
8EB
  8
PAREDE
 10
20.74536174614553
 20
7.664145605967414
 30
0.0
 11
20.74536174614553
 21
7.364145605967416
 31
0.0
  0
LINE
  5
8EC
  8
ESQUADRIA
 10
17.60810344594259
 20
9.866595099628476
 30
0.0
 11
17.57274810688326
 21
9.831239760569147
 31
0.0
  0
LINE
  5
8ED
  8
PAREDE
 10
17.57274810688325
 20
9.831239760569169
 30
0.0
 11
17.21919471628996
 21
9.477686369975913
 31
0.0
  0
LINE
  5
8EE
  8
ESQUADRIA
 10
17.60810344594259
 20
9.866595099628476
 30
0.0
 11
17.50203742876462
 21
9.972661116806457
 31
0.0
  0
LINE
  5
8EF
  8
PAREDE
 10
17.21919471628996
 20
9.477686369975913
 30
0.0
 11
17.11312869911191
 21
9.583752387153964
 31
0.0
  0
LINE
  5
8F0
  8
ESQUADRIA
 10
17.50203742876462
 20
9.972661116806457
 30
0.0
 11
17.46668208970528
 21
9.937305777747135
 31
0.0
  0
LINE
  5
8F1
  8
PAREDE
 10
17.46668208970518
 20
9.937305777747234
 30
0.0
 11
17.11312869911192
 21
9.583752387153957
 31
0.0
  0
LINE
  5
8F2
  8
PAREDE
 10
17.57274810688325
 20
9.831239760569161
 30
0.0
 11
17.46668208970518
 21
9.937305777747234
 31
0.0
  0
LINE
  5
8F3
  8
PAREDE
 10
21.04536174614553
 20
7.364145605967413
 30
0.0
 11
21.04536174614553
 21
7.664145605967414
 31
0.0
  0
INSERT
  5
8F4
  8
PAREDE-HACH
  2
*U56
 10
0.0
 20
0.0
 30
0.0
  0
LINE
  5
8F5
  8
PAREDE
 10
21.04536174614553
 20
10.6141456059674
 30
0.0
 11
18.3556539522813
 21
10.61414560596739
 31
0.0
  0
LINE
  5
8F6
  8
PAREDE
 10
21.04536174614553
 20
12.41414560596739
 30
0.0
 11
20.89536174614553
 21
12.4141456059674
 31
0.0
  0
LINE
  5
8F7
  8
PAREDE
 10
16.95409041239315
 20
12.07624305178834
 30
0.0
 11
17.62067737563743
 21
12.74283001503262
 31
0.0
  0
LINE
  5
8F8
  8
PAREDE
 10
17.06015642957113
 20
11.97017703461035
 30
0.0
 11
17.72674339281541
 21
12.63676399785464
 31
0.0
  0
LINE
  5
8F9
  8
ESQUADRIA
 10
17.13086710768979
 20
11.89946635649169
 30
0.0
 11
17.69655253263903
 21
12.46515178144092
 31
0.0
  0
ARC
  5
8FA
  8
0
  6
HIDDEN2
 10
17.13086710768978
 20
11.8994663564917
 30
0.0
 40
0.7999999999999936
 50
314.999999999999
 51
44.99999999999878
  0
LINE
  5
8FB
  8
PAREDE
 10
20.89536174614553
 20
10.76414560596739
 30
0.0
 11
20.89536174614553
 21
12.4141456059674
 31
0.0
  0
LINE
  5
8FC
  8
ESQUADRIA
 10
17.15208031112538
 20
11.87825315305609
 30
0.0
 11
17.71736784857868
 21
12.44354069050937
 31
0.0
  0
LINE
  5
8FD
  8
PAREDE
 10
20.89536174614553
 20
10.76414560596739
 30
0.0
 11
18.26618785821405
 21
10.7641456059674
 31
0.0
  0
LINE
  5
8FE
  8
PAREDE
 10
18.3556539522813
 20
10.61414560596739
 30
0.0
 11
18.20914420995106
 21
10.46763586363714
 31
0.0
  0
LINE
  5
8FF
  8
ESQUADRIA
 10
18.20914420995116
 20
10.46763586363703
 30
0.0
 11
18.17378887089183
 21
10.4322805245777
 31
0.0
  0
LINE
  5
900
  8
ESQUADRIA
 10
18.17378887089183
 20
10.4322805245777
 30
0.0
 11
18.06772285371385
 21
10.53834654175569
 31
0.0
  0
LINE
  5
901
  8
ESQUADRIA
 10
18.10307819277318
 20
10.57370188081501
 30
0.0
 11
18.04650965027826
 21
10.51713333832009
 31
0.0
  0
LINE
  5
902
  8
ESQUADRIA
 10
18.04650965027826
 20
10.51713333832009
 30
0.0
 11
17.48122211282499
 21
11.08242087577338
 31
0.0
  0
LINE
  5
903
  8
PAREDE
 10
17.09551176863046
 20
11.93482169555102
 30
0.0
 11
17.06015642957113
 21
11.97017703461035
 31
0.0
  0
LINE
  5
904
  8
ESQUADRIA
 10
17.09551176863046
 20
11.93482169555102
 30
0.0
 11
17.15208031112538
 21
11.87825315305609
 31
0.0
  0
LINE
  5
905
  8
ESQUADRIA
 10
17.69655253263901
 20
11.33378093154245
 30
0.0
 11
17.73190787169833
 21
11.29842559248312
 31
0.0
  0
LINE
  5
906
  8
PAREDE
 10
18.26618785821405
 20
10.7641456059674
 30
0.0
 11
17.73190787169835
 21
11.29842559248312
 31
0.0
  0
LINE
  5
907
  8
PISO
 10
17.69655253263901
 20
11.33378093154245
 30
0.0
 11
17.13086710768979
 21
11.89946635649169
 31
0.0
  0
LINE
  5
908
  8
PISO
 10
17.59048651546103
 20
11.22771491436447
 30
0.0
 11
17.0248010905118
 21
11.79340033931371
 31
0.0
  0
LINE
  5
909
  8
ESQUADRIA
 10
16.98944575145247
 20
11.82875567837304
 30
0.0
 11
17.0248010905118
 21
11.79340033931371
 31
0.0
  0
LINE
  5
90A
  8
ESQUADRIA
 10
17.0248010905118
 20
11.79340033931371
 30
0.0
 11
17.13086710768979
 21
11.89946635649169
 31
0.0
  0
LINE
  5
90B
  8
ESQUADRIA
 10
17.59048651546103
 20
11.22771491436447
 30
0.0
 11
17.69655253263901
 21
11.33378093154245
 31
0.0
  0
LINE
  5
90C
  8
ESQUADRIA
 10
17.59048651546103
 20
11.22771491436447
 30
0.0
 11
17.62584185452035
 21
11.19235957530514
 31
0.0
  0
LINE
  5
90D
  8
PAREDE
 10
17.62584185452037
 20
11.19235957530514
 30
0.0
 11
17.73190787169835
 21
11.29842559248312
 31
0.0
  0
LINE
  5
90E
  8
PAREDE
 10
16.98944575145247
 20
11.82875567837304
 30
0.0
 11
17.09551176863046
 21
11.93482169555102
 31
0.0
  0
LINE
  5
90F
  8
PAREDE
 10
18.17378887089172
 20
10.64441255893377
 30
0.0
 11
17.62584185452036
 21
11.19235957530514
 31
0.0
  0
LINE
  5
910
  8
ESQUADRIA
 10
18.06772285371385
 20
10.53834654175569
 30
0.0
 11
17.50203742876463
 21
11.10403196670493
 31
0.0
  0
LINE
  5
911
  8
PAREDE
 10
18.20914420995106
 20
10.46763586363714
 30
0.0
 11
18.10307819277308
 21
10.57370188081512
 31
0.0
  0
LINE
  5
912
  8
PAREDE
 10
18.17378887089172
 20
10.64441255893377
 30
0.0
 11
18.10307819277308
 21
10.57370188081512
 31
0.0
  0
LINE
  5
913
  8
PAREDE
 10
17.62067737563743
 20
12.74283001503262
 30
0.0
 11
17.72674339281541
 21
12.63676399785464
 31
0.0
  0
INSERT
  5
914
  8
EQUIPAMENTOS_MOBILIA
  2
GELAD
 10
16.74489547335615
 20
12.30087763644278
 30
0.0
 50
224.9999999999994
  0
LINE
  5
915
  8
PAREDE
 10
21.04536174614553
 20
10.6141456059674
 30
0.0
 11
21.04536174614553
 21
12.41414560596739
 31
0.0
  0
INSERT
  5
916
  8
PAREDE-HACH
  2
*U57
 10
0.0
 20
0.0
 30
0.0
  0
LINE
  5
917
  8
PAREDE
 10
21.04536174614553
 20
14.4141456059674
 30
0.0
 11
20.89536174614553
 21
14.4141456059674
 31
0.0
  0
LINE
  5
918
  8
PAREDE
 10
21.04536174614553
 20
16.21414560596737
 30
0.0
 11
20.79536174614553
 21
16.21414560596737
 31
0.0
  0
LINE
  5
919
  8
PAREDE
 10
20.89536174614553
 20
14.4141456059674
 30
0.0
 11
20.89536174614553
 21
16.0641456059674
 31
0.0
  0
LINE
  5
91A
  8
ESQUADRIA
 10
20.74536174614553
 20
16.06414560596738
 30
0.0
 11
20.74536174614553
 21
15.26414560596738
 31
0.0
  0
ARC
  5
91B
  8
0
  6
HIDDEN2
 10
20.74536174614553
 20
16.06414560596738
 30
0.0
 40
0.7999999999999936
 50
180.0
 51
269.9999999999998
  0
LINE
  5
91C
  8
HACH
 10
18.5216705929971
 20
15.4641456059674
 30
0.0
 11
18.52036174614553
 21
16.0641456059674
 31
0.0
  0
LINE
  5
91D
  8
EQUIPAMENTOS_MOBILIA
 10
19.42167059299711
 20
15.38475840195728
 30
0.0
 11
19.42167059299711
 21
16.00691542443315
 31
0.0
  0
LINE
  5
91E
  8
EQUIPAMENTOS_MOBILIA
 10
18.5216705929971
 20
15.38475840195728
 30
0.0
 11
18.52167059299712
 21
16.00691542443317
 31
0.0
  0
LINE
  5
91F
  8
ESQUADRIA
 10
20.71536174614553
 20
16.06414560596738
 30
0.0
 11
20.71536174614553
 21
15.26470830386045
 31
0.0
  0
LINE
  5
920
  8
EQUIPAMENTOS_MOBILIA
 10
19.34667059299711
 20
15.45975840195728
 30
0.0
 11
19.34667059299711
 21
15.95975840195728
 31
0.0
  0
LINE
  5
921
  8
EQUIPAMENTOS_MOBILIA
 10
19.37167059299711
 20
15.38475840195726
 30
0.0
 11
19.37167059299711
 21
16.00975840195728
 31
0.0
  0
LINE
  5
922
  8
EQUIPAMENTOS_MOBILIA
 10
19.22167059299711
 20
15.62475840195727
 30
0.0
 11
19.22167059299711
 21
15.69475840195727
 31
0.0
  0
LINE
  5
923
  8
EQUIPAMENTOS_MOBILIA
 10
18.97167059299711
 20
15.62475840195727
 30
0.0
 11
18.97167059299711
 21
15.69475840195727
 31
0.0
  0
LINE
  5
924
  8
EQUIPAMENTOS_MOBILIA
 10
18.59667059299711
 20
15.45975840195728
 30
0.0
 11
18.59667059299711
 21
15.95975840195728
 31
0.0
  0
LINE
  5
925
  8
EQUIPAMENTOS_MOBILIA
 10
18.57167059299712
 20
15.38475840195726
 30
0.0
 11
18.57167059299712
 21
16.00975840195728
 31
0.0
  0
LINE
  5
926
  8
EQUIPAMENTOS_MOBILIA
 10
18.72167059299711
 20
15.62475840195727
 30
0.0
 11
18.72167059299711
 21
15.69475840195727
 31
0.0
  0
LINE
  5
927
  8
EQUIPAMENTOS_MOBILIA
 10
18.52167059299712
 20
15.38475840195728
 30
0.0
 11
19.42167059299711
 21
15.38475840195728
 31
0.0
  0
LINE
  5
928
  8
EQUIPAMENTOS_MOBILIA
 10
18.77847767300043
 20
15.35975840195729
 30
0.0
 11
18.71847767300043
 21
15.35975840195729
 31
0.0
  0
TEXT
  5
929
  8
TEXTO
 10
16.83776927508357
 20
14.45657860451242
 30
0.0
 40
0.15
  1
COPA/COZINHA
  0
LINE
  5
92A
  8
EQUIPAMENTOS_MOBILIA
 10
18.73667059299711
 20
15.60975840195726
 30
0.0
 11
18.8216705929971
 21
15.60975840195729
 31
0.0
  0
LINE
  5
92B
  8
EQUIPAMENTOS_MOBILIA
 10
18.57167059299712
 20
15.43475840195727
 30
0.0
 11
19.37167059299711
 21
15.43475840195727
 31
0.0
  0
LINE
  5
92C
  8
EQUIPAMENTOS_MOBILIA
 10
18.57167059299712
 20
15.45975840195728
 30
0.0
 11
19.37167059299711
 21
15.45975840195728
 31
0.0
  0
LINE
  5
92D
  8
EQUIPAMENTOS_MOBILIA
 10
18.71847767300043
 20
15.35975840195729
 30
0.0
 11
18.71847767300043
 21
15.38475840195728
 31
0.0
  0
LINE
  5
92E
  8
EQUIPAMENTOS_MOBILIA
 10
18.66347767300044
 20
15.35975840195729
 30
0.0
 11
18.66347767300044
 21
15.38475840195728
 31
0.0
  0
LINE
  5
92F
  8
EQUIPAMENTOS_MOBILIA
 10
18.66347767300044
 20
15.35975840195729
 30
0.0
 11
18.60847767300043
 21
15.35975840195729
 31
0.0
  0
LINE
  5
930
  8
EQUIPAMENTOS_MOBILIA
 10
18.60847767300043
 20
15.35975840195729
 30
0.0
 11
18.60847767300043
 21
15.38475840195728
 31
0.0
  0
LINE
  5
931
  8
EQUIPAMENTOS_MOBILIA
 10
15.74536174614553
 20
15.4641456059674
 30
0.0
 11
18.5216705929971
 21
15.4641456059674
 31
0.0
  0
LINE
  5
932
  8
EQUIPAMENTOS_MOBILIA
 10
18.72167059299711
 20
15.50975840195728
 30
0.0
 11
18.72167059299711
 21
15.59475840195727
 31
0.0
  0
LINE
  5
933
  8
EQUIPAMENTOS_MOBILIA
 10
18.62167059299711
 20
15.60975840195727
 30
0.0
 11
18.70667059299711
 21
15.60975840195726
 31
0.0
  0
LINE
  5
934
  8
EQUIPAMENTOS_MOBILIA
 10
19.33347767300044
 20
15.35975840195729
 30
0.0
 11
19.33347767300044
 21
15.38475840195728
 31
0.0
  0
LINE
  5
935
  8
EQUIPAMENTOS_MOBILIA
 10
19.33347767300044
 20
15.35975840195729
 30
0.0
 11
19.27847767300043
 21
15.35975840195729
 31
0.0
  0
LINE
  5
936
  8
EQUIPAMENTOS_MOBILIA
 10
19.27847767300043
 20
15.35975840195729
 30
0.0
 11
19.27847767300043
 21
15.38475840195728
 31
0.0
  0
LINE
  5
937
  8
EQUIPAMENTOS_MOBILIA
 10
19.22347767300044
 20
15.35975840195729
 30
0.0
 11
19.22347767300044
 21
15.38475840195728
 31
0.0
  0
LINE
  5
938
  8
EQUIPAMENTOS_MOBILIA
 10
19.22347767300044
 20
15.35975840195729
 30
0.0
 11
19.16847767300043
 21
15.35975840195729
 31
0.0
  0
LINE
  5
939
  8
EQUIPAMENTOS_MOBILIA
 10
19.16847767300043
 20
15.35975840195729
 30
0.0
 11
19.16847767300043
 21
15.38475840195728
 31
0.0
  0
LINE
  5
93A
  8
EQUIPAMENTOS_MOBILIA
 10
19.11347767300044
 20
15.35975840195729
 30
0.0
 11
19.11347767300044
 21
15.38475840195728
 31
0.0
  0
LINE
  5
93B
  8
EQUIPAMENTOS_MOBILIA
 10
19.11347767300044
 20
15.35975840195729
 30
0.0
 11
19.05847767300043
 21
15.35975840195729
 31
0.0
  0
LINE
  5
93C
  8
EQUIPAMENTOS_MOBILIA
 10
19.05847767300043
 20
15.35975840195729
 30
0.0
 11
19.05847767300043
 21
15.38475840195728
 31
0.0
  0
LINE
  5
93D
  8
EQUIPAMENTOS_MOBILIA
 10
19.00347767300044
 20
15.35975840195729
 30
0.0
 11
19.00347767300044
 21
15.38475840195728
 31
0.0
  0
LINE
  5
93E
  8
EQUIPAMENTOS_MOBILIA
 10
19.00347767300044
 20
15.35975840195729
 30
0.0
 11
18.94347767300044
 21
15.35975840195729
 31
0.0
  0
LINE
  5
93F
  8
EQUIPAMENTOS_MOBILIA
 10
18.94347767300044
 20
15.35975840195729
 30
0.0
 11
18.94347767300044
 21
15.38475840195728
 31
0.0
  0
LINE
  5
940
  8
EQUIPAMENTOS_MOBILIA
 10
18.88847767300043
 20
15.35975840195729
 30
0.0
 11
18.88847767300043
 21
15.38475840195728
 31
0.0
  0
LINE
  5
941
  8
EQUIPAMENTOS_MOBILIA
 10
18.88847767300043
 20
15.35975840195729
 30
0.0
 11
18.83347767300044
 21
15.35975840195729
 31
0.0
  0
LINE
  5
942
  8
EQUIPAMENTOS_MOBILIA
 10
18.83347767300044
 20
15.35975840195729
 30
0.0
 11
18.83347767300044
 21
15.38475840195728
 31
0.0
  0
LINE
  5
943
  8
EQUIPAMENTOS_MOBILIA
 10
18.77847767300043
 20
15.35975840195729
 30
0.0
 11
18.77847767300043
 21
15.38475840195728
 31
0.0
  0
LINE
  5
944
  8
EQUIPAMENTOS_MOBILIA
 10
19.23667059299711
 20
15.60975840195726
 30
0.0
 11
19.3216705929971
 21
15.60975840195729
 31
0.0
  0
LINE
  5
945
  8
EQUIPAMENTOS_MOBILIA
 10
19.12167059299711
 20
15.60975840195727
 30
0.0
 11
19.20667059299711
 21
15.60975840195726
 31
0.0
  0
LINE
  5
946
  8
EQUIPAMENTOS_MOBILIA
 10
19.22167059299711
 20
15.50975840195728
 30
0.0
 11
19.22167059299711
 21
15.59475840195727
 31
0.0
  0
LINE
  5
947
  8
EQUIPAMENTOS_MOBILIA
 10
18.87167059299711
 20
15.60975840195727
 30
0.0
 11
18.95667059299711
 21
15.60975840195726
 31
0.0
  0
LINE
  5
948
  8
EQUIPAMENTOS_MOBILIA
 10
18.97167059299711
 20
15.50975840195728
 30
0.0
 11
18.97167059299711
 21
15.59475840195727
 31
0.0
  0
LINE
  5
949
  8
EQUIPAMENTOS_MOBILIA
 10
18.98667059299711
 20
15.60975840195726
 30
0.0
 11
19.0716705929971
 21
15.60975840195729
 31
0.0
  0
INSERT
  5
94A
  8
PAREDE-HACH
  2
*U58
 10
0.0
 20
0.0
 30
0.0
  0
LINE
  5
94B
  8
PAREDE
 10
19.89536174614553
 20
16.0641456059674
 30
0.0
 11
18.52036174614553
 21
16.0641456059674
 31
0.0
  0
LINE
  5
94C
  8
EQUIPAMENTOS_MOBILIA
 10
19.42167059299711
 20
16.00691542443315
 30
0.0
 11
18.52167059299712
 21
16.00691542443317
 31
0.0
  0
LINE
  5
94D
  8
EQUIPAMENTOS_MOBILIA
 10
18.73667059299711
 20
15.80975840195727
 30
0.0
 11
18.8216705929971
 21
15.80975840195729
 31
0.0
  0
LINE
  5
94E
  8
EQUIPAMENTOS_MOBILIA
 10
18.57167059299712
 20
15.98475840195727
 30
0.0
 11
19.37167059299711
 21
15.98475840195729
 31
0.0
  0
LINE
  5
94F
  8
EQUIPAMENTOS_MOBILIA
 10
18.57167059299712
 20
15.95975840195728
 30
0.0
 11
19.37167059299711
 21
15.95975840195728
 31
0.0
  0
LINE
  5
950
  8
PAREDE
 10
19.89536174614553
 20
16.21414560596737
 30
0.0
 11
18.52036174614553
 21
16.21414560596738
 31
0.0
  0
LINE
  5
951
  8
EQUIPAMENTOS_MOBILIA
 10
18.62167059299711
 20
15.80975840195727
 30
0.0
 11
18.70667059299711
 21
15.80975840195727
 31
0.0
  0
LINE
  5
952
  8
EQUIPAMENTOS_MOBILIA
 10
18.72167059299711
 20
15.82475840195729
 30
0.0
 11
18.72167059299711
 21
15.90975840195728
 31
0.0
  0
LINE
  5
953
  8
EQUIPAMENTOS_MOBILIA
 10
18.72167059299711
 20
15.72475840195727
 30
0.0
 11
18.72167059299711
 21
15.79475840195726
 31
0.0
  0
LINE
  5
954
  8
PAREDE
 10
18.52036174614553
 20
16.21414560596737
 30
0.0
 11
18.52036174614553
 21
16.0641456059674
 31
0.0
  0
LINE
  5
955
  8
PAREDE
 10
20.89536174614553
 20
16.0641456059674
 30
0.0
 11
20.79536174614553
 21
16.0641456059674
 31
0.0
  0
LINE
  5
956
  8
ESQUADRIA
 10
20.79536174614553
 20
16.06414560596738
 30
0.0
 11
20.71536174614553
 21
16.06414560596738
 31
0.0
  0
LINE
  5
957
  8
ESQUADRIA
 10
19.94536174614554
 20
16.06414560596738
 30
0.0
 11
19.89536174614553
 21
16.06414560596738
 31
0.0
  0
INSERT
  5
958
  8
PISO
  2
*X59
 10
0.0
 20
0.0
 30
0.0
  0
LINE
  5
959
  8
ESQUADRIA
 10
20.79536174614553
 20
16.21414560596737
 30
0.0
 11
20.74536174614553
 21
16.21414560596737
 31
0.0
  0
LINE
  5
95A
  8
ESQUADRIA
 10
20.74536174614553
 20
16.21414560596737
 30
0.0
 11
20.74536174614553
 21
16.06414560596738
 31
0.0
  0
LINE
  5
95B
  8
ESQUADRIA
 10
19.94536174614553
 20
16.21414560596737
 30
0.0
 11
19.94536174614554
 21
16.06414560596738
 31
0.0
  0
LINE
  5
95C
  8
ESQUADRIA
 10
19.94536174614554
 20
16.21414560596737
 30
0.0
 11
19.89536174614553
 21
16.21414560596737
 31
0.0
  0
LINE
  5
95D
  8
EQUIPAMENTOS_MOBILIA
 10
19.22167059299711
 20
15.82475840195729
 30
0.0
 11
19.22167059299711
 21
15.90975840195728
 31
0.0
  0
LINE
  5
95E
  8
EQUIPAMENTOS_MOBILIA
 10
19.23667059299711
 20
15.80975840195727
 30
0.0
 11
19.3216705929971
 21
15.80975840195729
 31
0.0
  0
LINE
  5
95F
  8
EQUIPAMENTOS_MOBILIA
 10
19.12167059299711
 20
15.80975840195727
 30
0.0
 11
19.20667059299711
 21
15.80975840195727
 31
0.0
  0
LINE
  5
960
  8
EQUIPAMENTOS_MOBILIA
 10
19.22167059299711
 20
15.72475840195727
 30
0.0
 11
19.22167059299711
 21
15.79475840195726
 31
0.0
  0
LINE
  5
961
  8
EQUIPAMENTOS_MOBILIA
 10
18.97167059299711
 20
15.82475840195729
 30
0.0
 11
18.97167059299711
 21
15.90975840195728
 31
0.0
  0
LINE
  5
962
  8
EQUIPAMENTOS_MOBILIA
 10
18.87167059299711
 20
15.80975840195727
 30
0.0
 11
18.95667059299711
 21
15.80975840195727
 31
0.0
  0
LINE
  5
963
  8
EQUIPAMENTOS_MOBILIA
 10
18.97167059299711
 20
15.72475840195727
 30
0.0
 11
18.97167059299711
 21
15.79475840195726
 31
0.0
  0
LINE
  5
964
  8
EQUIPAMENTOS_MOBILIA
 10
18.98667059299711
 20
15.80975840195727
 30
0.0
 11
19.0716705929971
 21
15.80975840195729
 31
0.0
  0
LINE
  5
965
  8
PAREDE
 10
19.89536174614553
 20
16.0641456059674
 30
0.0
 11
19.89536174614553
 21
16.21414560596737
 31
0.0
  0
LINE
  5
966
  8
PAREDE
 10
20.79536174614553
 20
16.0641456059674
 30
0.0
 11
20.79536174614553
 21
16.21414560596737
 31
0.0
  0
LINE
  5
967
  8
PAREDE
 10
21.04536174614553
 20
14.4141456059674
 30
0.0
 11
21.04536174614553
 21
16.21414560596737
 31
0.0
  0
POLYLINE
  5
968
  8
EQUIPAMENTOS_MOBILIA
 66
     1
 10
0.0
 20
0.0
 30
0.0
 70
     1
  0
VERTEX
  5
10DC
  8
EQUIPAMENTOS_MOBILIA
 10
24.49211615667163
 20
4.880174185614863
 30
0.0
  0
VERTEX
  5
10DD
  8
EQUIPAMENTOS_MOBILIA
 10
24.54518988363923
 20
4.742075925197992
 30
0.0
  0
VERTEX
  5
10DE
  8
EQUIPAMENTOS_MOBILIA
 10
24.49331137484823
 20
4.399346843758917
 30
0.0
  0
VERTEX
  5
10DF
  8
EQUIPAMENTOS_MOBILIA
 10
24.27886190478763
 20
4.282189264727958
 30
0.0
  0
VERTEX
  5
10E0
  8
EQUIPAMENTOS_MOBILIA
 10
24.2788619047876
 20
4.282189264727962
 30
0.0
  0
VERTEX
  5
10E1
  8
EQUIPAMENTOS_MOBILIA
 10
23.506042956927
 20
4.251627407612593
 30
0.0
  0
VERTEX
  5
10E2
  8
EQUIPAMENTOS_MOBILIA
 10
22.73322400906639
 20
4.282189264727962
 30
0.0
  0
VERTEX
  5
10E3
  8
EQUIPAMENTOS_MOBILIA
 10
22.53722129142616
 20
4.37735019300196
 30
0.0
  0
VERTEX
  5
10E4
  8
EQUIPAMENTOS_MOBILIA
 10
22.45783555966641
 20
4.683326530415557
 30
0.0
  0
VERTEX
  5
10E5
  8
EQUIPAMENTOS_MOBILIA
 10
22.52415869756479
 20
4.829843646001689
 30
0.0
  0
VERTEX
  5
10E6
  8
EQUIPAMENTOS_MOBILIA
 10
22.44187812661929
 20
6.417595707103456
 30
0.0
  0
VERTEX
  5
10E7
  8
EQUIPAMENTOS_MOBILIA
 10
22.46604295692703
 20
7.906325789075105
 30
0.0
  0
VERTEX
  5
10E8
  8
EQUIPAMENTOS_MOBILIA
 10
22.57949262048832
 20
9.243650135890178
 30
0.0
  0
VERTEX
  5
10E9
  8
EQUIPAMENTOS_MOBILIA
 10
22.49459641615584
 20
9.277964045924357
 30
0.0
  0
VERTEX
  5
10EA
  8
EQUIPAMENTOS_MOBILIA
 10
22.5064276530746
 20
9.454557007658394
 30
0.0
  0
VERTEX
  5
10EB
  8
EQUIPAMENTOS_MOBILIA
 10
22.77522849154131
 20
9.72335784612509
 30
0.0
  0
VERTEX
  5
10EC
  8
EQUIPAMENTOS_MOBILIA
 10
23.506042956927
 20
9.787347108494984
 30
0.0
  0
VERTEX
  5
10ED
  8
EQUIPAMENTOS_MOBILIA
 10
24.23685742231271
 20
9.723357846125097
 30
0.0
  0
VERTEX
  5
10EE
  8
EQUIPAMENTOS_MOBILIA
 10
24.41362384151982
 20
9.631323426865507
 30
0.0
  0
VERTEX
  5
10EF
  8
EQUIPAMENTOS_MOBILIA
 10
24.50565826077941
 20
9.454557007658394
 30
0.0
  0
VERTEX
  5
10F0
  8
EQUIPAMENTOS_MOBILIA
 10
24.5282503541876
 20
9.326535145012059
 30
0.0
  0
VERTEX
  5
10F1
  8
EQUIPAMENTOS_MOBILIA
 10
24.43127248145645
 20
9.259219630493625
 30
0.0
  0
VERTEX
  5
10F2
  8
EQUIPAMENTOS_MOBILIA
 10
24.54604295692699
 20
7.906325789075098
 30
0.0
  0
VERTEX
  5
10F3
  8
EQUIPAMENTOS_MOBILIA
 10
24.57020778723471
 20
6.417595707103442
 30
0.0
  0
SEQEND
  5
11A9
  8
EQUIPAMENTOS_MOBILIA
  0
TEXT
  5
969
  8
TEXTO
 10
2.250408888747125
 20
2.263295388474075
 30
0.0
 40
0.3
  1
Area: 228,69m2
  0
POLYLINE
  5
96A
  8
EQUIPAMENTOS_MOBILIA
 66
     1
 10
0.0
 20
0.0
 30
0.0
 70
     1
  0
VERTEX
  5
10F4
  8
EQUIPAMENTOS_MOBILIA
 10
17.0515206042132
 20
15.60067753983186
 30
0.0
  0
VERTEX
  5
10F5
  8
EQUIPAMENTOS_MOBILIA
 10
17.643672166954
 20
15.60067753983186
 30
0.0
  0
VERTEX
  5
10F6
  8
EQUIPAMENTOS_MOBILIA
 10
17.643672166954
 20
15.93342452119858
 30
0.0
  0
VERTEX
  5
10F7
  8
EQUIPAMENTOS_MOBILIA
 10
17.0515206042132
 20
15.93342452119858
 30
0.0
  0
SEQEND
  5
11AA
  8
EQUIPAMENTOS_MOBILIA
  0
INSERT
  5
96B
  8
EQUIPAMENTOS_MOBILIA
  2
CAMAS
 10
2.762619888101121
 20
16.04945078820475
 30
0.0
 41
-1.0
 50
270.0
  0
LINE
  5
96C
  8
0
 10
8.395361746145532
 20
12.21414560596736
 30
0.0
 11
8.395361746145532
 21
11.7141456059674
 31
0.0
  0
LINE
  5
96D
  8
0
 10
8.395361746145532
 20
11.56414560596738
 30
0.0
 11
8.395361746145532
 21
11.06414560596741
 31
0.0
  0
LINE
  5
96E
  8
PAREDE
 10
8.595361746145532
 20
12.01414560596735
 30
0.0
 11
8.595361746145532
 21
11.7141456059674
 31
0.0
  0
LINE
  5
96F
  8
PAREDE
 10
8.595361746145532
 20
11.56414560596738
 30
0.0
 11
8.595361746145532
 21
11.26414560596741
 31
0.0
  0
DIMENSION
  5
9BA
  8
0
  2
*D22
 10
1.32793325537226
 20
16.21414560596741
 30
0.0
 11
1.327933255372264
 21
10.16414560596742
 31
0.0
 70
    32
 13
2.145361746145532
 23
4.114145605967441
 33
0.0
 14
2.145361746145532
 24
16.2141456059674
 34
0.0
 50
90.0
  0
DIMENSION
  5
9D5
  8
0
  2
*D23
 10
21.04536174614553
 20
16.78735690441459
 30
0.0
 11
11.59536174614553
 21
16.78735690441459
 31
0.0
 70
    32
 13
2.145361746145532
 23
16.2141456059674
 33
0.0
 14
21.04536174614553
 24
16.21414560596737
 34
0.0
  0
INSERT
  5
B07
  8
0
 62
     6
  2
*X60
 10
0.0
 20
0.0
 30
0.0
  0
TEXT
  5
B09
  8
0
 62
     1
 10
24.4025037235529
 20
15.39691369030471
 30
0.0
 40
0.2792457923948058
  1
LEIA ANTES DE USAR!
  7
ARIAL
  0
POLYLINE
  5
B0A
  8
0
 62
     1
 66
     1
 10
0.0
 20
0.0
 30
0.0
  0
VERTEX
  5
1106
  8
0
 62
     1
 10
24.32886106113232
 20
15.55750994112508
 30
0.0
 40
0.0372327723193074
 41
0.0372327723193074
 42
0.323128653370045
  0
VERTEX
  5
1107
  8
0
 62
     1
 10
23.68491300479111
 20
14.9570742587968
 30
0.0
  0
SEQEND
  5
11AB
  8
0
 62
     1
  0
POLYLINE
  5
B0B
  8
0
 62
     1
 66
     1
 10
0.0
 20
0.0
 30
0.0
 40
0.0372327723193074
 41
0.0372327723193074
  0
VERTEX
  5
1108
  8
0
 62
     1
 10
23.83383635776691
 20
15.16126292279885
 30
0.0
  0
VERTEX
  5
1109
  8
0
 62
     1
 10
23.68491300479111
 20
14.9570742587968
 30
0.0
  0
VERTEX
  5
110A
  8
0
 62
     1
 10
23.67041893612266
 20
15.18567672025372
 30
0.0
  0
SEQEND
  5
11AC
  8
0
 62
     1
  0
POLYLINE
  5
B0C
  8
0
 62
     3
 66
     1
 10
0.0
 20
0.0
 30
0.0
 70
     1
  0
VERTEX
  5
110B
  8
0
 62
     3
 10
22.7738067955978
 20
15.78431052212984
 30
0.0
  0
VERTEX
  5
110C
  8
0
 62
     3
 10
28.94586189547793
 20
15.78431052212984
 30
0.0
  0
VERTEX
  5
110D
  8
0
 62
     3
 10
28.94586189547793
 20
12.17473629179002
 30
0.0
  0
VERTEX
  5
110E
  8
0
 62
     3
 10
22.7738067955978
 20
12.17473629179002
 30
0.0
  0
SEQEND
  5
11AD
  8
0
 62
     3
  0
POLYLINE
  5
B0D
  8
0
 62
     4
 66
     1
 10
0.0
 20
0.0
 30
0.0
 70
     1
  0
VERTEX
  5
110F
  8
0
 62
     4
 10
22.67285838615258
 20
15.88525893157506
 30
0.0
  0
VERTEX
  5
1110
  8
0
 62
     4
 10
29.04681030492315
 20
15.88525893157506
 30
0.0
  0
VERTEX
  5
1111
  8
0
 62
     4
 10
29.04681030492315
 20
12.0737878823448
 30
0.0
  0
VERTEX
  5
1112
  8
0
 62
     4
 10
22.67285838615258
 20
12.0737878823448
 30
0.0
  0
SEQEND
  5
11AE
  8
0
 62
     4
  0
POLYLINE
  5
B0E
  8
0
 62
     5
 66
     1
 10
0.0
 20
0.0
 30
0.0
 70
     1
  0
VERTEX
  5
1113
  8
0
 62
     5
 10
22.58045595100137
 20
15.97766136672627
 30
0.0
  0
VERTEX
  5
1114
  8
0
 62
     5
 10
29.13921274007436
 20
15.97766136672627
 30
0.0
  0
VERTEX
  5
1115
  8
0
 62
     5
 10
29.13921274007436
 20
11.98138544719359
 30
0.0
  0
VERTEX
  5
1116
  8
0
 62
     5
 10
22.58045595100137
 20
11.98138544719359
 30
0.0
  0
SEQEND
  5
11AF
  8
0
 62
     5
  0
TEXT
  5
B86
  8
LINHA-FINA
 10
15.76705588520282
 20
2.089851201584936
 30
0.0
 40
0.12
  1
5 m
  7
ARIAL
  0
TEXT
  5
B87
  8
LINHA-FINA
 10
13.76369917163852
 20
2.918304387156643
 30
0.0
 40
0.12
  1
3 m
  7
ARIAL
  0
TEXT
  5
B88
  8
LINHA-FINA
 10
12.77924951641451
 20
2.089851201584513
 30
0.0
 40
0.12
  1
2 m
  7
ARIAL
  0
TEXT
  5
B89
  8
LINHA-FINA
 10
10.77009343929264
 20
2.918304387156643
 30
0.0
 40
0.12
  1
0.0
  7
ARIAL
  0
TEXT
  5
B8A
  8
LINHA-FINA
 10
11.26873246101214
 20
2.089851201584513
 30
0.0
 40
0.12
  1
0.5 m
  7
ARIAL
  0
TEXT
  5
B8B
  8
LINHA-FINA
 10
11.78084853612519
 20
2.918304387156643
 30
0.0
 40
0.12
  1
1 m
  7
ARIAL
  0
LINE
  5
B8C
  8
0
 10
10.89401122940633
 20
2.766561781560289
 30
0.0
 11
20.89401122940628
 21
2.766561781561131
 31
0.0
  0
LINE
  5
B8D
  8
0
 10
10.89401122940633
 20
2.5665617815603
 30
0.0
 11
15.89401122940633
 21
2.566561781560723
 31
0.0
  0
INSERT
  5
B8E
  8
0
  2
*U61
 10
0.0
 20
0.0
 30
0.0
  0
LINE
  5
B8F
  8
0
 10
10.89401122940633
 20
2.366561781560311
 30
0.0
 11
20.89401122940632
 21
2.366561781561153
 31
0.0
  0
LINE
  5
B90
  8
0
 10
15.89401122940633
 20
2.366561781560734
 30
0.0
 11
15.89401122940627
 21
2.766561781560712
 31
0.0
  0
LINE
  5
B91
  8
0
 10
10.89401122940633
 20
2.366561781560311
 30
0.0
 11
10.89401122940633
 21
2.766561781560289
 31
0.0
  0
LINE
  5
B92
  8
0
 10
13.89401122940633
 20
2.366561781560311
 30
0.0
 11
13.89401122940633
 21
2.766561781560289
 31
0.0
  0
LINE
  5
B93
  8
0
 10
11.39401122940633
 20
2.366561781560311
 30
0.0
 11
11.39401122940633
 21
2.766561781560289
 31
0.0
  0
LINE
  5
B94
  8
0
 10
12.89401122940633
 20
2.366561781560311
 30
0.0
 11
12.89401122940627
 21
2.766561781560289
 31
0.0
  0
LINE
  5
B95
  8
0
 10
11.89401122940633
 20
2.366561781560311
 30
0.0
 11
11.89401122940633
 21
2.766561781560289
 31
0.0
  0
INSERT
  5
B96
  8
0
  2
*U62
 10
0.0
 20
0.0
 30
0.0
  0
LINE
  5
B97
  8
0
 10
12.89401122940633
 20
2.240373059640068
 30
0.0
 11
12.89401122940627
 21
2.892750503480504
 31
0.0
  0
LINE
  5
B98
  8
0
 10
11.89401122940633
 20
2.240373059640068
 30
0.0
 11
11.89401122940627
 21
2.892750503480504
 31
0.0
  0
LINE
  5
B99
  8
0
 10
11.39401122940633
 20
2.240373059640068
 30
0.0
 11
11.39401122940627
 21
2.892750503480504
 31
0.0
  0
LINE
  5
B9A
  8
0
 10
13.89401122940633
 20
2.240373059640068
 30
0.0
 11
13.89401122940627
 21
2.892750503480504
 31
0.0
  0
LINE
  5
B9B
  8
0
 10
15.89401122940633
 20
2.240373059640491
 30
0.0
 11
15.89401122940627
 21
2.892750503480927
 31
0.0
  0
LINE
  5
B9C
  8
0
 10
10.89401122940633
 20
2.240373059640068
 30
0.0
 11
10.89401122940627
 21
2.892750503480504
 31
0.0
  0
LINE
  5
B9D
  8
0
 10
15.89401122940633
 20
2.240373059640505
 30
0.0
 11
15.89401122940627
 21
2.892750503480941
 31
0.0
  0
LINE
  5
B9E
  8
0
 10
20.89401122940633
 20
2.240373059640938
 30
0.0
 11
20.89401122940627
 21
2.892750503481374
 31
0.0
  0
LINE
  5
B9F
  8
0
 10
10.65410679962132
 20
2.5665617815603
 30
0.0
 11
21.21628414517731
 21
2.566561781561156
 31
0.0
  0
TEXT
  5
BA0
  8
0
 10
10.79769528558801
 20
3.184024807712011
 30
0.0
 40
0.1670858883772564
  1
ESCALA GRÁFICA
  7
ARIAL
  0
TEXT
  5
BA1
  8
LINHA-FINA
 10
20.69588201859376
 20
2.955729793719834
 30
0.0
 40
0.12
  1
10 m
  7
ARIAL
  0
ENDSEC
  0
EOF
