  0
SECTION
  2
HEADER
  9
$ACADVER
  1
AC1018
  9
$ACADMAINTVER
 70
     0
  9
$DWGCODEPAGE
  3
ANSI_1252
  9
$LASTSAVEDBY
  1
cloudconvert
  9
$INSBASE
 10
-31.55786103735042
 20
-5.200164029972193
 30
0.0
  9
$EXTMIN
 10
-22.77702003514614
 20
-6.903863169002157
 30
-0.0015258207003583
  9
$EXTMAX
 10
6.150319871213753
 20
19.22226205086999
 30
0.0000000349246037
  9
$LIMMIN
 10
0.0
 20
0.0
  9
$LIMMAX
 10
12.0
 20
9.0
  9
$ORTHOMODE
 70
     1
  9
$REGENMODE
 70
     1
  9
$FILLMODE
 70
     1
  9
$QTEXTMODE
 70
     0
  9
$MIRRTEXT
 70
     0
  9
$LTSCALE
 40
1.0
  9
$ATTMODE
 70
     1
  9
$TEXTSIZE
 40
0.1
  9
$TRACEWID
 40
0.05
  9
$TEXTSTYLE
  7
TEXTO0
  9
$CLAYER
  8
TEXTO0
  9
$CELTYPE
  6
BYLAYER
  9
$CECOLOR
 62
   256
  9
$CELTSCALE
 40
1.0
  9
$DISPSILH
 70
     0
  9
$DIMSCALE
 40
1.0
  9
$DIMASZ
 40
0.1
  9
$DIMEXO
 40
0.05
  9
$DIMDLI
 40
0.38
  9
$DIMRND
 40
0.0
  9
$DIMDLE
 40
0.0
  9
$DIMEXE
 40
0.1
  9
$DIMTP
 40
0.0
  9
$DIMTM
 40
0.0
  9
$DIMTXT
 40
0.1
  9
$DIMCEN
 40
0.09
  9
$DIMTSZ
 40
0.0
  9
$DIMTOL
 70
     0
  9
$DIMLIM
 70
     0
  9
$DIMTIH
 70
     0
  9
$DIMTOH
 70
     0
  9
$DIMSE1
 70
     0
  9
$DIMSE2
 70
     0
  9
$DIMTAD
 70
     1
  9
$DIMZIN
 70
     0
  9
$DIMBLK
  1

  9
$DIMASO
 70
     1
  9
$DIMSHO
 70
     1
  9
$DIMPOST
  1

  9
$DIMAPOST
  1

  9
$DIMALT
 70
     0
  9
$DIMALTD
 70
     2
  9
$DIMALTF
 40
25.4
  9
$DIMLFAC
 40
2.0
  9
$DIMTOFL
 70
     1
  9
$DIMTVP
 40
0.0
  9
$DIMTIX
 70
     1
  9
$DIMSOXD
 70
     0
  9
$DIMSAH
 70
     1
  9
$DIMBLK1
  1
ARCHTICK
  9
$DIMBLK2
  1
ARCHTICK
  9
$DIMSTYLE
  2
100
  9
$DIMCLRD
 70
     0
  9
$DIMCLRE
 70
     0
  9
$DIMCLRT
 70
     7
  9
$DIMTFAC
 40
1.0
  9
$DIMGAP
 40
0.05
  9
$DIMJUST
 70
     0
  9
$DIMSD1
 70
     0
  9
$DIMSD2
 70
     0
  9
$DIMTOLJ
 70
     1
  9
$DIMTZIN
 70
     0
  9
$DIMALTZ
 70
     0
  9
$DIMALTTZ
 70
     0
  9
$DIMUPT
 70
     0
  9
$DIMDEC
 70
     2
  9
$DIMTDEC
 70
     4
  9
$DIMALTU
 70
     2
  9
$DIMALTTD
 70
     2
  9
$DIMTXSTY
  7
TEXTO0
  9
$DIMAUNIT
 70
     0
  9
$DIMADEC
 70
     0
  9
$DIMALTRND
 40
0.0
  9
$DIMAZIN
 70
     0
  9
$DIMDSEP
 70
    46
  9
$DIMATFIT
 70
     3
  9
$DIMFRAC
 70
     0
  9
$DIMLDRBLK
  1

  9
$DIMLUNIT
 70
     2
  9
$DIMLWD
 70
    -2
  9
$DIMLWE
 70
    -2
  9
$DIMTMOVE
 70
     0
  9
$LUNITS
 70
     2
  9
$LUPREC
 70
     4
  9
$SKETCHINC
 40
0.1
  9
$FILLETRAD
 40
0.0
  9
$AUNITS
 70
     0
  9
$AUPREC
 70
     0
  9
$MENU
  1
.
  9
$ELEVATION
 40
0.0
  9
$PELEVATION
 40
0.0
  9
$THICKNESS
 40
0.0
  9
$LIMCHECK
 70
     0
  9
$CHAMFERA
 40
0.5
  9
$CHAMFERB
 40
0.5
  9
$CHAMFERC
 40
1.0
  9
$CHAMFERD
 40
0.0
  9
$SKPOLY
 70
     1
  9
$TDCREATE
 40
2451311.786203704
  9
$TDUCREATE
 40
2451311.786203704
  9
$TDUPDATE
 40
2461174.56447941
  9
$TDUUPDATE
 40
2461174.56447941
  9
$TDINDWG
 40
0.2054988426
  9
$TDUSRTIMER
 40
0.2054988426
  9
$USRTIMER
 70
     1
  9
$ANGBASE
 50
0.0
  9
$ANGDIR
 70
     0
  9
$PDMODE
 70
     0
  9
$PDSIZE
 40
0.0
  9
$PLINEWID
 40
0.0
  9
$SPLFRAME
 70
     0
  9
$SPLINETYPE
 70
     6
  9
$SPLINESEGS
 70
     8
  9
$HANDSEED
  5
2808
  9
$SURFTAB1
 70
     6
  9
$SURFTAB2
 70
     6
  9
$SURFTYPE
 70
     6
  9
$SURFU
 70
     6
  9
$SURFV
 70
     6
  9
$UCSBASE
  2

  9
$UCSNAME
  2

  9
$UCSORG
 10
0.0
 20
0.0
 30
0.0
  9
$UCSXDIR
 10
1.0
 20
0.0
 30
0.0
  9
$UCSYDIR
 10
0.0
 20
1.0
 30
0.0
  9
$UCSORTHOREF
  2

  9
$UCSORTHOVIEW
 70
     0
  9
$UCSORGTOP
 10
0.0
 20
0.0
 30
0.0
  9
$UCSORGBOTTOM
 10
0.0
 20
0.0
 30
0.0
  9
$UCSORGLEFT
 10
0.0
 20
0.0
 30
0.0
  9
$UCSORGRIGHT
 10
0.0
 20
0.0
 30
0.0
  9
$UCSORGFRONT
 10
0.0
 20
0.0
 30
0.0
  9
$UCSORGBACK
 10
0.0
 20
0.0
 30
0.0
  9
$PUCSBASE
  2

  9
$PUCSNAME
  2

  9
$PUCSORG
 10
0.0
 20
0.0
 30
0.0
  9
$PUCSXDIR
 10
1.0
 20
0.0
 30
0.0
  9
$PUCSYDIR
 10
0.0
 20
1.0
 30
0.0
  9
$PUCSORTHOREF
  2

  9
$PUCSORTHOVIEW
 70
     0
  9
$PUCSORGTOP
 10
0.0
 20
0.0
 30
0.0
  9
$PUCSORGBOTTOM
 10
0.0
 20
0.0
 30
0.0
  9
$PUCSORGLEFT
 10
0.0
 20
0.0
 30
0.0
  9
$PUCSORGRIGHT
 10
0.0
 20
0.0
 30
0.0
  9
$PUCSORGFRONT
 10
0.0
 20
0.0
 30
0.0
  9
$PUCSORGBACK
 10
0.0
 20
0.0
 30
0.0
  9
$USERI1
 70
     0
  9
$USERI2
 70
     0
  9
$USERI3
 70
     0
  9
$USERI4
 70
     0
  9
$USERI5
 70
     0
  9
$USERR1
 40
0.0
  9
$USERR2
 40
0.0
  9
$USERR3
 40
0.0
  9
$USERR4
 40
0.0
  9
$USERR5
 40
0.0
  9
$WORLDVIEW
 70
     1
  9
$SHADEDGE
 70
     3
  9
$SHADEDIF
 70
    70
  9
$TILEMODE
 70
     1
  9
$MAXACTVP
 70
    48
  9
$PINSBASE
 10
0.0
 20
0.0
 30
0.0
  9
$PLIMCHECK
 70
     0
  9
$PEXTMIN
 10
1.000000000000000E+20
 20
1.000000000000000E+20
 30
1.000000000000000E+20
  9
$PEXTMAX
 10
-1.000000000000000E+20
 20
-1.000000000000000E+20
 30
-1.000000000000000E+20
  9
$PLIMMIN
 10
0.0
 20
0.0
  9
$PLIMMAX
 10
12.0
 20
9.0
  9
$UNITMODE
 70
     0
  9
$VISRETAIN
 70
     1
  9
$PLINEGEN
 70
     0
  9
$PSLTSCALE
 70
     1
  9
$TREEDEPTH
 70
  3020
  9
$CMLSTYLE
  2
STANDARD
  9
$CMLJUST
 70
     1
  9
$CMLSCALE
 40
0.017993832786829
  9
$PROXYGRAPHICS
 70
     1
  9
$MEASUREMENT
 70
     0
  9
$CELWEIGHT
370
    -1
  9
$ENDCAPS
280
     0
  9
$JOINSTYLE
280
     0
  9
$LWDISPLAY
290
     0
  9
$INSUNITS
 70
     0
  9
$HYPERLINKBASE
  1

  9
$STYLESHEET
  1
acad.ctb
  9
$XEDIT
290
     1
  9
$CEPSNTYPE
380
     0
  9
$PSTYLEMODE
290
     1
  9
$FINGERPRINTGUID
  2
{6754D393-B525-9546-800D-82762C88622F}
  9
$VERSIONGUID
  2
{259D623E-72F5-E345-BF06-58E44C7D485A}
  9
$EXTNAMES
290
     1
  9
$PSVPSCALE
 40
0.0
  9
$OLESTARTUP
290
     0
  9
$SORTENTS
280
   127
  9
$INDEXCTL
280
     0
  9
$HIDETEXT
280
     0
  9
$XCLIPFRAME
290
     0
  9
$HALOGAP
280
     0
  9
$OBSCOLOR
 70
   257
  9
$OBSLTYPE
280
     0
  9
$INTERSECTIONDISPLAY
280
     0
  9
$INTERSECTIONCOLOR
 70
   257
  9
$DIMASSOC
280
     1
  9
$PROJECTNAME
  1

  0
ENDSEC
  0
SECTION
  2
CLASSES
  0
CLASS
  1
LWPOLYLINE
  2
AcDbPolyline
  3
ObjectDBX Classes
 90
        0
 91
        1
280
     0
281
     1
  0
CLASS
  1
DICTIONARYVAR
  2
AcDbDictionaryVar
  3
ObjectDBX Classes
 90
        0
 91
        3
280
     0
281
     0
  0
CLASS
  1
HATCH
  2
AcDbHatch
  3
ObjectDBX Classes
 90
        0
 91
        1
280
     0
281
     1
  0
CLASS
  1
ACDBDICTIONARYWDFLT
  2
AcDbDictionaryWithDefault
  3
ObjectDBX Classes
 90
        0
 91
        3
280
     0
281
     0
  0
CLASS
  1
MATERIAL
  2
AcDbMaterial
  3
ObjectDBX Classes
 90
     1153
 91
        3
280
     0
281
     0
  0
CLASS
  1
VISUALSTYLE
  2
AcDbVisualStyle
  3
ObjectDBX Classes
 90
     4095
 91
        3
280
     0
281
     0
  0
CLASS
  1
TABLESTYLE
  2
AcDbTableStyle
  3
ObjectDBX Classes
 90
     4095
 91
        3
280
     0
281
     0
  0
CLASS
  1
SCALE
  2
AcDbScale
  3
ObjectDBX Classes
 90
     1153
 91
        3
280
     0
281
     0
  0
CLASS
  1
MLEADERSTYLE
  2
AcDbMLeaderStyle
  3
ACDB_MLEADERSTYLE_CLASS
 90
     4095
 91
        3
280
     0
281
     0
  0
CLASS
  1
ACDBSECTIONVIEWSTYLE
  2
AcDbSectionViewStyle
  3
ObjectDBX Classes
 90
     1025
 91
        3
280
     0
281
     0
  0
CLASS
  1
ACDBDETAILVIEWSTYLE
  2
AcDbDetailViewStyle
  3
ObjectDBX Classes
 90
     1025
 91
        3
280
     0
281
     0
  0
CLASS
  1
ACAD_EVALUATION_GRAPH
  2
AcDbEvalGraph
  3
ObjectDBX Classes
 90
     1153
 91
        3
280
     0
281
     0
  0
CLASS
  1
ACAECUSTOBJ
  2
AcAeEditorObj
  3
AcAeEditorObj
 90
     1024
 91
        1
280
     1
281
     0
  0
CLASS
  1
ACDB_DYNAMICBLOCKPURGEPREVENTER_VERSION
  2
AcDbDynamicBlockPurgePreventer
  3
ObjectDBX Classes
 90
     1153
 91
        3
280
     0
281
     0
  0
CLASS
  1
SORTENTSTABLE
  2
AcDbSortentsTable
  3
ObjectDBX Classes
 90
        0
 91
        3
280
     0
281
     0
  0
CLASS
  1
CELLSTYLEMAP
  2
AcDbCellStyleMap
  3
ObjectDBX Classes
 90
     1152
 91
        3
280
     0
281
     0
  0
ENDSEC
  0
SECTION
  2
TABLES
  0
TABLE
  2
VPORT
  5
12
102
{ACAD_XDICTIONARY
360
27BE
102
}
330
0
100
AcDbSymbolTable
 70
     1
  0
VPORT
  5
24E4
330
12
100
AcDbSymbolTableRecord
100
AcDbViewportTableRecord
  2
*ACTIVE
 70
     0
 10
0.0
 20
0.0
 11
1.0
 21
1.0
 12
-8.313350081966192
 22
6.159199440933915
 13
0.0
 23
0.0
 14
0.5
 24
0.5
 15
0.5
 25
0.5
 16
0.0
 26
0.0
 36
1.0
 17
0.0
 27
0.0
 37
0.0
 40
26.3391099363385
 41
1.699319727891156
 42
50.0
 43
0.0
 44
0.0
 50
0.0
 51
0.0
 71
     0
 72
   100
 73
     1
 74
     0
 75
     0
 76
     0
 77
     0
 78
     0
281
     0
 65
     1
110
0.0
120
0.0
130
0.0
111
1.0
121
0.0
131
0.0
112
0.0
122
1.0
132
0.0
 79
     0
146
0.0
1001
ACAD_NAV_VCDISPLAY
1070
     3
  0
ENDTAB
  0
TABLE
  2
LTYPE
  5
D
330
0
100
AcDbSymbolTable
 70
     3
  0
LTYPE
  5
E
330
D
100
AcDbSymbolTableRecord
100
AcDbLinetypeTableRecord
  2
BYBLOCK
 70
     0
  3

 72
    65
 73
     0
 40
0.0
  0
LTYPE
  5
F
330
D
100
AcDbSymbolTableRecord
100
AcDbLinetypeTableRecord
  2
BYLAYER
 70
     0
  3

 72
    65
 73
     0
 40
0.0
  0
LTYPE
  5
5
330
D
100
AcDbSymbolTableRecord
100
AcDbLinetypeTableRecord
  2
CONTINUOUS
 70
     0
  3
Solid line
 72
    65
 73
     0
 40
0.0
  0
LTYPE
  5
73
330
D
100
AcDbSymbolTableRecord
100
AcDbLinetypeTableRecord
  2
HIDDEN
 70
     0
  3
Hidden __ __ __ __ __ __ __ __ __ __ __ __ __ _
 72
    65
 73
     2
 40
0.375
 49
0.25
 74
     0
 49
-0.125
 74
     0
  0
LTYPE
  5
4D3
330
D
100
AcDbSymbolTableRecord
100
AcDbLinetypeTableRecord
  2
CENTER2
 70
     0
  3
Center (.5x) ___ _ ___ _ ___ _ ___ _ ___ _ ___
 72
    65
 73
     4
 40
1.125
 49
0.75
 74
     0
 49
-0.125
 74
     0
 49
0.125
 74
     0
 49
-0.125
 74
     0
  0
ENDTAB
  0
TABLE
  2
LAYER
  5
A
102
{ACAD_XDICTIONARY
360
2593
102
}
330
0
100
AcDbSymbolTable
 70
    17
  0
LAYER
  5
4
102
{ACAD_XDICTIONARY
360
255E
102
}
330
A
100
AcDbSymbolTableRecord
100
AcDbLayerTableRecord
  2
0
 70
     0
 62
     7
  6
CONTINUOUS
370
    -3
390
24E7
  0
LAYER
  5
2D
102
{ACAD_XDICTIONARY
360
2562
102
}
330
A
100
AcDbSymbolTableRecord
100
AcDbLayerTableRecord
  2
PORTAS
 70
     0
 62
     7
  6
CONTINUOUS
370
    -3
390
24E7
  0
LAYER
  5
44
102
{ACAD_XDICTIONARY
360
2564
102
}
330
A
100
AcDbSymbolTableRecord
100
AcDbLayerTableRecord
  2
JANELAS
 70
     0
 62
     7
  6
CONTINUOUS
370
    -3
390
24E7
  0
LAYER
  5
41
102
{ACAD_XDICTIONARY
360
2566
102
}
330
A
100
AcDbSymbolTableRecord
100
AcDbLayerTableRecord
  2
PAREDE-BAIXA
 70
     0
 62
     7
  6
CONTINUOUS
370
    -3
390
24E7
  0
LAYER
  5
1B
102
{ACAD_XDICTIONARY
360
2568
102
}
330
A
100
AcDbSymbolTableRecord
100
AcDbLayerTableRecord
  2
PAREDE
 70
     0
 62
     7
  6
CONTINUOUS
370
    -3
390
24E7
  0
LAYER
  5
32
102
{ACAD_XDICTIONARY
360
256A
102
}
330
A
100
AcDbSymbolTableRecord
100
AcDbLayerTableRecord
  2
BANHO_COZINHA
 70
     0
 62
     7
  6
CONTINUOUS
370
    -3
390
24E7
  0
LAYER
  5
FA
102
{ACAD_XDICTIONARY
360
256C
102
}
330
A
100
AcDbSymbolTableRecord
100
AcDbLayerTableRecord
  2
TEXTO0
 70
     0
 62
     7
  6
CONTINUOUS
370
    -3
390
24E7
  0
LAYER
  5
125
102
{ACAD_XDICTIONARY
360
2570
102
}
330
A
100
AcDbSymbolTableRecord
100
AcDbLayerTableRecord
  2
TEXTO2
 70
     0
 62
     6
  6
CONTINUOUS
370
    -3
390
24E7
  0
LAYER
  5
126
102
{ACAD_XDICTIONARY
360
2572
102
}
330
A
100
AcDbSymbolTableRecord
100
AcDbLayerTableRecord
  2
COTAS
 70
     0
 62
     1
  6
CONTINUOUS
370
    -3
390
24E7
  0
LAYER
  5
4CB
102
{ACAD_XDICTIONARY
360
2578
102
}
330
A
100
AcDbSymbolTableRecord
100
AcDbLayerTableRecord
  2
LEGENDA
 70
     0
 62
     5
  6
CONTINUOUS
370
    -3
390
24E7
  0
LAYER
  5
4CC
102
{ACAD_XDICTIONARY
360
257A
102
}
330
A
100
AcDbSymbolTableRecord
100
AcDbLayerTableRecord
  2
TEXTO1
 70
     0
 62
     2
  6
CONTINUOUS
370
    -3
390
24E7
  0
LAYER
  5
4CD
102
{ACAD_XDICTIONARY
360
257C
102
}
330
A
100
AcDbSymbolTableRecord
100
AcDbLayerTableRecord
  2
TOMADAS
 70
     0
 62
     6
  6
CONTINUOUS
370
    -3
390
24E7
  0
LAYER
  5
4CE
102
{ACAD_XDICTIONARY
360
257E
102
}
330
A
100
AcDbSymbolTableRecord
100
AcDbLayerTableRecord
  2
LUMINARIAS
 70
     0
 62
     6
  6
CONTINUOUS
370
    -3
390
24E7
  0
LAYER
  5
4CF
102
{ACAD_XDICTIONARY
360
2580
102
}
330
A
100
AcDbSymbolTableRecord
100
AcDbLayerTableRecord
  2
FIACAO
 70
     0
 62
     1
  6
CONTINUOUS
370
    -3
390
24E7
  0
LAYER
  5
4D1
102
{ACAD_XDICTIONARY
360
2584
102
}
330
A
100
AcDbSymbolTableRecord
100
AcDbLayerTableRecord
  2
ELETRODUTOS
 70
     0
 62
     5
  6
CONTINUOUS
370
    -3
390
24E7
  0
LAYER
  5
78C
102
{ACAD_XDICTIONARY
360
2586
102
}
330
A
100
AcDbSymbolTableRecord
100
AcDbLayerTableRecord
  2
DIAGRAMA
 70
     0
 62
     5
  6
CONTINUOUS
370
    -3
390
24E7
  0
LAYER
  5
F23
330
A
100
AcDbSymbolTableRecord
100
AcDbLayerTableRecord
  2
DEFPOINTS
 70
     0
 62
     7
  6
CONTINUOUS
290
     0
370
    -3
390
24E7
  0
ENDTAB
  0
TABLE
  2
STYLE
  5
B
330
0
100
AcDbSymbolTable
 70
     5
  0
STYLE
  5
C
330
B
100
AcDbSymbolTableRecord
100
AcDbTextStyleTableRecord
  2
STANDARD
 70
     0
 40
0.0
 41
1.0
 50
0.0
 71
     0
 42
0.2
  3
txt
  4

  0
STYLE
  5
1C
330
B
100
AcDbSymbolTableRecord
100
AcDbTextStyleTableRecord
  2
TEXTO0
 70
     0
 40
0.0
 41
1.0
 50
0.0
 71
     0
 42
0.1
  3
romans.shx
  4

  0
STYLE
  5
12A
330
B
100
AcDbSymbolTableRecord
100
AcDbTextStyleTableRecord
  2
ROMANT
 70
     0
 40
0.6
 41
1.0
 50
0.0
 71
     0
 42
0.6
  3
romant
  4

  0
STYLE
  5
4CA
330
B
100
AcDbSymbolTableRecord
100
AcDbTextStyleTableRecord
  2
TEXTO1
 70
     0
 40
0.0
 41
1.0
 50
0.0
 71
     0
 42
0.13
  3
romant.shx
  4

  0
STYLE
  5
4D5
330
B
100
AcDbSymbolTableRecord
100
AcDbTextStyleTableRecord
  2
ROMANS
 70
     0
 40
0.18
 41
1.0
 50
0.0
 71
     0
 42
0.18
  3
romans
  4

  0
ENDTAB
  0
TABLE
  2
VIEW
  5
10
330
0
100
AcDbSymbolTable
 70
     0
  0
ENDTAB
  0
TABLE
  2
UCS
  5
11
330
0
100
AcDbSymbolTable
 70
     0
  0
ENDTAB
  0
TABLE
  2
APPID
  5
14
330
0
100
AcDbSymbolTable
 70
    11
  0
APPID
  5
15
330
14
100
AcDbSymbolTableRecord
100
AcDbRegAppTableRecord
  2
ACAD
 70
     0
  0
APPID
  5
4D4
330
14
100
AcDbSymbolTableRecord
100
AcDbRegAppTableRecord
  2
APLICATIVO_ELETRICO
 70
     0
  0
APPID
  5
2545
330
14
100
AcDbSymbolTableRecord
100
AcDbRegAppTableRecord
  2
ACAUTHENVIRON
 70
     0
  0
APPID
  5
254A
330
14
100
AcDbSymbolTableRecord
100
AcDbRegAppTableRecord
  2
ACAD_EXEMPT_FROM_CAD_STANDARDS
 70
     0
  0
APPID
  5
2555
330
14
100
AcDbSymbolTableRecord
100
AcDbRegAppTableRecord
  2
AcDbDynamicBlockTrueName
 70
     0
  0
APPID
  5
2556
330
14
100
AcDbSymbolTableRecord
100
AcDbRegAppTableRecord
  2
AcDbDynamicBlockGUID
 70
     0
  0
APPID
  5
2599
330
14
100
AcDbSymbolTableRecord
100
AcDbRegAppTableRecord
  2
ACAD_NAV_VCDISPLAY
 70
     0
  0
APPID
  5
25F2
330
14
100
AcDbSymbolTableRecord
100
AcDbRegAppTableRecord
  2
AcLayerTools
 70
     0
  0
APPID
  5
2757
330
14
100
AcDbSymbolTableRecord
100
AcDbRegAppTableRecord
  2
ACAD_PSEXT
 70
     0
  0
APPID
  5
277F
330
14
100
AcDbSymbolTableRecord
100
AcDbRegAppTableRecord
  2
ACAD_SPLINE_DATA
 70
     0
  0
APPID
  5
27B4
330
14
100
AcDbSymbolTableRecord
100
AcDbRegAppTableRecord
  2
ACAD_MLEADERVER
 70
     0
  0
ENDTAB
  0
TABLE
  2
DIMSTYLE
  5
16
330
0
100
AcDbSymbolTable
 70
     2
100
AcDbDimStyleTable
  0
DIMSTYLE
105
1E
330
16
100
AcDbSymbolTableRecord
100
AcDbDimStyleTableRecord
  2
100
 70
     0
 41
0.1
 42
0.05
 44
0.1
 73
     0
 74
     0
 77
     1
140
0.1
144
2.0
147
0.05
172
     1
173
     1
174
     1
271
     2
178
     7
271
     2
340
1C
341
1F
343
1F
344
1F
  0
DIMSTYLE
105
273A
330
16
100
AcDbSymbolTableRecord
100
AcDbDimStyleTableRecord
  2
STANDARD
 70
     0
 41
0.1
 42
0.05
 44
0.1
 73
     0
 74
     0
 77
     1
140
0.1
147
0.05
172
     1
173
     1
271
     2
178
     7
271
     2
340
1C
341
1F
343
1F
344
1F
  0
ENDTAB
  0
TABLE
  2
BLOCK_RECORD
  5
1
330
0
100
AcDbSymbolTable
 70
    14
  0
BLOCK_RECORD
  5
2
102
{ACAD_XDICTIONARY
360
25F3
102
}
330
1
100
AcDbSymbolTableRecord
100
AcDbBlockTableRecord
  2
*MODEL_SPACE
340
2537
  0
BLOCK_RECORD
  5
7
330
1
100
AcDbSymbolTableRecord
100
AcDbBlockTableRecord
  2
*PAPER_SPACE
340
2538
  0
BLOCK_RECORD
  5
1F
330
1
100
AcDbSymbolTableRecord
100
AcDbBlockTableRecord
  2
_ARCHTICK
340
0
  0
BLOCK_RECORD
  5
4D7
330
1
100
AcDbSymbolTableRecord
100
AcDbBlockTableRecord
  2
TM_B
340
0
102
{BLKREFS
331
4DB
331
4DD
331
522
331
526
331
565
331
567
331
590
331
594
331
59B
331
59F
331
5A3
331
5A5
102
}
  0
BLOCK_RECORD
  5
4DF
330
1
100
AcDbSymbolTableRecord
100
AcDbBlockTableRecord
  2
TM_M
340
0
102
{BLKREFS
331
4E5
331
517
331
528
331
53F
331
55D
331
560
331
563
331
57B
331
596
331
5A8
102
}
  0
BLOCK_RECORD
  5
4E8
330
1
100
AcDbSymbolTableRecord
100
AcDbBlockTableRecord
  2
LUM_INC
340
0
102
{BLKREFS
331
4F1
331
4FE
331
52A
331
531
331
581
331
586
331
58B
102
}
  0
BLOCK_RECORD
  5
4F6
330
1
100
AcDbSymbolTableRecord
100
AcDbBlockTableRecord
  2
INT_1
340
0
102
{BLKREFS
331
4FC
331
52F
331
53D
331
598
102
}
  0
BLOCK_RECORD
  5
503
330
1
100
AcDbSymbolTableRecord
100
AcDbBlockTableRecord
  2
LUM_ARAN
340
0
102
{BLKREFS
331
509
331
5AB
331
5B1
102
}
  0
BLOCK_RECORD
  5
50A
330
1
100
AcDbSymbolTableRecord
100
AcDbBlockTableRecord
  2
POT_ARAN
340
0
102
{BLKREFS
331
512
102
}
  0
BLOCK_RECORD
  5
519
330
1
100
AcDbSymbolTableRecord
100
AcDbBlockTableRecord
  2
INT_2
340
0
102
{BLKREFS
331
520
102
}
  0
BLOCK_RECORD
  5
536
330
1
100
AcDbSymbolTableRecord
100
AcDbBlockTableRecord
  2
QDLF
340
0
102
{BLKREFS
331
53C
102
}
  0
BLOCK_RECORD
  5
541
330
1
100
AcDbSymbolTableRecord
100
AcDbBlockTableRecord
  2
APR_A
340
0
102
{BLKREFS
331
546
102
}
  0
BLOCK_RECORD
  5
549
330
1
100
AcDbSymbolTableRecord
100
AcDbBlockTableRecord
  2
LUM_FLUO
340
0
102
{BLKREFS
331
552
331
557
102
}
  0
BLOCK_RECORD
  5
56B
330
1
100
AcDbSymbolTableRecord
100
AcDbBlockTableRecord
  2
INT_W2
340
0
102
{BLKREFS
331
572
102
}
  0
BLOCK_RECORD
  5
5FE
330
1
100
AcDbSymbolTableRecord
100
AcDbBlockTableRecord
  2
TM_TV
340
0
102
{BLKREFS
331
604
102
}
  0
BLOCK_RECORD
  5
605
330
1
100
AcDbSymbolTableRecord
100
AcDbBlockTableRecord
  2
T_TELM
340
0
102
{BLKREFS
331
60C
102
}
  0
ENDTAB
  0
ENDSEC
  0
SECTION
  2
BLOCKS
  0
BLOCK
  5
3
330
2
100
AcDbEntity
  8
0
370
    -1
100
AcDbBlockBegin
  2
*MODEL_SPACE
 70
     0
 10
0.0
 20
0.0
 30
0.0
  3
*MODEL_SPACE
  1

  0
ENDBLK
  5
6
330
2
100
AcDbEntity
  8
0
370
    -1
100
AcDbBlockEnd
  0
BLOCK
  5
8
330
7
100
AcDbEntity
 67
     1
  8
0
370
    -1
100
AcDbBlockBegin
  2
*PAPER_SPACE
 70
     0
 10
0.0
 20
0.0
 30
0.0
  3
*PAPER_SPACE
  1

  0
ENDBLK
  5
9
330
7
100
AcDbEntity
 67
     1
  8
0
370
    -1
100
AcDbBlockEnd
  0
BLOCK
  5
24
330
1F
100
AcDbEntity
  8
0
370
    -1
100
AcDbBlockBegin
  2
_ARCHTICK
 70
     0
 10
0.0
 20
0.0
 30
0.0
  3
_ARCHTICK
  1

  0
LWPOLYLINE
  5
20
330
1F
100
AcDbEntity
  8
0
  6
ByBlock
 62
     0
100
AcDbPolyline
 90
        2
 70
     0
 43
0.15
 10
-0.5
 20
-0.5
 10
0.5
 20
0.5
  0
ENDBLK
  5
25
330
1F
100
AcDbEntity
  8
0
370
    -1
100
AcDbBlockEnd
  0
BLOCK
  5
4D9
330
4D7
100
AcDbEntity
  8
0
370
    -1
100
AcDbBlockBegin
  2
TM_B
 70
     0
 10
0.0
 20
0.0
 30
0.0
  3
TM_B
  1

  0
LWPOLYLINE
  5
4D8
330
4D7
100
AcDbEntity
  8
TOMADAS
 62
     6
370
    -1
100
AcDbPolyline
 90
        6
 70
     1
 43
0.0
 10
-0.0000000000000284
 20
-0.1690983005563567
 10
0.0
 20
0.1690983005686917
 42
-0.5575365157903951
 10
0.0723606797689058
 20
0.213819660121743
 10
0.4105572809703801
 20
0.044721359578574
 42
-0.6180339887498948
 10
0.4105572808296074
 20
-0.044721359521418
 10
0.0723606797810703
 20
-0.2138196601032973
 42
-0.5575365158797168
  0
ENDBLK
  5
4DA
330
4D7
100
AcDbEntity
  8
0
370
    -1
100
AcDbBlockEnd
  0
BLOCK
  5
4E3
330
4DF
100
AcDbEntity
  8
0
370
    -1
100
AcDbBlockBegin
  2
TM_M
 70
     0
 10
0.0
 20
0.0
 30
0.0
  3
TM_M
  1

  0
LWPOLYLINE
  5
4E0
102
{ACAD_REACTORS
330
4E2
102
}
330
4DF
100
AcDbEntity
  8
TOMADAS
 62
     6
370
    -1
100
AcDbPolyline
 90
        6
 70
     1
 43
0.0
 10
0.0
 20
-0.1690983005563567
 10
0.0000000000000284
 20
0.1690983005686633
 42
-0.5575365157904225
 10
0.0723606797689342
 20
0.2138196601217146
 10
0.4105572809703517
 20
0.0447213595785456
 42
-0.6180339887498948
 10
0.410557280829579
 20
-0.0447213595214464
 10
0.0723606797810987
 20
-0.2138196601032973
 42
-0.5575365158797299
  0
LINE
  5
4E1
102
{ACAD_REACTORS
330
4E2
102
}
330
4DF
100
AcDbEntity
  8
TOMADAS
370
    -1
100
AcDbLine
 10
0.4381966011249574
 20
-0.0000000008683116
 30
0.0
 11
0.0
 21
-0.0000000000061675
 31
0.0
  0
HATCH
  5
4E2
330
4DF
100
AcDbEntity
  8
TOMADAS
  6
Continuous
370
    -1
100
AcDbHatch
 10
0.0
 20
0.0
 30
0.0
210
0.0
220
0.0
230
1.0
  2
SOLID
 70
     1
 71
     1
 91
        1
 92
        7
 72
     1
 73
     1
 93
        5
 10
0.410557280906076
 20
-0.044721359483205
 42
0.2840790387671874
 10
0.4381966011249716
 20
-0.0000000008683116
 42
0.0
 10
0.0
 20
-0.0000000000061675
 42
0.0
 10
0.0
 20
-0.1690983005563567
 42
0.5575365158795792
 10
0.0723606797810845
 20
-0.2138196601032973
 42
0.0
 97
        2
330
4E0
330
4E1
 75
     0
 76
     1
 47
0.0013309871730608
 98
        1
 10
0.2203849980961365
 20
-0.0814446017966475
  0
ENDBLK
  5
4E4
330
4DF
100
AcDbEntity
  8
0
370
    -1
100
AcDbBlockEnd
  0
BLOCK
  5
4EF
330
4E8
100
AcDbEntity
  8
0
370
    -1
100
AcDbBlockBegin
  2
LUM_INC
 70
     2
 10
0.0
 20
0.0
 30
0.0
  3
LUM_INC
  1

  0
CIRCLE
  5
4E9
330
4E8
100
AcDbEntity
  8
LUMINARIAS
370
    -1
100
AcDbCircle
 10
0.0
 20
-0.0000000000000284
 30
0.0
 40
0.5491920788223865
  0
LINE
  5
4EA
330
4E8
100
AcDbEntity
  8
TEXTO0
370
    -1
100
AcDbLine
 10
0.0
 20
0.0
 30
0.0
 11
0.0
 21
-0.5491920788224149
 31
0.0
  0
LINE
  5
4EB
330
4E8
100
AcDbEntity
  8
TEXTO0
370
    -1
100
AcDbLine
 10
0.5491920788223865
 20
-0.0000000000000568
 30
0.0
 11
-0.5491920788223865
 21
0.0
 31
0.0
  0
ATTDEF
  5
4EC
330
4E8
100
AcDbEntity
  8
TEXTO0
370
    -1
100
AcDbText
 10
-0.2818293852246214
 20
-0.2410391525009998
 30
0.0
 40
0.18
  1
-
  7
TEXTO0
 72
     4
 11
-0.17040081379605
 21
-0.1638962953581427
 31
0.0
100
AcDbAttributeDefinition
  3
CIRCUITO
  2
A
 70
     0
  0
ATTDEF
  5
4ED
330
4E8
100
AcDbEntity
  8
TEXTO0
370
    -1
100
AcDbText
 10
0.0821596026135338
 20
-0.2410391525009998
 30
0.0
 40
0.18
  1
-
  7
TEXTO0
 72
     4
 11
0.1935881740421053
 21
-0.1638962953581427
 31
0.0
100
AcDbAttributeDefinition
  3
COMANDO
  2
B
 70
     0
  0
ATTDEF
  5
4EE
330
4E8
100
AcDbEntity
  8
TEXTO0
370
    -1
100
AcDbText
 10
-0.1215008959933883
 20
0.0791691018749845
 30
0.0
 40
0.18
  1
-
  7
TEXTO0
 72
     4
 11
-0.0100723245648169
 21
0.1563119590178417
 31
0.0
100
AcDbAttributeDefinition
  3
POTENCIA
  2
C
 70
     0
  0
ENDBLK
  5
4F0
330
4E8
100
AcDbEntity
  8
0
370
    -1
100
AcDbBlockEnd
  0
BLOCK
  5
4FA
330
4F6
100
AcDbEntity
  8
0
370
    -1
100
AcDbBlockBegin
  2
INT_1
 70
     0
 10
0.0
 20
0.0
 30
0.0
  3
INT_1
  1

  0
TEXT
  5
4F7
330
4F6
100
AcDbEntity
  8
TOMADAS
370
    -1
100
AcDbText
 10
-0.1150511755927401
 20
-0.3437863308553187
 30
0.0
 40
0.24
  1
S
  7
ROMANT
 72
     4
 11
-0.0007654613070258
 21
-0.2237863308553187
 31
0.0
100
AcDbText
  0
LINE
  5
4F8
330
4F6
100
AcDbEntity
  8
TOMADAS
370
    -1
100
AcDbLine
 10
0.0
 20
-0.1035753239168855
 30
0.0
 11
0.0000000000000284
 21
-0.0507806798518686
 31
0.0
  0
CIRCLE
  5
4F9
330
4F6
100
AcDbEntity
  8
TOMADAS
370
    -1
100
AcDbCircle
 10
0.0
 20
0.0
 30
0.0
 40
0.0507806798518686
  0
ENDBLK
  5
4FB
330
4F6
100
AcDbEntity
  8
0
370
    -1
100
AcDbBlockEnd
  0
BLOCK
  5
507
330
503
100
AcDbEntity
  8
0
370
    -1
100
AcDbBlockBegin
  2
LUM_ARAN
 70
     0
 10
0.0
 20
0.0
 30
0.0
  3
LUM_ARAN
  1

  0
LINE
  5
504
330
503
100
AcDbEntity
  8
LUMINARIAS
370
    -1
100
AcDbLine
 10
0.0
 20
0.1207834494779547
 30
0.0
 11
0.0
 21
0.0442232260176354
 31
0.0
  0
LWPOLYLINE
  5
505
330
503
100
AcDbEntity
  8
LUMINARIAS
370
    -1
100
AcDbPolyline
 90
        2
 70
     1
 43
0.0
 10
0.4480997503719379
 20
0.1207834494779547
 10
-0.4480997503713695
 20
0.1207834494779547
 42
-0.9999999999998889
  0
CIRCLE
  5
506
330
503
100
AcDbEntity
  8
LUMINARIAS
370
    -1
100
AcDbCircle
 10
0.0
 20
0.0
 30
0.0
 40
0.0442232260176354
  0
ENDBLK
  5
508
330
503
100
AcDbEntity
  8
0
370
    -1
100
AcDbBlockEnd
  0
BLOCK
  5
510
330
50A
100
AcDbEntity
  8
0
370
    -1
100
AcDbBlockBegin
  2
POT_ARAN
 70
     2
 10
0.0
 20
0.0
 30
0.0
  3
POT_ARAN
  1

  0
LINE
  5
50B
330
50A
100
AcDbEntity
  8
TEXTO0
370
    -1
100
AcDbLine
 10
0.0
 20
0.0000000000000142
 30
0.0
 11
0.0
 21
-0.3815040078653595
 31
0.0
  0
LINE
  5
50C
330
50A
100
AcDbEntity
  8
TEXTO0
370
    -1
100
AcDbLine
 10
0.3815040078653453
 20
-0.0000000000000426
 30
0.0
 11
-0.3815040078653453
 21
0.0000000000000142
 31
0.0
  0
ATTDEF
  5
50D
330
50A
100
AcDbEntity
  8
TEXTO0
370
    -1
100
AcDbText
 10
-0.2818293852246214
 20
-0.2410391525009856
 30
0.0
 40
0.18
  1
-
  7
TEXTO0
 72
     4
 11
-0.17040081379605
 21
-0.1638962953581284
 31
0.0
100
AcDbAttributeDefinition
  3
CIRCUITO
  2
A
 70
     0
  0
ATTDEF
  5
50E
330
50A
100
AcDbEntity
  8
TEXTO0
370
    -1
100
AcDbText
 10
0.0821596026135338
 20
-0.2410391525009856
 30
0.0
 40
0.18
  1
-
  7
TEXTO0
 72
     4
 11
0.1935881740421053
 21
-0.1638962953581284
 31
0.0
100
AcDbAttributeDefinition
  3
COMANDO
  2
B
 70
     0
  0
ATTDEF
  5
50F
330
50A
100
AcDbEntity
  8
TEXTO0
370
    -1
100
AcDbText
 10
-0.1215008959933883
 20
0.0791691018749987
 30
0.0
 40
0.18
  1
-
  7
TEXTO0
 72
     4
 11
-0.0100723245648169
 21
0.1563119590178559
 31
0.0
100
AcDbAttributeDefinition
  3
POTENCIA
  2
C
 70
     0
  0
ENDBLK
  5
511
330
50A
100
AcDbEntity
  8
0
370
    -1
100
AcDbBlockEnd
  0
BLOCK
  5
51E
330
519
100
AcDbEntity
  8
0
370
    -1
100
AcDbBlockBegin
  2
INT_2
 70
     0
 10
0.0
 20
0.0
 30
0.0
  3
INT_2
  1

  0
TEXT
  5
51A
330
519
100
AcDbEntity
  8
TOMADAS
370
    -1
100
AcDbText
 10
0.0822789655924225
 20
-0.340295005907592
 30
0.0
 40
0.18
  1
2
  7
ROMANT
100
AcDbText
  0
TEXT
  5
51B
330
519
100
AcDbEntity
  8
TOMADAS
370
    -1
100
AcDbText
 10
-0.1150511755927401
 20
-0.3437863308553187
 30
0.0
 40
0.24
  1
S
  7
ROMANT
 72
     4
 11
-0.0007654613070258
 21
-0.2237863308553187
 31
0.0
100
AcDbText
  0
CIRCLE
  5
51C
330
519
100
AcDbEntity
  8
TOMADAS
370
    -1
100
AcDbCircle
 10
0.0
 20
0.0
 30
0.0
 40
0.0507806798518686
  0
LINE
  5
51D
330
519
100
AcDbEntity
  8
TOMADAS
370
    -1
100
AcDbLine
 10
0.0
 20
-0.1035753239168855
 30
0.0
 11
0.0000000000000284
 21
-0.0507806798518686
 31
0.0
  0
ENDBLK
  5
51F
330
519
100
AcDbEntity
  8
0
370
    -1
100
AcDbBlockEnd
  0
BLOCK
  5
53A
330
536
100
AcDbEntity
  8
0
370
    -1
100
AcDbBlockBegin
  2
QDLF
 70
     0
 10
0.0
 20
0.0
 30
0.0
  3
QDLF
  1

  0
LWPOLYLINE
  5
537
330
536
100
AcDbEntity
  8
TOMADAS
370
    -1
100
AcDbPolyline
 90
        4
 70
     1
 43
0.0
 10
-0.5
 20
-0.1297858815256916
 10
0.5
 20
-0.1297858815256916
 10
0.5
 20
0.1297858815256916
 10
-0.5
 20
0.1297858815256916
  0
LINE
  5
538
330
536
100
AcDbEntity
  8
TOMADAS
370
    -1
100
AcDbLine
 10
-0.5
 20
0.1297858815256916
 30
0.0
 11
0.5
 21
-0.1297858815256916
 31
0.0
  0
SOLID
  5
539
330
536
100
AcDbEntity
  8
TOMADAS
370
    -1
100
AcDbTrace
 10
0.5
 20
-0.1297858815256916
 30
0.0
 11
0.5
 21
0.1297858815256916
 31
0.0
 12
0.5
 22
-0.1297858815256916
 32
0.0
 13
-0.5
 23
0.1297858815256916
 33
0.0
  0
ENDBLK
  5
53B
330
536
100
AcDbEntity
  8
0
370
    -1
100
AcDbBlockEnd
  0
BLOCK
  5
544
330
541
100
AcDbEntity
  8
0
370
    -1
100
AcDbBlockBegin
  2
APR_A
 70
     0
 10
0.0
 20
0.0
 30
0.0
  3
APR_A
  1

  0
HATCH
  5
542
330
541
100
AcDbEntity
  8
TOMADAS
  6
Continuous
 62
     6
370
    -1
100
AcDbHatch
 10
0.0
 20
0.0
 30
0.0
210
0.0
220
0.0
230
1.0
  2
SOLID
 70
     1
 71
     1
 91
        1
 92
        7
 72
     1
 73
     1
 93
        6
 10
0.070547567012099
 20
0.214918332548887
 42
0.5575365164632511
 10
-0.0018131128486374
 20
0.1701969730417652
 42
0.0
 10
-0.0018131128486374
 20
-0.1679996280832832
 42
0.5575365152068789
 10
0.0705475668406592
 20
-0.2127209876761533
 42
0.0
 10
0.4087441679656223
 20
-0.0436226879239747
 42
0.6180339887496749
 10
0.408744168137062
 20
0.0458200311760031
 42
0.0
 97
        1
330
543
 75
     0
 76
     1
 47
0.0012099882677586
 98
        1
 10
0.2033638667968631
 20
0.0235804638955237
  0
LWPOLYLINE
  5
543
102
{ACAD_REACTORS
330
542
102
}
330
541
100
AcDbEntity
  8
TOMADAS
 62
     6
370
    -1
100
AcDbPolyline
 90
        6
 70
     1
 43
0.0
 10
-0.0018131128486374
 20
-0.1679996280832832
 10
-0.0018131128486374
 20
0.1701969730417652
 42
-0.5575365164632511
 10
0.070547567012099
 20
0.214918332548887
 10
0.4087441681217143
 20
0.0458200311836769
 42
-0.6180339887498948
 10
0.4087441679809416
 20
-0.0436226879163151
 10
0.0705475668406592
 20
-0.2127209876761533
 42
-0.557536515206879
  0
ENDBLK
  5
545
330
541
100
AcDbEntity
  8
0
370
    -1
100
AcDbBlockEnd
  0
BLOCK
  5
550
330
549
100
AcDbEntity
  8
0
370
    -1
100
AcDbBlockBegin
  2
LUM_FLUO
 70
     2
 10
0.0
 20
0.0
 30
0.0
  3
LUM_FLUO
  1

  0
LINE
  5
54A
330
549
100
AcDbEntity
  8
TEXTO0
370
    -1
100
AcDbLine
 10
-0.5999999999999943
 20
-0.3028722554110743
 30
0.0
 11
-0.5999999999999943
 21
0.29712774458892
 31
0.0
  0
LWPOLYLINE
  5
54B
330
549
100
AcDbEntity
  8
LUMINARIAS
370
    -1
100
AcDbPolyline
 90
        4
 70
     1
 43
0.0
 10
-1.050000000000011
 20
-0.3028722554110743
 10
-1.050000000000011
 20
0.29712774458892
 10
0.5999999999999943
 20
0.29712774458892
 10
0.5999999999999943
 20
-0.3028722554110743
  0
LINE
  5
54C
330
549
100
AcDbEntity
  8
TEXTO0
370
    -1
100
AcDbLine
 10
-0.5999999999999943
 20
0.0
 30
0.0
 11
0.5999999999999943
 21
0.0
 31
0.0
  0
ATTDEF
  5
54D
330
549
100
AcDbEntity
  8
TEXTO0
370
    -1
100
AcDbText
 10
-0.9282287895475989
 20
-0.0751654703195157
 30
0.0
 40
0.18
  1
-
  7
TEXTO0
 72
     4
 11
-0.8168002181190275
 21
0.0019773868233415
 31
0.0
100
AcDbAttributeDefinition
  3
Circuito
  2
A
 70
     0
  0
ATTDEF
  5
54E
330
549
100
AcDbEntity
  8
TEXTO0
370
    -1
100
AcDbText
 10
-0.1034251752727713
 20
0.0555874498323619
 30
0.0
 40
0.18
  1
-
  7
TEXTO0
 72
     4
 11
0.0080033961558001
 21
0.132730306975219
 31
0.0
100
AcDbAttributeDefinition
  3
Comando
  2
B
 70
     0
  0
ATTDEF
  5
54F
330
549
100
AcDbEntity
  8
TEXTO0
370
    -1
100
AcDbText
 10
-0.1034251752727713
 20
-0.2357516632793277
 30
0.0
 40
0.18
  1
-
  7
TEXTO0
 72
     4
 11
0.0080033961558001
 21
-0.1586088061364705
 31
0.0
100
AcDbAttributeDefinition
  3
Potencia
  2
C
 70
     0
  0
ENDBLK
  5
551
330
549
100
AcDbEntity
  8
0
370
    -1
100
AcDbBlockEnd
  0
BLOCK
  5
570
330
56B
100
AcDbEntity
  8
0
370
    -1
100
AcDbBlockBegin
  2
INT_W2
 70
     0
 10
0.0
 20
0.0
 30
0.0
  3
INT_W2
  1

  0
TEXT
  5
56C
330
56B
100
AcDbEntity
  8
TOMADAS
370
    -1
100
AcDbText
 10
-0.1150511755927401
 20
-0.3437863308553187
 30
0.0
 40
0.24
  1
S
  7
ROMANT
 72
     4
 11
-0.0007654613070258
 21
-0.2237863308553187
 31
0.0
100
AcDbText
  0
CIRCLE
  5
56D
330
56B
100
AcDbEntity
  8
TOMADAS
370
    -1
100
AcDbCircle
 10
0.0
 20
0.0
 30
0.0
 40
0.0507806798518686
  0
LINE
  5
56E
330
56B
100
AcDbEntity
  8
TOMADAS
370
    -1
100
AcDbLine
 10
0.0
 20
-0.1035753239168855
 30
0.0
 11
0.0000000000000284
 21
-0.0507806798518686
 31
0.0
  0
TEXT
  5
56F
330
56B
100
AcDbEntity
  8
TOMADAS
370
    -1
100
AcDbText
 10
0.0822789655924225
 20
-0.340295005907592
 30
0.0
 40
0.18
  1
w2
  7
ROMANT
100
AcDbText
  0
ENDBLK
  5
571
330
56B
100
AcDbEntity
  8
0
370
    -1
100
AcDbBlockEnd
  0
BLOCK
  5
602
330
5FE
100
AcDbEntity
  8
0
370
    -1
100
AcDbBlockBegin
  2
TM_TV
 70
     0
 10
0.0
 20
0.0
 30
0.0
  3
TM_TV
  1

  0
LWPOLYLINE
  5
5FF
330
5FE
100
AcDbEntity
  8
TOMADAS
 62
     6
370
    -1
100
AcDbPolyline
 90
        6
 70
     1
 43
0.0
 10
0.4975897196775065
 20
-0.1688696327368042
 10
0.4975897196774781
 20
0.1693269683882441
 42
0.5575365157903951
 10
0.4252290399085723
 20
0.2140483279412955
 10
0.087032438707098
 20
0.0449500273981265
 42
0.6180339887498948
 10
0.0870324388478707
 20
-0.0444926917018655
 10
0.4252290398964078
 20
-0.2135909922837449
 42
0.5575365158797168
  0
LWPOLYLINE
  5
600
330
5FE
100
AcDbEntity
  8
TOMADAS
 62
     6
370
    -1
100
AcDbPolyline
 90
        6
 70
     1
 43
0.0
 10
0.1495679443575852
 20
-0.1688696327368042
 10
0.1495679443576137
 20
0.1693269683882441
 42
-0.5575365157903951
 10
0.2219286241265195
 20
0.2140483279412955
 10
0.5601252253279938
 20
0.0449500273981265
 42
-0.6180339887498948
 10
0.5601252251872211
 20
-0.0444926917018655
 10
0.221928624138684
 20
-0.2135909922837449
 42
-0.5575365158797168
  0
CIRCLE
  5
601
330
5FE
100
AcDbEntity
  8
TOMADAS
370
    -1
100
AcDbCircle
 10
0.0
 20
0.0
 30
0.0
 40
0.0595632648817528
  0
ENDBLK
  5
603
330
5FE
100
AcDbEntity
  8
0
370
    -1
100
AcDbBlockEnd
  0
BLOCK
  5
60A
330
605
100
AcDbEntity
  8
0
370
    -1
100
AcDbBlockBegin
  2
T_TELM
 70
     0
 10
0.0
 20
0.0
 30
0.0
  3
T_TELM
  1

  0
LWPOLYLINE
  5
606
102
{ACAD_REACTORS
330
607
102
}
330
605
100
AcDbEntity
  8
TOMADAS
 62
     6
370
    -1
100
AcDbPolyline
 90
        6
 70
     1
 43
0.0
 10
-0.5345098001413469
 20
-0.1690983005414175
 10
-0.5345098001413184
 20
0.1690983005836024
 42
-0.5575365157904225
 10
-0.4621491203724126
 20
0.2138196601366538
 10
-0.1239525191709951
 20
0.0447213595934848
 42
-0.6180339887498948
 10
-0.1239525193117679
 20
-0.0447213595065072
 10
-0.4621491203602481
 20
-0.2138196600883582
 42
-0.5575365158797299
  0
HATCH
  5
607
330
605
100
AcDbEntity
  8
TOMADAS
  6
Continuous
370
    -1
100
AcDbHatch
 10
0.0
 20
0.0
 30
0.0
210
0.0
220
0.0
230
1.0
  2
SOLID
 70
     1
 71
     1
 91
        1
 92
        7
 72
     1
 73
     1
 93
        5
 10
-0.1239525192352868
 20
-0.0447213594682667
 42
0.2840790387672307
 10
-0.0963131990163797
 20
-0.0000000008533725
 42
0.0
 10
-0.5345098001413318
 20
0.0000000000087725
 42
0.0
 10
-0.5345098001413469
 20
-0.1690983005414086
 42
0.5575365158797454
 10
-0.4621491203602544
 20
-0.2138196600883617
 42
0.0
 97
        2
330
606
330
608
 75
     0
 76
     1
 47
0.0013309871730608
 98
        1
 10
-0.3141248020452103
 20
-0.0814446017817083
  0
LINE
  5
608
102
{ACAD_REACTORS
330
607
102
}
330
605
100
AcDbEntity
  8
TOMADAS
370
    -1
100
AcDbLine
 10
-0.0963131990163895
 20
-0.0000000008533725
 30
0.0
 11
-0.5345098001413469
 21
0.0000000000087717
 31
0.0
  0
LWPOLYLINE
  5
609
330
605
100
AcDbEntity
  8
TOMADAS
 62
     6
370
    -1
100
AcDbPolyline
 90
        8
 70
     1
 43
0.0
 10
-0.0335741741895408
 20
-0.1790622623442317
 10
-0.062739024826783
 20
-0.1790622623442299
 42
-0.4142135623730878
 10
-0.096313199016322
 20
-0.1454880881546909
 10
-0.096313199016322
 20
0.1454880881546927
 42
-0.414213562373095
 10
-0.062739024826783
 20
0.1790622623442317
 10
-0.033574174189539
 20
0.1790622623442335
 42
-0.4142135623731024
 10
0.0
 20
0.1454880881546945
 10
-0.0000000000000018
 20
-0.1454880881546927
 42
-0.414213562373095
  0
ENDBLK
  5
60B
330
605
100
AcDbEntity
  8
0
370
    -1
100
AcDbBlockEnd
  0
ENDSEC
  0
SECTION
  2
ENTITIES
  0
LINE
  5
26
330
2
100
AcDbEntity
  8
PAREDE
370
    -1
100
AcDbLine
 10
-22.14284218347793
 20
5.515127321112296
 30
0.0
 11
-22.14284218347793
 21
4.815127321112293
 31
0.0
  0
LINE
  5
27
330
2
100
AcDbEntity
  8
PAREDE
370
    -1
100
AcDbLine
 10
-22.29284218347793
 20
5.665127321112294
 30
0.0
 11
-22.29284218347793
 21
4.815127321112293
 31
0.0
  0
LINE
  5
28
330
2
100
AcDbEntity
  8
PAREDE
370
    -1
100
AcDbLine
 10
-18.45284218347793
 20
5.515127321112296
 30
0.0
 11
-18.45284218347793
 21
1.165127321112293
 31
0.0
  0
LINE
  5
29
330
2
100
AcDbEntity
  8
PAREDE
370
    -1
100
AcDbLine
 10
-18.60284218347793
 20
5.515127321112296
 30
0.0
 11
-18.60284218347793
 21
2.615127321112293
 31
0.0
  0
LINE
  5
2A
330
2
100
AcDbEntity
  8
PAREDE
370
    -1
100
AcDbLine
 10
-15.30284218347793
 20
5.665127321112294
 30
0.0
 11
-15.30284218347793
 21
5.515127321112288
 31
0.0
  0
LINE
  5
2B
330
2
100
AcDbEntity
  8
PAREDE
370
    -1
100
AcDbLine
 10
-15.45284218347793
 20
5.515127321112292
 30
0.0
 11
-15.45284218347793
 21
5.515127321112292
 31
0.0
  0
LWPOLYLINE
  5
2C
330
2
100
AcDbEntity
  8
PORTAS
370
    -1
100
AcDbPolyline
 90
        4
 70
     1
 43
0.0
 10
-18.30284218347793
 20
5.515127321112294
 10
-18.30284218347793
 20
4.715127321112293
 10
-18.27284218347793
 20
4.715127321112293
 10
-18.27284218347793
 20
5.515127321112294
  0
LWPOLYLINE
  5
31
330
2
100
AcDbEntity
  8
BANHO_COZINHA
370
    -1
100
AcDbPolyline
 90
       10
 70
     0
 43
0.0
 10
-16.62333536852945
 20
5.418081918989682
 10
-16.46481544762525
 20
5.41808191898968
 42
-0.4142135623730951
 10
-16.44673461802365
 20
5.400001089388088
 10
-16.44673461802364
 20
5.07454615655946
 42
-0.4142135623730971
 10
-16.46481544762524
 20
5.056465326957866
 10
-16.88067452846183
 20
5.056465326957873
 42
-0.414213562373093
 10
-16.89875535806343
 20
5.07454615655946
 10
-16.89875535806342
 20
5.400001089388088
 42
-0.4142135623730951
 10
-16.88067452846183
 20
5.41808191898968
 10
-16.62333536852945
 20
5.418081918989682
  0
LINE
  5
33
330
2
100
AcDbEntity
  8
BANHO_COZINHA
370
    -1
100
AcDbLine
 10
-16.6341535184297
 20
5.207452941908535
 30
0.0
 11
-16.47385586242604
 21
5.083586571360254
 31
0.0
  0
LINE
  5
34
330
2
100
AcDbEntity
  8
BANHO_COZINHA
370
    -1
100
AcDbLine
 10
-16.7113364576569
 20
5.207452941908908
 30
0.0
 11
-16.87163411366104
 21
5.083586571360261
 31
0.0
  0
LINE
  5
35
330
2
100
AcDbEntity
  8
BANHO_COZINHA
370
    -1
100
AcDbLine
 10
-17.41784218347793
 20
5.000127321112295
 30
0.0
 11
-17.41784218347793
 21
5.515127321112296
 31
0.0
  0
LINE
  5
36
330
2
100
AcDbEntity
  8
BANHO_COZINHA
370
    -1
100
AcDbLine
 10
-17.45284218347793
 20
4.965127321112295
 30
0.0
 11
-17.45284218347793
 21
5.515127321112296
 31
0.0
  0
LINE
  5
3B
330
2
100
AcDbEntity
  8
PAREDE
370
    -1
100
AcDbLine
 10
-18.60284218347793
 20
-4.184872678887707
 30
0.0
 11
-19.62284218347793
 21
-4.184872678887707
 31
0.0
  0
LINE
  5
3C
330
2
100
AcDbEntity
  8
PAREDE
370
    -1
100
AcDbLine
 10
-17.70284218347793
 20
-4.334872678887706
 30
0.0
 11
-19.62284218347793
 21
-4.334872678887706
 31
0.0
  0
LINE
  5
3E
330
2
100
AcDbEntity
  8
PAREDE
370
    -1
100
AcDbLine
 10
-22.14284218347793
 20
-1.834872678887706
 30
0.0
 11
-22.14284218347793
 21
-4.184872678887707
 31
0.0
  0
LINE
  5
3F
330
2
100
AcDbEntity
  8
PAREDE
370
    -1
100
AcDbLine
 10
-22.29284218347793
 20
-1.084872678887708
 30
0.0
 11
-22.29284218347793
 21
-4.334872678887706
 31
0.0
  0
LINE
  5
40
330
2
100
AcDbEntity
  8
PAREDE-BAIXA
370
    -1
100
AcDbLine
 10
-19.62284218347793
 20
-4.184872678887707
 30
0.0
 11
-21.12284218347793
 21
-4.184872678887707
 31
0.0
  0
LINE
  5
42
330
2
100
AcDbEntity
  8
PAREDE-BAIXA
370
    -1
100
AcDbLine
 10
-19.62284218347793
 20
-4.334872678887706
 30
0.0
 11
-21.12284218347793
 21
-4.334872678887706
 31
0.0
  0
LINE
  5
43
330
2
100
AcDbEntity
  8
JANELAS
370
    -1
100
AcDbLine
 10
-19.62284218347793
 20
-4.244872678887706
 30
0.0
 11
-21.12284218347793
 21
-4.244872678887706
 31
0.0
  0
LINE
  5
45
330
2
100
AcDbEntity
  8
JANELAS
370
    -1
100
AcDbLine
 10
-19.62284218347793
 20
-4.274872678887707
 30
0.0
 11
-21.12284218347793
 21
-4.274872678887707
 31
0.0
  0
LINE
  5
46
330
2
100
AcDbEntity
  8
PAREDE
370
    -1
100
AcDbLine
 10
-21.12284218347793
 20
-4.184872678887707
 30
0.0
 11
-22.14284218347793
 21
-4.184872678887707
 31
0.0
  0
LINE
  5
47
330
2
100
AcDbEntity
  8
PAREDE
370
    -1
100
AcDbLine
 10
-21.12284218347793
 20
-4.334872678887706
 30
0.0
 11
-22.29284218347793
 21
-4.334872678887706
 31
0.0
  0
LINE
  5
48
330
2
100
AcDbEntity
  8
PAREDE
370
    -1
100
AcDbLine
 10
-21.12284218347793
 20
-4.184872678887707
 30
0.0
 11
-21.12284218347793
 21
-4.334872678887706
 31
0.0
  0
LINE
  5
49
330
2
100
AcDbEntity
  8
PAREDE
370
    -1
100
AcDbLine
 10
-19.62284218347793
 20
-4.184872678887707
 30
0.0
 11
-19.62284218347793
 21
-4.334872678887706
 31
0.0
  0
LINE
  5
4B
330
2
100
AcDbEntity
  8
PAREDE
370
    -1
100
AcDbLine
 10
-22.14284218347793
 20
1.015127321112292
 30
0.0
 11
-22.14284218347793
 21
0.4151273211122923
 31
0.0
  0
LINE
  5
4C
330
2
100
AcDbEntity
  8
PAREDE
370
    -1
100
AcDbLine
 10
-22.29284218347793
 20
3.315127321112291
 30
0.0
 11
-22.29284218347793
 21
0.4151273211122923
 31
0.0
  0
LINE
  5
4D
330
2
100
AcDbEntity
  8
PAREDE
370
    -1
100
AcDbLine
 10
-19.60284218347793
 20
0.0151273211122938
 30
0.0
 11
-19.60284218347793
 21
-1.834872678887706
 31
0.0
  0
LINE
  5
4E
330
2
100
AcDbEntity
  8
PAREDE
370
    -1
100
AcDbLine
 10
-19.60284218347793
 20
-1.834872678887706
 30
0.0
 11
-22.14284218347793
 21
-1.834872678887706
 31
0.0
  0
LINE
  5
4F
330
2
100
AcDbEntity
  8
PAREDE
370
    -1
100
AcDbLine
 10
-19.75284218347793
 20
-1.684872678887706
 30
0.0
 11
-22.14284218347793
 21
-1.684872678887707
 31
0.0
  0
LINE
  5
50
330
2
100
AcDbEntity
  8
PAREDE-BAIXA
370
    -1
100
AcDbLine
 10
-22.14284218347793
 20
-1.084872678887708
 30
0.0
 11
-22.14284218347793
 21
0.4151273211122923
 31
0.0
  0
LINE
  5
51
330
2
100
AcDbEntity
  8
PAREDE-BAIXA
370
    -1
100
AcDbLine
 10
-22.29284218347793
 20
-1.084872678887708
 30
0.0
 11
-22.29284218347793
 21
0.4151273211122923
 31
0.0
  0
LINE
  5
52
330
2
100
AcDbEntity
  8
JANELAS
370
    -1
100
AcDbLine
 10
-22.20284218347793
 20
-1.084872678887708
 30
0.0
 11
-22.20284218347793
 21
0.4151273211122923
 31
0.0
  0
LINE
  5
53
330
2
100
AcDbEntity
  8
JANELAS
370
    -1
100
AcDbLine
 10
-22.23284218347793
 20
-1.084872678887708
 30
0.0
 11
-22.23284218347793
 21
0.4151273211122923
 31
0.0
  0
LINE
  5
54
330
2
100
AcDbEntity
  8
PAREDE
370
    -1
100
AcDbLine
 10
-22.14284218347793
 20
-1.084872678887708
 30
0.0
 11
-22.14284218347793
 21
-1.684872678887707
 31
0.0
  0
LINE
  5
55
330
2
100
AcDbEntity
  8
PAREDE
370
    -1
100
AcDbLine
 10
-22.14284218347793
 20
-1.084872678887708
 30
0.0
 11
-22.29284218347793
 21
-1.084872678887708
 31
0.0
  0
LINE
  5
56
330
2
100
AcDbEntity
  8
PAREDE
370
    -1
100
AcDbLine
 10
-22.14284218347793
 20
0.4151273211122923
 30
0.0
 11
-22.29284218347793
 21
0.4151273211122923
 31
0.0
  0
LINE
  5
57
330
2
100
AcDbEntity
  8
PAREDE
370
    -1
100
AcDbLine
 10
-19.75284218347793
 20
0.1651273211122941
 30
0.0
 11
-19.75284218347793
 21
-1.684872678887706
 31
0.0
  0
LINE
  5
58
330
2
100
AcDbEntity
  8
PAREDE
370
    -1
100
AcDbLine
 10
-19.55284218347793
 20
0.015127321112292
 30
0.0
 11
-19.60284218347793
 21
0.015127321112292
 31
0.0
  0
LINE
  5
59
330
2
100
AcDbEntity
  8
PAREDE
370
    -1
100
AcDbLine
 10
-19.55284218347793
 20
0.1651273211122941
 30
0.0
 11
-19.60284218347793
 21
0.1651273211122941
 31
0.0
  0
LINE
  5
5A
330
2
100
AcDbEntity
  8
PAREDE
370
    -1
100
AcDbLine
 10
-19.75284218347793
 20
0.1651273211122941
 30
0.0
 11
-19.60284218347793
 21
0.1651273211122941
 31
0.0
  0
LWPOLYLINE
  5
5B
330
2
100
AcDbEntity
  8
PORTAS
370
    -1
100
AcDbPolyline
 90
        4
 70
     0
 43
0.0
 10
-19.75284218347793
 20
0.165127321112295
 10
-19.75284218347793
 20
0.2151273211122948
 10
-19.60284218347793
 20
0.2151273211122948
 10
-19.60284218347793
 20
0.165127321112295
  0
LINE
  5
5C
330
2
100
AcDbEntity
  8
PAREDE
370
    -1
100
AcDbLine
 10
-19.55284218347793
 20
0.015127321112292
 30
0.0
 11
-19.55284218347793
 21
0.1651273211122941
 31
0.0
  0
LWPOLYLINE
  5
5D
330
2
100
AcDbEntity
  8
PORTAS
370
    -1
100
AcDbPolyline
 90
        4
 70
     0
 43
0.0
 10
-19.55284218347793
 20
0.0151273211122929
 10
-19.50284218347793
 20
0.0151273211122929
 10
-19.50284218347793
 20
0.1651273211122932
 10
-19.55284218347793
 20
0.1651273211122932
  0
LINE
  5
5E
330
2
100
AcDbEntity
  8
PAREDE
370
    -1
100
AcDbLine
 10
-22.14284218347793
 20
3.315127321112293
 30
0.0
 11
-22.14284218347793
 21
2.615127321112293
 31
0.0
  0
LINE
  5
6D
330
2
100
AcDbEntity
  8
PAREDE
370
    -1
100
AcDbLine
 10
-19.75284218347793
 20
1.015127321112295
 30
0.0
 11
-22.14284218347793
 21
1.015127321112293
 31
0.0
  0
LINE
  5
6E
330
2
100
AcDbEntity
  8
PAREDE
370
    -1
100
AcDbLine
 10
-19.75284218347793
 20
1.165127321112295
 30
0.0
 11
-22.14284218347793
 21
1.165127321112292
 31
0.0
  0
LINE
  5
6F
330
2
100
AcDbEntity
  8
PAREDE
370
    -1
100
AcDbLine
 10
-19.75284218347793
 20
2.465127321112293
 30
0.0
 11
-22.14284218347793
 21
2.465127321112293
 31
0.0
  0
LINE
  5
70
330
2
100
AcDbEntity
  8
PAREDE
370
    -1
100
AcDbLine
 10
-19.55284218347793
 20
2.615127321112293
 30
0.0
 11
-22.14284218347793
 21
2.615127321112293
 31
0.0
  0
LINE
  5
71
330
2
100
AcDbEntity
  8
PAREDE
370
    -1
100
AcDbLine
 10
-22.14284218347793
 20
2.465127321112291
 30
0.0
 11
-22.14284218347793
 21
1.165127321112292
 31
0.0
  0
LINE
  5
72
330
2
100
AcDbEntity
  8
JANELAS
  6
HIDDEN
370
    -1
100
AcDbLine
 10
-22.23284218347793
 20
1.515127321112292
 30
0.0
 11
-22.23284218347793
 21
2.115127321112293
 31
0.0
  0
LINE
  5
74
330
2
100
AcDbEntity
  8
JANELAS
  6
HIDDEN
370
    -1
100
AcDbLine
 10
-22.20284218347793
 20
1.515127321112292
 30
0.0
 11
-22.20284218347793
 21
2.115127321112293
 31
0.0
  0
LINE
  5
76
330
2
100
AcDbEntity
  8
JANELAS
370
    -1
100
AcDbLine
 10
-22.14284218347793
 20
1.515127321112292
 30
0.0
 11
-22.29284218347793
 21
1.515127321112292
 31
0.0
  0
LINE
  5
78
330
2
100
AcDbEntity
  8
JANELAS
370
    -1
100
AcDbLine
 10
-22.14284218347793
 20
2.115127321112293
 30
0.0
 11
-22.29284218347793
 21
2.115127321112293
 31
0.0
  0
LWPOLYLINE
  5
87
330
2
100
AcDbEntity
  8
PORTAS
370
    -1
100
AcDbPolyline
 90
        4
 70
     1
 43
0.0
 10
-19.75284218347793
 20
0.915127321112295
 10
-20.45284218347793
 20
0.915127321112295
 10
-20.45284218347793
 20
0.8851273211122948
 10
-19.75284218347793
 20
0.8851273211122948
  0
LWPOLYLINE
  5
88
330
2
100
AcDbEntity
  8
PORTAS
370
    -1
100
AcDbPolyline
 90
        4
 70
     1
 43
0.0
 10
-19.75284218347793
 20
1.315127321112296
 10
-20.45284218347793
 20
1.315127321112296
 10
-20.45284218347793
 20
1.345127321112297
 10
-19.75284218347793
 20
1.345127321112297
  0
LINE
  5
89
330
2
100
AcDbEntity
  8
PAREDE
370
    -1
100
AcDbLine
 10
-19.60284218347793
 20
1.265127321112296
 30
0.0
 11
-19.60284218347793
 21
0.9651273211122957
 31
0.0
  0
LINE
  5
8A
330
2
100
AcDbEntity
  8
PAREDE
370
    -1
100
AcDbLine
 10
-19.75284218347793
 20
1.015127321112295
 30
0.0
 11
-19.75284218347793
 21
0.9651273211122957
 31
0.0
  0
LINE
  5
8B
330
2
100
AcDbEntity
  8
PAREDE
370
    -1
100
AcDbLine
 10
-19.75284218347793
 20
0.9651273211122948
 30
0.0
 11
-19.60284218347793
 21
0.9651273211122948
 31
0.0
  0
LWPOLYLINE
  5
8C
330
2
100
AcDbEntity
  8
PORTAS
370
    -1
100
AcDbPolyline
 90
        4
 70
     0
 43
0.0
 10
-19.75284218347793
 20
0.9651273211122948
 10
-19.75284218347793
 20
0.915127321112295
 10
-19.60284218347793
 20
0.915127321112295
 10
-19.60284218347793
 20
0.9651273211122948
  0
LINE
  5
8D
330
2
100
AcDbEntity
  8
PAREDE
370
    -1
100
AcDbLine
 10
-19.75284218347793
 20
1.265127321112296
 30
0.0
 11
-19.60284218347793
 21
1.265127321112296
 31
0.0
  0
LINE
  5
8E
330
2
100
AcDbEntity
  8
PAREDE
370
    -1
100
AcDbLine
 10
-19.75284218347793
 20
1.265127321112296
 30
0.0
 11
-19.75284218347793
 21
1.165127321112297
 31
0.0
  0
LWPOLYLINE
  5
8F
330
2
100
AcDbEntity
  8
PORTAS
370
    -1
100
AcDbPolyline
 90
        4
 70
     0
 43
0.0
 10
-19.75284218347793
 20
1.265127321112296
 10
-19.75284218347793
 20
1.315127321112296
 10
-19.60284218347793
 20
1.315127321112296
 10
-19.60284218347793
 20
1.265127321112296
  0
LINE
  5
A1
330
2
100
AcDbEntity
  8
PAREDE
370
    -1
100
AcDbLine
 10
-19.60284218347793
 20
2.465127321112293
 30
0.0
 11
-19.60284218347793
 21
2.065127321112296
 31
0.0
  0
LINE
  5
A2
330
2
100
AcDbEntity
  8
PAREDE
370
    -1
100
AcDbLine
 10
-19.75284218347793
 20
2.465127321112293
 30
0.0
 11
-19.75284218347793
 21
2.065127321112296
 31
0.0
  0
LINE
  5
A3
330
2
100
AcDbEntity
  8
PAREDE
370
    -1
100
AcDbLine
 10
-19.75284218347793
 20
2.065127321112296
 30
0.0
 11
-19.60284218347793
 21
2.065127321112296
 31
0.0
  0
LWPOLYLINE
  5
A4
330
2
100
AcDbEntity
  8
PORTAS
370
    -1
100
AcDbPolyline
 90
        4
 70
     0
 43
0.0
 10
-19.75284218347793
 20
2.065127321112296
 10
-19.75284218347793
 20
2.015127321112296
 10
-19.60284218347793
 20
2.015127321112296
 10
-19.60284218347793
 20
2.065127321112296
  0
LINE
  5
A5
330
2
100
AcDbEntity
  8
PAREDE
370
    -1
100
AcDbLine
 10
-19.55284218347793
 20
2.465127321112295
 30
0.0
 11
-19.60284218347793
 21
2.465127321112295
 31
0.0
  0
LINE
  5
A6
330
2
100
AcDbEntity
  8
PAREDE
370
    -1
100
AcDbLine
 10
-19.55284218347793
 20
2.465127321112291
 30
0.0
 11
-19.55284218347793
 21
2.615127321112292
 31
0.0
  0
LWPOLYLINE
  5
A7
330
2
100
AcDbEntity
  8
PORTAS
370
    -1
100
AcDbPolyline
 90
        4
 70
     0
 43
0.0
 10
-19.55284218347793
 20
2.465127321112291
 10
-19.50284218347793
 20
2.465127321112291
 10
-19.50284218347793
 20
2.615127321112292
 10
-19.55284218347793
 20
2.615127321112292
  0
LINE
  5
A8
330
2
100
AcDbEntity
  8
PAREDE-BAIXA
370
    -1
100
AcDbLine
 10
-22.14284218347793
 20
3.315127321112293
 30
0.0
 11
-22.14284218347793
 21
4.815127321112293
 31
0.0
  0
LINE
  5
A9
330
2
100
AcDbEntity
  8
PAREDE-BAIXA
370
    -1
100
AcDbLine
 10
-22.29284218347793
 20
3.315127321112293
 30
0.0
 11
-22.29284218347793
 21
4.815127321112293
 31
0.0
  0
LINE
  5
AA
330
2
100
AcDbEntity
  8
JANELAS
370
    -1
100
AcDbLine
 10
-22.20284218347793
 20
3.315127321112293
 30
0.0
 11
-22.20284218347793
 21
4.815127321112293
 31
0.0
  0
LINE
  5
AB
330
2
100
AcDbEntity
  8
JANELAS
370
    -1
100
AcDbLine
 10
-22.23284218347793
 20
3.315127321112293
 30
0.0
 11
-22.23284218347793
 21
4.815127321112293
 31
0.0
  0
LINE
  5
AC
330
2
100
AcDbEntity
  8
PAREDE
370
    -1
100
AcDbLine
 10
-22.14284218347793
 20
3.315127321112293
 30
0.0
 11
-22.29284218347793
 21
3.315127321112293
 31
0.0
  0
LINE
  5
AD
330
2
100
AcDbEntity
  8
PAREDE
370
    -1
100
AcDbLine
 10
-22.14284218347793
 20
4.815127321112293
 30
0.0
 11
-22.29284218347793
 21
4.815127321112293
 31
0.0
  0
LINE
  5
AE
330
2
100
AcDbEntity
  8
PAREDE
370
    -1
100
AcDbLine
 10
-18.60284218347793
 20
0.015127321112292
 30
0.0
 11
-18.60284218347793
 21
-4.184872678887707
 31
0.0
  0
LINE
  5
AF
330
2
100
AcDbEntity
  8
PAREDE
370
    -1
100
AcDbLine
 10
-18.45284218347793
 20
0.015127321112292
 30
0.0
 11
-18.45284218347793
 21
-4.184872678887707
 31
0.0
  0
LINE
  5
B0
330
2
100
AcDbEntity
  8
PAREDE
370
    -1
100
AcDbLine
 10
-15.45284218347793
 20
-0.9848726788877062
 30
0.0
 11
-15.45284218347793
 21
-4.184872678887707
 31
0.0
  0
LINE
  5
B1
330
2
100
AcDbEntity
  8
PAREDE
370
    -1
100
AcDbLine
 10
-15.30284218347794
 20
-0.984872678887708
 30
0.0
 11
-15.30284218347793
 21
-4.334872678887706
 31
0.0
  0
LINE
  5
B2
330
2
100
AcDbEntity
  8
PAREDE
370
    -1
100
AcDbLine
 10
-15.30284218347793
 20
-4.334872678887706
 30
0.0
 11
-16.20284218347793
 21
-4.334872678887706
 31
0.0
  0
LINE
  5
B3
330
2
100
AcDbEntity
  8
PAREDE
370
    -1
100
AcDbLine
 10
-15.45284218347793
 20
-4.184872678887707
 30
0.0
 11
-16.20284218347793
 21
-4.184872678887707
 31
0.0
  0
LINE
  5
B4
330
2
100
AcDbEntity
  8
PAREDE-BAIXA
370
    -1
100
AcDbLine
 10
-16.20284218347793
 20
-4.184872678887707
 30
0.0
 11
-17.70284218347793
 21
-4.184872678887707
 31
0.0
  0
LINE
  5
B5
330
2
100
AcDbEntity
  8
PAREDE-BAIXA
370
    -1
100
AcDbLine
 10
-16.20284218347793
 20
-4.334872678887706
 30
0.0
 11
-17.70284218347793
 21
-4.334872678887706
 31
0.0
  0
LINE
  5
B6
330
2
100
AcDbEntity
  8
JANELAS
370
    -1
100
AcDbLine
 10
-16.20284218347793
 20
-4.244872678887706
 30
0.0
 11
-17.70284218347793
 21
-4.244872678887706
 31
0.0
  0
LINE
  5
B7
330
2
100
AcDbEntity
  8
JANELAS
370
    -1
100
AcDbLine
 10
-16.20284218347793
 20
-4.274872678887707
 30
0.0
 11
-17.70284218347793
 21
-4.274872678887707
 31
0.0
  0
LINE
  5
B8
330
2
100
AcDbEntity
  8
PAREDE
370
    -1
100
AcDbLine
 10
-17.70284218347793
 20
-4.184872678887707
 30
0.0
 11
-18.45284218347793
 21
-4.184872678887707
 31
0.0
  0
LINE
  5
B9
330
2
100
AcDbEntity
  8
PAREDE
370
    -1
100
AcDbLine
 10
-17.70284218347793
 20
-4.184872678887707
 30
0.0
 11
-17.70284218347793
 21
-4.334872678887706
 31
0.0
  0
LINE
  5
BA
330
2
100
AcDbEntity
  8
PAREDE
370
    -1
100
AcDbLine
 10
-16.20284218347793
 20
-4.184872678887707
 30
0.0
 11
-16.20284218347793
 21
-4.334872678887706
 31
0.0
  0
LINE
  5
BB
330
2
100
AcDbEntity
  8
PAREDE
370
    -1
100
AcDbLine
 10
-15.45284218347793
 20
3.01512732111229
 30
0.0
 11
-15.45284218347793
 21
0.1651273211122941
 31
0.0
  0
LINE
  5
BC
330
2
100
AcDbEntity
  8
PAREDE
370
    -1
100
AcDbLine
 10
-15.30284218347793
 20
3.01512732111229
 30
0.0
 11
-15.30284218347794
 21
-0.0848726788877059
 31
0.0
  0
LWPOLYLINE
  5
BD
330
2
100
AcDbEntity
  8
PORTAS
370
    -1
100
AcDbPolyline
 90
        4
 70
     1
 43
0.0
 10
-15.45284218347793
 20
-0.1348726788877066
 10
-16.25284218347793
 20
-0.1348726788877066
 10
-16.25284218347793
 20
-0.1648726788877068
 10
-15.45284218347793
 20
-0.1648726788877068
  0
LINE
  5
BF
330
2
100
AcDbEntity
  8
PAREDE
370
    -1
100
AcDbLine
 10
-15.45284218347793
 20
0.015127321112292
 30
0.0
 11
-17.45284218347793
 21
0.015127321112292
 31
0.0
  0
LINE
  5
C0
330
2
100
AcDbEntity
  8
PAREDE
370
    -1
100
AcDbLine
 10
-15.45284218347793
 20
0.1651273211122941
 30
0.0
 11
-17.45284218347793
 21
0.1651273211122941
 31
0.0
  0
LWPOLYLINE
  5
C1
330
2
100
AcDbEntity
  8
PORTAS
370
    -1
100
AcDbPolyline
 90
        4
 70
     1
 43
0.0
 10
-18.70284218347793
 20
0.0151273211122929
 10
-18.70284218347793
 20
-0.784872678887707
 10
-18.73284218347793
 20
-0.784872678887707
 10
-18.73284218347793
 20
0.0151273211122929
  0
LWPOLYLINE
  5
C2
330
2
100
AcDbEntity
  8
PORTAS
370
    -1
100
AcDbPolyline
 90
        4
 70
     0
 43
0.0
 10
-18.65284218347793
 20
0.0151273211122929
 10
-18.70284218347793
 20
0.0151273211122929
 10
-18.70284218347793
 20
0.1651273211122932
 10
-18.65284218347793
 20
0.1651273211122932
  0
LINE
  5
C3
330
2
100
AcDbEntity
  8
PAREDE
370
    -1
100
AcDbLine
 10
-18.60284218347793
 20
0.015127321112292
 30
0.0
 11
-18.65284218347793
 21
0.015127321112292
 31
0.0
  0
LINE
  5
C4
330
2
100
AcDbEntity
  8
PAREDE
370
    -1
100
AcDbLine
 10
-18.60284218347793
 20
0.1651273211122941
 30
0.0
 11
-18.65284218347793
 21
0.1651273211122941
 31
0.0
  0
LINE
  5
C5
330
2
100
AcDbEntity
  8
PAREDE
370
    -1
100
AcDbLine
 10
-18.65284218347793
 20
0.015127321112292
 30
0.0
 11
-18.65284218347793
 21
0.1651273211122941
 31
0.0
  0
LINE
  5
C6
330
2
100
AcDbEntity
  8
PAREDE
370
    -1
100
AcDbLine
 10
-18.45284218347793
 20
0.015127321112292
 30
0.0
 11
-18.45284218347793
 21
0.1651273211122941
 31
0.0
  0
LINE
  5
C7
330
2
100
AcDbEntity
  8
PAREDE
370
    -1
100
AcDbLine
 10
-18.45284218347793
 20
0.1651273211122941
 30
0.0
 11
-18.60284218347793
 21
0.1651273211122941
 31
0.0
  0
LINE
  5
C8
330
2
100
AcDbEntity
  8
PAREDE
370
    -1
100
AcDbLine
 10
-17.45284218347793
 20
0.015127321112292
 30
0.0
 11
-17.45284218347793
 21
0.1651273211122941
 31
0.0
  0
LINE
  5
C9
330
2
100
AcDbEntity
  8
PAREDE
370
    -1
100
AcDbLine
 10
-15.45284218347793
 20
-0.984872678887708
 30
0.0
 11
-15.30284218347793
 21
-0.984872678887708
 31
0.0
  0
LWPOLYLINE
  5
CA
330
2
100
AcDbEntity
  8
PORTAS
370
    -1
100
AcDbPolyline
 90
        4
 70
     0
 43
0.0
 10
-15.45284218347793
 20
-0.9848726788877071
 10
-15.45284218347793
 20
-0.9348726788877064
 10
-15.30284218347793
 20
-0.9348726788877064
 10
-15.30284218347793
 20
-0.9848726788877062
  0
LINE
  5
CB
330
2
100
AcDbEntity
  8
PAREDE
370
    -1
100
AcDbLine
 10
-15.45284218347793
 20
0.015127321112292
 30
0.0
 11
-15.45284218347793
 21
-0.0848726788877059
 31
0.0
  0
LINE
  5
CC
330
2
100
AcDbEntity
  8
PAREDE
370
    -1
100
AcDbLine
 10
-15.45284218347793
 20
-0.0848726788877059
 30
0.0
 11
-15.30284218347793
 21
-0.0848726788877059
 31
0.0
  0
LWPOLYLINE
  5
CD
330
2
100
AcDbEntity
  8
PORTAS
370
    -1
100
AcDbPolyline
 90
        4
 70
     0
 43
0.0
 10
-15.45284218347793
 20
-0.0848726788877068
 10
-15.45284218347793
 20
-0.1348726788877066
 10
-15.30284218347793
 20
-0.1348726788877066
 10
-15.30284218347793
 20
-0.0848726788877068
  0
LINE
  5
CE
330
2
100
AcDbEntity
  8
BANHO_COZINHA
370
    -1
100
AcDbLine
 10
-15.45284218347793
 20
4.090127321112295
 30
0.0
 11
-16.05284218347793
 21
4.090127321112295
 31
0.0
  0
LINE
  5
CF
330
2
100
AcDbEntity
  8
BANHO_COZINHA
370
    -1
100
AcDbLine
 10
-15.45284218347793
 20
4.125127321112295
 30
0.0
 11
-16.01784218347793
 21
4.125127321112295
 31
0.0
  0
LWPOLYLINE
  5
D0
330
2
100
AcDbEntity
  8
PORTAS
370
    -1
100
AcDbPolyline
 90
        4
 70
     1
 43
0.0
 10
-18.70284218347793
 20
2.615127321112297
 10
-18.70284218347793
 20
3.415127321112298
 10
-18.73284218347793
 20
3.415127321112298
 10
-18.73284218347793
 20
2.615127321112297
  0
LINE
  5
D1
330
2
100
AcDbEntity
  8
PAREDE
370
    -1
100
AcDbLine
 10
-18.60284218347793
 20
2.465127321112291
 30
0.0
 11
-18.60284218347793
 21
1.165127321112294
 31
0.0
  0
LINE
  5
D2
330
2
100
AcDbEntity
  8
PAREDE
370
    -1
100
AcDbLine
 10
-18.45284218347793
 20
1.165127321112293
 30
0.0
 11
-18.60284218347793
 21
1.165127321112293
 31
0.0
  0
LWPOLYLINE
  5
D3
330
2
100
AcDbEntity
  8
PORTAS
370
    -1
100
AcDbPolyline
 90
        4
 70
     0
 43
0.0
 10
-18.65284218347793
 20
2.465127321112297
 10
-18.70284218347793
 20
2.465127321112297
 10
-18.70284218347793
 20
2.615127321112297
 10
-18.65284218347793
 20
2.615127321112297
  0
LINE
  5
D4
330
2
100
AcDbEntity
  8
PAREDE
370
    -1
100
AcDbLine
 10
-18.60284218347793
 20
2.465127321112293
 30
0.0
 11
-18.65284218347793
 21
2.465127321112295
 31
0.0
  0
LINE
  5
D5
330
2
100
AcDbEntity
  8
PAREDE
370
    -1
100
AcDbLine
 10
-18.60284218347793
 20
2.615127321112293
 30
0.0
 11
-18.65284218347793
 21
2.615127321112293
 31
0.0
  0
LINE
  5
D6
330
2
100
AcDbEntity
  8
PAREDE
370
    -1
100
AcDbLine
 10
-18.65284218347793
 20
2.465127321112297
 30
0.0
 11
-18.65284218347793
 21
2.615127321112297
 31
0.0
  0
LINE
  5
D7
330
2
100
AcDbEntity
  8
BANHO_COZINHA
370
    -1
100
AcDbLine
 10
-16.01784218347793
 20
5.000127321112299
 30
0.0
 11
-17.41784218347793
 21
5.000127321112295
 31
0.0
  0
LINE
  5
D8
330
2
100
AcDbEntity
  8
BANHO_COZINHA
370
    -1
100
AcDbLine
 10
-16.05284218347793
 20
4.965127321112305
 30
0.0
 11
-17.45284218347793
 21
4.965127321112295
 31
0.0
  0
LINE
  5
D9
330
2
100
AcDbEntity
  8
BANHO_COZINHA
370
    -1
100
AcDbLine
 10
-17.41784218347793
 20
5.000127321112295
 30
0.0
 11
-17.45284218347793
 21
4.965127321112295
 31
0.0
  0
LINE
  5
DA
330
2
100
AcDbEntity
  8
BANHO_COZINHA
370
    -1
100
AcDbLine
 10
-16.05284218347793
 20
4.965127321112305
 30
0.0
 11
-16.05284218347793
 21
4.090127321112295
 31
0.0
  0
LINE
  5
DB
330
2
100
AcDbEntity
  8
BANHO_COZINHA
370
    -1
100
AcDbLine
 10
-16.01784218347793
 20
5.000127321112299
 30
0.0
 11
-16.01784218347793
 21
4.125127321112295
 31
0.0
  0
LINE
  5
DC
330
2
100
AcDbEntity
  8
PAREDE-BAIXA
370
    -1
100
AcDbLine
 10
-15.45284218347793
 20
5.515127321112292
 30
0.0
 11
-15.45284218347793
 21
3.01512732111229
 31
0.0
  0
LINE
  5
DD
330
2
100
AcDbEntity
  8
PAREDE-BAIXA
370
    -1
100
AcDbLine
 10
-15.30284218347793
 20
5.515127321112292
 30
0.0
 11
-15.30284218347793
 21
3.01512732111229
 31
0.0
  0
LINE
  5
DE
330
2
100
AcDbEntity
  8
JANELAS
370
    -1
100
AcDbLine
 10
-15.39284218347793
 20
5.515127321112292
 30
0.0
 11
-15.39284218347793
 21
3.01512732111229
 31
0.0
  0
LINE
  5
DF
330
2
100
AcDbEntity
  8
JANELAS
370
    -1
100
AcDbLine
 10
-15.36284218347793
 20
5.515127321112292
 30
0.0
 11
-15.36284218347793
 21
3.01512732111229
 31
0.0
  0
LINE
  5
E0
330
2
100
AcDbEntity
  8
PAREDE
370
    -1
100
AcDbLine
 10
-15.45284218347793
 20
3.01512732111229
 30
0.0
 11
-15.30284218347793
 21
3.01512732111229
 31
0.0
  0
LINE
  5
E1
330
2
100
AcDbEntity
  8
PAREDE
370
    -1
100
AcDbLine
 10
-15.45284218347793
 20
5.515127321112292
 30
0.0
 11
-15.30284218347793
 21
5.515127321112292
 31
0.0
  0
LINE
  5
E2
330
2
100
AcDbEntity
  8
PAREDE
370
    -1
100
AcDbLine
 10
-18.60284218347793
 20
5.515127321112292
 30
0.0
 11
-22.14284218347793
 21
5.515127321112296
 31
0.0
  0
LINE
  5
E3
330
2
100
AcDbEntity
  8
PAREDE
370
    -1
100
AcDbLine
 10
-18.35284218347793
 20
5.665127321112294
 30
0.0
 11
-22.29284218347793
 21
5.665127321112294
 31
0.0
  0
LINE
  5
E5
330
2
100
AcDbEntity
  8
PAREDE
370
    -1
100
AcDbLine
 10
-15.45284218347793
 20
5.515127321112296
 30
0.0
 11
-17.45284218347793
 21
5.515127321112296
 31
0.0
  0
LINE
  5
E6
330
2
100
AcDbEntity
  8
PAREDE
370
    -1
100
AcDbLine
 10
-15.30284218347793
 20
5.665127321112294
 30
0.0
 11
-17.45284218347793
 21
5.665127321112294
 31
0.0
  0
LINE
  5
E7
330
2
100
AcDbEntity
  8
PAREDE
370
    -1
100
AcDbLine
 10
-18.35284218347793
 20
5.515127321112296
 30
0.0
 11
-18.35284218347793
 21
5.665127321112294
 31
0.0
  0
LWPOLYLINE
  5
E8
330
2
100
AcDbEntity
  8
PORTAS
370
    -1
100
AcDbPolyline
 90
        4
 70
     0
 43
0.0
 10
-18.35284218347793
 20
5.515127321112294
 10
-18.30284218347793
 20
5.515127321112294
 10
-18.30284218347793
 20
5.665127321112292
 10
-18.35284218347793
 20
5.665127321112292
  0
LINE
  5
E9
330
2
100
AcDbEntity
  8
PAREDE
370
    -1
100
AcDbLine
 10
-18.35284218347793
 20
5.515127321112296
 30
0.0
 11
-18.45284218347793
 21
5.515127321112296
 31
0.0
  0
LINE
  5
EA
330
2
100
AcDbEntity
  8
PAREDE
370
    -1
100
AcDbLine
 10
-17.45284218347793
 20
5.515127321112296
 30
0.0
 11
-17.45284218347793
 21
5.665127321112294
 31
0.0
  0
LWPOLYLINE
  5
EB
330
2
100
AcDbEntity
  8
PORTAS
370
    -1
100
AcDbPolyline
 90
        4
 70
     0
 43
0.0
 10
-17.45284218347793
 20
5.515127321112294
 10
-17.50284218347793
 20
5.515127321112294
 10
-17.50284218347793
 20
5.665127321112292
 10
-17.45284218347793
 20
5.665127321112292
  0
CIRCLE
  5
EC
330
2
100
AcDbEntity
  8
BANHO_COZINHA
370
    -1
100
AcDbCircle
 10
-16.67274498804353
 20
5.237273622973778
 30
0.0
 40
0.0391070312769626
  0
CIRCLE
  5
ED
330
2
100
AcDbEntity
  8
BANHO_COZINHA
370
    -1
100
AcDbCircle
 10
-16.67274498804353
 20
5.237273622973778
 30
0.0
 40
0.0240342514376584
  0
CIRCLE
  5
EE
330
2
100
AcDbEntity
  8
BANHO_COZINHA
370
    -1
100
AcDbCircle
 10
-16.67274498804353
 20
5.237273622973778
 30
0.0
 40
0.0147074194208928
  0
LINE
  5
EF
330
2
100
AcDbEntity
  8
BANHO_COZINHA
370
    -1
100
AcDbLine
 10
-16.86875535806342
 20
5.388736181625511
 30
0.0
 11
-16.71133645765738
 21
5.26709430403902
 31
0.0
  0
LINE
  5
F0
330
2
100
AcDbEntity
  8
BANHO_COZINHA
370
    -1
100
AcDbLine
 10
-16.47385586242604
 20
5.390960674587294
 30
0.0
 11
-16.63415351843287
 21
5.267094304036561
 31
0.0
  0
INSERT
  5
4DB
330
2
100
AcDbEntity
  8
TOMADAS
370
    -1
100
AcDbBlockReference
  2
TM_B
 10
-18.60284218347794
 20
4.857867242215285
 30
0.0
 41
0.5
 42
0.5
 43
0.5
 50
180.0
1001
APLICATIVO_ELETRICO
1040
100.0
1070
     1
1000
SIMPLES
1071
        1
  0
TEXT
  5
4DC
330
2
100
AcDbEntity
  8
TEXTO0
370
    -1
100
AcDbText
 10
-18.92284933093725
 20
4.822689759424804
 30
0.0
 40
0.1
  1
1
  7
TEXTO0
 72
     1
 11
-18.88237314046106
 21
4.822689759424804
 31
0.0
100
AcDbText
  0
INSERT
  5
4DD
330
2
100
AcDbEntity
  8
TEXTO0
370
    -1
100
AcDbBlockReference
  2
TM_B
 10
-22.14284218347793
 20
4.986851354627937
 30
0.0
 41
0.5
 42
0.5
 43
0.5
1001
APLICATIVO_ELETRICO
1040
100.0
1070
     1
1000
SIMPLES
1071
        1
  0
TEXT
  5
4DE
330
2
100
AcDbEntity
  8
TEXTO0
370
    -1
100
AcDbText
 10
-21.89730768445263
 20
4.986851354649881
 30
0.0
 40
0.1
  1
1
  7
TEXTO0
 72
     1
 11
-21.85683149397644
 21
4.986851354649881
 31
0.0
100
AcDbText
  0
INSERT
  5
4E5
330
2
100
AcDbEntity
  8
TOMADAS
370
    -1
100
AcDbBlockReference
  2
TM_M
 10
-20.03226235527719
 20
2.615127321112293
 30
0.0
 41
0.5
 42
0.5
 43
0.5
 50
90.0
1001
APLICATIVO_ELETRICO
1040
100.0
1070
     1
1000
SIMPLES
1071
        1
  0
TEXT
  5
4E6
330
2
100
AcDbEntity
  8
TEXTO0
370
    -1
100
AcDbText
 10
-20.07273854575338
 20
2.893790823353466
 30
0.0
 40
0.1
  1
1
  7
TEXTO0
 72
     1
 11
-20.03226235527719
 21
2.893790823353466
 31
0.0
100
AcDbText
  0
INSERT
  5
4F1
330
2
100
AcDbEntity
  8
LUMINARIAS
370
    -1
100
AcDbBlockReference
 66
     1
  2
LUM_INC
 10
-20.37339779434567
 20
4.099508809063334
 30
0.0
 41
0.5
 42
0.5
 43
0.5
1001
APLICATIVO_ELETRICO
1000
1 Luminaria de 100
1040
100.0
1070
     1
1071
        1
  0
ATTRIB
  5
4F2
330
4F1
100
AcDbEntity
  8
TEXTO0
370
    -1
100
AcDbText
 10
-20.49502677267227
 20
3.972560661384263
 30
0.0
 40
0.09
  1
1
  7
TEXTO0
 72
     4
 11
-20.4585982012437
 21
4.017560661384262
 31
0.0
100
AcDbAttribute
  2
A
 70
     0
  0
ATTRIB
  5
4F3
330
4F1
100
AcDbEntity
  8
TEXTO0
370
    -1
100
AcDbText
 10
-20.31517513589605
 20
3.972560661384263
 30
0.0
 40
0.09
  1
A
  7
TEXTO0
 72
     4
 11
-20.27660370732462
 21
4.017560661384262
 31
0.0
100
AcDbAttribute
  2
B
 70
     0
  0
ATTRIB
  5
4F4
330
4F1
100
AcDbEntity
  8
TEXTO0
370
    -1
100
AcDbText
 10
-20.56057681377094
 20
4.132664788572255
 30
0.0
 40
0.09
  1
100w
  7
TEXTO0
 72
     4
 11
-20.37843395662808
 21
4.177664788572255
 31
0.0
100
AcDbAttribute
  2
C
 70
     0
  0
SEQEND
  5
4F5
330
4F1
100
AcDbEntity
  8
LUMINARIAS
370
    -1
  0
INSERT
  5
4FC
330
2
100
AcDbEntity
  8
TOMADAS
370
    -1
100
AcDbBlockReference
  2
INT_1
 10
-19.70071260695704
 20
2.601160476216471
 30
0.0
 41
0.5
 42
0.5
 43
0.5
 50
180.0
  0
TEXT
  5
4FD
330
2
100
AcDbEntity
  8
TEXTO0
370
    -1
100
AcDbText
 10
-19.63207125327542
 20
2.645271478866686
 30
0.0
 40
0.1
  1
A
  7
TEXTO0
100
AcDbText
  0
INSERT
  5
4FE
330
2
100
AcDbEntity
  8
LUMINARIAS
370
    -1
100
AcDbBlockReference
 66
     1
  2
LUM_INC
 10
-20.99927810830837
 20
1.862308659041791
 30
0.0
 41
0.5
 42
0.5
 43
0.5
1001
APLICATIVO_ELETRICO
1000
1 Luminaria de 60
1040
60.0
1070
     1
1071
        1
  0
ATTRIB
  5
4FF
330
4FE
100
AcDbEntity
  8
TEXTO0
370
    -1
100
AcDbText
 10
-21.12090708663496
 20
1.735360511362719
 30
0.0
 40
0.09
  1
1
  7
TEXTO0
 72
     4
 11
-21.08447851520639
 21
1.780360511362719
 31
0.0
100
AcDbAttribute
  2
A
 70
     0
  0
ATTRIB
  5
500
330
4FE
100
AcDbEntity
  8
TEXTO0
370
    -1
100
AcDbText
 10
-20.94962687843017
 20
1.735360511362719
 30
0.0
 40
0.09
  1
B
  7
TEXTO0
 72
     4
 11
-20.90248402128731
 21
1.780360511362719
 31
0.0
100
AcDbAttribute
  2
B
 70
     0
  0
ATTRIB
  5
501
330
4FE
100
AcDbEntity
  8
TEXTO0
370
    -1
100
AcDbText
 10
-21.13931427059078
 20
1.895464638550711
 30
0.0
 40
0.09
  1
60w
  7
TEXTO0
 72
     4
 11
-21.00431427059078
 21
1.940464638550711
 31
0.0
100
AcDbAttribute
  2
C
 70
     0
  0
SEQEND
  5
502
330
4FE
100
AcDbEntity
  8
LUMINARIAS
370
    -1
  0
INSERT
  5
509
330
2
100
AcDbEntity
  8
LUMINARIAS
370
    -1
100
AcDbBlockReference
  2
LUM_ARAN
 10
-20.3824100005377
 20
2.511361932577175
 30
0.0
 41
0.5
 42
0.5
 43
0.5
 50
180.0
1001
APLICATIVO_ELETRICO
1000
1 Luminaria de 60
1040
60.0
1070
     1
1071
        1
  0
INSERT
  5
512
330
2
100
AcDbEntity
  8
LUMINARIAS
370
    -1
100
AcDbBlockReference
 66
     1
  2
POT_ARAN
 10
-20.61852069206745
 20
2.175515413958333
 30
0.0
 41
0.5
 42
0.5
 43
0.5
  0
ATTRIB
  5
513
330
512
100
AcDbEntity
  8
TEXTO0
370
    -1
100
AcDbText
 10
-20.74014967039405
 20
2.048567266279269
 30
0.0
 40
0.09
  1
1
  7
TEXTO0
 72
     4
 11
-20.70372109896547
 21
2.093567266279269
 31
0.0
100
AcDbAttribute
  2
A
 70
     0
  0
ATTRIB
  5
514
330
512
100
AcDbEntity
  8
TEXTO0
370
    -1
100
AcDbText
 10
-20.5667266050464
 20
2.048567266279269
 30
0.0
 40
0.09
  1
C
  7
TEXTO0
 72
     4
 11
-20.5217266050464
 21
2.093567266279269
 31
0.0
100
AcDbAttribute
  2
B
 70
     0
  0
ATTRIB
  5
515
330
512
100
AcDbEntity
  8
TEXTO0
370
    -1
100
AcDbText
 10
-20.75855685434986
 20
2.208671393467261
 30
0.0
 40
0.09
  1
60w
  7
TEXTO0
 72
     4
 11
-20.62355685434986
 21
2.253671393467261
 31
0.0
100
AcDbAttribute
  2
C
 70
     0
  0
SEQEND
  5
516
330
512
100
AcDbEntity
  8
LUMINARIAS
370
    -1
  0
INSERT
  5
517
330
2
100
AcDbEntity
  8
TOMADAS
370
    -1
100
AcDbBlockReference
  2
TM_M
 10
-19.75284218347793
 20
2.324654773690618
 30
0.0
 41
0.5
 42
0.5
 43
0.5
 50
180.0
1001
APLICATIVO_ELETRICO
1040
100.0
1070
     1
1000
SIMPLES
1071
        1
  0
TEXT
  5
518
330
2
100
AcDbEntity
  8
TEXTO0
370
    -1
100
AcDbText
 10
-20.0681869984436
 20
2.25787144601912
 30
0.0
 40
0.1
  1
1
  7
TEXTO0
 72
     1
 11
-20.02771080796741
 21
2.25787144601912
 31
0.0
100
AcDbText
  0
INSERT
  5
520
330
2
100
AcDbEntity
  8
TOMADAS
370
    -1
100
AcDbBlockReference
  2
INT_2
 10
-19.72713933836792
 20
2.144853506882743
 30
0.0
 41
0.5
 42
0.5
 43
0.5
 50
270.0
  0
TEXT
  5
521
330
2
100
AcDbEntity
  8
TEXTO0
370
    -1
100
AcDbText
 10
-19.89405607459969
 20
2.021561209643053
 30
0.0
 40
0.1
  1
B,C
 50
270.0
  7
TEXTO0
100
AcDbText
  0
INSERT
  5
522
330
2
100
AcDbEntity
  8
TOMADAS
370
    -1
100
AcDbBlockReference
  2
TM_B
 10
-21.83950690936926
 20
-1.684872678887707
 30
0.0
 41
0.5
 42
0.5
 43
0.5
 50
90.0
1001
APLICATIVO_ELETRICO
1040
100.0
1070
     1
1000
SIMPLES
1071
        1
  0
TEXT
  5
523
330
2
100
AcDbEntity
  8
TEXTO0
370
    -1
100
AcDbText
 10
-21.87998309984545
 20
-1.348376224562678
 30
0.0
 40
0.1
  1
1
  7
TEXTO0
 72
     1
 11
-21.83950690936926
 21
-1.348376224562678
 31
0.0
100
AcDbText
  0
INSERT
  5
526
330
2
100
AcDbEntity
  8
TEXTO0
370
    -1
100
AcDbBlockReference
  2
TM_B
 10
-22.14284218347793
 20
0.6569857613231953
 30
0.0
 41
0.5
 42
0.5
 43
0.5
1001
APLICATIVO_ELETRICO
1040
100.0
1070
     1
1000
SIMPLES
1071
        1
  0
TEXT
  5
527
330
2
100
AcDbEntity
  8
TEXTO0
370
    -1
100
AcDbText
 10
-21.89730768445263
 20
0.6569857613451386
 30
0.0
 40
0.1
  1
1
  7
TEXTO0
 72
     1
 11
-21.85683149397644
 21
0.6569857613451386
 31
0.0
100
AcDbText
  0
INSERT
  5
528
330
2
100
AcDbEntity
  8
TOMADAS
370
    -1
100
AcDbBlockReference
  2
TM_M
 10
-19.75284218347793
 20
-0.1955327439562566
 30
0.0
 41
0.5
 42
0.5
 43
0.5
 50
180.0
1001
APLICATIVO_ELETRICO
1040
100.0
1070
     1
1000
SIMPLES
1071
        1
  0
TEXT
  5
529
330
2
100
AcDbEntity
  8
TEXTO0
370
    -1
100
AcDbText
 10
-20.1025158067166
 20
-0.2426082544907864
 30
0.0
 40
0.1
  1
1
  7
TEXTO0
 72
     1
 11
-20.0620396162404
 21
-0.2426082544907864
 31
0.0
100
AcDbText
  0
INSERT
  5
52A
330
2
100
AcDbEntity
  8
LUMINARIAS
370
    -1
100
AcDbBlockReference
 66
     1
  2
LUM_INC
 10
-20.98451579918866
 20
-0.3245343214611687
 30
0.0
 41
0.5
 42
0.5
 43
0.5
1001
APLICATIVO_ELETRICO
1000
1 Luminaria de 100
1040
100.0
1070
     1
1071
        1
  0
ATTRIB
  5
52B
330
52A
100
AcDbEntity
  8
TEXTO0
370
    -1
100
AcDbText
 10
-21.10614477751526
 20
-0.45148246914024
 30
0.0
 40
0.09
  1
1
  7
TEXTO0
 72
     4
 11
-21.06971620608669
 21
-0.40648246914024
 31
0.0
100
AcDbAttribute
  2
A
 70
     0
  0
ATTRIB
  5
52C
330
52A
100
AcDbEntity
  8
TEXTO0
370
    -1
100
AcDbText
 10
-20.93486456931047
 20
-0.45148246914024
 30
0.0
 40
0.09
  1
D
  7
TEXTO0
 72
     4
 11
-20.88772171216761
 21
-0.40648246914024
 31
0.0
100
AcDbAttribute
  2
B
 70
     0
  0
ATTRIB
  5
52D
330
52A
100
AcDbEntity
  8
TEXTO0
370
    -1
100
AcDbText
 10
-21.17169481861393
 20
-0.2913783419522478
 30
0.0
 40
0.09
  1
100w
  7
TEXTO0
 72
     4
 11
-20.98955196147107
 21
-0.2463783419522478
 31
0.0
100
AcDbAttribute
  2
C
 70
     0
  0
SEQEND
  5
52E
330
52A
100
AcDbEntity
  8
LUMINARIAS
370
    -1
  0
INSERT
  5
52F
330
2
100
AcDbEntity
  8
TOMADAS
370
    -1
100
AcDbBlockReference
  2
INT_1
 10
-19.75284218347793
 20
0.0213360312111242
 30
0.0
 41
0.5
 42
0.5
 43
0.5
 50
270.0
  0
TEXT
  5
530
330
2
100
AcDbEntity
  8
TEXTO0
370
    -1
100
AcDbText
 10
-19.78309013547682
 20
0.075368487856899
 30
0.0
 40
0.1
  1
D
 50
90.0
  7
TEXTO0
100
AcDbText
  0
INSERT
  5
531
330
2
100
AcDbEntity
  8
LUMINARIAS
370
    -1
100
AcDbBlockReference
 66
     1
  2
LUM_INC
 10
-19.13638679750055
 20
1.385162577436663
 30
0.0
 41
0.5
 42
0.5
 43
0.5
1001
APLICATIVO_ELETRICO
1000
1 Luminaria de 60
1040
60.0
1070
     1
1071
        1
  0
ATTRIB
  5
532
330
531
100
AcDbEntity
  8
TEXTO0
370
    -1
100
AcDbText
 10
-19.25801577582715
 20
1.258214429757592
 30
0.0
 40
0.09
  1
1
  7
TEXTO0
 72
     4
 11
-19.22158720439857
 21
1.303214429757592
 31
0.0
100
AcDbAttribute
  2
A
 70
     0
  0
ATTRIB
  5
533
330
531
100
AcDbEntity
  8
TEXTO0
370
    -1
100
AcDbText
 10
-19.0845927104795
 20
1.258214429757592
 30
0.0
 40
0.09
  1
E
  7
TEXTO0
 72
     4
 11
-19.0395927104795
 21
1.303214429757592
 31
0.0
100
AcDbAttribute
  2
B
 70
     0
  0
ATTRIB
  5
534
330
531
100
AcDbEntity
  8
TEXTO0
370
    -1
100
AcDbText
 10
-19.27642295978296
 20
1.418318556945584
 30
0.0
 40
0.09
  1
60w
  7
TEXTO0
 72
     4
 11
-19.14142295978296
 21
1.463318556945584
 31
0.0
100
AcDbAttribute
  2
C
 70
     0
  0
SEQEND
  5
535
330
531
100
AcDbEntity
  8
LUMINARIAS
370
    -1
  0
INSERT
  5
53C
330
2
100
AcDbEntity
  8
TOMADAS
370
    -1
100
AcDbBlockReference
  2
QDLF
 10
-18.60284218347793
 20
2.079340220547799
 30
0.0
 41
0.5
 42
0.5
 43
0.5
 50
90.0
  0
INSERT
  5
53D
330
2
100
AcDbEntity
  8
TOMADAS
370
    -1
100
AcDbBlockReference
  2
INT_1
 10
-18.5829645914673
 20
1.243523439664155
 30
0.0
 41
0.5
 42
0.5
 43
0.5
 50
270.0
  0
TEXT
  5
53E
330
2
100
AcDbEntity
  8
TEXTO0
370
    -1
100
AcDbText
 10
-18.65151452349603
 20
1.302336739702668
 30
0.0
 40
0.1
  1
E
 50
90.0
  7
TEXTO0
100
AcDbText
  0
INSERT
  5
53F
330
2
100
AcDbEntity
  8
TOMADAS
370
    -1
100
AcDbBlockReference
  2
TM_M
 10
-18.60284218347793
 20
1.521387165011472
 30
0.0
 41
0.5
 42
0.5
 43
0.5
 50
180.0
1001
APLICATIVO_ELETRICO
1040
100.0
1070
     1
1000
SIMPLES
1071
        1
  0
TEXT
  5
540
330
2
100
AcDbEntity
  8
TEXTO0
370
    -1
100
AcDbText
 10
-18.82147205534437
 20
1.635607965927409
 30
0.0
 40
0.1
  1
1
  7
TEXTO0
 72
     1
 11
-18.78099586486817
 21
1.635607965927409
 31
0.0
100
AcDbText
  0
INSERT
  5
546
330
2
100
AcDbEntity
  8
TOMADAS
370
    -1
100
AcDbBlockReference
  2
APR_A
 10
-21.82411555090663
 20
2.465127321112293
 30
0.0
 41
0.5
 42
0.5
 43
0.5
 50
270.0
1001
APLICATIVO_ELETRICO
1040
4400.0
1070
     2
1000
chuveiro
1071
        1
  0
TEXT
  5
547
330
2
100
AcDbEntity
  8
TEXTO0
370
    -1
100
AcDbText
 10
-21.87173459852568
 20
2.123646770764019
 30
0.0
 40
0.1
  1
2
  7
TEXTO0
 72
     1
 11
-21.82411555090663
 21
2.123646770764019
 31
0.0
100
AcDbText
  0
TEXT
  5
548
330
2
100
AcDbEntity
  8
TEXTO0
370
    -1
100
AcDbText
 10
-22.06697269376378
 20
1.961742008859257
 30
0.0
 40
0.1
  1
5500w
  7
TEXTO0
 72
     1
 11
-21.82411555090663
 21
1.961742008859257
 31
0.0
100
AcDbText
  0
INSERT
  5
552
330
2
100
AcDbEntity
  8
LUMINARIAS
370
    -1
100
AcDbBlockReference
 66
     1
  2
LUM_FLUO
 10
-16.89977508181703
 20
3.707137807510197
 30
0.0
 41
0.5
 42
0.5
 43
0.5
1001
APLICATIVO_ELETRICO
1000
2 Luminaria de 20
1040
40.0
1070
     3
1071
        1
  0
ATTRIB
  5
553
330
552
100
AcDbEntity
  8
TEXTO0
370
    -1
100
AcDbText
 10
-17.35103233373368
 20
3.663126500921868
 30
0.0
 40
0.09
  1
3
  7
TEXTO0
 72
     4
 11
-17.30817519087654
 21
3.708126500921868
 31
0.0
100
AcDbAttribute
  2
A
 70
     0
  0
ATTRIB
  5
554
330
552
100
AcDbEntity
  8
TEXTO0
370
    -1
100
AcDbText
 10
-16.93434481231056
 20
3.728502960997806
 30
0.0
 40
0.09
  1
A
  7
TEXTO0
 72
     4
 11
-16.89577338373913
 21
3.773502960997806
 31
0.0
100
AcDbAttribute
  2
B
 70
     0
  0
ATTRIB
  5
555
330
552
100
AcDbEntity
  8
TEXTO0
370
    -1
100
AcDbText
 10
-17.10791624088198
 20
3.582833404441962
 30
0.0
 40
0.09
  1
2x20w
  7
TEXTO0
 72
     4
 11
-16.89577338373913
 21
3.627833404441962
 31
0.0
100
AcDbAttribute
  2
C
 70
     0
  0
SEQEND
  5
556
330
552
100
AcDbEntity
  8
LUMINARIAS
370
    -1
  0
INSERT
  5
557
330
2
100
AcDbEntity
  8
LUMINARIAS
370
    -1
100
AcDbBlockReference
 66
     1
  2
LUM_FLUO
 10
-16.86810004950232
 20
2.01891482348287
 30
0.0
 41
0.5
 42
0.5
 43
0.5
1001
APLICATIVO_ELETRICO
1000
2 Luminaria de 20
1040
40.0
1070
     3
1071
        1
  0
ATTRIB
  5
558
330
557
100
AcDbEntity
  8
TEXTO0
370
    -1
100
AcDbText
 10
-17.31935730141898
 20
1.974903516894541
 30
0.0
 40
0.09
  1
3
  7
TEXTO0
 72
     4
 11
-17.27650015856184
 21
2.019903516894541
 31
0.0
100
AcDbAttribute
  2
A
 70
     0
  0
ATTRIB
  5
559
330
557
100
AcDbEntity
  8
TEXTO0
370
    -1
100
AcDbText
 10
-16.91124120856728
 20
2.04027997697048
 30
0.0
 40
0.09
  1
B
  7
TEXTO0
 72
     4
 11
-16.86409835142442
 21
2.08527997697048
 31
0.0
100
AcDbAttribute
  2
B
 70
     0
  0
ATTRIB
  5
55A
330
557
100
AcDbEntity
  8
TEXTO0
370
    -1
100
AcDbText
 10
-17.07624120856728
 20
1.894610420414635
 30
0.0
 40
0.09
  1
2x20w
  7
TEXTO0
 72
     4
 11
-16.86409835142442
 21
1.939610420414635
 31
0.0
100
AcDbAttribute
  2
C
 70
     0
  0
SEQEND
  5
55B
330
557
100
AcDbEntity
  8
LUMINARIAS
370
    -1
  0
INSERT
  5
55D
330
2
100
AcDbEntity
  8
TOMADAS
370
    -1
100
AcDbBlockReference
  2
TM_M
 10
-18.45284218347793
 20
3.551497133541591
 30
0.0
 41
0.5
 42
0.5
 43
0.5
1001
APLICATIVO_ELETRICO
1040
300.0
1070
     3
1000
SIMPLES
1071
        1
  0
TEXT
  5
55E
330
2
100
AcDbEntity
  8
TEXTO0
370
    -1
100
AcDbText
 10
-18.1677638005649
 20
3.54274465384983
 30
0.0
 40
0.1
  1
3
  7
TEXTO0
 72
     1
 11
-18.12014475294585
 21
3.54274465384983
 31
0.0
100
AcDbText
  0
TEXT
  5
55F
330
2
100
AcDbEntity
  8
TEXTO0
370
    -1
100
AcDbText
 10
-18.31538284818394
 20
3.380839891945069
 30
0.0
 40
0.1
  1
300w
  7
TEXTO0
 72
     1
 11
-18.12014475294585
 21
3.380839891945069
 31
0.0
100
AcDbText
  0
INSERT
  5
560
330
2
100
AcDbEntity
  8
TOMADAS
370
    -1
100
AcDbBlockReference
  2
TM_M
 10
-18.45284218347793
 20
4.041635837023946
 30
0.0
 41
0.5
 42
0.5
 43
0.5
1001
APLICATIVO_ELETRICO
1040
400.0
1070
     3
1000
SIMPLES
1071
        1
  0
TEXT
  5
561
330
2
100
AcDbEntity
  8
TEXTO0
370
    -1
100
AcDbText
 10
-18.15900554861799
 20
4.250125588195722
 30
0.0
 40
0.1
  1
3
  7
TEXTO0
 72
     1
 11
-18.11138650099894
 21
4.250125588195722
 31
0.0
100
AcDbText
  0
TEXT
  5
562
330
2
100
AcDbEntity
  8
TEXTO0
370
    -1
100
AcDbText
 10
-18.30662459623704
 20
4.088220826290961
 30
0.0
 40
0.1
  1
400w
  7
TEXTO0
 72
     1
 11
-18.11138650099894
 21
4.088220826290961
 31
0.0
100
AcDbText
  0
INSERT
  5
563
330
2
100
AcDbEntity
  8
TOMADAS
370
    -1
100
AcDbBlockReference
  2
TM_M
 10
-15.91594645608075
 20
5.515127321112294
 30
0.0
 41
0.5
 42
0.5
 43
0.5
 50
270.0
1001
APLICATIVO_ELETRICO
1040
100.0
1070
     3
1000
SIMPLES
1071
        1
  0
TEXT
  5
564
330
2
100
AcDbEntity
  8
TEXTO0
370
    -1
100
AcDbText
 10
-15.96356550369981
 20
5.127507244866091
 30
0.0
 40
0.1
  1
3
  7
TEXTO0
 72
     1
 11
-15.91594645608076
 21
5.127507244866091
 31
0.0
100
AcDbText
  0
INSERT
  5
565
330
2
100
AcDbEntity
  8
TOMADAS
370
    -1
100
AcDbBlockReference
  2
TM_B
 10
-15.45284218347793
 20
2.860039797991757
 30
0.0
 41
0.5
 42
0.5
 43
0.5
 50
180.0
1001
APLICATIVO_ELETRICO
1040
100.0
1070
     3
1000
SIMPLES
1071
        1
  0
TEXT
  5
566
330
2
100
AcDbEntity
  8
TEXTO0
370
    -1
100
AcDbText
 10
-15.82047774066553
 20
2.849825983772099
 30
0.0
 40
0.1
  1
3
  7
TEXTO0
 72
     1
 11
-15.77285869304649
 21
2.849825983772099
 31
0.0
100
AcDbText
  0
INSERT
  5
567
330
2
100
AcDbEntity
  8
TEXTO0
370
    -1
100
AcDbBlockReference
  2
TM_B
 10
-15.45284218347793
 20
1.338181028036772
 30
0.0
 41
0.5
 42
0.5
 43
0.5
 50
180.0
1001
APLICATIVO_ELETRICO
1040
100.0
1070
     3
1000
SIMPLES
1071
        1
  0
TEXT
  5
568
330
2
100
AcDbEntity
  8
TEXTO0
370
    -1
100
AcDbText
 10
-15.82047774066553
 20
1.222872693344105
 30
0.0
 40
0.1
  1
3
  7
TEXTO0
 72
     1
 11
-15.77285869304649
 21
1.222872693344105
 31
0.0
100
AcDbText
  0
INSERT
  5
572
330
2
100
AcDbEntity
  8
TOMADAS
370
    -1
100
AcDbBlockReference
  2
INT_W2
 10
-17.35117606390559
 20
5.557480886490737
 30
0.0
 41
0.5
 42
0.5
 43
0.5
  0
TEXT
  5
573
330
2
100
AcDbEntity
  8
TEXTO0
370
    -1
100
AcDbText
 10
-17.10885391996482
 20
5.376768590346899
 30
0.0
 40
0.1
  1
A,B
  7
TEXTO0
100
AcDbText
  0
TEXT
  5
574
330
2
100
AcDbEntity
  8
TEXTO0
370
    -1
100
AcDbText
 10
-17.12110457832004
 20
0.20272003882652
 30
0.0
 40
0.1
  1
A,B
  7
TEXTO0
100
AcDbText
  0
TEXT
  5
577
330
2
100
AcDbEntity
  8
TOMADAS
370
    -1
100
AcDbText
 10
-17.41670971345326
 20
0.1997080413116721
 30
0.0
 40
0.12
  1
S
  7
ROMANT
 72
     4
 11
-17.3595668563104
 21
0.2597080413116721
 31
0.0
100
AcDbText
  0
CIRCLE
  5
578
330
2
100
AcDbEntity
  8
TOMADAS
370
    -1
100
AcDbCircle
 10
-17.35918412565689
 20
0.1478148758840128
 30
0.0
 40
0.0253903399259343
  0
LINE
  5
579
330
2
100
AcDbEntity
  8
TOMADAS
370
    -1
100
AcDbLine
 10
-17.35918412565689
 20
0.1996025378424555
 30
0.0
 11
-17.35918412565687
 21
0.1732052158099471
 31
0.0
  0
TEXT
  5
57A
330
2
100
AcDbEntity
  8
TOMADAS
370
    -1
100
AcDbText
 10
-17.31804464286068
 20
0.1794875109644742
 30
0.0
 40
0.09
  1
w2
  7
ROMANT
100
AcDbText
  0
INSERT
  5
57B
330
2
100
AcDbEntity
  8
TOMADAS
370
    -1
100
AcDbBlockReference
  2
TM_M
 10
-16.76069725150435
 20
0.1651273211122941
 30
0.0
 41
0.5
 42
0.5
 43
0.5
 50
90.0
1001
APLICATIVO_ELETRICO
1040
100.0
1070
     3
1000
SIMPLES
1071
        1
  0
TEXT
  5
57C
330
2
100
AcDbEntity
  8
TEXTO0
370
    -1
100
AcDbText
 10
-16.80595154007327
 20
0.4051711213921187
 30
0.0
 40
0.1
  1
3
  7
TEXTO0
 72
     1
 11
-16.75833249245423
 21
0.4051711213921187
 31
0.0
100
AcDbText
  0
INSERT
  5
581
330
2
100
AcDbEntity
  8
LUMINARIAS
370
    -1
100
AcDbBlockReference
 66
     1
  2
LUM_INC
 10
-20.40626548043232
 20
-2.910815030208418
 30
0.0
 41
0.5
 42
0.5
 43
0.5
1001
APLICATIVO_ELETRICO
1000
1 Luminaria de 100
1040
100.0
1070
     4
1071
        1
  0
ATTRIB
  5
582
330
581
100
AcDbEntity
  8
TEXTO0
370
    -1
100
AcDbText
 10
-20.53646588733035
 20
-3.03776317788749
 30
0.0
 40
0.09
  1
4
  7
TEXTO0
 72
     4
 11
-20.49146588733035
 21
-2.99276317788749
 31
0.0
100
AcDbAttribute
  2
A
 70
     0
  0
ATTRIB
  5
583
330
581
100
AcDbEntity
  8
TEXTO0
370
    -1
100
AcDbText
 10
-20.3480428219827
 20
-3.03776317788749
 30
0.0
 40
0.09
  1
A
  7
TEXTO0
 72
     4
 11
-20.30947139341127
 21
-2.99276317788749
 31
0.0
100
AcDbAttribute
  2
B
 70
     0
  0
ATTRIB
  5
584
330
581
100
AcDbEntity
  8
TEXTO0
370
    -1
100
AcDbText
 10
-20.59344449985759
 20
-2.877659050699497
 30
0.0
 40
0.09
  1
100w
  7
TEXTO0
 72
     4
 11
-20.41130164271473
 21
-2.832659050699498
 31
0.0
100
AcDbAttribute
  2
C
 70
     0
  0
SEQEND
  5
585
330
581
100
AcDbEntity
  8
LUMINARIAS
370
    -1
  0
INSERT
  5
586
330
2
100
AcDbEntity
  8
LUMINARIAS
370
    -1
100
AcDbBlockReference
 66
     1
  2
LUM_INC
 10
-16.87472498086849
 20
-1.412749714557584
 30
0.0
 41
0.5
 42
0.5
 43
0.5
1001
APLICATIVO_ELETRICO
1000
1 Luminaria de 100
1040
100.0
1070
     4
1071
        1
  0
ATTRIB
  5
587
330
586
100
AcDbEntity
  8
TEXTO0
370
    -1
100
AcDbText
 10
-17.00492538776651
 20
-1.539697862236656
 30
0.0
 40
0.09
  1
4
  7
TEXTO0
 72
     4
 11
-16.95992538776651
 21
-1.494697862236656
 31
0.0
100
AcDbAttribute
  2
A
 70
     0
  0
ATTRIB
  5
588
330
586
100
AcDbEntity
  8
TEXTO0
370
    -1
100
AcDbText
 10
-16.82507375099029
 20
-1.539697862236656
 30
0.0
 40
0.09
  1
B
  7
TEXTO0
 72
     4
 11
-16.77793089384743
 21
-1.494697862236656
 31
0.0
100
AcDbAttribute
  2
B
 70
     0
  0
ATTRIB
  5
589
330
586
100
AcDbEntity
  8
TEXTO0
370
    -1
100
AcDbText
 10
-17.06190400029375
 20
-1.379593735048664
 30
0.0
 40
0.09
  1
100w
  7
TEXTO0
 72
     4
 11
-16.87976114315089
 21
-1.334593735048664
 31
0.0
100
AcDbAttribute
  2
C
 70
     0
  0
SEQEND
  5
58A
330
586
100
AcDbEntity
  8
LUMINARIAS
370
    -1
  0
INSERT
  5
58B
330
2
100
AcDbEntity
  8
LUMINARIAS
370
    -1
100
AcDbBlockReference
 66
     1
  2
LUM_INC
 10
-16.85932487893037
 20
-2.781801322692623
 30
0.0
 41
0.5
 42
0.5
 43
0.5
1001
APLICATIVO_ELETRICO
1000
1 Luminaria de 100
1040
100.0
1070
     4
1071
        1
  0
ATTRIB
  5
58C
330
58B
100
AcDbEntity
  8
TEXTO0
370
    -1
100
AcDbText
 10
-16.9895252858284
 20
-2.908749470371694
 30
0.0
 40
0.09
  1
4
  7
TEXTO0
 72
     4
 11
-16.9445252858284
 21
-2.863749470371694
 31
0.0
100
AcDbAttribute
  2
A
 70
     0
  0
ATTRIB
  5
58D
330
58B
100
AcDbEntity
  8
TEXTO0
370
    -1
100
AcDbText
 10
-16.80753079190932
 20
-2.908749470371694
 30
0.0
 40
0.09
  1
C
  7
TEXTO0
 72
     4
 11
-16.76253079190932
 21
-2.863749470371694
 31
0.0
100
AcDbAttribute
  2
B
 70
     0
  0
ATTRIB
  5
58E
330
58B
100
AcDbEntity
  8
TEXTO0
370
    -1
100
AcDbText
 10
-17.04650389835564
 20
-2.748645343183702
 30
0.0
 40
0.09
  1
100w
  7
TEXTO0
 72
     4
 11
-16.86436104121278
 21
-2.703645343183702
 31
0.0
100
AcDbAttribute
  2
C
 70
     0
  0
SEQEND
  5
58F
330
58B
100
AcDbEntity
  8
LUMINARIAS
370
    -1
  0
INSERT
  5
590
330
2
100
AcDbEntity
  8
TOMADAS
370
    -1
100
AcDbBlockReference
  2
TM_B
 10
-22.14284218347793
 20
-3.922856609220286
 30
0.0
 41
0.5
 42
0.5
 43
0.5
1001
APLICATIVO_ELETRICO
1040
100.0
1070
     4
1000
SIMPLES
1071
        1
  0
TEXT
  5
591
330
2
100
AcDbEntity
  8
TEXTO0
370
    -1
100
AcDbText
 10
-21.88733896462565
 20
-3.922856609220286
 30
0.0
 40
0.1
  1
4
  7
TEXTO0
 72
     1
 11
-21.83733896462565
 21
-3.922856609220286
 31
0.0
100
AcDbText
  0
INSERT
  5
594
330
2
100
AcDbEntity
  8
TEXTO0
370
    -1
100
AcDbBlockReference
  2
TM_B
 10
-20.28268419259222
 20
-1.834872678887706
 30
0.0
 41
0.5
 42
0.5
 43
0.5
 50
270.0
1001
APLICATIVO_ELETRICO
1040
100.0
1070
     4
1000
SIMPLES
1071
        1
  0
TEXT
  5
595
330
2
100
AcDbEntity
  8
TEXTO0
370
    -1
100
AcDbText
 10
-20.32483237674764
 20
-2.173061159089997
 30
0.0
 40
0.1
  1
4
  7
TEXTO0
 72
     1
 11
-20.27483237674764
 21
-2.173061159089997
 31
0.0
100
AcDbText
  0
INSERT
  5
596
330
2
100
AcDbEntity
  8
TOMADAS
370
    -1
100
AcDbBlockReference
  2
TM_M
 10
-19.60284218347793
 20
-0.525271721628549
 30
0.0
 41
0.5
 42
0.5
 43
0.5
1001
APLICATIVO_ELETRICO
1040
100.0
1070
     4
1000
SIMPLES
1071
        1
  0
TEXT
  5
597
330
2
100
AcDbEntity
  8
TEXTO0
370
    -1
100
AcDbText
 10
-19.33550659682914
 20
-0.5174251175198812
 30
0.0
 40
0.1
  1
4
  7
TEXTO0
 72
     1
 11
-19.28550659682914
 21
-0.5174251175198812
 31
0.0
100
AcDbText
  0
INSERT
  5
598
330
2
100
AcDbEntity
  8
TOMADAS
370
    -1
100
AcDbBlockReference
  2
INT_1
 10
-19.62639754357693
 20
-0.2663333879021152
 30
0.0
 41
0.5
 42
0.5
 43
0.5
 50
90.0
  0
TEXT
  5
599
330
2
100
AcDbEntity
  8
TEXTO0
370
    -1
100
AcDbText
 10
-19.45824602080145
 20
-0.180020583450613
 30
0.0
 40
0.1
  1
A
 50
90.0
  7
TEXTO0
100
AcDbText
  0
INSERT
  5
59B
330
2
100
AcDbEntity
  8
TOMADAS
370
    -1
100
AcDbBlockReference
  2
TM_B
 10
-18.60284218347793
 20
-3.255894198275808
 30
0.0
 41
0.5
 42
0.5
 43
0.5
 50
180.0
1001
APLICATIVO_ELETRICO
1040
100.0
1070
     4
1000
SIMPLES
1071
        1
  0
TEXT
  5
59C
330
2
100
AcDbEntity
  8
TEXTO0
370
    -1
100
AcDbText
 10
-18.95862061665831
 20
-3.255894198275808
 30
0.0
 40
0.1
  1
4
  7
TEXTO0
 72
     1
 11
-18.90862061665831
 21
-3.255894198275808
 31
0.0
100
AcDbText
  0
INSERT
  5
59F
330
2
100
AcDbEntity
  8
TOMADAS
370
    -1
100
AcDbBlockReference
  2
TM_B
 10
-18.15444090433795
 20
-4.184872678887707
 30
0.0
 41
0.5
 42
0.5
 43
0.5
 50
90.0
1001
APLICATIVO_ELETRICO
1040
100.0
1070
     4
1000
SIMPLES
1071
        1
  0
TEXT
  5
5A0
330
2
100
AcDbEntity
  8
TEXTO0
370
    -1
100
AcDbText
 10
-18.21232642628049
 20
-3.906629839780198
 30
0.0
 40
0.1
  1
4
  7
TEXTO0
 72
     1
 11
-18.16232642628049
 21
-3.906629839780198
 31
0.0
100
AcDbText
  0
INSERT
  5
5A3
330
2
100
AcDbEntity
  8
TEXTO0
370
    -1
100
AcDbBlockReference
  2
TM_B
 10
-15.45284218347793
 20
-3.875108559920356
 30
0.0
 41
0.5
 42
0.5
 43
0.5
 50
180.0
1001
APLICATIVO_ELETRICO
1040
100.0
1070
     4
1000
SIMPLES
1071
        1
  0
TEXT
  5
5A4
330
2
100
AcDbEntity
  8
TEXTO0
370
    -1
100
AcDbText
 10
-15.80724350161173
 20
-3.875108559920356
 30
0.0
 40
0.1
  1
4
  7
TEXTO0
 72
     1
 11
-15.75724350161173
 21
-3.875108559920356
 31
0.0
100
AcDbText
  0
INSERT
  5
5A5
330
2
100
AcDbEntity
  8
TOMADAS
370
    -1
100
AcDbBlockReference
  2
TM_B
 10
-18.45284218347793
 20
-1.881387615421019
 30
0.0
 41
0.5
 42
0.5
 43
0.5
1001
APLICATIVO_ELETRICO
1040
200.0
1070
     4
1000
SIMPLES
1071
        1
  0
TEXT
  5
5A6
330
2
100
AcDbEntity
  8
TEXTO0
370
    -1
100
AcDbText
 10
-18.16501329462529
 20
-1.873507302091731
 30
0.0
 40
0.1
  1
4
  7
TEXTO0
 72
     1
 11
-18.11501329462529
 21
-1.873507302091731
 31
0.0
100
AcDbText
  0
TEXT
  5
5A7
330
2
100
AcDbEntity
  8
TEXTO0
370
    -1
100
AcDbText
 10
-18.31025138986338
 20
-2.035412063996493
 30
0.0
 40
0.1
  1
200w
  7
TEXTO0
 72
     1
 11
-18.11501329462529
 21
-2.035412063996493
 31
0.0
100
AcDbText
  0
INSERT
  5
5A8
330
2
100
AcDbEntity
  8
TOMADAS
370
    -1
100
AcDbBlockReference
  2
TM_M
 10
-15.45284218347793
 20
-1.574055156694577
 30
0.0
 41
0.5
 42
0.5
 43
0.5
 50
180.0
1001
APLICATIVO_ELETRICO
1040
100.0
1070
     4
1000
SIMPLES
1071
        1
  0
TEXT
  5
5A9
330
2
100
AcDbEntity
  8
TEXTO0
370
    -1
100
AcDbText
 10
-15.81512902355427
 20
-1.574055156694577
 30
0.0
 40
0.1
  1
4
  7
TEXTO0
 72
     1
 11
-15.76512902355427
 21
-1.574055156694577
 31
0.0
100
AcDbText
  0
INSERT
  5
5AB
330
2
100
AcDbEntity
  8
LUMINARIAS
370
    -1
100
AcDbBlockReference
  2
LUM_ARAN
 10
-18.63484106550736
 20
-4.297625635750038
 30
0.0
 41
0.5
 42
0.5
 43
0.5
 50
180.0
1001
APLICATIVO_ELETRICO
1000
1 Luminaria de 100
1040
100.0
1070
     4
1071
        1
  0
INSERT
  5
5B1
330
2
100
AcDbEntity
  8
LUMINARIAS
370
    -1
100
AcDbBlockReference
  2
LUM_ARAN
 10
-15.35281044633013
 20
-2.338970351769362
 30
0.0
 41
0.5
 42
0.5
 43
0.5
 50
270.0
1001
APLICATIVO_ELETRICO
1000
1 Luminaria de 100
1040
100.0
1070
     4
1071
        1
  0
LINE
  5
5C1
330
2
100
AcDbEntity
  8
TOMADAS
370
    -1
100
AcDbLine
 10
-15.49809896758997
 20
-1.242424268922033
 30
0.0
 11
-15.47170164555746
 21
-1.242424268922019
 31
0.0
  0
CIRCLE
  5
5C2
330
2
100
AcDbEntity
  8
TOMADAS
370
    -1
100
AcDbCircle
 10
-15.44631130563153
 20
-1.242424268922033
 30
0.0
 40
0.0253903399259343
  0
TEXT
  5
5C3
330
2
100
AcDbEntity
  8
TOMADAS
370
    -1
100
AcDbText
 10
-15.49820447105918
 20
-1.299949856718403
 30
0.0
 40
0.12
  1
S
 50
90.0
  7
ROMANT
 72
     4
 11
-15.55820447105918
 21
-1.242806999575546
 31
0.0
100
AcDbText
  0
TEXT
  5
5C4
330
2
100
AcDbEntity
  8
TOMADAS
370
    -1
100
AcDbText
 10
-15.49649089613942
 20
-1.201284786125822
 30
0.0
 40
0.09
  1
3
 50
90.0
  7
ROMANT
100
AcDbText
  0
TEXT
  5
5C5
330
2
100
AcDbEntity
  8
TEXTO0
370
    -1
100
AcDbText
 10
-15.49426004423626
 20
-1.086693721393569
 30
0.0
 40
0.1
  1
B,C,D
 50
90.0
  7
TEXTO0
100
AcDbText
  0
ARC
  5
5C8
330
2
100
AcDbEntity
  8
ELETRODUTOS
370
    -1
100
AcDbCircle
 10
-13.48691999103098
 20
19.48465315642223
 30
0.0
 40
16.78163722198213
100
AcDbArc
 50
239.8131602677946
 51
244.9859755611888
  0
ARC
  5
5C9
330
2
100
AcDbEntity
  8
ELETRODUTOS
370
    -1
100
AcDbCircle
 10
-20.0664878780442
 20
6.005514095472204
 30
0.0
 40
1.718256462284241
100
AcDbArc
 50
266.3334809235701
 51
317.0838610294142
  0
ARC
  5
5CA
330
2
100
AcDbEntity
  8
ELETRODUTOS
370
    -1
100
AcDbCircle
 10
-23.87349915177794
 20
1.40795389425169
 30
0.0
 40
4.394281231061101
100
AcDbArc
 50
18.21503967656434
 51
33.99815400526656
  0
LWPOLYLINE
  5
5CB
330
2
100
AcDbEntity
  8
ELETRODUTOS
370
    -1
100
AcDbPolyline
 90
        4
 70
     0
 43
0.0
 10
-19.70131125166277
 20
2.589744039486964
 10
-19.70131125166277
 20
2.56433991353266
 10
-20.03387998567452
 20
2.56433991353266
 10
-20.03387998567452
 20
2.615127321112293
  0
ARC
  5
5CC
330
2
100
AcDbEntity
  8
ELETRODUTOS
370
    -1
100
AcDbCircle
 10
-14.56803633517569
 20
2.827734232702598
 30
0.0
 40
2.554412726637501
100
AcDbArc
 50
163.4420916470474
 51
194.9796793480703
  0
ARC
  5
5CD
330
2
100
AcDbEntity
  8
ELETRODUTOS
370
    -1
100
AcDbCircle
 10
-15.08071416939403
 20
3.278012335649155
 30
0.0
 40
2.017430882774048
100
AcDbArc
 50
222.5008486678726
 51
253.0247349671698
  0
ARC
  5
5CE
330
2
100
AcDbEntity
  8
ELETRODUTOS
370
    -1
100
AcDbCircle
 10
-7.135534023243956
 20
28.84187913017536
 30
0.0
 40
27.18200126570613
100
AcDbArc
 50
245.8957859426767
 51
247.7572560296328
  0
LWPOLYLINE
  5
5CF
330
2
100
AcDbEntity
  8
ELETRODUTOS
370
    -1
100
AcDbPolyline
 90
        4
 70
     0
 43
0.0
 10
-18.45284218347793
 20
4.044761026830397
 10
-18.50495424546014
 20
4.044761026830397
 10
-18.50495424546014
 20
3.551813787873868
 10
-18.45284218347793
 20
3.551813787873868
  0
LWPOLYLINE
  5
5D0
330
2
100
AcDbEntity
  8
ELETRODUTOS
370
    -1
100
AcDbPolyline
 90
        4
 70
     0
 43
0.0
 10
-15.45284218347793
 20
1.312800214496459
 10
-15.41134763360441
 20
1.312800214496459
 10
-15.41134763360441
 20
2.87292747005927
 10
-15.45284218347793
 20
2.87292747005927
  0
ARC
  5
5D1
330
2
100
AcDbEntity
  8
ELETRODUTOS
370
    -1
100
AcDbCircle
 10
-92.98358003519434
 20
3.500825884457292
 30
0.0
 40
75.68528766367908
100
AcDbArc
 50
357.6067824811989
 51
358.0521575016764
  0
LWPOLYLINE
  5
5D2
330
2
100
AcDbEntity
  8
ELETRODUTOS
370
    -1
100
AcDbPolyline
 90
        4
 70
     0
 43
0.0
 10
-17.35785420380248
 20
0.1224593899013766
 10
-17.35785420380248
 20
0.088341813196017
 10
-16.76372690947324
 20
0.088341813196017
 10
-16.76167171184585
 20
0.1651273211122941
  0
ARC
  5
5D3
330
2
100
AcDbEntity
  8
ELETRODUTOS
370
    -1
100
AcDbCircle
 10
-12.88242493434075
 20
5.496561782903855
 30
0.0
 40
4.460367490033144
100
AcDbArc
 50
181.3596726996851
 51
201.5846559176493
  0
LWPOLYLINE
  5
5D4
330
2
100
AcDbEntity
  8
ELETRODUTOS
370
    -1
100
AcDbPolyline
 90
        3
 70
     0
 43
0.0
 10
-17.32735033839344
 20
5.566256088219138
 10
-15.91811960319228
 20
5.566256088219138
 10
-15.9159464560882
 20
5.512907259218901
  0
ARC
  5
5D8
330
2
100
AcDbEntity
  8
ELETRODUTOS
370
    -1
100
AcDbCircle
 10
-10.52244392660915
 20
0.3253553983128414
 30
0.0
 40
10.65514350355493
100
AcDbArc
 50
160.4059856134385
 51
170.2166560160536
  0
ARC
  5
5D9
330
2
100
AcDbEntity
  8
ELETRODUTOS
370
    -1
100
AcDbCircle
 10
-71.50702630815331
 20
-2.361170266031273
 30
0.0
 40
50.58904002352966
100
AcDbArc
 50
2.618161410257205
 51
4.488448261741871
  0
ARC
  5
5DA
330
2
100
AcDbEntity
  8
ELETRODUTOS
370
    -1
100
AcDbCircle
 10
-18.75433661649678
 20
1.737555410135996
 30
0.0
 40
0.4055164666631371
100
AcDbArc
 50
77.66902803145979
 51
191.1264147736138
  0
ARC
  5
5DB
330
2
100
AcDbEntity
  8
ELETRODUTOS
370
    -1
100
AcDbCircle
 10
-38.61121250089187
 20
-192.9566680610402
 30
0.0
 40
195.4251358845358
100
AcDbArc
 50
84.35133442269708
 51
84.77584388961554
  0
ARC
  5
5DC
330
2
100
AcDbEntity
  8
ELETRODUTOS
370
    -1
100
AcDbCircle
 10
-22.69031813856876
 20
-0.2159579424693838
 30
0.0
 40
2.631469056416427
100
AcDbArc
 50
56.70255717933983
 51
70.25242406595684
  0
ARC
  5
5DD
330
2
100
AcDbEntity
  8
ELETRODUTOS
370
    -1
100
AcDbCircle
 10
-16.60369419850544
 20
4.677746712693224
 30
0.0
 40
6.711728986569732
100
AcDbArc
 50
217.1326359570689
 51
226.4955042794881
  0
ARC
  5
5DE
330
2
100
AcDbEntity
  8
ELETRODUTOS
370
    -1
100
AcDbCircle
 10
-26.04483483766694
 20
2.199899736830735
 30
0.0
 40
5.633539379071987
100
AcDbArc
 50
318.8448129026816
 51
330.7076716549885
  0
ARC
  5
5DF
330
2
100
AcDbEntity
  8
ELETRODUTOS
370
    -1
100
AcDbCircle
 10
-19.83696673483581
 20
-1.564268508171255
 30
0.0
 40
1.598642660314273
100
AcDbArc
 50
93.17656374413436
 51
123.7424950133309
  0
LWPOLYLINE
  5
5E0
330
2
100
AcDbEntity
  8
ELETRODUTOS
370
    -1
100
AcDbPolyline
 90
        4
 70
     0
 43
0.0
 10
-19.72757442893739
 20
0.0238280067393635
 10
-19.68292317547633
 20
0.0238280067393635
 10
-19.68292317547633
 20
-0.1984192618636449
 10
-19.75284218347793
 20
-0.198419261863645
  0
ARC
  5
5E1
330
2
100
AcDbEntity
  8
ELETRODUTOS
370
    -1
100
AcDbCircle
 10
-18.89725587956426
 20
1.327354259477313
 30
0.0
 40
0.2231015431563041
100
AcDbArc
 50
237.8742108311924
 51
321.3248105877266
  0
LWPOLYLINE
  5
5E2
330
2
100
AcDbEntity
  8
ELETRODUTOS
370
    -1
100
AcDbPolyline
 90
        3
 70
     0
 43
0.0
 10
-18.56085942889595
 20
1.25601468256664
 10
-18.56085942889595
 20
1.529727649016255
 10
-18.60284218347793
 20
1.529727649016254
  0
ARC
  5
5E4
330
2
100
AcDbEntity
  8
ELETRODUTOS
370
    -1
100
AcDbCircle
 10
-20.5842779205969
 20
3.242734707893316
 30
0.0
 40
1.345218774877854
100
AcDbArc
 50
263.8644636364686
 51
300.5204119189793
  0
LWPOLYLINE
  5
5E5
330
2
100
AcDbEntity
  8
ELETRODUTOS
370
    -1
100
AcDbPolyline
 90
        3
 70
     0
 43
0.0
 10
-19.71607059040498
 20
2.16770415632838
 10
-19.71607059040498
 20
2.501353597780291
 10
-20.36334660096314
 20
2.501353597780291
  0
LWPOLYLINE
  5
5E6
330
2
100
AcDbEntity
  8
ELETRODUTOS
370
    -1
100
AcDbPolyline
 90
        2
 70
     0
 43
0.0
 10
-19.75284218347793
 20
2.31823568871846
 10
-19.71607059040498
 20
2.31823568871846
  0
ARC
  5
5E8
330
2
100
AcDbEntity
  8
ELETRODUTOS
370
    -1
100
AcDbCircle
 10
-18.9900007022848
 20
-2.551626466377387
 30
0.0
 40
1.394877325753382
100
AcDbArc
 50
159.0124927076344
 51
183.5201572716076
  0
ARC
  5
5E9
330
2
100
AcDbEntity
  8
ELETRODUTOS
370
    -1
100
AcDbCircle
 10
-18.6814962676505
 20
-7.627363905868034
 30
0.0
 40
4.972145001814693
100
AcDbArc
 50
113.1832148340326
 51
131.2526791914406
  0
ARC
  5
5EA
330
2
100
AcDbEntity
  8
ELETRODUTOS
370
    -1
100
AcDbCircle
 10
-18.69716889356802
 20
1.065345017896567
 30
0.0
 40
4.383999587743838
100
AcDbArc
 50
250.2766067552971
 51
269.6031759816874
  0
SPLINE
  5
5EB
330
2
100
AcDbEntity
  8
ELETRODUTOS
370
    -1
100
AcDbSpline
210
0.0
220
0.0
230
1.0
 70
  1064
 71
     3
 72
    11
 73
     7
 74
     5
 42
0.0000000001
 43
0.0000000001
 44
0.0000000001
 40
0.0
 40
0.0
 40
0.0
 40
0.0
 40
0.323253491479099
 40
0.5752874544123079
 40
1.784342441861131
 40
3.124166260123189
 40
3.124166260123189
 40
3.124166260123189
 40
3.124166260123189
 10
-19.44354832596549
 20
-0.2682637583651086
 30
0.0
 10
-19.31921887221624
 20
-0.2841447544952508
 30
0.0
 10
-19.09795235277788
 20
-0.3124078300012179
 30
0.0
 10
-19.07957098469909
 20
-0.9840727721184305
 30
0.0
 10
-19.02884324598181
 20
-1.951989167516637
 30
0.0
 10
-19.78944483922148
 20
-2.470173781905062
 30
0.0
 10
-20.18925675987746
 20
-2.742558677985249
 30
0.0
 11
-19.44354832596549
 21
-0.2682637583651086
 31
0.0
 11
-19.1385494524415
 21
-0.3753548733211503
 31
0.0
 11
-19.08909019101399
 21
-0.6224882379865946
 31
0.0
 11
-19.21273836644146
 21
-1.825203953103152
 31
0.0
 11
-20.18925675987746
 21
-2.742558677985249
 31
0.0
  0
LWPOLYLINE
  5
5EC
330
2
100
AcDbEntity
  8
ELETRODUTOS
370
    -1
100
AcDbPolyline
 90
        3
 70
     0
 43
0.0
 10
-19.63953834007144
 20
-0.2880586917905409
 10
-19.63953834007144
 20
-0.5228608753296022
 10
-19.60284218347793
 20
-0.5212022755043472
  0
ARC
  5
5EE
330
2
100
AcDbEntity
  8
ELETRODUTOS
370
    -1
100
AcDbCircle
 10
-15.50235016104453
 20
-1.980170187235899
 30
0.0
 40
1.410739925352508
100
AcDbArc
 50
168.0157448099748
 51
202.1402801816323
  0
ARC
  5
5EF
330
2
100
AcDbEntity
  8
ELETRODUTOS
370
    -1
100
AcDbCircle
 10
-19.58031241870141
 20
-1.319797112892971
 30
0.0
 40
3.028513855577048
100
AcDbArc
 50
298.5678395685973
 51
305.7868473463976
  0
ARC
  5
5F0
330
2
100
AcDbEntity
  8
ELETRODUTOS
370
    -1
100
AcDbCircle
 10
-22.6345388140996
 20
-12.27155879496471
 30
0.0
 40
11.00075322765015
100
AcDbArc
 50
50.19872309958253
 51
57.36829727301889
  0
ARC
  5
5F1
330
2
100
AcDbEntity
  8
ELETRODUTOS
370
    -1
100
AcDbCircle
 10
-17.24348236415632
 20
-4.114405505040182
 30
0.0
 40
2.544986165877536
100
AcDbArc
 50
86.70629534177212
 51
115.3954198497335
  0
ARC
  5
5F2
330
2
100
AcDbEntity
  8
ELETRODUTOS
370
    -1
100
AcDbCircle
 10
-16.07104501318476
 20
-5.258302115203463
 30
0.0
 40
4.030355644850115
100
AcDbArc
 50
83.88121414395383
 51
98.1310858229698
  0
LWPOLYLINE
  5
5F3
330
2
100
AcDbEntity
  8
ELETRODUTOS
370
    -1
100
AcDbPolyline
 90
        5
 70
     0
 43
0.0
 10
-15.42542786434784
 20
-1.256865572246357
 10
-15.34850801307313
 20
-1.256865572246357
 10
-15.34850801307313
 20
-2.337161307957906
 10
-15.34850801307313
 20
-4.301564706259736
 10
-17.58352688611229
 20
-4.301564706259736
  0
ARC
  5
5F4
330
2
100
AcDbEntity
  8
ELETRODUTOS
370
    -1
100
AcDbCircle
 10
-17.91650903962075
 20
-10.24424350716899
 30
0.0
 40
7.691931985517654
100
AcDbArc
 50
83.6425676132655
 51
106.7519707826005
  0
ARC
  5
5F5
330
2
100
AcDbEntity
  8
ELETRODUTOS
370
    -1
100
AcDbCircle
 10
-18.00648551539148
 20
-3.562597083671688
 30
0.0
 40
5.641526416196156
100
AcDbArc
 50
83.75807003125004
 51
95.40560252399877
  0
ARC
  5
5F6
330
2
100
AcDbEntity
  8
ELETRODUTOS
370
    -1
100
AcDbCircle
 10
-13.27717904150165
 20
2.514076279439966
 30
0.0
 40
5.296551463310261
100
AcDbArc
 50
186.6636726668009
 51
224.5597554917322
  0
SPLINE
  5
5FA
330
2
100
AcDbEntity
  8
ELETRODUTOS
  6
HIDDEN
100
AcDbSpline
210
0.0
220
0.0
230
1.0
 70
  1288
 71
     3
 72
    11
 73
     7
 74
     5
 42
0.000000001
 43
0.0000000001
 40
0.0
 40
0.0
 40
0.0
 40
0.0
 40
1.06688379657829
 40
1.961025911044648
 40
2.940752372809838
 40
4.11796141008317
 40
4.11796141008317
 40
4.11796141008317
 40
4.11796141008317
 10
-18.53794924271509
 20
1.98317991758827
 30
0.0
 10
-18.30751274630964
 20
1.699329413714061
 30
0.0
 10
-17.88395027235442
 20
1.177587313266334
 30
0.0
 10
-16.89779925965455
 20
0.9189815460491915
 30
0.0
 10
-15.9971603201949
 20
0.5465052269592434
 30
0.0
 10
-15.21197717256609
 20
0.2892512188000743
 30
0.0
 10
-14.91305382725207
 20
0.0566917225274758
 30
0.0
  0
ARC
  5
5FB
330
2
100
AcDbEntity
  8
ELETRODUTOS
370
    -1
100
AcDbCircle
 10
-17.34969344888194
 20
1.059537428061047
 30
0.0
 40
0.131456913656569
100
AcDbArc
 50
273.3443636546582
 51
82.95816725252158
  0
ARC
  5
5FC
330
2
100
AcDbEntity
  8
ELETRODUTOS
370
    -1
100
AcDbCircle
 10
-92.98358003519434
 20
3.500825884457292
 30
0.0
 40
75.68528766367908
100
AcDbArc
 50
358.2503734054946
 51
358.7634166568035
  0
INSERT
  5
604
330
2
100
AcDbEntity
  8
TOMADAS
370
    -1
100
AcDbBlockReference
  2
TM_TV
 10
-18.47259727939719
 20
-1.560029148135161
 30
0.0
 41
0.5
 42
0.5
 43
0.5
  0
INSERT
  5
60C
330
2
100
AcDbEntity
  8
TOMADAS
370
    -1
100
AcDbBlockReference
  2
T_TELM
 10
-18.45284218347793
 20
-3.080169092893559
 30
0.0
 41
0.5
 42
0.5
 43
0.5
 50
180.0
  0
SPLINE
  5
60D
330
2
100
AcDbEntity
  8
ELETRODUTOS
  6
CENTER2
100
AcDbSpline
210
0.0
220
0.0
230
1.0
 70
     8
 71
     3
 72
    10
 73
     6
 74
     0
 42
0.0000001
 43
0.0000000001
 40
0.0
 40
0.0
 40
0.0
 40
0.0
 40
0.442477887668299
 40
1.040834647255047
 40
1.388522338313826
 40
1.388522338313826
 40
1.388522338313826
 40
1.388522338313826
 10
-18.18558728340727
 20
-3.093009492424126
 30
0.0
 10
-18.07927475207417
 20
-3.197798170361304
 30
0.0
 10
-17.82919724733831
 20
-3.444291135720123
 30
0.0
 10
-17.69199050201928
 20
-3.904469161721904
 30
0.0
 10
-17.65579356006524
 20
-4.219128215828198
 30
0.0
 10
-17.64071526486994
 20
-4.50281591211278
 30
0.0
  0
ARC
  5
60F
330
2
100
AcDbEntity
  8
ELETRODUTOS
370
    -1
100
AcDbCircle
 10
-17.72612552338703
 20
-3.755559504603568
 30
0.0
 40
0.0857985204280271
100
AcDbArc
 50
60.4176936278424
 51
194.1416067043435
  0
ARC
  5
610
330
2
100
AcDbEntity
  8
ELETRODUTOS
370
    -1
100
AcDbCircle
 10
-17.66315153137928
 20
-4.281673376361296
 30
0.0
 40
0.0820716098235099
100
AcDbArc
 50
194.0261985152026
 51
345.9738014847974
  0
LWPOLYLINE
  5
611
330
2
100
AcDbEntity
  8
ELETRODUTOS
370
    -1
100
AcDbPolyline
 90
        2
 70
     0
 43
0.0
 10
-17.74277617664627
 20
-4.301564706259736
 10
-18.61772142796528
 20
-4.301564706259736
  0
ARC
  5
612
330
2
100
AcDbEntity
  8
ELETRODUTOS
370
    -1
100
AcDbCircle
 10
-19.58031241870141
 20
-1.319797112892971
 30
0.0
 40
3.028513855577048
100
AcDbArc
 50
308.7724529857912
 51
326.7308407224494
  0
TEXT
  5
61F
330
2
100
AcDbEntity
  8
TEXTO0
370
    -1
100
AcDbText
 10
-19.68896681634303
 20
4.56154562170596
 30
0.0
 40
0.1
  1
1
  7
TEXTO0
 72
     1
 11
-19.64849062586683
 21
4.56154562170596
 31
0.0
100
AcDbText
  0
TEXT
  5
621
330
2
100
AcDbEntity
  8
TEXTO0
370
    -1
100
AcDbText
 10
-21.27647956920533
 20
4.788995986652765
 30
0.0
 40
0.1
  1
1
  7
TEXTO0
 72
     1
 11
-21.23600337872914
 21
4.788995986652765
 31
0.0
100
AcDbText
  0
TEXT
  5
623
330
2
100
AcDbEntity
  8
TEXTO0
370
    -1
100
AcDbText
 10
-21.14560932675424
 20
2.95802050503552
 30
0.0
 40
0.1
  1
1
  7
TEXTO0
 72
     1
 11
-21.10513313627805
 21
2.95802050503552
 31
0.0
100
AcDbText
  0
TEXT
  5
625
330
2
100
AcDbEntity
  8
TEXTO0
370
    -1
100
AcDbText
 10
-19.70623194531697
 20
1.717654642896612
 30
0.0
 40
0.1
  1
1
  7
TEXTO0
 72
     1
 11
-19.66575575484078
 21
1.717654642896612
 31
0.0
100
AcDbText
  0
TEXT
  5
627
330
2
100
AcDbEntity
  8
TEXTO0
370
    -1
100
AcDbText
 10
-21.67524609674823
 20
-0.9748258240768806
 30
0.0
 40
0.1
  1
1
  7
TEXTO0
 72
     1
 11
-21.63476990627204
 21
-0.9748258240768806
 31
0.0
100
AcDbText
  0
TEXT
  5
629
330
2
100
AcDbEntity
  8
TEXTO0
370
    -1
100
AcDbText
 10
-21.55944938742633
 20
0.3559583601580698
 30
0.0
 40
0.1
  1
1
  7
TEXTO0
 72
     1
 11
-21.51897319695014
 21
0.3559583601580698
 31
0.0
100
AcDbText
  0
TEXT
  5
62B
330
2
100
AcDbEntity
  8
TEXTO0
370
    -1
100
AcDbText
 10
-21.29890684609875
 20
0.606685817851595
 30
0.0
 40
0.1
  1
1
  7
TEXTO0
 72
     1
 11
-21.25843065562256
 21
0.606685817851595
 31
0.0
100
AcDbText
  0
TEXT
  5
62D
330
2
100
AcDbEntity
  8
TEXTO0
370
    -1
100
AcDbText
 10
-19.02157191250693
 20
2.332847919204337
 30
0.0
 40
0.1
  1
1
  7
TEXTO0
 72
     1
 11
-18.98109572203074
 21
2.332847919204337
 31
0.0
100
AcDbText
  0
TEXT
  5
62F
330
2
100
AcDbEntity
  8
TEXTO0
370
    -1
100
AcDbText
 10
-19.26281502413953
 20
0.4813221022761773
 30
0.0
 40
0.1
  1
1
  7
TEXTO0
 72
     1
 11
-19.22233883366334
 21
0.4813221022761773
 31
0.0
100
AcDbText
  0
TEXT
  5
63A
330
2
100
AcDbEntity
  8
TEXTO0
370
    -1
100
AcDbText
 10
-20.603019622455
 20
0.0684405263668459
 30
0.0
 40
0.1
  1
1
  7
TEXTO0
 72
     1
 11
-20.56254343197881
 21
0.0684405263668459
 31
0.0
100
AcDbText
  0
TEXT
  5
63B
330
2
100
AcDbEntity
  8
TEXTO0
370
    -1
100
AcDbText
 10
-20.41911879774119
 20
0.1233672594386945
 30
0.0
 40
0.1
  1
D
  7
TEXTO0
 72
     1
 11
-20.36673784536024
 21
0.1233672594386945
 31
0.0
100
AcDbText
  0
TEXT
  5
63F
330
2
100
AcDbEntity
  8
TEXTO0
370
    -1
100
AcDbText
 10
-20.40344148847394
 20
2.081873534834099
 30
0.0
 40
0.1
  1
1
  7
TEXTO0
 72
     1
 11
-20.36296529799775
 21
2.081873534834099
 31
0.0
100
AcDbText
  0
TEXT
  5
64F
330
2
100
AcDbEntity
  8
TEXTO0
370
    -1
100
AcDbText
 10
-19.19055870310529
 20
2.447928172532606
 30
0.0
 40
0.1
  1
C
  7
TEXTO0
 72
     1
 11
-19.14055870310528
 21
2.447928172532606
 31
0.0
100
AcDbText
  0
TEXT
  5
650
330
2
100
AcDbEntity
  8
TEXTO0
370
    -1
100
AcDbText
 10
-19.37696065927043
 20
2.443671706590703
 30
0.0
 40
0.1
  1
1
  7
TEXTO0
 72
     1
 11
-19.33648446879424
 21
2.443671706590703
 31
0.0
100
AcDbText
  0
LINE
  5
651
330
2
100
AcDbEntity
  8
FIACAO
370
    -1
100
AcDbLine
 10
-19.09370687721606
 20
2.25213150894302
 30
0.0
 11
-19.71555832883276
 21
2.25213150894302
 31
0.0
  0
TEXT
  5
658
330
2
100
AcDbEntity
  8
TEXTO0
370
    -1
100
AcDbText
 10
-20.37362671800095
 20
2.950189136432865
 30
0.0
 40
0.1
  1
1
  7
TEXTO0
 72
     1
 11
-20.33315052752476
 21
2.950189136432865
 31
0.0
100
AcDbText
  0
TEXT
  5
659
330
2
100
AcDbEntity
  8
TEXTO0
370
    -1
100
AcDbText
 10
-20.52370600519243
 20
2.958702068316679
 30
0.0
 40
0.1
  1
C
  7
TEXTO0
 72
     1
 11
-20.47370600519243
 21
2.958702068316679
 31
0.0
100
AcDbText
  0
TEXT
  5
65E
330
2
100
AcDbEntity
  8
TEXTO0
370
    -1
100
AcDbText
 10
-19.53006031376498
 20
3.163521336588769
 30
0.0
 40
0.1
  1
1
  7
TEXTO0
 72
     1
 11
-19.48958412328879
 21
3.163521336588769
 31
0.0
100
AcDbText
  0
TEXT
  5
660
330
2
100
AcDbEntity
  8
TEXTO0
370
    -1
100
AcDbText
 10
-19.86398601411026
 20
3.578269739753093
 30
0.0
 40
0.1
  1
1
  7
TEXTO0
 72
     1
 11
-19.82350982363407
 21
3.578269739753093
 31
0.0
100
AcDbText
  0
TEXT
  5
661
330
2
100
AcDbEntity
  8
TEXTO0
370
    -1
100
AcDbText
 10
-19.7948114561517
 20
3.416184154771646
 30
0.0
 40
0.1
  1
A
  7
TEXTO0
 72
     1
 11
-19.75195431329455
 21
3.416184154771646
 31
0.0
100
AcDbText
  0
TEXT
  5
66B
330
2
100
AcDbEntity
  8
TEXTO0
370
    -1
100
AcDbText
 10
-19.37201609874515
 20
1.980997710050286
 30
0.0
 40
0.1
  1
2
  7
TEXTO0
 72
     1
 11
-19.3243970511261
 21
1.980997710050286
 31
0.0
100
AcDbText
  0
TEXT
  5
66D
330
2
100
AcDbEntity
  8
TEXTO0
370
    -1
100
AcDbText
 10
-21.37571351894509
 20
2.23310331747059
 30
0.0
 40
0.1
  1
2
  7
TEXTO0
 72
     1
 11
-21.32809447132604
 21
2.23310331747059
 31
0.0
100
AcDbText
  0
TEXT
  5
66F
330
2
100
AcDbEntity
  8
TEXTO0
370
    -1
100
AcDbText
 10
-20.12549563354959
 20
1.780202261012441
 30
0.0
 40
0.1
  1
2
  7
TEXTO0
 72
     1
 11
-20.07787658593054
 21
1.780202261012441
 31
0.0
100
AcDbText
  0
TEXT
  5
673
330
2
100
AcDbEntity
  8
TEXTO0
370
    -1
100
AcDbText
 10
-19.18920112480408
 20
0.9770825747636138
 30
0.0
 40
0.1
  1
1
  7
TEXTO0
 72
     1
 11
-19.14872493432789
 21
0.9770825747636138
 31
0.0
100
AcDbText
  0
TEXT
  5
674
330
2
100
AcDbEntity
  8
TEXTO0
370
    -1
100
AcDbText
 10
-19.01859779818912
 20
0.9909293670571842
 30
0.0
 40
0.1
  1
E
  7
TEXTO0
 72
     1
 11
-18.96859779818912
 21
0.9909293670571842
 31
0.0
100
AcDbText
  0
TEXT
  5
678
330
2
100
AcDbEntity
  8
TEXTO0
370
    -1
100
AcDbText
 10
-18.16947052097026
 20
1.307950890954743
 30
0.0
 40
0.1
  1
1
  7
TEXTO0
 72
     1
 11
-18.12899433049407
 21
1.307950890954743
 31
0.0
100
AcDbText
  0
TEXT
  5
67D
330
2
100
AcDbEntity
  8
TEXTO0
370
    -1
100
AcDbText
 10
-17.99769445913264
 20
2.271285884379878
 30
0.0
 40
0.1
  1
3
  7
TEXTO0
 72
     1
 11
-17.95007541151359
 21
2.271285884379878
 31
0.0
100
AcDbText
  0
TEXT
  5
67F
330
2
100
AcDbEntity
  8
TEXTO0
370
    -1
100
AcDbText
 10
-16.21108140322388
 20
1.814782533201392
 30
0.0
 40
0.1
  1
3
  7
TEXTO0
 72
     1
 11
-16.16346235560484
 21
1.814782533201392
 31
0.0
100
AcDbText
  0
TEXT
  5
681
330
2
100
AcDbEntity
  8
TEXTO0
370
    -1
100
AcDbText
 10
-17.77436782167937
 20
4.056721323733164
 30
0.0
 40
0.1
  1
3
  7
TEXTO0
 72
     1
 11
-17.72674877406032
 21
4.056721323733164
 31
0.0
100
AcDbText
  0
TEXT
  5
683
330
2
100
AcDbEntity
  8
TEXTO0
370
    -1
100
AcDbText
 10
-18.78948890896101
 20
3.823397379248981
 30
0.0
 40
0.1
  1
3
  7
TEXTO0
 72
     1
 11
-18.74186986134196
 21
3.823397379248981
 31
0.0
100
AcDbText
  0
TEXT
  5
685
330
2
100
AcDbEntity
  8
TEXTO0
370
    -1
100
AcDbText
 10
-15.22641397216808
 20
2.210418790354055
 30
0.0
 40
0.1
  1
3
  7
TEXTO0
 72
     1
 11
-15.17879492454903
 21
2.210418790354055
 31
0.0
100
AcDbText
  0
TEXT
  5
687
330
2
100
AcDbEntity
  8
TEXTO0
370
    -1
100
AcDbText
 10
-16.74043440372139
 20
-0.1176708941994775
 30
0.0
 40
0.1
  1
3
  7
TEXTO0
 72
     1
 11
-16.69281535610234
 21
-0.1176708941994775
 31
0.0
100
AcDbText
  0
TEXT
  5
689
330
2
100
AcDbEntity
  8
TEXTO0
370
    -1
100
AcDbText
 10
-16.52576892191989
 20
5.730567033196607
 30
0.0
 40
0.1
  1
3
  7
TEXTO0
 72
     1
 11
-16.47814987430085
 21
5.730567033196607
 31
0.0
100
AcDbText
  0
TEXT
  5
68E
330
2
100
AcDbEntity
  8
TEXTO0
370
    -1
100
AcDbText
 10
-17.59310315938152
 20
1.355608137700546
 30
0.0
 40
0.1
  1
3
  7
TEXTO0
 72
     1
 11
-17.54548411176247
 21
1.355608137700546
 31
0.0
100
AcDbText
  0
TEXT
  5
690
330
2
100
AcDbEntity
  8
TEXTO0
370
    -1
100
AcDbText
 10
-17.35898029700064
 20
2.650792359094147
 30
0.0
 40
0.1
  1
3
  7
TEXTO0
 72
     1
 11
-17.31136124938159
 21
2.650792359094147
 31
0.0
100
AcDbText
  0
TEXT
  5
692
330
2
100
AcDbEntity
  8
TEXTO0
370
    -1
100
AcDbText
 10
-17.05809842005541
 20
4.547411690555172
 30
0.0
 40
0.1
  1
3
  7
TEXTO0
 72
     1
 11
-17.01047937243636
 21
4.547411690555172
 31
0.0
100
AcDbText
  0
TEXT
  5
697
330
2
100
AcDbEntity
  8
TEXTO0
370
    -1
100
AcDbText
 10
-17.35619638497769
 20
2.830165624970931
 30
0.0
 40
0.1
  1
A
  7
TEXTO0
 72
     1
 11
-17.31333924212055
 21
2.830165624970931
 31
0.0
100
AcDbText
  0
TEXT
  5
699
330
2
100
AcDbEntity
  8
TEXTO0
370
    -1
100
AcDbText
 10
-17.37448229357761
 20
2.988150231108413
 30
0.0
 40
0.1
  1
B
  7
TEXTO0
 72
     1
 11
-17.32210134119666
 21
2.988150231108413
 31
0.0
100
AcDbText
  0
TEXT
  5
69B
330
2
100
AcDbEntity
  8
TEXTO0
370
    -1
100
AcDbText
 10
-17.55788746724166
 20
1.618645910794722
 30
0.0
 40
0.1
  1
A
  7
TEXTO0
 72
     1
 11
-17.51503032438451
 21
1.618645910794722
 31
0.0
100
AcDbText
  0
TEXT
  5
69D
330
2
100
AcDbEntity
  8
TEXTO0
370
    -1
100
AcDbText
 10
-17.58220414433194
 20
1.774609848226262
 30
0.0
 40
0.1
  1
B
  7
TEXTO0
 72
     1
 11
-17.52982319195099
 21
1.774609848226262
 31
0.0
100
AcDbText
  0
TEXT
  5
6A8
330
2
100
AcDbEntity
  8
TEXTO0
370
    -1
100
AcDbText
 10
-17.00248122685454
 20
4.372183623649555
 30
0.0
 40
0.1
  1
A
  7
TEXTO0
 72
     1
 11
-16.9596240839974
 21
4.372183623649555
 31
0.0
100
AcDbText
  0
TEXT
  5
6AA
330
2
100
AcDbEntity
  8
TEXTO0
370
    -1
100
AcDbText
 10
-17.42344256485987
 20
3.213102105782667
 30
0.0
 40
0.1
  1
B
  7
TEXTO0
 72
     1
 11
-17.37106161247891
 21
3.213102105782667
 31
0.0
100
AcDbText
  0
TEXT
  5
6AC
330
2
100
AcDbEntity
  8
TEXTO0
370
    -1
100
AcDbText
 10
-17.66811781777295
 20
0.6058524303641839
 30
0.0
 40
0.1
  1
A
  7
TEXTO0
 72
     1
 11
-17.62526067491581
 21
0.6058524303641839
 31
0.0
100
AcDbText
  0
TEXT
  5
6AE
330
2
100
AcDbEntity
  8
TEXTO0
370
    -1
100
AcDbText
 10
-17.37237640492803
 20
3.373626529166334
 30
0.0
 40
0.1
  1
A
  7
TEXTO0
 72
     1
 11
-17.32951926207088
 21
3.373626529166334
 31
0.0
100
AcDbText
  0
TEXT
  5
6AF
330
2
100
AcDbEntity
  8
TEXTO0
370
    -1
100
AcDbText
 10
-17.68346661809187
 20
0.4700263813307934
 30
0.0
 40
0.1
  1
B
  7
TEXTO0
 72
     1
 11
-17.63108566571091
 21
0.4700263813307934
 31
0.0
100
AcDbText
  0
TEXT
  5
6B2
330
2
100
AcDbEntity
  8
TEXTO0
370
    -1
100
AcDbText
 10
-16.94273773728759
 20
4.177830564068678
 30
0.0
 40
0.1
  1
B
  7
TEXTO0
 72
     1
 11
-16.89035678490664
 21
4.177830564068678
 31
0.0
100
AcDbText
  0
TEXT
  5
6BE
330
2
100
AcDbEntity
  8
TEXTO0
370
    -1
100
AcDbText
 10
-17.7521146876748
 20
-1.423408437404031
 30
0.0
 40
0.1
  1
4
  7
TEXTO0
 72
     1
 11
-17.7021146876748
 21
-1.423408437404031
 31
0.0
100
AcDbText
  0
TEXT
  5
6C0
330
2
100
AcDbEntity
  8
TEXTO0
370
    -1
100
AcDbText
 10
-16.13603979835319
 20
-3.196530907087325
 30
0.0
 40
0.1
  1
4
  7
TEXTO0
 72
     1
 11
-16.08603979835319
 21
-3.196530907087325
 31
0.0
100
AcDbText
  0
TEXT
  5
6C2
330
2
100
AcDbEntity
  8
TEXTO0
370
    -1
100
AcDbText
 10
-17.60519876877403
 20
-3.29817487741817
 30
0.0
 40
0.1
  1
4
  7
TEXTO0
 72
     1
 11
-17.55519876877403
 21
-3.29817487741817
 31
0.0
100
AcDbText
  0
TEXT
  5
6C4
330
2
100
AcDbEntity
  8
TEXTO0
370
    -1
100
AcDbText
 10
-18.31717582341861
 20
-2.360791657411102
 30
0.0
 40
0.1
  1
4
  7
TEXTO0
 72
     1
 11
-18.2671758234186
 21
-2.360791657411102
 31
0.0
100
AcDbText
  0
TEXT
  5
6C6
330
2
100
AcDbEntity
  8
TEXTO0
370
    -1
100
AcDbText
 10
-19.60551526187794
 20
-3.03841807319802
 30
0.0
 40
0.1
  1
4
  7
TEXTO0
 72
     1
 11
-19.55551526187794
 21
-3.03841807319802
 31
0.0
100
AcDbText
  0
TEXT
  5
6C8
330
2
100
AcDbEntity
  8
TEXTO0
370
    -1
100
AcDbText
 10
-21.50412069721276
 20
-3.275587337303325
 30
0.0
 40
0.1
  1
4
  7
TEXTO0
 72
     1
 11
-21.45412069721276
 21
-3.275587337303325
 31
0.0
100
AcDbText
  0
TEXT
  5
6CA
330
2
100
AcDbEntity
  8
TEXTO0
370
    -1
100
AcDbText
 10
-20.63392651931383
 20
-2.315616550638715
 30
0.0
 40
0.1
  1
4
  7
TEXTO0
 72
     1
 11
-20.58392651931383
 21
-2.315616550638715
 31
0.0
100
AcDbText
  0
TEXT
  5
6CC
330
2
100
AcDbEntity
  8
TEXTO0
370
    -1
100
AcDbText
 10
-17.16445105578909
 20
-2.134916176634565
 30
0.0
 40
0.1
  1
4
  7
TEXTO0
 72
     1
 11
-17.11445105578909
 21
-2.134916176634565
 31
0.0
100
AcDbText
  0
TEXT
  5
6D8
330
2
100
AcDbEntity
  8
TEXTO0
370
    -1
100
AcDbText
 10
-15.19201326538411
 20
-3.302998640346143
 30
0.0
 40
0.1
  1
4
  7
TEXTO0
 72
     1
 11
-15.14201326538411
 21
-3.302998640346143
 31
0.0
100
AcDbText
  0
TEXT
  5
6D9
330
2
100
AcDbEntity
  8
TEXTO0
370
    -1
100
AcDbText
 10
-15.19439421776506
 20
-3.163697250294952
 30
0.0
 40
0.1
  1
D
  7
TEXTO0
 72
     1
 11
-15.14201326538411
 21
-3.163697250294952
 31
0.0
100
AcDbText
  0
TEXT
  5
6DB
330
2
100
AcDbEntity
  8
TEXTO0
370
    -1
100
AcDbText
 10
-16.00669577326336
 20
-4.127855571526705
 30
0.0
 40
0.1
  1
4
  7
TEXTO0
 72
     1
 11
-15.95669577326336
 21
-4.127855571526705
 31
0.0
100
AcDbText
  0
TEXT
  5
6DC
330
2
100
AcDbEntity
  8
TEXTO0
370
    -1
100
AcDbText
 10
-16.14382963953146
 20
-4.112506860927024
 30
0.0
 40
0.1
  1
D
  7
TEXTO0
 72
     1
 11
-16.09144868715051
 21
-4.112506860927024
 31
0.0
100
AcDbText
  0
TEXT
  5
6DF
330
2
100
AcDbEntity
  8
TEXTO0
370
    -1
100
AcDbText
 10
-15.17703263168184
 20
-1.303424182585637
 30
0.0
 40
0.1
  1
4
  7
TEXTO0
 72
     1
 11
-15.12703263168184
 21
-1.303424182585637
 31
0.0
100
AcDbText
  0
TEXT
  5
6E0
330
2
100
AcDbEntity
  8
TEXTO0
370
    -1
100
AcDbText
 10
-14.98949930750078
 20
-1.29508181404962
 30
0.0
 40
0.1
  1
D
  7
TEXTO0
 72
     1
 11
-14.93711835511983
 21
-1.29508181404962
 31
0.0
100
AcDbText
  0
LINE
  5
6E2
330
2
100
AcDbEntity
  8
ELETRODUTOS
370
    -1
100
AcDbLine
 10
-15.44842600260952
 20
-1.572465833299095
 30
0.0
 11
-15.34825143578536
 21
-1.572465833299095
 31
0.0
  0
TEXT
  5
6E7
330
2
100
AcDbEntity
  8
TEXTO0
370
    -1
100
AcDbText
 10
-19.52418515800249
 20
-1.853069852855853
 30
0.0
 40
0.1
  1
4
  7
TEXTO0
 72
     1
 11
-19.47418515800249
 21
-1.853069852855853
 31
0.0
100
AcDbText
  0
TEXT
  5
6E8
330
2
100
AcDbEntity
  8
TEXTO0
370
    -1
100
AcDbText
 10
-19.41105878751787
 20
-1.703025546534743
 30
0.0
 40
0.1
  1
A
  7
TEXTO0
 72
     1
 11
-19.36820164466072
 21
-1.703025546534743
 31
0.0
100
AcDbText
  0
TEXT
  5
6EA
330
2
100
AcDbEntity
  8
TEXTO0
370
    -1
100
AcDbText
 10
-17.17488442648456
 20
-1.932505073849384
 30
0.0
 40
0.1
  1
C
  7
TEXTO0
 72
     1
 11
-17.12488442648456
 21
-1.932505073849384
 31
0.0
100
AcDbText
  0
TEXT
  5
6EC
330
2
100
AcDbEntity
  8
TEXTO0
370
    -1
100
AcDbText
 10
-16.43299996424435
 20
-1.032239209380023
 30
0.0
 40
0.1
  1
C
  7
TEXTO0
 72
     1
 11
-16.38299996424435
 21
-1.032239209380023
 31
0.0
100
AcDbText
  0
TEXT
  5
6EE
330
2
100
AcDbEntity
  8
TEXTO0
370
    -1
100
AcDbText
 10
-16.31173352811062
 20
-1.014586938048129
 30
0.0
 40
0.1
  1
B
  7
TEXTO0
 72
     1
 11
-16.25935257572966
 21
-1.014586938048129
 31
0.0
100
AcDbText
  0
TEXT
  5
6F0
330
2
100
AcDbEntity
  8
TEXTO0
370
    -1
100
AcDbText
 10
-16.05580809581011
 20
-1.023413073714075
 30
0.0
 40
0.1
  1
4
  7
TEXTO0
 72
     1
 11
-16.00580809581011
 21
-1.023413073714075
 31
0.0
100
AcDbText
  0
TEXT
  5
6F3
330
2
100
AcDbEntity
  8
TEXTO0
370
    -1
100
AcDbText
 10
-17.81528249455797
 20
0.1404093407919866
 30
0.0
 40
0.1
  1
4
  7
TEXTO0
 72
     1
 11
-17.76528249455797
 21
0.1404093407919866
 31
0.0
100
AcDbText
  0
TEXT
  5
6F5
330
2
100
AcDbEntity
  8
TEXTO0
370
    -1
100
AcDbText
 10
-21.68761828084985
 20
2.342452690809605
 30
0.0
 40
0.1
  1
#4.0mm2
  7
TEXTO0
 72
     1
 11
-21.32809447132604
 21
2.342452690809605
 31
0.0
100
AcDbText
  0
TEXT
  5
6FD
330
2
100
AcDbEntity
  8
TEXTO0
370
    -1
100
AcDbText
 10
-20.23731954277809
 20
-0.669871404880336
 30
0.0
 40
0.1
  1
4
  7
TEXTO0
 72
     1
 11
-20.18731954277809
 21
-0.669871404880336
 31
0.0
100
AcDbText
  0
LINE
  5
830
330
2
100
AcDbEntity
  8
LEGENDA
370
    -1
100
AcDbLine
 10
-22.77683770838927
 20
18.22226192920516
 30
0.0
 11
-22.77683770838927
 21
15.77226192920516
 31
0.0
  0
TEXT
  5
831
330
2
100
AcDbEntity
  8
TEXTO0
370
    -1
100
AcDbText
 10
-22.67416465720903
 20
18.00116743434688
 30
0.0
 40
0.13
  1
CIRCUITO
  7
TEXTO1
 72
     4
 11
-22.19749799054236
 21
18.06616743434688
 31
0.0
100
AcDbText
  0
LINE
  5
832
330
2
100
AcDbEntity
  8
LEGENDA
370
    -1
100
AcDbLine
 10
-21.62683770838927
 20
18.22226192920516
 30
0.0
 11
-21.62683770838927
 21
15.77226192920516
 31
0.0
  0
LINE
  5
833
330
2
100
AcDbEntity
  8
LEGENDA
370
    -1
100
AcDbLine
 10
-21.62683770838927
 20
18.22226192920516
 30
0.0
 11
-21.62683770838927
 21
18.72226192920516
 31
0.0
  0
LINE
  5
834
330
2
100
AcDbEntity
  8
TEXTO0
370
    -1
100
AcDbLine
 10
-20.82683770838926
 20
18.22226192920516
 30
0.0
 11
-20.82683770838926
 21
15.77226192920516
 31
0.0
  0
TEXT
  5
835
330
2
100
AcDbEntity
  8
TEXTO0
370
    -1
100
AcDbText
 10
-21.49881523330597
 20
18.00049109239271
 30
0.0
 40
0.13
  1
100w
  7
TEXTO1
 72
     4
 11
-21.22643428092501
 21
18.06549109239271
 31
0.0
100
AcDbText
  0
LINE
  5
836
330
2
100
AcDbEntity
  8
TEXTO0
370
    -1
100
AcDbLine
 10
-20.02683770838927
 20
18.22226192920516
 30
0.0
 11
-20.02683770838927
 21
15.77226192920516
 31
0.0
  0
TEXT
  5
837
330
2
100
AcDbEntity
  8
TEXTO0
370
    -1
100
AcDbText
 10
-20.69262475711549
 20
18.00049109239271
 30
0.0
 40
0.13
  1
200w
  7
TEXTO1
 72
     4
 11
-20.42643428092501
 21
18.06549109239271
 31
0.0
100
AcDbText
  0
LINE
  5
838
330
2
100
AcDbEntity
  8
TEXTO0
370
    -1
100
AcDbLine
 10
-19.22683770838926
 20
18.22226192920516
 30
0.0
 11
-19.22683770838926
 21
15.77226192920516
 31
0.0
  0
TEXT
  5
839
330
2
100
AcDbEntity
  8
TEXTO0
370
    -1
100
AcDbText
 10
-19.89262475711549
 20
18.00049109239271
 30
0.0
 40
0.13
  1
300w
  7
TEXTO1
 72
     4
 11
-19.62643428092501
 21
18.06549109239271
 31
0.0
100
AcDbText
  0
LINE
  5
83A
330
2
100
AcDbEntity
  8
TEXTO0
370
    -1
100
AcDbLine
 10
-18.42683770838926
 20
18.22226192920516
 30
0.0
 11
-18.42683770838926
 21
15.77226192920516
 31
0.0
  0
TEXT
  5
83B
330
2
100
AcDbEntity
  8
TEXTO0
370
    -1
100
AcDbText
 10
-19.08952951902025
 20
18.00049109239271
 30
0.0
 40
0.13
  1
400w
  7
TEXTO1
 72
     4
 11
-18.82643428092501
 21
18.06549109239271
 31
0.0
100
AcDbText
  0
LINE
  5
83C
330
2
100
AcDbEntity
  8
TEXTO0
370
    -1
100
AcDbLine
 10
-17.62683770838927
 20
18.22226192920516
 30
0.0
 11
-17.62683770838927
 21
15.77226192920516
 31
0.0
  0
TEXT
  5
83D
330
2
100
AcDbEntity
  8
TEXTO0
370
    -1
100
AcDbText
 10
-18.35143428092501
 20
18.00049109239271
 30
0.0
 40
0.13
  1
4400w
  7
TEXTO1
 72
     4
 11
-18.02643428092501
 21
18.06549109239271
 31
0.0
100
AcDbText
  0
TEXT
  5
83E
330
2
100
AcDbEntity
  8
TEXTO0
370
    -1
100
AcDbText
 10
-19.68786890893597
 20
18.35748423440671
 30
0.0
 40
0.13
  1
TOMADAS
  7
TEXTO1
 72
     4
 11
-19.22667843274549
 21
18.42248423440671
 31
0.0
100
AcDbText
  0
LINE
  5
83F
330
2
100
AcDbEntity
  8
LEGENDA
370
    -1
100
AcDbLine
 10
-17.62683770495538
 20
18.22233605207689
 30
0.0
 11
-17.62683770495538
 21
18.72233605207689
 31
0.0
  0
LINE
  5
840
330
2
100
AcDbEntity
  8
LEGENDA
370
    -1
100
AcDbLine
 10
-17.62683770495538
 20
18.22233605207689
 30
0.0
 11
-17.62683770495538
 21
15.77233605207689
 31
0.0
  0
LINE
  5
841
330
2
100
AcDbEntity
  8
TEXTO0
370
    -1
100
AcDbLine
 10
-16.76458800671429
 20
18.22233605207689
 30
0.0
 11
-16.76458800671429
 21
15.77233605207689
 31
0.0
  0
TEXT
  5
842
330
2
100
AcDbEntity
  8
TEXTO0
370
    -1
100
AcDbText
 10
-17.43071999521072
 20
18.00049109239271
 30
0.0
 40
0.13
  1
20w
  7
TEXTO1
 72
     4
 11
-17.22643428092501
 21
18.06549109239271
 31
0.0
100
AcDbText
  0
LINE
  5
846
330
2
100
AcDbEntity
  8
LEGENDA
370
    -1
100
AcDbLine
 10
-16.76458800328042
 20
18.22241017494862
 30
0.0
 11
-16.76458800328042
 21
15.77241017494862
 31
0.0
  0
LINE
  5
847
330
2
100
AcDbEntity
  8
TEXTO0
370
    -1
100
AcDbLine
 10
-15.96458800328042
 20
18.22241017494862
 30
0.0
 11
-15.96458800328042
 21
15.77241017494862
 31
0.0
  0
TEXT
  5
848
330
2
100
AcDbEntity
  8
TEXTO0
370
    -1
100
AcDbText
 10
-16.56847029353575
 20
18.00056521526444
 30
0.0
 40
0.13
  1
60w
  7
TEXTO1
 72
     4
 11
-16.36418457925004
 21
18.06556521526444
 31
0.0
100
AcDbText
  0
LINE
  5
849
330
2
100
AcDbEntity
  8
TEXTO0
370
    -1
100
AcDbLine
 10
-15.16458800328041
 20
18.22241017494862
 30
0.0
 11
-15.16458800328041
 21
15.77241017494862
 31
0.0
  0
TEXT
  5
84A
330
2
100
AcDbEntity
  8
TEXTO0
370
    -1
100
AcDbText
 10
-15.83656552819711
 20
18.00063933813616
 30
0.0
 40
0.13
  1
100w
  7
TEXTO1
 72
     4
 11
-15.56418457581616
 21
18.06563933813617
 31
0.0
100
AcDbText
  0
TEXT
  5
84B
330
2
100
AcDbEntity
  8
TEXTO0
100
AcDbText
 10
-16.94050072407939
 20
18.42807865716971
 30
0.0
 40
0.13
  1
ILUMINAÇÃO
  7
TEXTO1
 72
     4
 11
-16.32764358122225
 21
18.48379294288399
 31
0.0
100
AcDbText
  0
LINE
  5
84D
330
2
100
AcDbEntity
  8
LEGENDA
370
    -1
100
AcDbLine
 10
-15.16458799984654
 20
18.22248429782034
 30
0.0
 11
-15.16458799984654
 21
18.72248429782034
 31
0.0
  0
LINE
  5
84E
330
2
100
AcDbEntity
  8
LEGENDA
370
    -1
100
AcDbLine
 10
-15.16458799984654
 20
18.22248429782034
 30
0.0
 11
-15.16458799984654
 21
15.77248429782034
 31
0.0
  0
TEXT
  5
84F
330
2
100
AcDbEntity
  8
TEXTO0
370
    -1
100
AcDbText
 10
-14.91953399628535
 20
18.00138980296206
 30
0.0
 40
0.13
  1
CARGA
  7
TEXTO1
 72
     4
 11
-14.58524828199963
 21
18.06638980296206
 31
0.0
100
AcDbText
  0
LINE
  5
850
330
2
100
AcDbEntity
  8
LEGENDA
370
    -1
100
AcDbLine
 10
-14.06458799984654
 20
18.22248429782034
 30
0.0
 11
-14.06458799984654
 21
15.77248429782034
 31
0.0
  0
LINE
  5
851
330
2
100
AcDbEntity
  8
LEGENDA
370
    -1
100
AcDbLine
 10
-14.06458799984654
 20
18.22248429782034
 30
0.0
 11
-14.06458799984654
 21
18.72248429782034
 31
0.0
  0
TEXT
  5
852
330
2
100
AcDbEntity
  8
TEXTO0
370
    -1
100
AcDbText
 10
-13.83810542485677
 20
18.01067551724778
 30
0.0
 40
0.13
  1
FIAÇÃO
  7
TEXTO1
 72
     4
 11
-13.48524828199962
 21
18.06638980296206
 31
0.0
100
AcDbText
  0
LINE
  5
853
330
2
100
AcDbEntity
  8
LEGENDA
370
    -1
100
AcDbLine
 10
-12.96458799984654
 20
18.22248429782034
 30
0.0
 11
-12.96458799984654
 21
15.77248429782034
 31
0.0
  0
LINE
  5
854
330
2
100
AcDbEntity
  8
LEGENDA
370
    -1
100
AcDbLine
 10
-12.96458799984654
 20
18.22248429782034
 30
0.0
 11
-12.96458799984654
 21
18.72248429782034
 31
0.0
  0
TEXT
  5
855
330
2
100
AcDbEntity
  8
TEXTO0
370
    -1
100
AcDbText
 10
-12.87605469672095
 20
18.00266217965975
 30
0.0
 40
0.13
  1
DISJUNTOR
  7
TEXTO1
 72
     4
 11
-12.31272136338762
 21
18.06766217965975
 31
0.0
100
AcDbText
  0
LINE
  5
856
330
2
100
AcDbEntity
  8
LEGENDA
370
    -1
100
AcDbLine
 10
-11.66458799984654
 20
18.22248429782034
 30
0.0
 11
-11.66458799984654
 21
15.77248429782034
 31
0.0
  0
TEXT
  5
857
330
2
100
AcDbEntity
  8
TEXTO2
370
    -1
100
AcDbText
 10
-19.29290712375334
 20
18.87702359616594
 30
0.0
 40
0.25
  1
QUADRO DE CARGAS
  7
TEXTO1
 72
     4
 11
-17.25124045708667
 21
18.97226169140404
 31
0.0
100
AcDbText
  0
LINE
  5
858
330
2
100
AcDbEntity
  8
LEGENDA
370
    -1
100
AcDbLine
 10
-22.77683770838927
 20
18.22226192920516
 30
0.0
 11
-11.66458801014817
 21
18.22226192920516
 31
0.0
  0
LINE
  5
859
330
2
100
AcDbEntity
  8
LEGENDA
370
    -1
100
AcDbLine
 10
-11.66458801014817
 20
18.22226192920516
 30
0.0
 11
-11.66458801014817
 21
19.22226192920516
 31
0.0
  0
LINE
  5
85A
330
2
100
AcDbEntity
  8
LEGENDA
370
    -1
100
AcDbLine
 10
-11.66458801014817
 20
19.22226192920516
 30
0.0
 11
-22.77683770838927
 21
19.22226192920516
 31
0.0
  0
LINE
  5
85B
330
2
100
AcDbEntity
  8
LEGENDA
370
    -1
100
AcDbLine
 10
-22.77683770838927
 20
19.22226192920516
 30
0.0
 11
-22.77683770838927
 21
18.72226192920516
 31
0.0
  0
LINE
  5
85C
330
2
100
AcDbEntity
  8
LEGENDA
370
    -1
100
AcDbLine
 10
-22.77683770838927
 20
18.72226192920516
 30
0.0
 11
-11.66458801014817
 21
18.72226192920516
 31
0.0
  0
LINE
  5
85D
330
2
100
AcDbEntity
  8
LEGENDA
370
    -1
100
AcDbLine
 10
-22.77683770838927
 20
18.22226192920516
 30
0.0
 11
-22.77683770838927
 21
18.72226192920516
 31
0.0
  0
LINE
  5
85E
330
2
100
AcDbEntity
  8
LEGENDA
370
    -1
100
AcDbLine
 10
-22.7768338515239
 20
17.87226192922641
 30
0.0
 11
-11.66458415328281
 21
17.87226192922641
 31
0.0
  0
LINE
  5
85F
330
2
100
AcDbEntity
  8
LEGENDA
370
    -1
100
AcDbLine
 10
-11.66458799984654
 20
18.22248429782034
 30
0.0
 11
-11.66458799984654
 21
15.77248429782034
 31
0.0
  0
LINE
  5
860
330
2
100
AcDbEntity
  8
TEXTO0
370
    -1
100
AcDbLine
 10
-22.77682999465855
 20
17.52226192924766
 30
0.0
 11
-11.66458029641745
 21
17.52226192924766
 31
0.0
  0
LINE
  5
861
330
2
100
AcDbEntity
  8
TEXTO0
370
    -1
100
AcDbLine
 10
-22.77682613779319
 20
17.17226192926891
 30
0.0
 11
-11.66457643955209
 21
17.17226192926891
 31
0.0
  0
LINE
  5
862
330
2
100
AcDbEntity
  8
TEXTO0
370
    -1
100
AcDbLine
 10
-22.77682228092783
 20
16.82226192929016
 30
0.0
 11
-11.66457258268674
 21
16.82226192929016
 31
0.0
  0
LINE
  5
863
330
2
100
AcDbEntity
  8
TEXTO0
370
    -1
100
AcDbLine
 10
-22.77681842406247
 20
16.47226192931141
 30
0.0
 11
-11.66456872582138
 21
16.47226192931141
 31
0.0
  0
LINE
  5
864
330
2
100
AcDbEntity
  8
LEGENDA
370
    -1
100
AcDbLine
 10
-22.77681456719711
 20
16.12226192933267
 30
0.0
 11
-11.66456486895601
 21
16.12226192933267
 31
0.0
  0
LINE
  5
865
330
2
100
AcDbEntity
  8
LEGENDA
370
    -1
100
AcDbLine
 10
-22.77681071033176
 20
15.77226192935392
 30
0.0
 11
-11.66456101209066
 21
15.77226192935392
 31
0.0
  0
TEXT
  5
866
330
2
100
AcDbEntity
  8
TEXTO0
370
    -1
100
AcDbText
 10
-22.25939889558176
 20
17.65116743436813
 30
0.0
 40
0.13
  1
1
  7
TEXTO1
 72
     4
 11
-22.197494133677
 21
17.71616743436813
 31
0.0
100
AcDbText
  0
TEXT
  5
867
330
2
100
AcDbEntity
  8
TEXTO0
370
    -1
100
AcDbText
 10
-22.2593950387164
 20
17.30116743438938
 30
0.0
 40
0.13
  1
2
  7
TEXTO1
 72
     4
 11
-22.19749027681164
 21
17.36616743438938
 31
0.0
100
AcDbText
  0
TEXT
  5
868
330
2
100
AcDbEntity
  8
TEXTO0
370
    -1
100
AcDbText
 10
-22.25939118185104
 20
16.95116743441063
 30
0.0
 40
0.13
  1
3
  7
TEXTO1
 72
     4
 11
-22.19748641994628
 21
17.01616743441063
 31
0.0
100
AcDbText
  0
TEXT
  5
869
330
2
100
AcDbEntity
  8
TEXTO0
370
    -1
100
AcDbText
 10
-22.25938732498569
 20
16.60116743443188
 30
0.0
 40
0.13
  1
4
  7
TEXTO1
 72
     4
 11
-22.19748256308092
 21
16.66616743443188
 31
0.0
100
AcDbText
  0
TEXT
  5
86A
330
2
100
AcDbEntity
  8
TEXTO0
370
    -1
100
AcDbText
 10
-22.65247870621556
 20
16.25116743445313
 30
0.0
 40
0.13
  1
RESERVA
  7
TEXTO1
 72
     4
 11
-22.19747870621556
 21
16.31616743445313
 31
0.0
100
AcDbText
  0
TEXT
  5
86B
330
2
100
AcDbEntity
  8
TEXTO0
370
    -1
100
AcDbText
 10
-22.51009389696925
 20
15.90116743447438
 30
0.0
 40
0.13
  1
TOTAL
  7
TEXTO1
 72
     4
 11
-22.1974748493502
 21
15.96616743447438
 31
0.0
100
AcDbText
  0
TEXT
  5
86C
330
2
100
AcDbEntity
  8
TEXTO0
370
    -1
100
AcDbText
 10
-21.33773032207684
 20
17.65070304778058
 30
0.0
 40
0.13
  1
8
  7
TEXTO1
 72
     4
 11
-21.27582556017208
 21
17.71570304778058
 31
0.0
100
AcDbText
  0
TEXT
  5
86D
330
2
100
AcDbEntity
  8
TEXTO0
370
    -1
100
AcDbText
 10
-20.55320651255303
 20
17.65689352397106
 30
0.0
 40
0.13
  1
-
  7
TEXTO1
 72
     4
 11
-20.47582556017208
 21
17.71570304778058
 31
0.0
100
AcDbText
  0
TEXT
  5
86E
330
2
100
AcDbEntity
  8
TEXTO0
370
    -1
100
AcDbText
 10
-19.75320651255302
 20
17.65689352397106
 30
0.0
 40
0.13
  1
-
  7
TEXTO1
 72
     4
 11
-19.67582556017207
 21
17.71570304778058
 31
0.0
100
AcDbText
  0
TEXT
  5
86F
330
2
100
AcDbEntity
  8
TEXTO0
370
    -1
100
AcDbText
 10
-18.95320651255303
 20
17.65689352397106
 30
0.0
 40
0.13
  1
-
  7
TEXTO1
 72
     4
 11
-18.87582556017207
 21
17.71570304778058
 31
0.0
100
AcDbText
  0
TEXT
  5
870
330
2
100
AcDbEntity
  8
TEXTO0
370
    -1
100
AcDbText
 10
-18.15320651255302
 20
17.65689352397106
 30
0.0
 40
0.13
  1
-
  7
TEXTO1
 72
     4
 11
-18.07582556017207
 21
17.71570304778058
 31
0.0
100
AcDbText
  0
TEXT
  5
871
330
2
100
AcDbEntity
  8
TEXTO0
370
    -1
100
AcDbText
 10
-17.35320651255303
 20
17.65689352397106
 30
0.0
 40
0.13
  1
-
  7
TEXTO1
 72
     4
 11
-17.27582556017207
 21
17.71570304778058
 31
0.0
100
AcDbText
  0
TEXT
  5
872
330
2
100
AcDbEntity
  8
TEXTO0
370
    -1
100
AcDbText
 10
-16.47548062383574
 20
17.65070304778058
 30
0.0
 40
0.13
  1
3
  7
TEXTO1
 72
     4
 11
-16.41357586193097
 21
17.71570304778058
 31
0.0
100
AcDbText
  0
TEXT
  5
873
330
2
100
AcDbEntity
  8
TEXTO0
370
    -1
100
AcDbText
 10
-15.67548062383574
 20
17.65070304778058
 30
0.0
 40
0.13
  1
2
  7
TEXTO1
 72
     4
 11
-15.61357586193098
 21
17.71570304778058
 31
0.0
100
AcDbText
  0
TEXT
  5
874
330
2
100
AcDbEntity
  8
TEXTO0
370
    -1
100
AcDbText
 10
-21.35320265568767
 20
17.30689352399231
 30
0.0
 40
0.13
  1
-
  7
TEXTO1
 72
     4
 11
-21.27582170330672
 21
17.36570304780183
 31
0.0
100
AcDbText
  0
TEXT
  5
875
330
2
100
AcDbEntity
  8
TEXTO0
370
    -1
100
AcDbText
 10
-20.55320265568767
 20
17.30689352399231
 30
0.0
 40
0.13
  1
-
  7
TEXTO1
 72
     4
 11
-20.47582170330672
 21
17.36570304780183
 31
0.0
100
AcDbText
  0
TEXT
  5
876
330
2
100
AcDbEntity
  8
TEXTO0
370
    -1
100
AcDbText
 10
-19.75320265568767
 20
17.30689352399231
 30
0.0
 40
0.13
  1
-
  7
TEXTO1
 72
     4
 11
-19.67582170330672
 21
17.36570304780183
 31
0.0
100
AcDbText
  0
TEXT
  5
877
330
2
100
AcDbEntity
  8
TEXTO0
370
    -1
100
AcDbText
 10
-18.95320265568767
 20
17.30689352399231
 30
0.0
 40
0.13
  1
-
  7
TEXTO1
 72
     4
 11
-18.87582170330672
 21
17.36570304780183
 31
0.0
100
AcDbText
  0
TEXT
  5
878
330
2
100
AcDbEntity
  8
TEXTO0
370
    -1
100
AcDbText
 10
-18.13772646521148
 20
17.30070304780183
 30
0.0
 40
0.13
  1
1
  7
TEXTO1
 72
     4
 11
-18.07582170330672
 21
17.36570304780183
 31
0.0
100
AcDbText
  0
TEXT
  5
879
330
2
100
AcDbEntity
  8
TEXTO0
370
    -1
100
AcDbText
 10
-17.35320265568766
 20
17.30689352399231
 30
0.0
 40
0.13
  1
-
  7
TEXTO1
 72
     4
 11
-17.27582170330671
 21
17.36570304780183
 31
0.0
100
AcDbText
  0
TEXT
  5
87A
330
2
100
AcDbEntity
  8
TEXTO0
370
    -1
100
AcDbText
 10
-16.49095295744657
 20
17.30689352399231
 30
0.0
 40
0.13
  1
-
  7
TEXTO1
 72
     4
 11
-16.41357200506562
 21
17.36570304780183
 31
0.0
100
AcDbText
  0
TEXT
  5
87B
330
2
100
AcDbEntity
  8
TEXTO0
370
    -1
100
AcDbText
 10
-15.69095295744657
 20
17.30689352399231
 30
0.0
 40
0.13
  1
-
  7
TEXTO1
 72
     4
 11
-15.61357200506561
 21
17.36570304780183
 31
0.0
100
AcDbText
  0
TEXT
  5
87C
330
2
100
AcDbEntity
  8
TEXTO0
370
    -1
100
AcDbText
 10
-21.33772260834612
 20
16.95070304782308
 30
0.0
 40
0.13
  1
4
  7
TEXTO1
 72
     4
 11
-21.27581784644136
 21
17.01570304782308
 31
0.0
100
AcDbText
  0
TEXT
  5
87D
330
2
100
AcDbEntity
  8
TEXTO0
370
    -1
100
AcDbText
 10
-20.55319879882231
 20
16.95689352401356
 30
0.0
 40
0.13
  1
-
  7
TEXTO1
 72
     4
 11
-20.47581784644136
 21
17.01570304782308
 31
0.0
100
AcDbText
  0
TEXT
  5
87E
330
2
100
AcDbEntity
  8
TEXTO0
370
    -1
100
AcDbText
 10
-19.73772260834613
 20
16.95070304782308
 30
0.0
 40
0.13
  1
1
  7
TEXTO1
 72
     4
 11
-19.67581784644136
 21
17.01570304782308
 31
0.0
100
AcDbText
  0
TEXT
  5
87F
330
2
100
AcDbEntity
  8
TEXTO0
370
    -1
100
AcDbText
 10
-18.93772260834612
 20
16.95070304782308
 30
0.0
 40
0.13
  1
1
  7
TEXTO1
 72
     4
 11
-18.87581784644136
 21
17.01570304782308
 31
0.0
100
AcDbText
  0
TEXT
  5
880
330
2
100
AcDbEntity
  8
TEXTO0
370
    -1
100
AcDbText
 10
-18.15319879882231
 20
16.95689352401356
 30
0.0
 40
0.13
  1
-
  7
TEXTO1
 72
     4
 11
-18.07581784644136
 21
17.01570304782308
 31
0.0
100
AcDbText
  0
TEXT
  5
881
330
2
100
AcDbEntity
  8
TEXTO0
370
    -1
100
AcDbText
 10
-17.33772260834612
 20
16.95070304782308
 30
0.0
 40
0.13
  1
4
  7
TEXTO1
 72
     4
 11
-17.27581784644136
 21
17.01570304782308
 31
0.0
100
AcDbText
  0
TEXT
  5
882
330
2
100
AcDbEntity
  8
TEXTO0
370
    -1
100
AcDbText
 10
-16.49094910058121
 20
16.95689352401356
 30
0.0
 40
0.13
  1
-
  7
TEXTO1
 72
     4
 11
-16.41356814820026
 21
17.01570304782308
 31
0.0
100
AcDbText
  0
TEXT
  5
883
330
2
100
AcDbEntity
  8
TEXTO0
370
    -1
100
AcDbText
 10
-15.69094910058121
 20
16.95689352401356
 30
0.0
 40
0.13
  1
-
  7
TEXTO1
 72
     4
 11
-15.61356814820026
 21
17.01570304782308
 31
0.0
100
AcDbText
  0
TEXT
  5
884
330
2
100
AcDbEntity
  8
TEXTO0
370
    -1
100
AcDbText
 10
-21.33771875148076
 20
16.60070304784433
 30
0.0
 40
0.13
  1
7
  7
TEXTO1
 72
     4
 11
-21.275813989576
 21
16.66570304784433
 31
0.0
100
AcDbText
  0
TEXT
  5
885
330
2
100
AcDbEntity
  8
TEXTO0
370
    -1
100
AcDbText
 10
-20.53771875148076
 20
16.60070304784433
 30
0.0
 40
0.13
  1
1
  7
TEXTO1
 72
     4
 11
-20.475813989576
 21
16.66570304784433
 31
0.0
100
AcDbText
  0
TEXT
  5
886
330
2
100
AcDbEntity
  8
TEXTO0
370
    -1
100
AcDbText
 10
-19.75319494195695
 20
16.60689352403481
 30
0.0
 40
0.13
  1
-
  7
TEXTO1
 72
     4
 11
-19.675813989576
 21
16.66570304784433
 31
0.0
100
AcDbText
  0
TEXT
  5
887
330
2
100
AcDbEntity
  8
TEXTO0
370
    -1
100
AcDbText
 10
-18.95319494195695
 20
16.60689352403481
 30
0.0
 40
0.13
  1
-
  7
TEXTO1
 72
     4
 11
-18.875813989576
 21
16.66570304784433
 31
0.0
100
AcDbText
  0
TEXT
  5
888
330
2
100
AcDbEntity
  8
TEXTO0
370
    -1
100
AcDbText
 10
-18.15319494195695
 20
16.60689352403481
 30
0.0
 40
0.13
  1
-
  7
TEXTO1
 72
     4
 11
-18.075813989576
 21
16.66570304784433
 31
0.0
100
AcDbText
  0
TEXT
  5
889
330
2
100
AcDbEntity
  8
TEXTO0
370
    -1
100
AcDbText
 10
-17.35319494195695
 20
16.60689352403481
 30
0.0
 40
0.13
  1
-
  7
TEXTO1
 72
     4
 11
-17.275813989576
 21
16.66570304784433
 31
0.0
100
AcDbText
  0
TEXT
  5
88A
330
2
100
AcDbEntity
  8
TEXTO0
370
    -1
100
AcDbText
 10
-16.49094524371585
 20
16.60689352403481
 30
0.0
 40
0.13
  1
-
  7
TEXTO1
 72
     4
 11
-16.4135642913349
 21
16.66570304784433
 31
0.0
100
AcDbText
  0
TEXT
  5
88B
330
2
100
AcDbEntity
  8
TEXTO0
370
    -1
100
AcDbText
 10
-15.67546905323966
 20
16.60070304784433
 30
0.0
 40
0.13
  1
5
  7
TEXTO1
 72
     4
 11
-15.6135642913349
 21
16.66570304784433
 31
0.0
100
AcDbText
  0
TEXT
  5
88C
330
2
100
AcDbEntity
  8
TEXTO0
370
    -1
100
AcDbText
 10
-21.35315965859651
 20
16.25735791064361
 30
0.0
 40
0.13
  1
-
  7
TEXTO1
 72
     4
 11
-21.27577870621556
 21
16.31616743445313
 31
0.0
100
AcDbText
  0
TEXT
  5
88D
330
2
100
AcDbEntity
  8
TEXTO0
370
    -1
100
AcDbText
 10
-20.55315965859652
 20
16.25735791064361
 30
0.0
 40
0.13
  1
-
  7
TEXTO1
 72
     4
 11
-20.47577870621556
 21
16.31616743445313
 31
0.0
100
AcDbText
  0
TEXT
  5
88E
330
2
100
AcDbEntity
  8
TEXTO0
370
    -1
100
AcDbText
 10
-19.75315965859651
 20
16.25735791064361
 30
0.0
 40
0.13
  1
-
  7
TEXTO1
 72
     4
 11
-19.67577870621556
 21
16.31616743445313
 31
0.0
100
AcDbText
  0
TEXT
  5
88F
330
2
100
AcDbEntity
  8
TEXTO0
370
    -1
100
AcDbText
 10
-18.95315965859652
 20
16.25735791064361
 30
0.0
 40
0.13
  1
-
  7
TEXTO1
 72
     4
 11
-18.87577870621556
 21
16.31616743445313
 31
0.0
100
AcDbText
  0
TEXT
  5
890
330
2
100
AcDbEntity
  8
TEXTO0
370
    -1
100
AcDbText
 10
-18.15315965859651
 20
16.25735791064361
 30
0.0
 40
0.13
  1
-
  7
TEXTO1
 72
     4
 11
-18.07577870621556
 21
16.31616743445313
 31
0.0
100
AcDbText
  0
TEXT
  5
891
330
2
100
AcDbEntity
  8
TEXTO0
370
    -1
100
AcDbText
 10
-17.35315965859651
 20
16.25735791064361
 30
0.0
 40
0.13
  1
-
  7
TEXTO1
 72
     4
 11
-17.27577870621555
 21
16.31616743445313
 31
0.0
100
AcDbText
  0
TEXT
  5
892
330
2
100
AcDbEntity
  8
TEXTO0
370
    -1
100
AcDbText
 10
-16.49090996035541
 20
16.25735791064361
 30
0.0
 40
0.13
  1
-
  7
TEXTO1
 72
     4
 11
-16.41352900797446
 21
16.31616743445313
 31
0.0
100
AcDbText
  0
TEXT
  5
893
330
2
100
AcDbEntity
  8
TEXTO0
370
    -1
100
AcDbText
 10
-15.69090996035541
 20
16.25735791064361
 30
0.0
 40
0.13
  1
-
  7
TEXTO1
 72
     4
 11
-15.61352900797446
 21
16.31616743445313
 31
0.0
100
AcDbText
  0
TEXT
  5
894
330
2
100
AcDbEntity
  8
TEXTO0
370
    -1
100
AcDbText
 10
-14.72090995692154
 20
16.25743203351534
 30
0.0
 40
0.13
  1
-
  7
TEXTO1
 72
     4
 11
-14.64352900454059
 21
16.31624155732486
 31
0.0
100
AcDbText
  0
TEXT
  5
895
330
2
100
AcDbEntity
  8
TEXTO0
370
    -1
100
AcDbText
 10
-13.62090995692153
 20
16.25743203351534
 30
0.0
 40
0.13
  1
-
  7
TEXTO1
 72
     4
 11
-13.54352900454058
 21
16.31624155732486
 31
0.0
100
AcDbText
  0
TEXT
  5
896
330
2
100
AcDbEntity
  8
TEXTO0
370
    -1
100
AcDbText
 10
-12.52090995692154
 20
16.25743203351534
 30
0.0
 40
0.13
  1
-
  7
TEXTO1
 72
     4
 11
-12.44352900454059
 21
16.31624155732486
 31
0.0
100
AcDbText
  0
TEXT
  5
897
330
2
100
AcDbEntity
  8
TEXTO0
370
    -1
100
AcDbText
 10
-21.4057748493502
 20
15.90116743447438
 30
0.0
 40
0.13
  1
19
  7
TEXTO1
 72
     4
 11
-21.2757748493502
 21
15.96616743447438
 31
0.0
100
AcDbText
  0
TEXT
  5
898
330
2
100
AcDbEntity
  8
TEXTO0
370
    -1
100
AcDbText
 10
-20.53767961125497
 20
15.90116743447438
 30
0.0
 40
0.13
  1
1
  7
TEXTO1
 72
     4
 11
-20.4757748493502
 21
15.96616743447438
 31
0.0
100
AcDbText
  0
TEXT
  5
899
330
2
100
AcDbEntity
  8
TEXTO0
370
    -1
100
AcDbText
 10
-19.73767961125497
 20
15.90116743447438
 30
0.0
 40
0.13
  1
1
  7
TEXTO1
 72
     4
 11
-19.6757748493502
 21
15.96616743447438
 31
0.0
100
AcDbText
  0
TEXT
  5
89A
330
2
100
AcDbEntity
  8
TEXTO0
370
    -1
100
AcDbText
 10
-18.93767961125496
 20
15.90116743447438
 30
0.0
 40
0.13
  1
1
  7
TEXTO1
 72
     4
 11
-18.8757748493502
 21
15.96616743447438
 31
0.0
100
AcDbText
  0
TEXT
  5
89B
330
2
100
AcDbEntity
  8
TEXTO0
370
    -1
100
AcDbText
 10
-18.13767961125497
 20
15.90116743447438
 30
0.0
 40
0.13
  1
1
  7
TEXTO1
 72
     4
 11
-18.0757748493502
 21
15.96616743447438
 31
0.0
100
AcDbText
  0
TEXT
  5
89C
330
2
100
AcDbEntity
  8
TEXTO0
370
    -1
100
AcDbText
 10
-17.33767961125496
 20
15.90116743447438
 30
0.0
 40
0.13
  1
4
  7
TEXTO1
 72
     4
 11
-17.2757748493502
 21
15.96616743447438
 31
0.0
100
AcDbText
  0
TEXT
  5
89D
330
2
100
AcDbEntity
  8
TEXTO0
370
    -1
100
AcDbText
 10
-16.47542991301387
 20
15.90116743447438
 30
0.0
 40
0.13
  1
3
  7
TEXTO1
 72
     4
 11
-16.41352515110911
 21
15.96616743447438
 31
0.0
100
AcDbText
  0
TEXT
  5
89E
330
2
100
AcDbEntity
  8
TEXTO0
370
    -1
100
AcDbText
 10
-15.67542991301386
 20
15.90116743447438
 30
0.0
 40
0.13
  1
7
  7
TEXTO1
 72
     4
 11
-15.6135251511091
 21
15.96616743447438
 31
0.0
100
AcDbText
  0
TEXT
  5
89F
330
2
100
AcDbEntity
  8
TEXTO0
370
    -1
100
AcDbText
 10
-14.95247312567072
 20
17.6318889057557
 30
0.0
 40
0.13
  1
1180w
  7
TEXTO1
 72
     4
 11
-14.61818741138501
 21
17.6968889057557
 31
0.0
100
AcDbText
  0
TEXT
  5
8A0
330
2
100
AcDbEntity
  8
TEXTO0
370
    -1
100
AcDbText
 10
-14.94641879261146
 20
17.2818889322342
 30
0.0
 40
0.13
  1
5500w
  7
TEXTO1
 72
     4
 11
-14.61832355451622
 21
17.3468889322342
 31
0.0
100
AcDbText
  0
TEXT
  5
8A1
330
2
100
AcDbEntity
  8
TEXTO0
370
    -1
100
AcDbText
 10
-14.95274541193314
 20
16.9318889587127
 30
0.0
 40
0.13
  1
1180w
  7
TEXTO1
 72
     4
 11
-14.61845969764742
 21
16.99688895871271
 31
0.0
100
AcDbText
  0
TEXT
  5
8A2
330
2
100
AcDbEntity
  8
TEXTO0
370
    -1
100
AcDbText
 10
-14.95288155506435
 20
16.58188898519121
 30
0.0
 40
0.13
  1
1400w
  7
TEXTO1
 72
     4
 11
-14.61859584077863
 21
16.64688898519121
 31
0.0
100
AcDbText
  0
TEXT
  5
8A3
330
2
100
AcDbEntity
  8
TEXTO0
370
    -1
100
AcDbText
 10
-14.94696336513629
 20
15.88188903814822
 30
0.0
 40
0.13
  1
9260w
  7
TEXTO1
 72
     4
 11
-14.61886812704105
 21
15.94688903814822
 31
0.0
100
AcDbText
  0
TEXT
  5
8A4
330
2
100
AcDbEntity
  8
TEXTO0
370
    -1
100
AcDbText
 10
-13.9484255066231
 20
17.6318889057557
 30
0.0
 40
0.13
  1
2.5mm2
  7
TEXTO1
 72
     4
 11
-13.51818741138501
 21
17.6968889057557
 31
0.0
100
AcDbText
  0
TEXT
  5
8A5
330
2
100
AcDbEntity
  8
TEXTO0
370
    -1
100
AcDbText
 10
-12.54628264948024
 20
17.6318889057557
 30
0.0
 40
0.13
  1
10A
  7
TEXTO1
 72
     4
 11
-12.34818741138501
 21
17.6968889057557
 31
0.0
100
AcDbText
  0
TEXT
  5
8A6
330
2
100
AcDbEntity
  8
TEXTO0
370
    -1
100
AcDbText
 10
-13.9453264116625
 20
17.28188890577695
 30
0.0
 40
0.13
  1
4.0mm2
  7
TEXTO1
 72
     4
 11
-13.51818355451964
 21
17.34688890577695
 31
0.0
100
AcDbText
  0
TEXT
  5
8A7
330
2
100
AcDbEntity
  8
TEXTO0
370
    -1
100
AcDbText
 10
-12.54008831642441
 20
17.28188890577695
 30
0.0
 40
0.13
  1
30A
  7
TEXTO1
 72
     4
 11
-12.34818355451965
 21
17.34688890577695
 31
0.0
100
AcDbText
  0
TEXT
  5
8A8
330
2
100
AcDbEntity
  8
TEXTO0
370
    -1
100
AcDbText
 10
-13.94841779289239
 20
16.9318889057982
 30
0.0
 40
0.13
  1
2.5mm2
  7
TEXTO1
 72
     4
 11
-13.51817969765429
 21
16.9968889057982
 31
0.0
100
AcDbText
  0
TEXT
  5
8A9
330
2
100
AcDbEntity
  8
TEXTO0
370
    -1
100
AcDbText
 10
-12.54627493574953
 20
16.9318889057982
 30
0.0
 40
0.13
  1
10A
  7
TEXTO1
 72
     4
 11
-12.34817969765429
 21
16.9968889057982
 31
0.0
100
AcDbText
  0
TEXT
  5
8AA
330
2
100
AcDbEntity
  8
TEXTO0
370
    -1
100
AcDbText
 10
-13.94841393602703
 20
16.58188890581945
 30
0.0
 40
0.13
  1
2.5mm2
  7
TEXTO1
 72
     4
 11
-13.51817584078893
 21
16.64688890581945
 31
0.0
100
AcDbText
  0
TEXT
  5
8AB
330
2
100
AcDbEntity
  8
TEXTO0
370
    -1
100
AcDbText
 10
-12.54627107888417
 20
16.58188890581945
 30
0.0
 40
0.13
  1
10A
  7
TEXTO1
 72
     4
 11
-12.34817584078893
 21
16.64688890581945
 31
0.0
100
AcDbText
  0
TEXT
  5
8AC
330
2
100
AcDbEntity
  8
TEXTO0
370
    -1
100
AcDbText
 10
-12.53767765085058
 20
15.88188903814822
 30
0.0
 40
0.13
  1
40A
  7
TEXTO1
 72
     4
 11
-12.34886812704105
 21
15.94688903814822
 31
0.0
100
AcDbText
  0
TEXT
  5
8AD
330
2
100
AcDbEntity
  8
TEXTO0
370
    -1
100
AcDbText
 10
-13.94910622227914
 20
15.88188903814822
 30
0.0
 40
0.13
  1
6.0mm2
  7
TEXTO1
 72
     4
 11
-13.51886812704105
 21
15.94688903814822
 31
0.0
100
AcDbText
  0
CIRCLE
  5
8AE
330
2
100
AcDbEntity
  8
0
370
    -1
100
AcDbCircle
 10
-13.95426810669878
 20
11.52894381771919
 30
0.0
 40
0.0375
  0
CIRCLE
  5
8AF
330
2
100
AcDbEntity
  8
0
370
    -1
100
AcDbCircle
 10
-14.58249960548804
 20
11.53165520623703
 30
0.0
 40
0.0375
  0
LINE
  5
8B0
330
2
100
AcDbEntity
  8
DIAGRAMA
370
    -1
100
AcDbLine
 10
-13.91676810669875
 20
11.52894381771916
 30
0.0
 11
-12.02870837150221
 21
11.52894381771916
 31
0.0
  0
ARC
  5
8B1
330
2
100
AcDbEntity
  8
0
370
    -1
100
AcDbCircle
 10
-14.26898792095056
 20
11.44482282184431
 30
0.0
 40
0.3743646708983907
100
AcDbArc
 50
31.48875040725214
 51
148.7055505997084
  0
ARC
  5
8B2
330
2
100
AcDbEntity
  8
0
370
    -1
100
AcDbCircle
 10
-14.26898792095056
 20
11.44482282184431
 30
0.0
 40
0.2993646708983906
100
AcDbArc
 50
31.47904142245817
 51
148.7458889171381
  0
LINE
  5
8B3
330
2
100
AcDbEntity
  8
DIAGRAMA
370
    -1
100
AcDbLine
 10
-15.2696226919432
 20
11.53398379253344
 30
0.0
 11
-14.61992723813663
 21
11.53398379253344
 31
0.0
  0
ARC
  5
8B4
330
2
100
AcDbEntity
  8
0
370
    -1
100
AcDbCircle
 10
-14.55910217367631
 20
11.62089695458216
 30
0.0
 40
0.04
100
AcDbArc
 50
241.4413952393602
 51
328.7458889171362
  0
LINE
  5
8B7
330
2
100
AcDbEntity
  8
0
370
    -1
100
AcDbLine
 10
-14.2696226919432
 20
11.91073184140709
 30
0.0
 11
-14.2696226919432
 21
11.62507819698103
 31
0.0
  0
ARC
  5
8B8
330
2
100
AcDbEntity
  8
0
370
    -1
100
AcDbCircle
 10
-13.98386087648035
 20
11.61947190330956
 30
0.0
 40
0.04
100
AcDbArc
 50
300.8298015367442
 51
31.48875040725279
  0
LINE
  5
8B9
330
2
100
AcDbEntity
  8
0
370
    -1
100
AcDbLine
 10
-13.95906754663005
 20
11.58768678016648
 30
0.0
 11
-13.9633612936548
 21
11.58512416533487
 31
0.0
  0
ARC
  5
8BA
330
2
100
AcDbEntity
  8
0
370
    -1
100
AcDbCircle
 10
-13.9795671294556
 20
11.62203451814117
 30
0.0
 40
0.04
100
AcDbArc
 50
211.4790414224588
 51
300.8298015367416
  0
TEXT
  5
8BB
330
2
100
AcDbEntity
  8
TEXTO0
370
    -1
100
AcDbText
 10
-14.42476535047237
 20
11.92788589981593
 30
0.0
 40
0.1
  1
10A
  7
TEXTO0
 72
     1
 11
-14.27476535047237
 21
11.92788589981593
 31
0.0
100
AcDbText
  0
TEXT
  5
8BC
330
2
100
AcDbEntity
  8
TEXTO0
370
    -1
100
AcDbText
 10
-13.77149730135076
 20
11.60895254643946
 30
0.0
 40
0.1
  1
CIRCUITO 1 #2.5mm2
  7
TEXTO0
100
AcDbText
  0
CIRCLE
  5
8BF
330
2
100
AcDbEntity
  8
0
370
    -1
100
AcDbCircle
 10
-13.9545014949237
 20
10.92894386311091
 30
0.0
 40
0.0375
  0
CIRCLE
  5
8C0
330
2
100
AcDbEntity
  8
0
370
    -1
100
AcDbCircle
 10
-14.58273299371297
 20
10.93165525162875
 30
0.0
 40
0.0375
  0
LINE
  5
8C1
330
2
100
AcDbEntity
  8
DIAGRAMA
370
    -1
100
AcDbLine
 10
-13.91700149492368
 20
10.92894386311088
 30
0.0
 11
-12.02894175972714
 21
10.92894386311088
 31
0.0
  0
ARC
  5
8C2
330
2
100
AcDbEntity
  8
0
370
    -1
100
AcDbCircle
 10
-14.26922130917549
 20
10.84482286723603
 30
0.0
 40
0.3743646708983907
100
AcDbArc
 50
31.48875040725214
 51
148.7055505997084
  0
ARC
  5
8C3
330
2
100
AcDbEntity
  8
0
370
    -1
100
AcDbCircle
 10
-14.26922130917549
 20
10.84482286723603
 30
0.0
 40
0.2993646708983906
100
AcDbArc
 50
31.47904142245817
 51
148.7458889171381
  0
LINE
  5
8C4
330
2
100
AcDbEntity
  8
DIAGRAMA
370
    -1
100
AcDbLine
 10
-15.26985608016813
 20
10.93398383792517
 30
0.0
 11
-14.62016062636155
 21
10.93398383792517
 31
0.0
  0
ARC
  5
8C5
330
2
100
AcDbEntity
  8
0
370
    -1
100
AcDbCircle
 10
-14.55933556190124
 20
11.02089699997388
 30
0.0
 40
0.04
100
AcDbArc
 50
241.4413952393602
 51
328.7458889171362
  0
LINE
  5
8C6
330
2
100
AcDbEntity
  8
0
370
    -1
100
AcDbLine
 10
-14.57406127783116
 20
10.98337088194263
 30
0.0
 11
-14.57845785810497
 21
10.98576385625033
 31
0.0
  0
ARC
  5
8C7
330
2
100
AcDbEntity
  8
0
370
    -1
100
AcDbCircle
 10
-14.5549389816274
 20
11.01850402566616
 30
0.0
 40
0.04
100
AcDbArc
 50
148.7055505997084
 51
241.441395239359
  0
LINE
  5
8C8
330
2
100
AcDbEntity
  8
0
370
    -1
100
AcDbLine
 10
-14.26985608016813
 20
11.31073188679881
 30
0.0
 11
-14.26985608016813
 21
11.02507824237275
 31
0.0
  0
ARC
  5
8C9
330
2
100
AcDbEntity
  8
0
370
    -1
100
AcDbCircle
 10
-13.98409426470528
 20
11.01947194870128
 30
0.0
 40
0.04
100
AcDbArc
 50
300.8298015367442
 51
31.48875040725279
  0
LINE
  5
8CA
330
2
100
AcDbEntity
  8
0
370
    -1
100
AcDbLine
 10
-13.95930093485498
 20
10.9876868255582
 30
0.0
 11
-13.96359468187973
 21
10.98512421072659
 31
0.0
  0
ARC
  5
8CB
330
2
100
AcDbEntity
  8
0
370
    -1
100
AcDbCircle
 10
-13.97980051768053
 20
11.02203456353289
 30
0.0
 40
0.04
100
AcDbArc
 50
211.4790414224588
 51
300.8298015367416
  0
TEXT
  5
8CC
330
2
100
AcDbEntity
  8
TEXTO0
370
    -1
100
AcDbText
 10
-14.41785588155444
 20
11.32788594520765
 30
0.0
 40
0.1
  1
30A
  7
TEXTO0
 72
     1
 11
-14.2749987386973
 21
11.32788594520765
 31
0.0
100
AcDbText
  0
TEXT
  5
8CD
330
2
100
AcDbEntity
  8
TEXTO0
370
    -1
100
AcDbText
 10
-13.77173068957568
 20
11.00895259183118
 30
0.0
 40
0.1
  1
CIRCUITO 2 #4.0mm2
  7
TEXTO0
100
AcDbText
  0
LWPOLYLINE
  5
8CE
330
2
100
AcDbEntity
  8
FIACAO
370
    -1
100
AcDbPolyline
 90
        2
 70
     0
 43
0.0
 10
-14.86754350933784
 20
11.08398383792517
 10
-14.74254350933784
 20
11.08398383792517
  0
LWPOLYLINE
  5
8CF
330
2
100
AcDbEntity
  8
FIACAO
370
    -1
100
AcDbPolyline
 90
        3
 70
     0
 43
0.0
 10
-15.00254350933784
 20
10.78398383792517
 10
-15.00254350933784
 20
11.08398383792517
 10
-14.90254350933784
 20
11.08398383792517
  0
LWPOLYLINE
  5
8D0
330
2
100
AcDbEntity
  8
FIACAO
370
    -1
100
AcDbPolyline
 90
        2
 70
     0
 43
0.0
 10
-15.08254350933784
 20
10.78398383792517
 10
-15.08254350933784
 20
11.08398383792517
  0
LWPOLYLINE
  5
8D1
330
2
100
AcDbEntity
  8
FIACAO
370
    -1
100
AcDbPolyline
 90
        2
 70
     0
 43
0.0
 10
-14.80754350933783
 20
10.93398383792517
 10
-14.80754350933783
 20
11.08398383792517
  0
CIRCLE
  5
8D2
330
2
100
AcDbEntity
  8
0
370
    -1
100
AcDbCircle
 10
-13.95473488314863
 20
10.32894390850263
 30
0.0
 40
0.0375
  0
CIRCLE
  5
8D3
330
2
100
AcDbEntity
  8
0
370
    -1
100
AcDbCircle
 10
-14.58296638193789
 20
10.33165529702047
 30
0.0
 40
0.0375
  0
LINE
  5
8D4
330
2
100
AcDbEntity
  8
DIAGRAMA
370
    -1
100
AcDbLine
 10
-13.91723488314861
 20
10.32894390850261
 30
0.0
 11
-12.02917514795207
 21
10.32894390850261
 31
0.0
  0
ARC
  5
8D5
330
2
100
AcDbEntity
  8
0
370
    -1
100
AcDbCircle
 10
-14.26945469740042
 20
10.24482291262775
 30
0.0
 40
0.3743646708983907
100
AcDbArc
 50
31.48875040725214
 51
148.7055505997084
  0
ARC
  5
8D6
330
2
100
AcDbEntity
  8
0
370
    -1
100
AcDbCircle
 10
-14.26945469740042
 20
10.24482291262775
 30
0.0
 40
0.2993646708983906
100
AcDbArc
 50
31.47904142245817
 51
148.7458889171381
  0
LINE
  5
8D7
330
2
100
AcDbEntity
  8
DIAGRAMA
370
    -1
100
AcDbLine
 10
-15.27008946839306
 20
10.33398388331689
 30
0.0
 11
-14.62039401458648
 21
10.33398388331689
 31
0.0
  0
ARC
  5
8D8
330
2
100
AcDbEntity
  8
0
370
    -1
100
AcDbCircle
 10
-14.55956895012616
 20
10.4208970453656
 30
0.0
 40
0.04
100
AcDbArc
 50
241.4413952393602
 51
328.7458889171362
  0
LINE
  5
8D9
330
2
100
AcDbEntity
  8
0
370
    -1
100
AcDbLine
 10
-14.57429466605609
 20
10.38337092733435
 30
0.0
 11
-14.5786912463299
 21
10.38576390164205
 31
0.0
  0
ARC
  5
8DA
330
2
100
AcDbEntity
  8
0
370
    -1
100
AcDbCircle
 10
-14.55517236985233
 20
10.41850407105788
 30
0.0
 40
0.04
100
AcDbArc
 50
148.7055505997084
 51
241.441395239359
  0
LINE
  5
8DB
330
2
100
AcDbEntity
  8
0
370
    -1
100
AcDbLine
 10
-14.27008946839306
 20
10.71073193219053
 30
0.0
 11
-14.27008946839306
 21
10.42507828776447
 31
0.0
  0
ARC
  5
8DC
330
2
100
AcDbEntity
  8
0
370
    -1
100
AcDbCircle
 10
-13.9843276529302
 20
10.419471994093
 30
0.0
 40
0.04
100
AcDbArc
 50
300.8298015367442
 51
31.48875040725279
  0
LINE
  5
8DD
330
2
100
AcDbEntity
  8
0
370
    -1
100
AcDbLine
 10
-13.95953432307991
 20
10.38768687094992
 30
0.0
 11
-13.96382807010465
 21
10.38512425611831
 31
0.0
  0
ARC
  5
8DE
330
2
100
AcDbEntity
  8
0
370
    -1
100
AcDbCircle
 10
-13.98003390590546
 20
10.42203460892462
 30
0.0
 40
0.04
100
AcDbArc
 50
211.4790414224588
 51
300.8298015367416
  0
TEXT
  5
8DF
330
2
100
AcDbEntity
  8
TEXTO0
370
    -1
100
AcDbText
 10
-14.42523212692223
 20
10.72788599059938
 30
0.0
 40
0.1
  1
10A
  7
TEXTO0
 72
     1
 11
-14.27523212692223
 21
10.72788599059938
 31
0.0
100
AcDbText
  0
TEXT
  5
8E0
330
2
100
AcDbEntity
  8
TEXTO0
370
    -1
100
AcDbText
 10
-13.77196407780061
 20
10.4089526372229
 30
0.0
 40
0.1
  1
CIRCUITO 3 #2.5mm2
  7
TEXTO0
100
AcDbText
  0
CIRCLE
  5
8E3
330
2
100
AcDbEntity
  8
0
370
    -1
100
AcDbCircle
 10
-13.95496827137356
 20
9.728943953894355
 30
0.0
 40
0.0375
  0
CIRCLE
  5
8E4
330
2
100
AcDbEntity
  8
0
370
    -1
100
AcDbCircle
 10
-14.58319977016282
 20
9.731655342412193
 30
0.0
 40
0.0375
  0
LINE
  5
8E5
330
2
100
AcDbEntity
  8
DIAGRAMA
370
    -1
100
AcDbLine
 10
-13.91746827137354
 20
9.728943953894326
 30
0.0
 11
-12.02940853617699
 21
9.728943953894326
 31
0.0
  0
ARC
  5
8E6
330
2
100
AcDbEntity
  8
0
370
    -1
100
AcDbCircle
 10
-14.26968808562535
 20
9.644822958019471
 30
0.0
 40
0.3743646708983907
100
AcDbArc
 50
31.48875040725214
 51
148.7055505997084
  0
ARC
  5
8E7
330
2
100
AcDbEntity
  8
0
370
    -1
100
AcDbCircle
 10
-14.26968808562535
 20
9.644822958019471
 30
0.0
 40
0.2993646708983906
100
AcDbArc
 50
31.47904142245817
 51
148.7458889171381
  0
LINE
  5
8E8
330
2
100
AcDbEntity
  8
DIAGRAMA
370
    -1
100
AcDbLine
 10
-15.27032285661799
 20
9.733983928708607
 30
0.0
 11
-14.62062740281141
 21
9.733983928708607
 31
0.0
  0
ARC
  5
8E9
330
2
100
AcDbEntity
  8
0
370
    -1
100
AcDbCircle
 10
-14.55980233835109
 20
9.820897090757324
 30
0.0
 40
0.04
100
AcDbArc
 50
241.4413952393602
 51
328.7458889171362
  0
LINE
  5
8EA
330
2
100
AcDbEntity
  8
0
370
    -1
100
AcDbLine
 10
-14.57452805428102
 20
9.783370972726072
 30
0.0
 11
-14.57892463455482
 21
9.785763947033768
 31
0.0
  0
ARC
  5
8EB
330
2
100
AcDbEntity
  8
0
370
    -1
100
AcDbCircle
 10
-14.55540575807726
 20
9.8185041164496
 30
0.0
 40
0.04
100
AcDbArc
 50
148.7055505997084
 51
241.441395239359
  0
LINE
  5
8EC
330
2
100
AcDbEntity
  8
0
370
    -1
100
AcDbLine
 10
-14.27032285661799
 20
10.11073197758225
 30
0.0
 11
-14.27032285661799
 21
9.825078333156195
 31
0.0
  0
ARC
  5
8ED
330
2
100
AcDbEntity
  8
0
370
    -1
100
AcDbCircle
 10
-13.98456104115513
 20
9.819472039484719
 30
0.0
 40
0.04
100
AcDbArc
 50
300.8298015367442
 51
31.48875040725279
  0
LINE
  5
8EE
330
2
100
AcDbEntity
  8
0
370
    -1
100
AcDbLine
 10
-13.95976771130483
 20
9.787686916341638
 30
0.0
 11
-13.96406145832958
 21
9.785124301510034
 31
0.0
  0
ARC
  5
8EF
330
2
100
AcDbEntity
  8
0
370
    -1
100
AcDbCircle
 10
-13.98026729413039
 20
9.822034654316337
 30
0.0
 40
0.04
100
AcDbArc
 50
211.4790414224588
 51
300.8298015367416
  0
TEXT
  5
8F0
330
2
100
AcDbEntity
  8
TEXTO0
370
    -1
100
AcDbText
 10
-14.42546551514715
 20
10.1278860359911
 30
0.0
 40
0.1
  1
10A
  7
TEXTO0
 72
     1
 11
-14.27546551514715
 21
10.1278860359911
 31
0.0
100
AcDbText
  0
TEXT
  5
8F1
330
2
100
AcDbEntity
  8
TEXTO0
370
    -1
100
AcDbText
 10
-13.77219746602554
 20
9.808952682614626
 30
0.0
 40
0.1
  1
CIRCUITO 4 #2.5mm2
  7
TEXTO0
100
AcDbText
  0
CIRCLE
  5
8F4
330
2
100
AcDbEntity
  8
0
370
    -1
100
AcDbCircle
 10
-13.95520165959849
 20
9.128943999286076
 30
0.0
 40
0.0375
  0
CIRCLE
  5
8F5
330
2
100
AcDbEntity
  8
0
370
    -1
100
AcDbCircle
 10
-14.58343315838775
 20
9.131655387803914
 30
0.0
 40
0.0375
  0
LINE
  5
8F6
330
2
100
AcDbEntity
  8
DIAGRAMA
370
    -1
100
AcDbLine
 10
-13.91770165959846
 20
9.128943999286047
 30
0.0
 11
-12.02964192440192
 21
9.128943999286047
 31
0.0
  0
ARC
  5
8F7
330
2
100
AcDbEntity
  8
0
370
    -1
100
AcDbCircle
 10
-14.26992147385027
 20
9.044823003411192
 30
0.0
 40
0.3743646708983907
100
AcDbArc
 50
31.48875040725214
 51
148.7055505997084
  0
ARC
  5
8F8
330
2
100
AcDbEntity
  8
0
370
    -1
100
AcDbCircle
 10
-14.26992147385027
 20
9.044823003411192
 30
0.0
 40
0.2993646708983906
100
AcDbArc
 50
31.47904142245817
 51
148.7458889171381
  0
LINE
  5
8F9
330
2
100
AcDbEntity
  8
DIAGRAMA
370
    -1
100
AcDbLine
 10
-15.27055624484291
 20
9.133983974100328
 30
0.0
 11
-14.62086079103634
 21
9.133983974100328
 31
0.0
  0
ARC
  5
8FA
330
2
100
AcDbEntity
  8
0
370
    -1
100
AcDbCircle
 10
-14.56003572657602
 20
9.220897136149045
 30
0.0
 40
0.04
100
AcDbArc
 50
241.4413952393602
 51
328.7458889171362
  0
LINE
  5
8FB
330
2
100
AcDbEntity
  8
0
370
    -1
100
AcDbLine
 10
-14.57476144250595
 20
9.183371018117793
 30
0.0
 11
-14.57915802277975
 21
9.185763992425489
 31
0.0
  0
ARC
  5
8FC
330
2
100
AcDbEntity
  8
0
370
    -1
100
AcDbCircle
 10
-14.55563914630218
 20
9.21850416184132
 30
0.0
 40
0.04
100
AcDbArc
 50
148.7055505997084
 51
241.441395239359
  0
LINE
  5
8FD
330
2
100
AcDbEntity
  8
0
370
    -1
100
AcDbLine
 10
-14.27055624484291
 20
9.510732022973976
 30
0.0
 11
-14.27055624484291
 21
9.225078378547916
 31
0.0
  0
ARC
  5
8FE
330
2
100
AcDbEntity
  8
0
370
    -1
100
AcDbCircle
 10
-13.98479442938006
 20
9.21947208487644
 30
0.0
 40
0.04
100
AcDbArc
 50
300.8298015367442
 51
31.48875040725279
  0
LINE
  5
8FF
330
2
100
AcDbEntity
  8
0
370
    -1
100
AcDbLine
 10
-13.96000109952976
 20
9.187686961733359
 30
0.0
 11
-13.96429484655451
 21
9.185124346901755
 31
0.0
  0
ARC
  5
900
330
2
100
AcDbEntity
  8
0
370
    -1
100
AcDbCircle
 10
-13.98050068235531
 20
9.222034699708058
 30
0.0
 40
0.04
100
AcDbArc
 50
211.4790414224588
 51
300.8298015367416
  0
TEXT
  5
901
330
2
100
AcDbEntity
  8
TEXTO0
370
    -1
100
AcDbText
 10
-13.77243085425047
 20
9.208952728006347
 30
0.0
 40
0.1
  1
RESERVA
  7
TEXTO0
100
AcDbText
  0
LINE
  5
902
330
2
100
AcDbEntity
  8
DIAGRAMA
370
    -1
100
AcDbLine
 10
-15.26970416122468
 20
11.93398378423689
 30
0.0
 11
-15.27071183699287
 21
8.733984004361478
 31
0.0
  0
LWPOLYLINE
  5
903
330
2
100
AcDbEntity
  8
TEXTO0
  6
HIDDEN
370
    -1
100
AcDbPolyline
 90
        4
 70
     1
 43
0.0
 10
-15.37796602526662
 20
12.21376828844355
 10
-11.78281449741161
 20
12.21376828844355
 10
-11.78281449741161
 20
8.44317109450024
 10
-15.37796602526662
 20
8.44317109450024
  0
LINE
  5
904
330
2
100
AcDbEntity
  8
0
370
    -1
100
AcDbLine
 10
-11.46531900173154
 20
8.125675598820202
 30
0.0
 11
-11.35855042869967
 21
8.232444171852077
 31
0.0
  0
LINE
  5
905
330
2
100
AcDbEntity
  8
0
370
    -1
100
AcDbLine
 10
-11.48582964931323
 20
8.1461862464019
 30
0.0
 11
-11.35855042869967
 21
8.273465467015473
 31
0.0
  0
LINE
  5
906
330
2
100
AcDbEntity
  8
0
370
    -1
100
AcDbLine
 10
-11.44328470417389
 20
8.103641301262545
 30
0.0
 11
-11.35855042869967
 21
8.18837557673676
 31
0.0
  0
LINE
  5
907
330
2
100
AcDbEntity
  8
0
370
    -1
100
AcDbLine
 10
-11.78281449741161
 20
8.44317109450024
 30
0.0
 11
-11.48582964931323
 21
8.1461862464019
 31
0.0
  0
LINE
  5
908
330
2
100
AcDbEntity
  8
0
370
    -1
100
AcDbLine
 10
-11.42125033180317
 20
8.08160692889182
 30
0.0
 11
-11.48395023490667
 21
8.01890702578833
 31
0.0
  0
LINE
  5
909
330
2
100
AcDbEntity
  8
0
370
    -1
100
AcDbLine
 10
-11.39921772541624
 20
8.059574322504904
 30
0.0
 11
-11.43988502213286
 21
8.018907025788327
 31
0.0
  0
LINE
  5
90A
330
2
100
AcDbEntity
  8
0
370
    -1
100
AcDbLine
 10
-11.39921772541624
 20
8.059574322504904
 30
0.0
 11
-11.35855042869967
 21
8.100241619221492
 31
0.0
  0
LINE
  5
90B
330
2
100
AcDbEntity
  8
0
370
    -1
100
AcDbLine
 10
-11.46531900173154
 20
8.125675598820202
 30
0.0
 11
-11.57208757476343
 21
8.018907025788327
 31
0.0
  0
LINE
  5
90C
330
2
100
AcDbEntity
  8
0
370
    -1
100
AcDbLine
 10
-11.44328470417389
 20
8.103641301262545
 30
0.0
 11
-11.52801897964811
 21
8.01890702578833
 31
0.0
  0
LINE
  5
90D
330
2
100
AcDbEntity
  8
0
370
    -1
100
AcDbLine
 10
-11.48582964931323
 20
8.1461862464019
 30
0.0
 11
-11.61310886992685
 21
8.018907025788327
 31
0.0
  0
LINE
  5
90E
330
2
100
AcDbEntity
  8
0
370
    -1
100
AcDbLine
 10
-11.42125033180317
 20
8.08160692889182
 30
0.0
 11
-11.35855042869967
 21
8.14430683199534
 31
0.0
  0
LINE
  5
90F
330
2
100
AcDbEntity
  8
0
370
    -1
100
AcDbLine
 10
-11.37718342785857
 20
8.03754002494724
 30
0.0
 11
-11.39581642701754
 21
8.01890702578833
 31
0.0
  0
LINE
  5
910
330
2
100
AcDbEntity
  8
0
370
    -1
100
AcDbLine
 10
-11.37718342785857
 20
8.03754002494724
 30
0.0
 11
-11.35855042869967
 21
8.05617302410618
 31
0.0
  0
TEXT
  5
911
330
2
100
AcDbEntity
  8
TEXTO0
370
    -1
100
AcDbText
 10
-15.19647062816269
 20
12.27623639508925
 30
0.0
 40
0.1
  1
QUADRO DISTRIBUIDOR DE LUZ E FORÇA
  7
TEXTO0
100
AcDbText
  0
LINE
  5
912
330
2
100
AcDbEntity
  8
TEXTO0
370
    -1
100
AcDbLine
 10
-16.37496713668249
 20
10.48207993317088
 30
0.0
 11
-16.22496713668248
 21
10.48207993317088
 31
0.0
  0
LINE
  5
913
330
2
100
AcDbEntity
  8
DIAGRAMA
370
    -1
100
AcDbLine
 10
-17.44078151902197
 20
10.33398388331686
 30
0.0
 11
-15.27008946839306
 21
10.33398388331689
 31
0.0
  0
LINE
  5
914
330
2
100
AcDbEntity
  8
DIAGRAMA
370
    -1
100
AcDbLine
 10
-20.20015843351614
 20
10.33398388331686
 30
0.0
 11
-18.94052236328822
 21
10.33398388331686
 31
0.0
  0
TEXT
  5
916
330
2
100
AcDbEntity
  8
TEXTO0
370
    -1
100
AcDbText
 10
-22.45468856858793
 20
10.67707452549049
 30
0.0
 40
0.1
  1
VEM DA REDE DE
  7
TEXTO0
100
AcDbText
  0
LINE
  5
918
330
2
100
AcDbEntity
  8
TEXTO0
370
    -1
100
AcDbLine
 10
-22.5458603305533
 20
10.33398388331686
 30
0.0
 11
-21.11385393232218
 21
10.33398388331686
 31
0.0
  0
LINE
  5
919
330
2
100
AcDbEntity
  8
TEXTO0
370
    -1
100
AcDbLine
 10
-22.5458603305533
 20
10.33398388331686
 30
0.0
 11
-21.11385393232218
 21
10.33398388331686
 31
0.0
  0
TEXT
  5
91A
330
2
100
AcDbEntity
  8
TEXTO0
370
    -1
100
AcDbText
 10
-22.32553502026113
 20
10.52454642186239
 30
0.0
 40
0.1
  1
BAIXA TENSÃO
  7
TEXTO0
100
AcDbText
  0
LINE
  5
91B
330
2
100
AcDbEntity
  8
TEXTO0
370
    -1
100
AcDbLine
 10
-20.2772045112235
 20
10.33398388331686
 30
0.0
 11
-21.11385393232218
 21
10.2958846710289
 31
0.0
  0
SOLID
  5
91C
330
2
100
AcDbEntity
  8
TEXTO0
370
    -1
100
AcDbTrace
 10
-21.11385393232215
 20
10.29588467102893
 30
0.0
 11
-21.11385393232215
 21
10.37208311655964
 31
0.0
 12
-21.11385393232215
 22
10.29588467102893
 32
0.0
 13
-20.2772045112235
 23
10.33398388331689
 33
0.0
  0
LINE
  5
91D
330
2
100
AcDbEntity
  8
TEXTO0
370
    -1
100
AcDbLine
 10
-20.2772045112235
 20
10.33398388331686
 30
0.0
 11
-21.11385393232218
 21
10.37208311655961
 31
0.0
  0
LINE
  5
91E
330
2
100
AcDbEntity
  8
TEXTO0
370
    -1
100
AcDbLine
 10
-21.11385393232218
 20
10.2958846710289
 30
0.0
 11
-21.11385393232218
 21
10.33398388331686
 31
0.0
  0
LINE
  5
91F
330
2
100
AcDbEntity
  8
TEXTO0
370
    -1
100
AcDbLine
 10
-21.11385393232218
 20
10.37208311655961
 30
0.0
 11
-21.11385393232218
 21
10.33398388331686
 31
0.0
  0
LINE
  5
921
330
2
100
AcDbEntity
  8
0
  6
HIDDEN
370
    -1
100
AcDbLine
 10
-17.44078151902197
 20
9.722342445929225
 30
0.0
 11
-17.44078151902197
 21
11.08398388331686
 31
0.0
  0
LINE
  5
922
330
2
100
AcDbEntity
  8
0
  6
HIDDEN
370
    -1
100
AcDbLine
 10
-19.09009064195847
 20
9.722342445929225
 30
0.0
 11
-19.09009064195847
 21
11.08398388331686
 31
0.0
  0
LINE
  5
923
330
2
100
AcDbEntity
  8
0
  6
HIDDEN
370
    -1
100
AcDbLine
 10
-17.44078151902197
 20
9.722342445929225
 30
0.0
 11
-19.09009064195847
 21
9.722342445929225
 31
0.0
  0
LINE
  5
924
330
2
100
AcDbEntity
  8
0
  6
HIDDEN
 48
0.5
370
    -1
100
AcDbLine
 10
-17.0439121494219
 20
9.325473076329178
 30
0.0
 11
-16.91045143313205
 21
9.458933792619025
 31
0.0
  0
LINE
  5
925
330
2
100
AcDbEntity
  8
0
  6
HIDDEN
 48
0.5
370
    -1
100
AcDbLine
 10
-17.069550458899
 20
9.351111385806302
 30
0.0
 11
-16.91045143313205
 21
9.510210411573272
 31
0.0
  0
LINE
  5
926
330
2
100
AcDbEntity
  8
0
  6
HIDDEN
 48
0.5
370
    -1
100
AcDbLine
 10
-16.98882631201143
 20
9.270387238918705
 30
0.0
 11
-17.0672011908908
 21
9.192012360039332
 31
0.0
  0
LINE
  5
927
330
2
100
AcDbEntity
  8
0
  6
HIDDEN
 48
0.5
370
    -1
100
AcDbLine
 10
-17.01636927747482
 20
9.297930204382101
 30
0.0
 11
-17.12228712181759
 21
9.192012360039332
 31
0.0
  0
LINE
  5
928
330
2
100
AcDbEntity
  8
0
  6
HIDDEN
 48
0.5
370
    -1
100
AcDbLine
 10
-17.44078151902197
 20
9.722342445929225
 30
0.0
 11
-17.069550458899
 21
9.351111385806302
 31
0.0
  0
LINE
  5
929
330
2
100
AcDbEntity
  8
0
  6
HIDDEN
 48
0.5
370
    -1
100
AcDbLine
 10
-17.069550458899
 20
9.351111385806302
 30
0.0
 11
-17.22864948466604
 21
9.192012360039332
 31
0.0
  0
LINE
  5
92A
330
2
100
AcDbEntity
  8
0
  6
HIDDEN
 48
0.5
370
    -1
100
AcDbLine
 10
-17.0439121494219
 20
9.325473076329178
 30
0.0
 11
-17.17737286571175
 21
9.192012360039332
 31
0.0
  0
LINE
  5
92B
330
2
100
AcDbEntity
  8
0
  6
HIDDEN
 48
0.5
370
    -1
100
AcDbLine
 10
-17.01636927747482
 20
9.297930204382101
 30
0.0
 11
-16.91045143313205
 21
9.403848048724871
 31
0.0
  0
LINE
  5
92C
330
2
100
AcDbEntity
  8
0
  6
HIDDEN
 48
0.5
370
    -1
100
AcDbLine
 10
-16.96128555402775
 20
9.242846480935054
 30
0.0
 11
-16.91045143313205
 21
9.293680601830797
 31
0.0
  0
LINE
  5
92D
330
2
100
AcDbEntity
  8
0
  6
HIDDEN
 48
0.5
370
    -1
100
AcDbLine
 10
-16.98882631201143
 20
9.270387238918705
 30
0.0
 11
-16.91045143313205
 21
9.348762117798099
 31
0.0
  0
LINE
  5
92E
330
2
100
AcDbEntity
  8
0
  6
HIDDEN
370
    -1
100
AcDbLine
 10
-16.93374268208068
 20
9.215303608987977
 30
0.0
 11
-16.95703393102939
 21
9.192012360039332
 31
0.0
  0
LINE
  5
92F
330
2
100
AcDbEntity
  8
0
  6
HIDDEN
 48
0.5
370
    -1
100
AcDbLine
 10
-16.96128555402775
 20
9.242846480935054
 30
0.0
 11
-17.01211967492354
 21
9.192012360039332
 31
0.0
  0
LINE
  5
930
330
2
100
AcDbEntity
  8
0
  6
HIDDEN
370
    -1
100
AcDbLine
 10
-16.93374268208068
 20
9.215303608987977
 30
0.0
 11
-16.91045143313205
 21
9.238594857936643
 31
0.0
  0
TEXT
  5
931
330
2
100
AcDbEntity
  8
TEXTO0
370
    -1
100
AcDbText
 10
-19.11723899164471
 20
11.17297409669339
 30
0.0
 40
0.1
  1
MEDIDOR MONOFÁSICO
  7
TEXTO0
100
AcDbText
  0
CIRCLE
  5
932
330
2
100
AcDbEntity
  8
DIAGRAMA
370
    -1
100
AcDbCircle
 10
-17.8202056889677
 20
10.33398388331687
 30
0.0
 40
0.2439670162219159
  0
LINE
  5
933
330
2
100
AcDbEntity
  8
0
  6
HIDDEN
370
    -1
100
AcDbLine
 10
-17.44078151902197
 20
11.08398388331686
 30
0.0
 11
-19.09009064195847
 21
11.08398388331686
 31
0.0
  0
CIRCLE
  5
934
330
2
100
AcDbEntity
  8
0
370
    -1
100
AcDbCircle
 10
-18.90302236328817
 20
10.33398388331687
 30
0.0
 40
0.0375
  0
LINE
  5
935
330
2
100
AcDbEntity
  8
TEXTO0
370
    -1
100
AcDbLine
 10
-19.69525209816472
 20
10.48207993317088
 30
0.0
 11
-19.54525209816474
 21
10.48207993317088
 31
0.0
  0
LINE
  5
936
330
2
100
AcDbEntity
  8
TEXTO0
370
    -1
100
AcDbLine
 10
-19.69525209816472
 20
10.18207993317088
 30
0.0
 11
-19.69525209816472
 21
10.48207993317088
 31
0.0
  0
LINE
  5
938
330
2
100
AcDbEntity
  8
TEXTO0
370
    -1
100
AcDbLine
 10
-19.80949008855904
 20
10.18207993317088
 30
0.0
 11
-19.80949008855904
 21
10.48207993317088
 31
0.0
  0
ARC
  5
939
330
2
100
AcDbEntity
  8
0
370
    -1
100
AcDbCircle
 10
-18.58951067875073
 20
10.24715149892415
 30
0.0
 40
0.3743646708983907
100
AcDbArc
 50
31.48875040725214
 51
148.7055505997084
  0
ARC
  5
93A
330
2
100
AcDbEntity
  8
0
370
    -1
100
AcDbCircle
 10
-18.58951067875073
 20
10.24715149892415
 30
0.0
 40
0.2993646708983906
100
AcDbArc
 50
31.47904142245817
 51
148.7458889171381
  0
LINE
  5
93B
330
2
100
AcDbEntity
  8
TEXTO0
370
    -1
100
AcDbLine
 10
-18.63069899612966
 20
10.4495935871452
 30
0.0
 11
-18.63069899612966
 21
10.7495935871452
 31
0.0
  0
LINE
  5
93D
330
2
100
AcDbEntity
  8
0
370
    -1
100
AcDbLine
 10
-18.8943506474064
 20
10.38569951363075
 30
0.0
 11
-18.8987472276802
 21
10.38809248793846
 31
0.0
  0
ARC
  5
93E
330
2
100
AcDbEntity
  8
0
370
    -1
100
AcDbCircle
 10
-18.87962493147644
 20
10.423225631662
 30
0.0
 40
0.04
100
AcDbArc
 50
241.4413952393602
 51
328.7458889171362
  0
ARC
  5
93F
330
2
100
AcDbEntity
  8
0
370
    -1
100
AcDbCircle
 10
-18.87522835120264
 20
10.42083265735431
 30
0.0
 40
0.04
100
AcDbArc
 50
148.7055505997084
 51
241.441395239359
  0
CIRCLE
  5
940
330
2
100
AcDbEntity
  8
0
370
    -1
100
AcDbCircle
 10
-18.27479086449888
 20
10.33127249479903
 30
0.0
 40
0.0375
  0
ARC
  5
941
330
2
100
AcDbEntity
  8
0
370
    -1
100
AcDbCircle
 10
-18.30438363428051
 20
10.42180058038943
 30
0.0
 40
0.04
100
AcDbArc
 50
300.8298015367442
 51
31.48875040725279
  0
LINE
  5
942
330
2
100
AcDbEntity
  8
0
370
    -1
100
AcDbLine
 10
-18.27959030443022
 20
10.39001545724633
 30
0.0
 11
-18.28388405145496
 21
10.38745284241471
 31
0.0
  0
ARC
  5
943
330
2
100
AcDbEntity
  8
0
370
    -1
100
AcDbCircle
 10
-18.30008988725577
 20
10.42436319522104
 30
0.0
 40
0.04
100
AcDbArc
 50
211.4790414224588
 51
300.8298015367416
  0
LINE
  5
944
330
2
100
AcDbEntity
  8
DIAGRAMA
370
    -1
100
AcDbLine
 10
-18.23738901464726
 20
10.33398388331686
 30
0.0
 11
-18.06417270518962
 21
10.33398388331686
 31
0.0
  0
LINE
  5
945
330
2
100
AcDbEntity
  8
DIAGRAMA
370
    -1
100
AcDbLine
 10
-17.57623867274579
 20
10.33398388331686
 30
0.0
 11
-17.44078151902197
 21
10.33398388331686
 31
0.0
  0
TEXT
  5
946
330
2
100
AcDbEntity
  8
DIAGRAMA
370
    -1
100
AcDbText
 10
-17.93098306856096
 20
10.2484249275183
 30
0.0
 40
0.2
  1
M
  7
TEXTO0
100
AcDbText
  0
LINE
  5
949
330
2
100
AcDbEntity
  8
TEXTO0
370
    -1
100
AcDbLine
 10
-16.71720622882473
 20
10.18207993317088
 30
0.0
 11
-16.71720622882473
 21
10.48207993317088
 31
0.0
  0
LINE
  5
94B
330
2
100
AcDbEntity
  8
TEXTO0
370
    -1
100
AcDbLine
 10
-16.60654850723892
 20
10.18207993317088
 30
0.0
 11
-16.60654850723892
 21
10.48207993317088
 31
0.0
  0
LINE
  5
94C
330
2
100
AcDbEntity
  8
TEXTO0
370
    -1
100
AcDbLine
 10
-16.60654850723892
 20
10.48207993317088
 30
0.0
 11
-16.45654850723894
 21
10.48207993317088
 31
0.0
  0
LINE
  5
94D
330
2
100
AcDbEntity
  8
TEXTO0
370
    -1
100
AcDbLine
 10
-16.30928590026609
 20
10.33207993317088
 30
0.0
 11
-16.30928590026609
 21
10.48207993317088
 31
0.0
  0
TEXT
  5
94E
330
2
100
AcDbEntity
  8
TEXTO0
370
    -1
100
AcDbText
 10
-16.93330432198235
 20
9.982250531472108
 30
0.0
 40
0.1
  1
#6.0mm2
  7
TEXTO0
100
AcDbText
  0
TEXT
  5
950
330
2
100
AcDbEntity
  8
TEXTO0
370
    -1
100
AcDbText
 10
-18.72452821102198
 20
10.83987646880614
 30
0.0
 40
0.1
  1
40A
  7
TEXTO0
 72
     1
 11
-18.58167106816484
 21
10.83987646880614
 31
0.0
100
AcDbText
  0
TEXT
  5
968
330
2
100
AcDbEntity
  8
TEXTO0
370
    -1
100
AcDbText
 10
-6.836457963603138
 20
7.675072813987686
 30
0.0
 40
0.125
  1
NOTAS:
  7
ROMANT
100
AcDbText
  0
TEXT
  5
969
330
2
100
AcDbEntity
  8
TEXTO0
370
    -1
100
AcDbText
 10
-6.836457963603138
 20
6.804883515709346
 30
0.0
 40
0.125
  1
TOMADAS NAO COTADAS = 100w
  7
ROMANT
100
AcDbText
  0
TEXT
  5
96A
330
2
100
AcDbEntity
  8
TEXTO0
370
    -1
100
AcDbText
 10
-6.836457963603138
 20
7.12679548861939
 30
0.0
 40
0.125
  1
CONDUTORES NAO COTADOS = 2,5mm2
  7
ROMANT
100
AcDbText
  0
TEXT
  5
96B
330
2
100
AcDbEntity
  8
TEXTO0
370
    -1
100
AcDbText
 10
-6.836457963603138
 20
7.40819627940775
 30
0.0
 40
0.125
  1
ELETRODUDOS NAO COTADOS = 25mm
  7
ROMANT
100
AcDbText
  0
TEXT
  5
96C
330
2
100
AcDbEntity
  8
TEXTO0
370
    -1
100
AcDbText
 10
-7.295867601063243
 20
11.62231029018313
 30
0.0
 40
0.125
  1
QUADRO DISTRIBUIDOR DE LUZ E FORÇA.
  7
ROMANT
100
AcDbText
  0
TEXT
  5
96D
330
2
100
AcDbEntity
  8
TEXTO0
370
    -1
100
AcDbText
 10
-7.276160989135185
 20
9.819688525865761
 30
0.0
 40
0.115
  1
FIOS:FASE,NEUTRO,TERRA,RETORNO, RETORNO PARALELO.
  7
ROMANT
100
AcDbText
  0
TEXT
  5
96E
330
2
100
AcDbEntity
  8
TEXTO0
370
    -1
100
AcDbText
 10
-7.276160989135171
 20
9.373133572438082
 30
0.0
 40
0.125
  1
TUBULAÇÃO P/ INTERNET/FIBRA
  7
ROMANT
100
AcDbText
  0
TEXT
  5
96F
330
2
100
AcDbEntity
  8
TEXTO0
370
    -1
100
AcDbText
 10
-7.261708369527206
 20
10.70857500164744
 30
0.0
 40
0.125
  1
ELETRODUTO EMBUTIDO NO PISO.
  7
ROMANT
100
AcDbText
  0
TEXT
  5
970
330
2
100
AcDbEntity
  8
TEXTO0
370
    -1
100
AcDbText
 10
-7.261708369527206
 20
10.26398630955442
 30
0.0
 40
0.125
  1
ELETRODUTO EMBUTIDO NA LAJE E PAREDE.
  7
ROMANT
100
AcDbText
  0
TEXT
  5
971
330
2
100
AcDbEntity
  8
TEXTO0
370
    -1
100
AcDbText
 10
-7.283634351311655
 20
11.16918839202775
 30
0.0
 40
0.125
  1
DISJUNTOR TERMOMAGNÉTICO.
  7
ROMANT
100
AcDbText
  0
TEXT
  5
973
330
2
100
AcDbEntity
  8
TEXTO0
370
    -1
100
AcDbText
 10
-7.295168220143786
 20
17.03847264374341
 30
0.0
 40
0.12
  1
LUMINÁRIA NO TETO.
  7
ROMANT
100
AcDbText
  0
TEXT
  5
974
330
2
100
AcDbEntity
  8
TEXTO0
370
    -1
100
AcDbText
 10
-7.284028267560352
 20
15.68175865781403
 30
0.0
 40
0.125
  1
TOMADA BAIXA A 0.30m DO PISO ACABADO.
  7
ROMANT
100
AcDbText
  0
TEXT
  5
975
330
2
100
AcDbEntity
  8
TEXTO0
370
    -1
100
AcDbText
 10
-7.281374669678151
 20
15.20434187551885
 30
0.0
 40
0.125
  1
TOMADA MÉDIA A 1.10m DO PISO ACABADO.
  7
ROMANT
100
AcDbText
  0
TEXT
  5
976
330
2
100
AcDbEntity
  8
TEXTO0
370
    -1
100
AcDbText
 10
-7.286541319997504
 20
14.77501996533295
 30
0.0
 40
0.125
  1
PONTO DE FORÇA PARA CHUVEIRO A 2.20m DO PISO ACABADO.
  7
ROMANT
100
AcDbText
  0
TEXT
  5
977
330
2
100
AcDbEntity
  8
TEXTO0
370
    -1
100
AcDbText
 10
-7.288220463515565
 20
13.43100709814252
 30
0.0
 40
0.125
  1
INTERRUPTOR SIMPLES DE 1 SEÇÃO  .
  7
ROMANT
100
AcDbText
  0
TEXT
  5
978
330
2
100
AcDbEntity
  8
TEXTO0
370
    -1
100
AcDbText
 10
-7.275942580028023
 20
16.60511218519801
 30
0.0
 40
0.12
  1
PONTO DE LUZ NO TETO.
  7
ROMANT
100
AcDbText
  0
LINE
  5
979
330
2
100
AcDbEntity
  8
ELETRODUTOS
  6
CENTER2
 48
0.5
370
    -1
100
AcDbLine
 10
-8.54963574489593
 20
9.454248303456144
 30
0.0
 11
-7.484452164413135
 21
9.454248303456144
 31
0.0
  0
CIRCLE
  5
97A
330
2
100
AcDbEntity
  8
0
370
    -1
100
AcDbCircle
 10
-7.807817870015874
 20
11.20306919236312
 30
0.0
 40
0.0236032676594237
  0
ARC
  5
97B
330
2
100
AcDbEntity
  8
0
370
    -1
100
AcDbCircle
 10
-7.823741592833265
 20
11.26166238486083
 30
0.0
 40
0.0251768188367186
100
AcDbArc
 50
211.4790414224588
 51
300.8298015367416
  0
ARC
  5
97C
330
2
100
AcDbEntity
  8
0
370
    -1
100
AcDbCircle
 10
-8.00590896370948
 20
11.15012171552548
 30
0.0
 40
0.2356327874519143
100
AcDbArc
 50
31.48875040725217
 51
148.7055505997083
  0
LINE
  5
97D
330
2
100
AcDbEntity
  8
ELETRODUTOS
  6
HIDDEN
 48
0.8
370
    -1
100
AcDbLine
 10
-8.535183125287965
 20
10.76683992597414
 30
0.0
 11
-7.469999544805184
 21
10.76683992597414
 31
0.0
  0
LINE
  5
97E
330
2
100
AcDbEntity
  8
ELETRODUTOS
370
    -1
100
AcDbLine
 10
-8.535183125287965
 20
10.31433465136378
 30
0.0
 11
-7.469999544805184
 21
10.31433465136378
 31
0.0
  0
LINE
  5
97F
330
2
100
AcDbEntity
  8
ELETRODUTOS
370
    -1
100
AcDbLine
 10
-8.54272052690181
 20
9.83665203244475
 30
0.0
 11
-7.603251343978904
 21
9.836652032444764
 31
0.0
  0
CIRCLE
  5
980
330
2
100
AcDbEntity
  8
0
370
    -1
100
AcDbCircle
 10
-8.203239635829327
 20
11.20477579580087
 30
0.0
 40
0.0236032676594237
  0
ARC
  5
981
330
2
100
AcDbEntity
  8
0
370
    -1
100
AcDbCircle
 10
-8.18851281328012
 20
11.2609463790698
 30
0.0
 40
0.0251768188367186
100
AcDbArc
 50
241.4413952393602
 51
328.7458889171362
  0
LINE
  5
982
330
2
100
AcDbEntity
  8
0
370
    -1
100
AcDbLine
 10
-8.197781480335316
 20
11.23732667218686
 30
0.0
 11
-8.200548777961693
 21
11.23883285920251
 31
0.0
  0
ARC
  5
983
330
2
100
AcDbEntity
  8
0
370
    -1
100
AcDbCircle
 10
-8.185745515653728
 20
11.25944019205415
 30
0.0
 40
0.0251768188367186
100
AcDbArc
 50
148.7055505997084
 51
241.441395239359
  0
ARC
  5
984
330
2
100
AcDbEntity
  8
0
370
    -1
100
AcDbCircle
 10
-8.00590896370948
 20
11.15012171552548
 30
0.0
 40
0.1884262521330669
100
AcDbArc
 50
31.47904142245817
 51
148.7458889171381
  0
LINE
  5
985
330
2
100
AcDbEntity
  8
ELETRODUTOS
370
    -1
100
AcDbLine
 10
-8.220772282487097
 20
11.20306919236312
 30
0.0
 11
-8.432853120976553
 21
11.20306919236312
 31
0.0
  0
LINE
  5
986
330
2
100
AcDbEntity
  8
ELETRODUTOS
370
    -1
100
AcDbLine
 10
-7.78421460235645
 20
11.20306919236312
 30
0.0
 11
-7.608578272223561
 21
11.20306919236312
 31
0.0
  0
LINE
  5
987
330
2
100
AcDbEntity
  8
0
370
    -1
100
AcDbLine
 10
-7.810838735757564
 20
11.24004321544983
 30
0.0
 11
-7.813541308031908
 21
11.23843025321573
 31
0.0
  0
ARC
  5
988
330
2
100
AcDbEntity
  8
0
370
    -1
100
AcDbCircle
 10
-7.826444165107596
 20
11.26004942262673
 30
0.0
 40
0.0251768188367186
100
AcDbArc
 50
300.8298015367442
 51
31.48875040725284
  0
ARC
  5
989
330
2
100
AcDbEntity
  8
LUMINARIAS
370
    -1
100
AcDbCircle
 10
-8.262569094780396
 20
16.09187820521435
 30
0.0
 40
0.2135314728092768
100
AcDbArc
 50
0.0
 51
180.0
  0
LINE
  5
98F
330
2
100
AcDbEntity
  8
LUMINARIAS
370
    -1
100
AcDbLine
 10
-8.049037621971117
 20
16.09187820521435
 30
0.0
 11
-8.476100567590215
 21
16.09187820521435
 31
0.0
  0
TEXT
  5
990
330
2
100
AcDbEntity
  8
TEXTO0
370
    -1
100
AcDbText
 10
-3.518289549944662
 20
16.91060283983579
 30
0.0
 40
0.0825
  1
C-POTENCIA
  7
ROMANS
100
AcDbText
  0
TEXT
  5
991
330
2
100
AcDbEntity
  8
TEXTO0
370
    -1
100
AcDbText
 10
-3.508914267602115
 20
17.02930873665473
 30
0.0
 40
0.0825
  1
A-CIRCUITO B-COMANDO
  7
ROMANS
100
AcDbText
  0
LINE
  5
995
330
2
100
AcDbEntity
  8
TEXTO0
370
    -1
100
AcDbLine
 10
-8.607125563153922
 20
16.86630829779846
 30
0.0
 11
-0.5643450887173671
 21
16.86630829779846
 31
0.0
  0
TEXT
  5
996
330
2
100
AcDbEntity
  8
TEXTO2
370
    -1
100
AcDbText
 10
-8.25616145348284
 20
17.72077859059879
 30
0.0
 40
0.3
  1
L E G E N D A 
 41
1.5
 51
20.0
  7
ROMANT
100
AcDbText
  0
LINE
  5
997
330
2
100
AcDbEntity
  8
TEXTO0
370
    -1
100
AcDbLine
 10
-8.607125563153922
 20
16.41630829779841
 30
0.0
 11
-0.5643450887173671
 21
16.41630829779841
 31
0.0
  0
LINE
  5
998
330
2
100
AcDbEntity
  8
TEXTO0
370
    -1
100
AcDbLine
 10
-8.607125563153922
 20
13.26630829779839
 30
0.0
 11
-0.5643450887173671
 21
13.26630829779839
 31
0.0
  0
LINE
  5
99A
330
2
100
AcDbEntity
  8
TEXTO0
370
    -1
100
AcDbLine
 10
-8.607125563153922
 20
12.81630829779838
 30
0.0
 11
-0.5643450887173671
 21
12.81630829779838
 31
0.0
  0
LINE
  5
99B
330
2
100
AcDbEntity
  8
TEXTO0
370
    -1
100
AcDbLine
 10
-8.607125563153922
 20
12.36630829779837
 30
0.0
 11
-0.5643450887173671
 21
12.36630829779837
 31
0.0
  0
LINE
  5
99C
330
2
100
AcDbEntity
  8
TEXTO0
370
    -1
100
AcDbLine
 10
-8.607125563153922
 20
14.6163082977984
 30
0.0
 11
-0.5643450887173671
 21
14.6163082977984
 31
0.0
  0
LINE
  5
99D
330
2
100
AcDbEntity
  8
TEXTO0
370
    -1
100
AcDbLine
 10
-8.607125563153922
 20
14.6163082977984
 30
0.0
 11
-0.5643450887173671
 21
14.6163082977984
 31
0.0
  0
LINE
  5
99E
330
2
100
AcDbEntity
  8
TEXTO0
370
    -1
100
AcDbLine
 10
-8.607125563153922
 20
15.0663082977984
 30
0.0
 11
-0.5643450887173671
 21
15.0663082977984
 31
0.0
  0
LINE
  5
99F
330
2
100
AcDbEntity
  8
TEXTO0
370
    -1
100
AcDbLine
 10
-8.607125563153922
 20
15.51630829779841
 30
0.0
 11
-0.5643450887173671
 21
15.51630829779841
 31
0.0
  0
LINE
  5
9A0
330
2
100
AcDbEntity
  8
TEXTO0
370
    -1
100
AcDbLine
 10
-8.607125563153922
 20
15.96630829779841
 30
0.0
 11
-0.5643450887173671
 21
15.96630829779841
 31
0.0
  0
LINE
  5
9A1
330
2
100
AcDbEntity
  8
LEGENDA
 62
     7
370
    -1
100
AcDbLine
 10
-8.707125563153888
 20
18.31630829779848
 30
0.0
 11
-0.4643450887173728
 21
18.31630829779849
 31
0.0
  0
LINE
  5
9A2
330
2
100
AcDbEntity
  8
LEGENDA
 62
     7
370
    -1
100
AcDbLine
 10
-8.707125563153888
 20
17.41630829779847
 30
0.0
 11
-0.4643450887173728
 21
17.41630829779847
 31
0.0
  0
LINE
  5
9A3
330
2
100
AcDbEntity
  8
TEXTO0
370
    -1
100
AcDbLine
 10
-8.607125563153922
 20
11.91630829779837
 30
0.0
 11
-0.5643450887173671
 21
11.91630829779837
 31
0.0
  0
LINE
  5
9A5
330
2
100
AcDbEntity
  8
TEXTO0
370
    -1
100
AcDbLine
 10
-8.607125563153922
 20
12.36630829779837
 30
0.0
 11
-0.5643450887173671
 21
12.36630829779837
 31
0.0
  0
LINE
  5
9A9
330
2
100
AcDbEntity
  8
LEGENDA
 62
     7
370
    -1
100
AcDbLine
 10
-8.707125563153888
 20
9.116308297798287
 30
0.0
 11
-0.4643450887173728
 21
9.116308297798273
 31
0.0
  0
LINE
  5
9AA
330
2
100
AcDbEntity
  8
LEGENDA
 62
     7
100
AcDbLine
 10
-7.402785235736637
 20
17.31630829779846
 30
0.0
 11
-7.402785235736609
 21
9.216308297798282
 31
0.0
  0
LINE
  5
9AB
330
2
100
AcDbEntity
  8
LEGENDA
 62
     7
370
    -1
100
AcDbLine
 10
-8.707125563153888
 20
18.31630829779848
 30
0.0
 11
-8.707125563153888
 21
9.116308297798287
 31
0.0
  0
LINE
  5
9B1
330
2
100
AcDbEntity
  8
LEGENDA
 62
     7
370
    -1
100
AcDbLine
 10
-0.4643450887173728
 20
18.31630829779849
 30
0.0
 11
-0.4643450887173728
 21
9.116308297798273
 31
0.0
  0
LWPOLYLINE
  5
9B4
330
2
100
AcDbEntity
  8
LUMINARIAS
370
    -1
100
AcDbPolyline
 90
        4
 70
     1
 43
0.0
 10
-8.395375350074296
 20
16.92743440252817
 10
-7.575375350074317
 20
16.92743440252817
 10
-7.575375350074317
 20
17.22743440252818
 10
-8.395375350074296
 20
17.22743440252818
  0
LINE
  5
9B5
330
2
100
AcDbEntity
  8
TEXTO0
370
    -1
100
AcDbLine
 10
-8.172375350074297
 20
16.92743440252817
 30
0.0
 11
-8.172375350074297
 21
17.22743440252818
 31
0.0
  0
LINE
  5
9B6
330
2
100
AcDbEntity
  8
TEXTO0
370
    -1
100
AcDbLine
 10
-8.172375350074297
 20
17.07743440252817
 30
0.0
 11
-7.575375350074317
 21
17.07743440252817
 31
0.0
  0
TEXT
  5
9B7
330
2
100
AcDbEntity
  8
TEXTO0
370
    -1
100
AcDbText
 10
-7.918375350074319
 20
16.95743440252817
 30
0.0
 40
0.09
  1
C
  7
TEXTO0
 72
     4
 11
-7.873375350074319
 21
17.00243440252817
 31
0.0
100
AcDbText
  0
TEXT
  5
9B8
330
2
100
AcDbEntity
  8
TEXTO0
370
    -1
100
AcDbText
 10
-8.323946778645725
 20
17.03243440252817
 30
0.0
 40
0.09
  1
A
  7
TEXTO0
 72
     4
 11
-8.285375350074297
 21
17.07743440252817
 31
0.0
100
AcDbText
  0
TEXT
  5
9B9
330
2
100
AcDbEntity
  8
TEXTO0
370
    -1
100
AcDbText
 10
-7.920518207217176
 20
17.10743440252817
 30
0.0
 40
0.09
  1
B
  7
TEXTO0
 72
     4
 11
-7.873375350074319
 21
17.15243440252818
 31
0.0
100
AcDbText
  0
TEXT
  5
9BA
330
2
100
AcDbEntity
  8
TEXTO0
370
    -1
100
AcDbText
 10
-3.510799572083251
 20
17.15385647260918
 30
0.0
 40
0.0825
  1
ONDE:
  7
ROMANS
100
AcDbText
  0
CIRCLE
  5
9BB
330
2
100
AcDbEntity
  8
LUMINARIAS
370
    -1
100
AcDbCircle
 10
-7.998743027034045
 20
16.63704226591044
 30
0.0
 40
0.2025
  0
LINE
  5
9BC
330
2
100
AcDbEntity
  8
TEXTO0
370
    -1
100
AcDbLine
 10
-7.998743027034045
 20
16.63704226591046
 30
0.0
 11
-7.998743027034045
 21
16.43454226591043
 31
0.0
  0
LINE
  5
9BD
330
2
100
AcDbEntity
  8
TEXTO0
370
    -1
100
AcDbLine
 10
-7.796243027034045
 20
16.63704226591046
 30
0.0
 11
-8.201243027034046
 21
16.63704226591046
 31
0.0
  0
TEXT
  5
9BE
330
2
100
AcDbEntity
  8
TEXTO0
370
    -1
100
AcDbText
 10
-8.043743027034045
 20
16.66204226591045
 30
0.0
 40
0.09
  1
C
  7
TEXTO0
 72
     4
 11
-7.998743027034045
 21
16.70704226591045
 31
0.0
100
AcDbText
  0
TEXT
  5
9BF
330
2
100
AcDbEntity
  8
TEXTO0
370
    -1
100
AcDbText
 10
-8.127314455605477
 20
16.50204226591045
 30
0.0
 40
0.09
  1
A
  7
TEXTO0
 72
     4
 11
-8.088743027034049
 21
16.54704226591045
 31
0.0
100
AcDbText
  0
TEXT
  5
9C0
330
2
100
AcDbEntity
  8
TEXTO0
370
    -1
100
AcDbText
 10
-7.955885884176899
 20
16.50204226591045
 30
0.0
 40
0.09
  1
B
  7
TEXTO0
 72
     4
 11
-7.908743027034042
 21
16.54704226591045
 31
0.0
100
AcDbText
  0
TEXT
  5
9C1
330
2
100
AcDbEntity
  8
TEXTO0
370
    -1
100
AcDbText
 10
-3.513676538639821
 20
16.46965340239504
 30
0.0
 40
0.0825
  1
C-POTENCIA
  7
ROMANS
100
AcDbText
  0
TEXT
  5
9C2
330
2
100
AcDbEntity
  8
TEXTO0
370
    -1
100
AcDbText
 10
-3.504301256297275
 20
16.58835929921398
 30
0.0
 40
0.0825
  1
A-CIRCUITO B-COMANDO
  7
ROMANS
100
AcDbText
  0
TEXT
  5
9C3
330
2
100
AcDbEntity
  8
TEXTO0
370
    -1
100
AcDbText
 10
-3.50618656077841
 20
16.71290703516843
 30
0.0
 40
0.0825
  1
ONDE:
  7
ROMANS
100
AcDbText
  0
TEXT
  5
9C4
330
2
100
AcDbEntity
  8
TEXTO0
370
    -1
100
AcDbText
 10
-7.275942580028023
 20
16.15511218519797
 30
0.0
 40
0.12
  1
PONTO DE LUZ NA PAREDE.
  7
ROMANT
100
AcDbText
  0
TEXT
  5
9C5
330
2
100
AcDbEntity
  8
TEXTO0
370
    -1
100
AcDbText
 10
-3.48517468048707
 20
16.13835929921393
 30
0.0
 40
0.0825
  1
A-CIRCUITO B-COMANDO
  7
ROMANS
100
AcDbText
  0
TEXT
  5
9C6
330
2
100
AcDbEntity
  8
TEXTO0
370
    -1
100
AcDbText
 10
-3.487059984968205
 20
16.26290703516839
 30
0.0
 40
0.0825
  1
ONDE:
  7
ROMANS
100
AcDbText
  0
TEXT
  5
9C7
330
2
100
AcDbEntity
  8
TEXTO0
370
    -1
100
AcDbText
 10
-3.494549962829616
 20
16.019653402395
 30
0.0
 40
0.0825
  1
C-POTENCIA
  7
ROMANS
100
AcDbText
  0
TEXT
  5
9C8
330
2
100
AcDbEntity
  8
TEXTO0
370
    -1
100
AcDbText
 10
-7.868433490188201
 20
16.28565897664817
 30
0.0
 40
0.09
  1
C
  7
TEXTO0
 72
     4
 11
-7.823433490188201
 21
16.33065897664817
 31
0.0
100
AcDbText
  0
LINE
  5
9C9
330
2
100
AcDbEntity
  8
TEXTO0
370
    -1
100
AcDbLine
 10
-7.823433490188201
 20
16.26065897664818
 30
0.0
 11
-7.823433490188201
 21
16.05815897664815
 31
0.0
  0
LINE
  5
9CA
330
2
100
AcDbEntity
  8
TEXTO0
370
    -1
100
AcDbLine
 10
-7.6209334901882
 20
16.26065897664818
 30
0.0
 11
-8.025933490188201
 21
16.26065897664818
 31
0.0
  0
TEXT
  5
9CB
330
2
100
AcDbEntity
  8
TEXTO0
370
    -1
100
AcDbText
 10
-7.780576347331055
 20
16.12565897664817
 30
0.0
 40
0.09
  1
B
  7
TEXTO0
 72
     4
 11
-7.733433490188197
 21
16.17065897664817
 31
0.0
100
AcDbText
  0
TEXT
  5
9CC
330
2
100
AcDbEntity
  8
TEXTO0
370
    -1
100
AcDbText
 10
-7.952004918759632
 20
16.12565897664817
 30
0.0
 40
0.09
  1
A
  7
TEXTO0
 72
     4
 11
-7.913433490188204
 21
16.17065897664817
 31
0.0
100
AcDbText
  0
LWPOLYLINE
  5
9CD
330
2
100
AcDbEntity
  8
TOMADAS
 62
     6
370
    -1
100
AcDbPolyline
 90
        3
 70
     1
 43
0.0
 10
-8.179519993058484
 20
15.5929173182409
 10
-8.179519993058484
 20
15.8429173182409
 10
-7.929519993058484
 20
15.71791731774903
  0
LWPOLYLINE
  5
9CE
330
2
100
AcDbEntity
  8
TOMADAS
 62
     6
370
    -1
100
AcDbPolyline
 90
        3
 70
     1
 43
0.0
 10
-8.170391401123048
 20
15.13681156184468
 10
-8.170391401123048
 20
15.38681156184468
 10
-7.920391401123048
 20
15.26181156135282
  0
SOLID
  5
9CF
330
2
100
AcDbEntity
  8
TOMADAS
 62
     6
370
    -1
100
AcDbTrace
 10
-8.170391401123048
 20
15.13681156184468
 30
0.0
 11
-7.920391401123048
 21
15.26181156135282
 31
0.0
 12
-8.170391401123048
 22
15.13681156184468
 32
0.0
 13
-8.170391401123048
 23
15.26181156184468
 33
0.0
  0
LWPOLYLINE
  5
9D0
330
2
100
AcDbEntity
  8
TOMADAS
 62
     6
370
    -1
100
AcDbPolyline
 90
        3
 70
     1
 43
0.0
 10
-8.16165187092205
 20
14.6888966529999
 10
-8.16165187092205
 20
14.9388966529999
 10
-7.91165187092205
 20
14.81389665250805
  0
SOLID
  5
9D1
330
2
100
AcDbEntity
  8
TOMADAS
 62
     6
370
    -1
100
AcDbTrace
 10
-8.16165187092205
 20
14.6888966529999
 30
0.0
 11
-7.91165187092205
 21
14.81389665250805
 31
0.0
 12
-8.16165187092205
 22
14.6888966529999
 32
0.0
 13
-8.16165187092205
 23
14.9388966529999
 33
0.0
  0
TEXT
  5
9D2
330
2
100
AcDbEntity
  8
TEXTO0
370
    -1
100
AcDbText
 10
-7.288220463515565
 20
12.98100709814252
 30
0.0
 40
0.125
  1
INTERRUPTOR SIMPLES DE 2 SEÇÕES .
  7
ROMANT
100
AcDbText
  0
TEXT
  5
9D3
330
2
100
AcDbEntity
  8
TEXTO0
370
    -1
100
AcDbText
 10
-7.288220463515565
 20
12.5310070981425
 30
0.0
 40
0.125
  1
INTERRUPTOR SIMPLES DE 3 SEÇÕES .
  7
ROMANT
100
AcDbText
  0
TEXT
  5
9D5
330
2
100
AcDbEntity
  8
TOMADAS
370
    -1
100
AcDbText
 10
-8.17548318710448
 20
13.33177299913808
 30
0.0
 40
0.18
  1
S
  7
ROMANT
 72
     4
 11
-8.089768901390194
 21
13.42177299913808
 31
0.0
100
AcDbText
  0
LINE
  5
9D6
330
2
100
AcDbEntity
  8
TOMADAS
370
    -1
100
AcDbLine
 10
-8.089194805409925
 20
13.51193125434191
 30
0.0
 11
-8.08919480540991
 21
13.55152723739067
 31
0.0
  0
CIRCLE
  5
9D7
330
2
100
AcDbEntity
  8
TOMADAS
370
    -1
100
AcDbCircle
 10
-8.089194805409925
 20
13.58961274727957
 30
0.0
 40
0.0380855098889015
  0
TEXT
  5
9D8
330
2
100
AcDbEntity
  8
TOMADAS
370
    -1
100
AcDbText
 10
-8.039015747601617
 20
12.89123603744279
 30
0.0
 40
0.135
  1
2
  7
ROMANT
100
AcDbText
  0
TEXT
  5
9D9
330
2
100
AcDbEntity
  8
TOMADAS
370
    -1
100
AcDbText
 10
-8.187013353490489
 20
12.888617543732
 30
0.0
 40
0.18
  1
S
  7
ROMANT
 72
     4
 11
-8.101299067776203
 21
12.978617543732
 31
0.0
100
AcDbText
  0
CIRCLE
  5
9DA
330
2
100
AcDbEntity
  8
TOMADAS
370
    -1
100
AcDbCircle
 10
-8.100724971795934
 20
13.14645729187349
 30
0.0
 40
0.0380855098889015
  0
LINE
  5
9DB
330
2
100
AcDbEntity
  8
TOMADAS
370
    -1
100
AcDbLine
 10
-8.100724971795934
 20
13.06877579893582
 30
0.0
 11
-8.10072497179592
 21
13.10837178198458
 31
0.0
  0
LINE
  5
9DC
330
2
100
AcDbEntity
  8
TOMADAS
370
    -1
100
AcDbLine
 10
-8.089262848667907
 20
12.62176527443101
 30
0.0
 11
-8.089262848667893
 21
12.66136125747977
 31
0.0
  0
CIRCLE
  5
9DD
330
2
100
AcDbEntity
  8
TOMADAS
370
    -1
100
AcDbCircle
 10
-8.089262848667907
 20
12.69944676736867
 30
0.0
 40
0.0380855098889015
  0
TEXT
  5
9DE
330
2
100
AcDbEntity
  8
TOMADAS
370
    -1
100
AcDbText
 10
-8.175551230362476
 20
12.44160701922718
 30
0.0
 40
0.18
  1
S
  7
ROMANT
 72
     4
 11
-8.08983694464819
 21
12.53160701922718
 31
0.0
100
AcDbText
  0
TEXT
  5
9DF
330
2
100
AcDbEntity
  8
TOMADAS
370
    -1
100
AcDbText
 10
-8.02755362447359
 20
12.44422551293798
 30
0.0
 40
0.135
  1
3
  7
ROMANT
100
AcDbText
  0
TEXT
  5
9E4
330
2
100
AcDbEntity
  8
TOMADAS
370
    -1
100
AcDbText
 10
-8.187013353490489
 20
11.988617543732
 30
0.0
 40
0.18
  1
S
  7
ROMANT
 72
     4
 11
-8.101299067776203
 21
12.078617543732
 31
0.0
100
AcDbText
  0
TEXT
  5
9E5
330
2
100
AcDbEntity
  8
TOMADAS
370
    -1
100
AcDbText
 10
-8.039015747601617
 20
11.9912360374428
 30
0.0
 40
0.135
  1
W2
  7
ROMANT
100
AcDbText
  0
TEXT
  5
9E6
330
2
100
AcDbEntity
  8
TEXTO0
370
    -1
100
AcDbText
 10
-7.288220463515565
 20
12.08100709814252
 30
0.0
 40
0.125
  1
INTERRUPTOR PARALELO DE 2 SEÇÕES .
  7
ROMANT
100
AcDbText
  0
LINE
  5
9F1
330
2
100
AcDbEntity
  8
TOMADAS
370
    -1
100
AcDbLine
 10
-8.100724971795934
 20
12.16877579893583
 30
0.0
 11
-8.10072497179592
 21
12.20837178198459
 31
0.0
  0
CIRCLE
  5
9F2
330
2
100
AcDbEntity
  8
TOMADAS
370
    -1
100
AcDbCircle
 10
-8.100724971795934
 20
12.24645729187349
 30
0.0
 40
0.0380855098889015
  0
LINE
  5
9F8
330
2
100
AcDbEntity
  8
TEXTO0
370
    -1
100
AcDbLine
 10
-8.607125563153922
 20
11.91630829779837
 30
0.0
 11
-0.5643450887173671
 21
11.91630829779837
 31
0.0
  0
LINE
  5
9F9
330
2
100
AcDbEntity
  8
TEXTO0
370
    -1
100
AcDbLine
 10
-8.607125563153922
 20
11.46630829779835
 30
0.0
 11
-0.5643450887173671
 21
11.46630829779835
 31
0.0
  0
LINE
  5
9FA
330
2
100
AcDbEntity
  8
TEXTO0
370
    -1
100
AcDbLine
 10
-8.607125563153922
 20
11.46630829779835
 30
0.0
 11
-0.5643450887173671
 21
11.46630829779835
 31
0.0
  0
LWPOLYLINE
  5
9FB
330
2
100
AcDbEntity
  8
LUMINARIAS
370
    -1
100
AcDbPolyline
 90
        4
 70
     1
 43
0.0
 10
-8.221736892618942
 20
11.58211491235059
 10
-7.721736892618942
 20
11.58211491235059
 10
-7.721736892618942
 20
11.71190079387628
 10
-8.221736892618942
 20
11.71190079387628
  0
LINE
  5
9FC
330
2
100
AcDbEntity
  8
LUMINARIAS
370
    -1
100
AcDbLine
 10
-8.221736892618942
 20
11.71190079387628
 30
0.0
 11
-7.721736892618942
 21
11.58211491235059
 31
0.0
  0
SOLID
  5
9FD
330
2
100
AcDbEntity
  8
LUMINARIAS
370
    -1
100
AcDbTrace
 10
-7.721736892618942
 20
11.58211491235059
 30
0.0
 11
-7.721736892618942
 21
11.71190079387628
 31
0.0
 12
-7.721736892618942
 22
11.58211491235059
 32
0.0
 13
-8.221736892618942
 23
11.71190079387628
 33
0.0
  0
LINE
  5
A02
330
2
100
AcDbEntity
  8
TEXTO0
370
    -1
100
AcDbLine
 10
-8.607125563153922
 20
10.11630829779833
 30
0.0
 11
-0.5643450887173671
 21
10.11630829779833
 31
0.0
  0
LINE
  5
A03
330
2
100
AcDbEntity
  8
TEXTO0
370
    -1
100
AcDbLine
 10
-8.607125563153922
 20
10.56630829779833
 30
0.0
 11
-0.5643450887173671
 21
10.56630829779833
 31
0.0
  0
LINE
  5
A04
330
2
100
AcDbEntity
  8
TEXTO0
370
    -1
100
AcDbLine
 10
-8.607125563153922
 20
11.01630829779835
 30
0.0
 11
-0.5643450887173671
 21
11.01630829779835
 31
0.0
  0
LINE
  5
A05
330
2
100
AcDbEntity
  8
TEXTO0
370
    -1
100
AcDbLine
 10
-8.607125563153922
 20
9.666308297798327
 30
0.0
 11
-0.5643450887173671
 21
9.666308297798327
 31
0.0
  0
LWPOLYLINE
  5
A06
330
2
100
AcDbEntity
  8
FIACAO
370
    -1
100
AcDbPolyline
 90
        2
 70
     0
 43
0.0
 10
-8.439534186272674
 20
9.686652032444758
 10
-8.439534186272674
 20
9.986652032444756
  0
LWPOLYLINE
  5
A07
330
2
100
AcDbEntity
  8
FIACAO
370
    -1
100
AcDbPolyline
 90
        3
 70
     0
 43
0.0
 10
-8.35953418627269
 20
9.686652032444758
 10
-8.35953418627269
 20
9.986652032444756
 10
-8.259534186272695
 20
9.986652032444756
  0
LWPOLYLINE
  5
A08
330
2
100
AcDbEntity
  8
FIACAO
370
    -1
100
AcDbPolyline
 90
        2
 70
     0
 43
0.0
 10
-8.164534186272668
 20
9.83665203244475
 10
-8.164534186272668
 20
9.986652032444756
  0
LWPOLYLINE
  5
A09
330
2
100
AcDbEntity
  8
FIACAO
370
    -1
100
AcDbPolyline
 90
        2
 70
     0
 43
0.0
 10
-8.22453418627267
 20
9.986652032444756
 10
-8.09953418627267
 20
9.986652032444756
  0
LWPOLYLINE
  5
A0A
330
2
100
AcDbEntity
  8
FIACAO
370
    -1
100
AcDbPolyline
 90
        2
 70
     0
 43
0.0
 10
-8.010517847520354
 20
9.83665203244475
 10
-8.010517847520354
 20
9.986652032444756
  0
LWPOLYLINE
  5
A0B
330
2
100
AcDbEntity
  8
FIACAO
370
    -1
100
AcDbPolyline
 90
        2
 70
     0
 43
0.0
 10
-7.888961373034967
 20
9.836652032444764
 10
-7.888961373034967
 20
9.986652032444756
  0
LWPOLYLINE
  5
A0C
330
2
100
AcDbEntity
  8
FIACAO
370
    -1
100
AcDbPolyline
 90
        2
 70
     0
 43
0.0
 10
-7.818961373034973
 20
9.836652032444764
 10
-7.818961373034973
 20
9.986652032444756
  0
LWPOLYLINE
  5
A0D
330
2
100
AcDbEntity
  8
FIACAO
370
    -1
100
AcDbPolyline
 90
        2
 70
     1
 43
0.01
 10
-7.823961373034969
 20
10.01665203244476
 42
1.0
 10
-7.813961373034978
 20
10.01665203244476
 42
1.0
  0
LWPOLYLINE
  5
A0E
330
2
100
AcDbEntity
  8
FIACAO
370
    -1
100
AcDbPolyline
 90
        2
 70
     1
 43
0.01
 10
-7.893961373034962
 20
10.01665203244476
 42
1.0
 10
-7.883961373034971
 20
10.01665203244476
 42
1.0
  0
LINE
  5
A10
330
2
100
AcDbEntity
  8
LEGENDA
370
    -1
100
AcDbLine
 10
-6.958706547967083
 20
7.620389555963289
 30
0.0
 11
-2.619003726305209
 21
7.620389555963289
 31
0.0
  0
LINE
  5
A11
330
2
100
AcDbEntity
  8
TEXTO0
370
    -1
100
AcDbLine
 10
-6.958706547967083
 20
7.327257141293931
 30
0.0
 11
-2.619003726305209
 21
7.327257141293931
 31
0.0
  0
LINE
  5
A12
330
2
100
AcDbEntity
  8
TEXTO0
370
    -1
100
AcDbLine
 10
-6.958706547967083
 20
7.016881598465677
 30
0.0
 11
-2.619003726305209
 21
7.016881598465677
 31
0.0
  0
LINE
  5
A18
330
2
100
AcDbEntity
  8
TEXTO0
370
    -1
100
AcDbLine
 10
-8.607125563153922
 20
11.91630829779834
 30
0.0
 11
-0.5643450887173671
 21
11.91630829779834
 31
0.0
  0
LINE
  5
A1B
330
2
100
AcDbEntity
  8
LEGENDA
 62
     7
370
    -1
100
AcDbLine
 10
-7.058706547967049
 20
8.013945716295115
 30
0.0
 11
-7.058706547967049
 21
6.551354897991704
 31
0.0
  0
LINE
  5
A1C
330
2
100
AcDbEntity
  8
LEGENDA
 62
     7
370
    -1
100
AcDbLine
 10
-7.058706547967049
 20
6.551354897991704
 30
0.0
 11
-2.530787719908702
 21
6.551354897991697
 31
0.0
  0
LINE
  5
A1D
330
2
100
AcDbEntity
  8
LEGENDA
 62
     7
370
    -1
100
AcDbLine
 10
-7.058706547967049
 20
8.013945716295115
 30
0.0
 11
-2.530787719908702
 21
8.013945716295115
 31
0.0
  0
LINE
  5
A1E
330
2
100
AcDbEntity
  8
LEGENDA
 62
     7
370
    -1
100
AcDbLine
 10
-2.530787719908702
 20
8.013945716295115
 30
0.0
 11
-2.530787719908702
 21
6.551354897991697
 31
0.0
  0
LINE
  5
A1F
330
2
100
AcDbEntity
  8
TEXTO0
370
    -1
100
AcDbLine
 10
-8.607125563153922
 20
14.6163082977984
 30
0.0
 11
-0.5643450887173671
 21
14.6163082977984
 31
0.0
  0
LINE
  5
A2D
330
2
100
AcDbEntity
  8
TEXTO0
370
    -1
100
AcDbLine
 10
-8.607125563153922
 20
13.7163082977984
 30
0.0
 11
-0.5643450887173671
 21
13.7163082977984
 31
0.0
  0
TEXT
  5
A2E
330
2
100
AcDbEntity
  8
TEXTO0
370
    -1
100
AcDbText
 10
-7.29074787874405
 20
14.33566382431535
 30
0.0
 40
0.125
  1
PONTO RESERVA PARA INTERNET/FIBRA.
  7
ROMANT
100
AcDbText
  0
LWPOLYLINE
  5
A30
330
2
100
AcDbEntity
  8
TOMADAS
 62
     6
370
    -1
100
AcDbPolyline
 90
        2
 70
     0
 43
0.0
 10
-7.86320596090237
 20
14.50779911621037
 10
-7.86320596090237
 20
14.25779911621037
  0
LWPOLYLINE
  5
A32
330
2
100
AcDbEntity
  8
TOMADAS
 62
     6
370
    -1
100
AcDbPolyline
 90
        4
 70
     0
 43
0.0
 10
-7.86320596090237
 20
14.25782100261337
 10
-8.034583433141414
 20
14.25773879550048
 10
-8.034583433141414
 20
14.50771690909758
 10
-7.86320596090237
 20
14.50779911621037
  0
LINE
  5
1D8D
330
2
100
AcDbEntity
  8
TEXTO0
370
    -1
100
AcDbLine
 10
-17.40413026253217
 20
-6.879869771029359
 30
0.0
 11
-22.28282563071239
 21
-6.879869771029359
 31
0.0
  0
TEXT
  5
1D8E
330
2
100
AcDbEntity
  8
TEXTO2
370
    -1
100
AcDbText
 10
-22.34331005033605
 20
-6.535372530762121
 30
0.0
 40
0.3
  1
PLANTA BAIXA - ELETRICO
 51
20.0
  7
ROMANT
100
AcDbText
  0
TEXT
  5
1D8F
330
2
100
AcDbEntity
  8
TEXTO0
370
    -1
100
AcDbText
 10
-17.37427101606102
 20
-6.851870360037972
 30
0.0
 40
0.15
  1
ESCALA 1/50
 51
10.0
  7
ROMANT
 72
     4
 11
-16.57784244463245
 21
-6.787584645752258
 31
0.0
100
AcDbText
  0
LINE
  5
1D94
330
2
100
AcDbEntity
  8
TEXTO0
370
    -1
100
AcDbLine
 10
-8.607125563153922
 20
14.1663082977984
 30
0.0
 11
-0.5643450887173671
 21
14.1663082977984
 31
0.0
  0
TEXT
  5
1D95
330
2
100
AcDbEntity
  8
TEXTO0
370
    -1
100
AcDbText
 10
-7.29074787874405
 20
13.88566382431535
 30
0.0
 40
0.125
  1
TOMADA P/ ANTENA DE TV.
  7
ROMANT
100
AcDbText
  0
LWPOLYLINE
  5
1D96
330
2
100
AcDbEntity
  8
TOMADAS
 62
     6
370
    -1
100
AcDbPolyline
 90
        3
 70
     1
 43
0.0
 10
-8.179519993058484
 20
13.80071983859138
 10
-8.179519993058484
 20
14.05071983859138
 10
-7.929519993058484
 20
13.92571983809952
  0
LWPOLYLINE
  5
1D97
330
2
100
AcDbEntity
  8
TOMADAS
 62
     6
370
    -1
100
AcDbPolyline
 90
        3
 70
     1
 43
0.0
 10
-7.998869617761336
 20
13.80071983859138
 10
-7.998869617761336
 20
14.05071983859138
 10
-8.248869617761336
 20
13.92571983809952
  0
TEXT
  5
1D99
330
2
100
AcDbEntity
  8
TEXTO2
370
    -1
100
AcDbText
 10
-22.47282441838193
 20
12.08378218367147
 30
0.0
 40
0.3
  1
DIAGRAMA UNIFILAR
 51
20.0
  7
ROMANT
100
AcDbText
  0
LWPOLYLINE
  5
25A4
330
2
100
AcDbEntity
  8
FIACAO
100
AcDbPolyline
 90
        2
 70
     0
 43
0.0
 10
-14.86731012111291
 20
11.68398379253344
 10
-14.74231012111291
 20
11.68398379253344
  0
LWPOLYLINE
  5
25A5
330
2
100
AcDbEntity
  8
FIACAO
100
AcDbPolyline
 90
        3
 70
     0
 43
0.0
 10
-15.00231012111291
 20
11.38398379253345
 10
-15.00231012111291
 20
11.68398379253344
 10
-14.90231012111291
 20
11.68398379253344
  0
LWPOLYLINE
  5
25A6
330
2
100
AcDbEntity
  8
FIACAO
100
AcDbPolyline
 90
        2
 70
     0
 43
0.0
 10
-15.08231012111291
 20
11.38398379253345
 10
-15.08231012111291
 20
11.68398379253344
  0
LWPOLYLINE
  5
25A7
330
2
100
AcDbEntity
  8
FIACAO
100
AcDbPolyline
 90
        2
 70
     0
 43
0.0
 10
-14.80731012111291
 20
11.53398379253344
 10
-14.80731012111291
 20
11.68398379253344
  0
LWPOLYLINE
  5
25A8
330
2
100
AcDbEntity
  8
FIACAO
100
AcDbPolyline
 90
        2
 70
     0
 43
0.0
 10
-14.86777689756276
 20
10.48398388331689
 10
-14.74277689756276
 20
10.48398388331689
  0
LWPOLYLINE
  5
25A9
330
2
100
AcDbEntity
  8
FIACAO
100
AcDbPolyline
 90
        3
 70
     0
 43
0.0
 10
-15.00277689756277
 20
10.18398388331689
 10
-15.00277689756277
 20
10.48398388331689
 10
-14.90277689756277
 20
10.48398388331689
  0
LWPOLYLINE
  5
25AA
330
2
100
AcDbEntity
  8
FIACAO
100
AcDbPolyline
 90
        2
 70
     0
 43
0.0
 10
-15.08277689756277
 20
10.18398388331689
 10
-15.08277689756277
 20
10.48398388331689
  0
LWPOLYLINE
  5
25AB
330
2
100
AcDbEntity
  8
FIACAO
100
AcDbPolyline
 90
        2
 70
     0
 43
0.0
 10
-14.80777689756276
 20
10.33398388331689
 10
-14.80777689756276
 20
10.48398388331689
  0
LWPOLYLINE
  5
25AC
330
2
100
AcDbEntity
  8
FIACAO
100
AcDbPolyline
 90
        2
 70
     0
 43
0.0
 10
-14.86801028578769
 20
9.883983928708608
 10
-14.74301028578769
 20
9.883983928708608
  0
LWPOLYLINE
  5
25AD
330
2
100
AcDbEntity
  8
FIACAO
100
AcDbPolyline
 90
        3
 70
     0
 43
0.0
 10
-15.0030102857877
 20
9.583983928708609
 10
-15.0030102857877
 20
9.883983928708608
 10
-14.90301028578769
 20
9.883983928708608
  0
LWPOLYLINE
  5
25AE
330
2
100
AcDbEntity
  8
FIACAO
100
AcDbPolyline
 90
        2
 70
     0
 43
0.0
 10
-15.08301028578769
 20
9.583983928708609
 10
-15.08301028578769
 20
9.883983928708608
  0
LWPOLYLINE
  5
25AF
330
2
100
AcDbEntity
  8
FIACAO
100
AcDbPolyline
 90
        2
 70
     0
 43
0.0
 10
-14.80801028578769
 20
9.733983928708607
 10
-14.80801028578769
 20
9.883983928708608
  0
LWPOLYLINE
  5
25B0
330
2
100
AcDbEntity
  8
FIACAO
100
AcDbPolyline
 90
        2
 70
     0
 43
0.0
 10
-14.86754350933784
 20
9.283983974100328
 10
-14.74254350933784
 20
9.283983974100328
  0
LWPOLYLINE
  5
25B1
330
2
100
AcDbEntity
  8
FIACAO
100
AcDbPolyline
 90
        3
 70
     0
 43
0.0
 10
-15.00254350933784
 20
8.98398397410033
 10
-15.00254350933784
 20
9.283983974100328
 10
-14.90254350933784
 20
9.283983974100328
  0
LWPOLYLINE
  5
25B2
330
2
100
AcDbEntity
  8
FIACAO
100
AcDbPolyline
 90
        2
 70
     0
 43
0.0
 10
-15.08254350933784
 20
8.98398397410033
 10
-15.08254350933784
 20
9.283983974100328
  0
LWPOLYLINE
  5
25B3
330
2
100
AcDbEntity
  8
FIACAO
100
AcDbPolyline
 90
        2
 70
     0
 43
0.0
 10
-14.80754350933783
 20
9.133983974100328
 10
-14.80754350933783
 20
9.283983974100328
  0
LINE
  5
25B4
330
2
100
AcDbEntity
  8
TOMADAS
 62
     6
100
AcDbLine
 10
-8.034583433141414
 20
14.38079510385929
 30
0.0
 11
-8.159583433141414
 21
14.38079510410522
 31
0.0
  0
TEXT
  5
25BF
330
2
100
AcDbEntity
  8
TOMADAS
 62
     6
100
AcDbText
 10
-7.970405912431573
 20
14.33020428675106
 30
0.0
 40
0.1
  1
i
  7
TEXTO0
100
AcDbText
  0
TEXT
  5
25C0
330
2
100
AcDbEntity
  8
TEXTO0
100
AcDbText
 10
-18.30126134648668
 20
-1.115208458076893
 30
0.0
 40
0.08
  1
Ponto de antena
  7
TEXTO0
100
AcDbText
  0
LWPOLYLINE
  5
25C1
330
2
100
AcDbEntity
  8
TEXTO0
100
AcDbPolyline
 90
        3
 70
     0
 43
0.0
 10
-17.24795373660662
 20
-1.16748970746967
 10
-18.35328934559548
 20
-1.16748970746967
 10
-18.47259727939719
 20
-1.530247515694285
  0
TEXT
  5
25C2
330
2
100
AcDbEntity
  8
TEXTO0
100
AcDbText
 10
-18.30126134648668
 20
-1.267731048083633
 30
0.0
 40
0.08
  1
Sobre até telhado
  7
TEXTO0
100
AcDbText
  0
LWPOLYLINE
  5
25F5
330
2
100
AcDbEntity
  8
FIACAO
100
AcDbPolyline
 90
        2
 70
     0
 43
0.0
 10
-19.70740172840931
 20
4.158763679762306
 10
-19.80078362880269
 20
4.443859840169492
  0
LWPOLYLINE
  5
25F6
330
2
100
AcDbEntity
  8
FIACAO
100
AcDbPolyline
 90
        3
 70
     0
 43
0.0
 10
-19.63137608563406
 20
4.18366551986721
 10
-19.72475798602744
 20
4.468761680274395
 10
-19.62972593255838
 20
4.499888980405524
  0
LWPOLYLINE
  5
25F7
330
2
100
AcDbEntity
  8
FIACAO
100
AcDbPolyline
 90
        2
 70
     0
 43
0.0
 10
-19.49020311068158
 20
4.387747541182936
 10
-19.53689406087828
 20
4.530295621386528
  0
LINE
  5
25F8
330
2
100
AcDbEntity
  8
FIACAO
100
AcDbLine
 10
-19.58694945250802
 20
4.513900214346866
 30
0.0
 11
-19.48683866924853
 21
4.54669102842619
 31
0.0
  0
LWPOLYLINE
  5
25F9
330
2
100
AcDbEntity
  8
FIACAO
100
AcDbPolyline
 90
        2
 70
     0
 43
0.0
 10
-21.53827530327985
 20
4.589868433144669
 10
-21.39682096569954
 20
4.854425932338543
  0
LWPOLYLINE
  5
25FA
330
2
100
AcDbEntity
  8
FIACAO
100
AcDbPolyline
 90
        3
 70
     0
 43
0.0
 10
-21.46772663682815
 20
4.552147276456587
 10
-21.32627229924784
 20
4.816704775650461
 10
-21.23808646618322
 20
4.76955332979036
  0
LWPOLYLINE
  5
25FB
330
2
100
AcDbEntity
  8
FIACAO
100
AcDbPolyline
 90
        2
 70
     0
 43
0.0
 10
-21.22266948002544
 20
4.591214784452592
 10
-21.15194231123529
 20
4.723493534049529
  0
LINE
  5
25FC
330
2
100
AcDbEntity
  8
FIACAO
100
AcDbLine
 10
-21.19839165384243
 20
4.748329197410253
 30
0.0
 11
-21.10549296862814
 21
4.698657870688804
 31
0.0
  0
LWPOLYLINE
  5
25FD
330
2
100
AcDbEntity
  8
FIACAO
100
AcDbPolyline
 90
        2
 70
     0
 43
0.0
 10
-20.77040955011156
 20
2.657568045113242
 10
-21.0602367197783
 20
2.735029078691229
  0
LWPOLYLINE
  5
25FE
330
2
100
AcDbEntity
  8
FIACAO
100
AcDbPolyline
 90
        3
 70
     0
 43
0.0
 10
-20.74975327449076
 20
2.734855290357704
 10
-21.0395804441575
 20
2.812316323935692
 10
-21.0137600996315
 20
2.90892538049127
  0
LWPOLYLINE
  5
25FF
330
2
100
AcDbEntity
  8
FIACAO
100
AcDbPolyline
 90
        2
 70
     0
 43
0.0
 10
-20.84362396280357
 20
2.964567227698637
 10
-20.98853754763694
 20
3.003297744487631
  0
LINE
  5
2600
330
2
100
AcDbEntity
  8
FIACAO
100
AcDbLine
 10
-21.00213766896531
 20
2.952411711992883
 30
0.0
 11
-20.97493742630857
 21
3.054183776982379
 31
0.0
  0
LWPOLYLINE
  5
2601
330
2
100
AcDbEntity
  8
FIACAO
100
AcDbPolyline
 90
        2
 70
     0
 43
0.0
 10
-19.92478443817508
 20
1.423171698147419
 10
-19.88156009316965
 20
1.72004146083613
  0
LWPOLYLINE
  5
2602
330
2
100
AcDbEntity
  8
FIACAO
100
AcDbPolyline
 90
        3
 70
     0
 43
0.0
 10
-19.84561916812475
 20
1.411645206145972
 10
-19.80239482311933
 20
1.708514968834684
 10
-19.70343823555643
 20
1.694106853832876
  0
LWPOLYLINE
  5
2603
330
2
100
AcDbEntity
  8
FIACAO
100
AcDbPolyline
 90
        2
 70
     0
 43
0.0
 10
-19.6283848630856
 20
1.531597434117784
 10
-19.60677269058289
 20
1.68003231546214
  0
LINE
  5
2604
330
2
100
AcDbEntity
  8
FIACAO
100
AcDbLine
 10
-19.65889521728822
 20
1.687621374234785
 30
0.0
 11
-19.55465016387755
 21
1.672443256689495
 31
0.0
  0
LWPOLYLINE
  5
2605
330
2
100
AcDbEntity
  8
FIACAO
100
AcDbPolyline
 90
        2
 70
     0
 43
0.0
 10
-21.47137018234515
 20
-1.338093709999674
 10
-21.70977016503626
 20
-1.155979876771993
  0
LWPOLYLINE
  5
2606
330
2
100
AcDbEntity
  8
FIACAO
100
AcDbPolyline
 90
        3
 70
     0
 43
0.0
 10
-21.42280649348444
 20
-1.274520381282045
 10
-21.66120647617554
 20
-1.092406548054364
 10
-21.60050186509965
 20
-1.012939887157329
  0
LWPOLYLINE
  5
2607
330
2
100
AcDbEntity
  8
FIACAO
100
AcDbPolyline
 90
        2
 70
     0
 43
0.0
 10
-21.42200269563392
 20
-1.026369954745518
 10
-21.54120268697947
 20
-0.9353130381316772
  0
LINE
  5
2608
330
2
100
AcDbEntity
  8
FIACAO
100
AcDbLine
 10
-21.5731770889861
 20
-0.9771698084265965
 30
0.0
 11
-21.50922828497284
 21
-0.8934562678367579
 31
0.0
  0
LWPOLYLINE
  5
2609
330
2
100
AcDbEntity
  8
FIACAO
100
AcDbPolyline
 90
        2
 70
     0
 43
0.0
 10
-21.86182927019037
 20
0.2485406562799052
 10
-21.65201091053577
 20
0.4629614014326366
  0
LWPOLYLINE
  5
260A
330
2
100
AcDbEntity
  8
FIACAO
100
AcDbPolyline
 90
        3
 70
     0
 43
0.0
 10
-21.80465040481631
 20
0.192589093705345
 10
-21.59483204516171
 20
0.4070098388580763
 10
-21.52335846344413
 20
0.3370703856398763
  0
LWPOLYLINE
  5
260B
330
2
100
AcDbEntity
  8
FIACAO
100
AcDbPolyline
 90
        2
 70
     0
 43
0.0
 10
-21.5584488176824
 20
0.1615397978358898
 10
-21.4535396378551
 20
0.2687501704122556
  0
LINE
  5
260C
330
2
100
AcDbEntity
  8
FIACAO
100
AcDbLine
 10
-21.49118628436493
 20
0.3055887590085414
 30
0.0
 11
-21.41589299134526
 21
0.2319115818159697
 31
0.0
  0
LWPOLYLINE
  5
260D
330
2
100
AcDbEntity
  8
FIACAO
100
AcDbPolyline
 90
        2
 70
     0
 43
0.0
 10
-20.85320146778979
 20
0.4462783042349865
 10
-21.15318015962255
 20
0.442702769827084
  0
LWPOLYLINE
  5
260E
330
2
100
AcDbEntity
  8
FIACAO
100
AcDbPolyline
 90
        3
 70
     0
 43
0.0
 10
-20.8541549436319
 20
0.5262726220570576
 10
-21.15413363546466
 20
0.5226970876491552
 10
-21.1553254802673
 20
0.6226899849267437
  0
LWPOLYLINE
  5
260F
330
2
100
AcDbEntity
  8
FIACAO
100
AcDbPolyline
 90
        2
 70
     0
 43
0.0
 10
-21.0065003855666
 20
0.722155614179815
 10
-21.15648973148298
 20
0.7203678469758638
  0
LINE
  5
2610
330
2
100
AcDbEntity
  8
FIACAO
100
AcDbLine
 10
-21.15586196162871
 20
0.6676994740352358
 30
0.0
 11
-21.15711750133726
 21
0.7730362199164916
 31
0.0
  0
LWPOLYLINE
  5
2611
330
2
100
AcDbEntity
  8
FIACAO
100
AcDbPolyline
 90
        2
 70
     0
 43
0.0
 10
-19.02661641125049
 20
1.919612576384941
 10
-19.11324571980636
 20
2.206832636441915
  0
LWPOLYLINE
  5
2612
330
2
100
AcDbEntity
  8
FIACAO
100
AcDbPolyline
 90
        3
 70
     0
 43
0.0
 10
-18.9500243952353
 20
1.942713725333173
 10
-19.03665370379117
 20
2.229933785390147
 10
-18.94091368377217
 20
2.258810221575437
  0
LWPOLYLINE
  5
2613
330
2
100
AcDbEntity
  8
FIACAO
100
AcDbPolyline
 90
        2
 70
     0
 43
0.0
 10
-18.80407558210343
 20
2.143408080576776
 10
-18.84739023638137
 20
2.287018110605263
  0
LINE
  5
2614
330
2
100
AcDbEntity
  8
FIACAO
100
AcDbLine
 10
-18.89781852896004
 20
2.271808281191269
 30
0.0
 11
-18.79696194380269
 21
2.302227940019256
 31
0.0
  0
LWPOLYLINE
  5
2615
330
2
100
AcDbEntity
  8
FIACAO
100
AcDbPolyline
 90
        2
 70
     0
 43
0.0
 10
-19.41363657088967
 20
0.1480981816969007
 10
-19.41363657088967
 20
0.4480981816969005
  0
LWPOLYLINE
  5
2616
330
2
100
AcDbEntity
  8
FIACAO
100
AcDbPolyline
 90
        3
 70
     0
 43
0.0
 10
-19.33363657088967
 20
0.1480981816969007
 10
-19.33363657088967
 20
0.4480981816969005
 10
-19.23363657088967
 20
0.4480981816969005
  0
LWPOLYLINE
  5
2617
330
2
100
AcDbEntity
  8
FIACAO
100
AcDbPolyline
 90
        2
 70
     0
 43
0.0
 10
-19.13595177056034
 20
0.2980981816969006
 10
-19.13595177056034
 20
0.4480981816969005
  0
LINE
  5
2618
330
2
100
AcDbEntity
  8
FIACAO
100
AcDbLine
 10
-19.18862388465502
 20
0.4480981816969005
 30
0.0
 11
-19.08327965646566
 21
0.4480981816969005
 31
0.0
  0
LINE
  5
2619
330
2
100
AcDbEntity
  8
FIACAO
100
AcDbLine
 10
-19.68292317547633
 20
-0.0887204334517051
 30
0.0
 11
-19.4071407563987
 21
0.3063985862346499
 31
0.0
  0
LINE
  5
261A
330
2
100
AcDbEntity
  8
FIACAO
100
AcDbLine
 10
-19.4071407563987
 20
0.3063985862346499
 30
0.0
 11
-18.99573221253838
 21
0.3063985862346499
 31
0.0
  0
LWPOLYLINE
  5
261B
330
2
100
AcDbEntity
  8
FIACAO
100
AcDbPolyline
 90
        2
 70
     0
 43
0.0
 10
-20.50170287509926
 20
-0.2608558008558494
 10
-20.58431142376641
 20
0.027546396928959
  0
LINE
  5
261C
330
2
100
AcDbEntity
  8
FIACAO
100
AcDbLine
 10
-20.38815637275145
 20
-0.0722999847668216
 30
0.0
 11
-20.42946064708502
 21
0.0719011141255826
 31
0.0
  0
LINE
  5
261D
330
2
100
AcDbEntity
  8
FIACAO
100
AcDbLine
 10
-20.47752768004915
 20
0.0581330226810583
 30
0.0
 11
-20.38139361412088
 21
0.0856692055701068
 31
0.0
  0
LWPOLYLINE
  5
261E
330
2
100
AcDbEntity
  8
FIACAO
100
AcDbPolyline
 90
        2
 70
     0
 43
0.0
 10
-20.31775908742267
 20
-0.0521357224422454
 10
-20.35906336175624
 20
0.0920653764501588
  0
LWPOLYLINE
  5
261F
330
2
100
AcDbEntity
  8
FIACAO
100
AcDbPolyline
 90
        2
 70
     0
 43
0.0
 10
-20.5731364316242
 20
-0.2813168877545714
 10
-20.65574498029135
 20
0.007085310030237
  0
LINE
  5
2620
330
2
100
AcDbEntity
  8
FIACAO
100
AcDbLine
 10
-20.58431142376641
 20
0.027546396928959
 30
0.0
 11
-20.50808144532105
 21
0.0493813480238781
 31
0.0
  0
LWPOLYLINE
  5
2621
330
2
100
AcDbEntity
  8
FIACAO
100
AcDbPolyline
 90
        2
 70
     0
 43
0.0
 10
-20.61079221511666
 20
1.790481353206181
 10
-20.55427074440026
 20
2.085108784631116
  0
LWPOLYLINE
  5
2622
330
2
100
AcDbEntity
  8
FIACAO
100
AcDbPolyline
 90
        3
 70
     0
 43
0.0
 10
-20.53222490007001
 20
1.775408961015139
 10
-20.47570342935361
 20
2.070036392440074
 10
-20.3774942855453
 20
2.051195902201271
  0
LWPOLYLINE
  5
2623
330
2
100
AcDbEntity
  8
FIACAO
100
AcDbPolyline
 90
        2
 70
     0
 43
0.0
 10
-20.30981961486921
 20
1.885477891217964
 10
-20.28155887951101
 20
2.032791606930432
  0
LINE
  5
2624
330
2
100
AcDbEntity
  8
FIACAO
100
AcDbLine
 10
-20.33328771178913
 20
2.042715291445011
 30
0.0
 11
-20.22983004723288
 21
2.022867922415852
 31
0.0
  0
LINE
  5
2625
330
2
100
AcDbEntity
  8
FIACAO
100
AcDbLine
 10
-20.15000247689256
 20
2.501353597780291
 30
0.0
 11
-20.20963206155593
 21
2.771418283525517
 31
0.0
  0
LINE
  5
2626
330
2
100
AcDbEntity
  8
FIACAO
100
AcDbLine
 10
-20.20963206155593
 20
2.771418283525517
 30
0.0
 11
-20.59722442744388
 21
2.771418283525517
 31
0.0
  0
LWPOLYLINE
  5
2627
330
2
100
AcDbEntity
  8
FIACAO
100
AcDbPolyline
 90
        2
 70
     0
 43
0.0
 10
-19.36963268662239
 20
2.106387948342233
 10
-19.36963268662239
 20
2.406387948342233
  0
LINE
  5
2628
330
2
100
AcDbEntity
  8
FIACAO
100
AcDbLine
 10
-19.20855474282988
 20
2.256387948342233
 30
0.0
 11
-19.20855474282988
 21
2.406387948342233
 31
0.0
  0
LINE
  5
2629
330
2
100
AcDbEntity
  8
FIACAO
100
AcDbLine
 10
-19.25855474282988
 20
2.406387948342233
 30
0.0
 11
-19.15855474282989
 21
2.406387948342233
 31
0.0
  0
LWPOLYLINE
  5
262A
330
2
100
AcDbEntity
  8
FIACAO
100
AcDbPolyline
 90
        2
 70
     0
 43
0.0
 10
-19.13532650198828
 20
2.256387948342233
 10
-19.13532650198828
 20
2.406387948342233
  0
LWPOLYLINE
  5
262B
330
2
100
AcDbEntity
  8
FIACAO
100
AcDbPolyline
 90
        2
 70
     0
 43
0.0
 10
-19.4439388712565
 20
2.106387948342233
 10
-19.4439388712565
 20
2.406387948342233
  0
LINE
  5
262C
330
2
100
AcDbEntity
  8
FIACAO
100
AcDbLine
 10
-19.36963268662239
 20
2.406387948342233
 30
0.0
 11
-19.2903371968194
 21
2.406387948342233
 31
0.0
  0
LWPOLYLINE
  5
262D
330
2
100
AcDbEntity
  8
FIACAO
100
AcDbPolyline
 90
        2
 70
     0
 43
0.0
 10
-20.47347783642741
 20
2.767953052621726
 10
-20.47347783642741
 20
2.917953052621726
  0
LWPOLYLINE
  5
262E
330
2
100
AcDbEntity
  8
FIACAO
100
AcDbPolyline
 90
        3
 70
     0
 43
0.0
 10
-20.39070257496385
 20
2.617953052621727
 10
-20.39070257496385
 20
2.917953052621726
 10
-20.29070257496385
 20
2.917953052621726
  0
LINE
  5
262F
330
2
100
AcDbEntity
  8
FIACAO
100
AcDbLine
 10
-19.89983568675709
 20
2.567618493564275
 30
0.0
 11
-19.70902100709084
 21
2.996668551158987
 31
0.0
  0
LINE
  5
2630
330
2
100
AcDbEntity
  8
FIACAO
100
AcDbLine
 10
-19.70902100709084
 20
2.996668551158987
 30
0.0
 11
-19.21767318399863
 21
2.996668551158987
 31
0.0
  0
LWPOLYLINE
  5
2631
330
2
100
AcDbEntity
  8
FIACAO
100
AcDbPolyline
 90
        2
 70
     0
 43
0.0
 10
-19.66624379618188
 20
2.841901324167962
 10
-19.66624379618188
 20
3.141901324167962
  0
LWPOLYLINE
  5
2632
330
2
100
AcDbEntity
  8
FIACAO
100
AcDbPolyline
 90
        3
 70
     0
 43
0.0
 10
-19.58624379618189
 20
2.841901324167962
 10
-19.58624379618189
 20
3.141901324167962
 10
-19.48624379618188
 20
3.141901324167962
  0
LWPOLYLINE
  5
2633
330
2
100
AcDbEntity
  8
FIACAO
100
AcDbPolyline
 90
        2
 70
     0
 43
0.0
 10
-19.38855899585256
 20
2.991901324167962
 10
-19.38855899585256
 20
3.141901324167962
  0
LINE
  5
2634
330
2
100
AcDbEntity
  8
FIACAO
100
AcDbLine
 10
-19.44123110994724
 20
3.141901324167962
 30
0.0
 11
-19.33588688175788
 21
3.141901324167962
 31
0.0
  0
LWPOLYLINE
  5
2635
330
2
100
AcDbEntity
  8
FIACAO
100
AcDbPolyline
 90
        2
 70
     0
 43
0.0
 10
-20.1556668373129
 20
3.457794086436435
 10
-19.88813273242087
 20
3.593534657820316
  0
LINE
  5
2636
330
2
100
AcDbEntity
  8
FIACAO
100
AcDbLine
 10
-19.94901707777443
 20
3.382018227093788
 30
0.0
 11
-19.81525002532842
 21
3.449888512785728
 31
0.0
  0
LINE
  5
2637
330
2
100
AcDbEntity
  8
FIACAO
100
AcDbLine
 10
-19.8378734538924
 20
3.494477530267732
 30
0.0
 11
-19.79262659676444
 21
3.405299495303724
 31
0.0
  0
LWPOLYLINE
  5
2638
330
2
100
AcDbEntity
  8
FIACAO
100
AcDbPolyline
 90
        2
 70
     0
 43
0.0
 10
-19.91588360026351
 20
3.316714720872536
 10
-19.7821165478175
 20
3.384585006564477
  0
LWPOLYLINE
  5
2639
330
2
100
AcDbEntity
  8
FIACAO
100
AcDbPolyline
 90
        2
 70
     0
 43
0.0
 10
-20.18928805051153
 20
3.52405888174986
 10
-19.9217539456195
 20
3.659799453133742
  0
LINE
  5
263A
330
2
100
AcDbEntity
  8
FIACAO
100
AcDbLine
 10
-19.88813273242087
 20
3.593534657820316
 30
0.0
 11
-19.8522540154408
 21
3.522820498198921
 31
0.0
  0
LWPOLYLINE
  5
263B
330
2
100
AcDbEntity
  8
FIACAO
100
AcDbPolyline
 90
        2
 70
     0
 43
0.0
 10
-19.18131999490894
 20
2.045786881889914
 10
-19.10457971807372
 20
2.144457697794383
  0
LWPOLYLINE
  5
263C
330
2
100
AcDbEntity
  8
FIACAO
100
AcDbPolyline
 90
        3
 70
     0
 43
0.0
 10
-19.02738953572025
 20
1.755045736308557
 10
-19.26419949389098
 20
1.939222400713088
 10
-19.2028072724228
 20
2.018159053436662
  0
LWPOLYLINE
  5
263D
330
2
100
AcDbEntity
  8
FIACAO
100
AcDbPolyline
 90
        2
 70
     0
 43
0.0
 10
-19.07650331289479
 20
1.691896414129697
 10
-19.31331327106552
 20
1.876073078534227
  0
LWPOLYLINE
  5
263E
330
2
100
AcDbEntity
  8
FIACAO
100
AcDbPolyline
 90
        2
 70
     0
 43
0.0
 10
-19.02607968294267
 20
2.001060541321794
 10
-19.14448466202803
 20
2.093148873524059
  0
LWPOLYLINE
  5
263F
330
2
100
AcDbEntity
  8
FIACAO
100
AcDbPolyline
 90
        2
 70
     0
 43
0.0
 10
-21.3195685920935
 20
2.191493719209054
 10
-21.2121384594865
 20
2.127589364051972
  0
LWPOLYLINE
  5
2640
330
2
100
AcDbEntity
  8
FIACAO
100
AcDbPolyline
 90
        3
 70
     0
 43
0.0
 10
-21.58896358768606
 20
2.002678104521904
 10
-21.43559313530906
 20
2.260510422778702
 10
-21.34964902922346
 20
2.209386938653037
  0
LWPOLYLINE
  5
2641
330
2
100
AcDbEntity
  8
FIACAO
100
AcDbPolyline
 90
        2
 70
     0
 43
0.0
 10
-21.65771887255454
 20
2.043576891822437
 10
-21.50434842017754
 20
2.301409210079235
  0
LWPOLYLINE
  5
2642
330
2
100
AcDbEntity
  8
FIACAO
100
AcDbPolyline
 90
        2
 70
     0
 43
0.0
 10
-21.34468735463064
 20
2.031903469605255
 10
-21.26800212844214
 20
2.160819628733655
  0
LWPOLYLINE
  5
2643
330
2
100
AcDbEntity
  8
FIACAO
100
AcDbPolyline
 90
        2
 70
     0
 43
0.0
 10
-20.07824174328569
 20
1.74192668956959
 10
-19.95396491587878
 20
1.728500216850581
  0
LWPOLYLINE
  5
2644
330
2
100
AcDbEntity
  8
FIACAO
100
AcDbPolyline
 90
        3
 70
     0
 43
0.0
 10
-20.24468425141076
 20
1.458162894329545
 10
-20.21246071688514
 20
1.756427280106118
 10
-20.11303925495962
 20
1.745686101930912
  0
LWPOLYLINE
  5
2645
330
2
100
AcDbEntity
  8
FIACAO
100
AcDbPolyline
 90
        2
 70
     0
 43
0.0
 10
-20.32422142095118
 20
1.466755836869711
 10
-20.29199788642556
 20
1.765020222646283
  0
LWPOLYLINE
  5
2646
330
2
100
AcDbEntity
  8
FIACAO
100
AcDbPolyline
 90
        2
 70
     0
 43
0.0
 10
-20.03470063339318
 20
1.586349789776179
 10
-20.01858886613037
 20
1.735481982664466
  0
LINE
  5
2647
330
2
100
AcDbEntity
  8
FIACAO
100
AcDbLine
 10
-18.83350244608504
 20
1.115550577327394
 30
0.0
 11
-18.5113520213335
 21
0.817844383759482
 31
0.0
  0
LINE
  5
2648
330
2
100
AcDbEntity
  8
FIACAO
100
AcDbLine
 10
-18.5113520213335
 20
0.817844383759482
 30
0.0
 11
-19.42930752144039
 21
0.817844383759482
 31
0.0
  0
LWPOLYLINE
  5
2649
330
2
100
AcDbEntity
  8
FIACAO
100
AcDbPolyline
 90
        2
 70
     0
 43
0.0
 10
-19.19408507691492
 20
0.6678443837594821
 10
-19.19408507691492
 20
0.9678443837594819
  0
LINE
  5
264A
330
2
100
AcDbEntity
  8
FIACAO
100
AcDbLine
 10
-19.03300713312241
 20
0.817844383759482
 30
0.0
 11
-19.03300713312241
 21
0.9678443837594819
 31
0.0
  0
LINE
  5
264B
330
2
100
AcDbEntity
  8
FIACAO
100
AcDbLine
 10
-19.08300713312241
 20
0.9678443837594819
 30
0.0
 11
-18.98300713312241
 21
0.9678443837594819
 31
0.0
  0
LWPOLYLINE
  5
264C
330
2
100
AcDbEntity
  8
FIACAO
100
AcDbPolyline
 90
        2
 70
     0
 43
0.0
 10
-18.95977889228081
 20
0.817844383759482
 10
-18.95977889228081
 20
0.9678443837594819
  0
LWPOLYLINE
  5
264D
330
2
100
AcDbEntity
  8
FIACAO
100
AcDbPolyline
 90
        2
 70
     0
 43
0.0
 10
-19.26839126154903
 20
0.6678443837594821
 10
-19.26839126154903
 20
0.9678443837594819
  0
LINE
  5
264E
330
2
100
AcDbEntity
  8
FIACAO
100
AcDbLine
 10
-19.19408507691492
 20
0.9678443837594819
 30
0.0
 11
-19.11478958711193
 21
0.9678443837594819
 31
0.0
  0
LINE
  5
264F
330
2
100
AcDbEntity
  8
FIACAO
100
AcDbLine
 10
-18.56328573003735
 20
1.368427011106764
 30
0.0
 11
-18.24290682085147
 21
1.115850244335892
 31
0.0
  0
LINE
  5
2650
330
2
100
AcDbEntity
  8
FIACAO
100
AcDbLine
 10
-18.24290682085147
 20
1.115850244335892
 30
0.0
 11
-17.79081659059134
 21
1.115850244335892
 31
0.0
  0
LWPOLYLINE
  5
2651
330
2
100
AcDbEntity
  8
FIACAO
100
AcDbPolyline
 90
        2
 70
     0
 43
0.0
 10
-18.27710384548926
 20
0.9587354222842976
 10
-18.27710384548926
 20
1.258735422284297
  0
LWPOLYLINE
  5
2652
330
2
100
AcDbEntity
  8
FIACAO
100
AcDbPolyline
 90
        3
 70
     0
 43
0.0
 10
-18.19710384548926
 20
0.9587354222842976
 10
-18.19710384548926
 20
1.258735422284297
 10
-18.09710384548926
 20
1.258735422284297
  0
LWPOLYLINE
  5
2653
330
2
100
AcDbEntity
  8
FIACAO
100
AcDbPolyline
 90
        2
 70
     0
 43
0.0
 10
-17.99941904515994
 20
1.108735422284298
 10
-17.99941904515994
 20
1.258735422284297
  0
LINE
  5
2654
330
2
100
AcDbEntity
  8
FIACAO
100
AcDbLine
 10
-18.05209115925462
 20
1.258735422284297
 30
0.0
 11
-17.94674693106526
 21
1.258735422284297
 31
0.0
  0
LWPOLYLINE
  5
2655
330
2
100
AcDbEntity
  8
FIACAO
100
AcDbPolyline
 90
        2
 70
     0
 43
0.0
 10
-18.12257520108072
 20
1.938684549217025
 10
-18.12257520108072
 20
2.238684549217024
  0
LWPOLYLINE
  5
2656
330
2
100
AcDbEntity
  8
FIACAO
100
AcDbPolyline
 90
        3
 70
     0
 43
0.0
 10
-18.04257520108073
 20
1.938684549217025
 10
-18.04257520108073
 20
2.238684549217024
 10
-17.94257520108073
 20
2.238684549217024
  0
LWPOLYLINE
  5
2657
330
2
100
AcDbEntity
  8
FIACAO
100
AcDbPolyline
 90
        2
 70
     0
 43
0.0
 10
-17.8448904007514
 20
2.088684549217025
 10
-17.8448904007514
 20
2.238684549217024
  0
LINE
  5
2658
330
2
100
AcDbEntity
  8
FIACAO
100
AcDbLine
 10
-17.89756251484608
 20
2.238684549217024
 30
0.0
 11
-17.79221828665672
 21
2.238684549217024
 31
0.0
  0
LWPOLYLINE
  5
2659
330
2
100
AcDbEntity
  8
FIACAO
100
AcDbPolyline
 90
        2
 70
     0
 43
0.0
 10
-16.49131808583345
 20
1.596305038919403
 10
-16.33807016159664
 20
1.854210203111805
  0
LWPOLYLINE
  5
265A
330
2
100
AcDbEntity
  8
FIACAO
100
AcDbPolyline
 90
        3
 70
     0
 43
0.0
 10
-16.42254337538214
 20
1.555438925789588
 10
-16.26929545114534
 20
1.81334408998199
 10
-16.1833270630812
 20
1.762261448569721
  0
LWPOLYLINE
  5
265B
330
2
100
AcDbEntity
  8
FIACAO
100
AcDbPolyline
 90
        2
 70
     0
 43
0.0
 10
-16.17597297697282
 20
1.583408890207
 10
-16.09934901485441
 20
1.712361472303201
  0
LINE
  5
265C
330
2
100
AcDbEntity
  8
FIACAO
100
AcDbLine
 10
-16.14463038230091
 20
1.739267779470448
 30
0.0
 11
-16.05406764740792
 21
1.685455165135955
 31
0.0
  0
LWPOLYLINE
  5
265D
330
2
100
AcDbEntity
  8
FIACAO
100
AcDbPolyline
 90
        2
 70
     0
 43
0.0
 10
-18.06315893558469
 20
3.831294918121138
 10
-17.91830898879109
 20
4.094008627154166
  0
LWPOLYLINE
  5
265E
330
2
100
AcDbEntity
  8
FIACAO
100
AcDbPolyline
 90
        3
 70
     0
 43
0.0
 10
-17.99310194650922
 20
3.792668265642844
 10
-17.84825199971561
 20
4.055381974675872
 10
-17.76068076337127
 20
4.007098659078005
  0
LWPOLYLINE
  5
265F
330
2
100
AcDbEntity
  8
FIACAO
100
AcDbPolyline
 90
        2
 70
     0
 43
0.0
 10
-17.74756194939918
 20
3.828576344127336
 10
-17.67513697600238
 20
3.95993319864385
  0
LINE
  5
2660
330
2
100
AcDbEntity
  8
FIACAO
100
AcDbLine
 10
-17.72126259752379
 20
3.985365041724253
 30
0.0
 11
-17.62901135448097
 21
3.934501355563447
 31
0.0
  0
LWPOLYLINE
  5
2661
330
2
100
AcDbEntity
  8
FIACAO
100
AcDbPolyline
 90
        2
 70
     0
 43
0.0
 10
-18.35839200514675
 20
3.661048808423789
 10
-18.65839200514675
 20
3.661048808423789
  0
LWPOLYLINE
  5
2662
330
2
100
AcDbEntity
  8
FIACAO
100
AcDbPolyline
 90
        3
 70
     0
 43
0.0
 10
-18.35839200514675
 20
3.741048808423789
 10
-18.65839200514675
 20
3.741048808423789
 10
-18.65839200514675
 20
3.841048808423789
  0
LWPOLYLINE
  5
2663
330
2
100
AcDbEntity
  8
FIACAO
100
AcDbPolyline
 90
        2
 70
     0
 43
0.0
 10
-18.50839200514675
 20
3.938733608753114
 10
-18.65839200514675
 20
3.938733608753114
  0
LINE
  5
2664
330
2
100
AcDbEntity
  8
FIACAO
100
AcDbLine
 10
-18.65839200514675
 20
3.886061494658434
 30
0.0
 11
-18.65839200514675
 21
3.991405722847794
 31
0.0
  0
LWPOLYLINE
  5
2665
330
2
100
AcDbEntity
  8
FIACAO
100
AcDbPolyline
 90
        2
 70
     0
 43
0.0
 10
-15.56227273702686
 20
2.393056383673624
 10
-15.26227273702686
 20
2.393056383673624
  0
LWPOLYLINE
  5
2666
330
2
100
AcDbEntity
  8
FIACAO
100
AcDbPolyline
 90
        3
 70
     0
 43
0.0
 10
-15.56227273702686
 20
2.313056383673624
 10
-15.26227273702686
 20
2.313056383673624
 10
-15.26227273702686
 20
2.213056383673625
  0
LWPOLYLINE
  5
2667
330
2
100
AcDbEntity
  8
FIACAO
100
AcDbPolyline
 90
        2
 70
     0
 43
0.0
 10
-15.41227273702686
 20
2.1153715833443
 10
-15.26227273702686
 20
2.115371583344299
  0
LINE
  5
2668
330
2
100
AcDbEntity
  8
FIACAO
100
AcDbLine
 10
-15.26227273702686
 20
2.168043697438979
 30
0.0
 11
-15.26227273702686
 21
2.062699469249619
 31
0.0
  0
LWPOLYLINE
  5
2669
330
2
100
AcDbEntity
  8
FIACAO
100
AcDbPolyline
 90
        2
 70
     0
 43
0.0
 10
-16.87546636441142
 20
-0.4908503008937806
 10
-16.87546636441142
 20
-0.1908503008937807
  0
LWPOLYLINE
  5
266A
330
2
100
AcDbEntity
  8
FIACAO
100
AcDbPolyline
 90
        3
 70
     0
 43
0.0
 10
-16.79546636441142
 20
-0.4908503008937806
 10
-16.79546636441142
 20
-0.1908503008937807
 10
-16.69546636441142
 20
-0.1908503008937807
  0
LWPOLYLINE
  5
266B
330
2
100
AcDbEntity
  8
FIACAO
100
AcDbPolyline
 90
        2
 70
     0
 43
0.0
 10
-16.59778156408209
 20
-0.3408503008937807
 10
-16.59778156408209
 20
-0.1908503008937807
  0
LINE
  5
266C
330
2
100
AcDbEntity
  8
FIACAO
100
AcDbLine
 10
-16.65045367817677
 20
-0.1908503008937807
 30
0.0
 11
-16.54510944998741
 21
-0.1908503008937807
 31
0.0
  0
LWPOLYLINE
  5
266D
330
2
100
AcDbEntity
  8
FIACAO
100
AcDbPolyline
 90
        2
 70
     0
 43
0.0
 10
-16.63034722638409
 20
5.408110182738239
 10
-16.63034722638409
 20
5.70811018273824
  0
LWPOLYLINE
  5
266E
330
2
100
AcDbEntity
  8
FIACAO
100
AcDbPolyline
 90
        3
 70
     0
 43
0.0
 10
-16.55034722638409
 20
5.408110182738239
 10
-16.55034722638409
 20
5.70811018273824
 10
-16.45034722638409
 20
5.70811018273824
  0
LWPOLYLINE
  5
266F
330
2
100
AcDbEntity
  8
FIACAO
100
AcDbPolyline
 90
        2
 70
     0
 43
0.0
 10
-16.35266242605477
 20
5.55811018273824
 10
-16.35266242605477
 20
5.70811018273824
  0
LINE
  5
2670
330
2
100
AcDbEntity
  8
FIACAO
100
AcDbLine
 10
-16.40533454014945
 20
5.70811018273824
 30
0.0
 11
-16.29999031196009
 21
5.70811018273824
 31
0.0
  0
LINE
  5
2671
330
2
100
AcDbEntity
  8
FIACAO
100
AcDbLine
 10
-17.08782804732027
 20
0.0873896206129388
 30
0.0
 11
-17.08782804732027
 21
-0.3203766208814081
 31
0.0
  0
LINE
  5
2672
330
2
100
AcDbEntity
  8
FIACAO
100
AcDbLine
 10
-17.08782804732027
 20
-0.3203766208814081
 30
0.0
 11
-16.42573317601185
 21
-0.3203766208814081
 31
0.0
  0
LWPOLYLINE
  5
2673
330
2
100
AcDbEntity
  8
FIACAO
100
AcDbPolyline
 90
        2
 70
     0
 43
0.0
 10
-17.19331694725899
 20
1.203892941449606
 10
-17.49331694725899
 20
1.203892941449606
  0
LWPOLYLINE
  5
2674
330
2
100
AcDbEntity
  8
FIACAO
100
AcDbPolyline
 90
        3
 70
     0
 43
0.0
 10
-17.19331694725899
 20
1.283892941449606
 10
-17.49331694725899
 20
1.283892941449606
 10
-17.49331694725899
 20
1.383892941449605
  0
LWPOLYLINE
  5
2675
330
2
100
AcDbEntity
  8
FIACAO
100
AcDbPolyline
 90
        2
 70
     0
 43
0.0
 10
-17.34331694725899
 20
1.481577741778931
 10
-17.49331694725899
 20
1.481577741778931
  0
LINE
  5
2676
330
2
100
AcDbEntity
  8
FIACAO
100
AcDbLine
 10
-17.49331694725899
 20
1.42890562768425
 30
0.0
 11
-17.49331694725899
 21
1.534249855873611
 31
0.0
  0
LWPOLYLINE
  5
2677
330
2
100
AcDbEntity
  8
FIACAO
100
AcDbPolyline
 90
        2
 70
     0
 43
0.0
 10
-16.95305843839944
 20
2.50000854595466
 10
-17.25305843839944
 20
2.50000854595466
  0
LWPOLYLINE
  5
2678
330
2
100
AcDbEntity
  8
FIACAO
100
AcDbPolyline
 90
        3
 70
     0
 43
0.0
 10
-16.95305843839944
 20
2.58000854595466
 10
-17.25305843839944
 20
2.58000854595466
 10
-17.25305843839944
 20
2.68000854595466
  0
LWPOLYLINE
  5
2679
330
2
100
AcDbEntity
  8
FIACAO
100
AcDbPolyline
 90
        2
 70
     0
 43
0.0
 10
-17.10305843839944
 20
2.777693346283985
 10
-17.25305843839944
 20
2.777693346283985
  0
LINE
  5
267A
330
2
100
AcDbEntity
  8
FIACAO
100
AcDbLine
 10
-17.25305843839944
 20
2.725021232189305
 30
0.0
 11
-17.25305843839944
 21
2.830365460378665
 31
0.0
  0
LWPOLYLINE
  5
267B
330
2
100
AcDbEntity
  8
FIACAO
100
AcDbPolyline
 90
        2
 70
     0
 43
0.0
 10
-17.42148646429604
 20
4.61217373331502
 10
-17.13476912267728
 20
4.700452643679117
  0
LWPOLYLINE
  5
267C
330
2
100
AcDbEntity
  8
FIACAO
100
AcDbPolyline
 90
        3
 70
     0
 43
0.0
 10
-17.39794542153228
 20
4.535715775550017
 10
-17.11122807991353
 20
4.623994685914114
 10
-17.08180177645883
 20
4.528422238707861
  0
LWPOLYLINE
  5
267D
330
2
100
AcDbEntity
  8
FIACAO
100
AcDbPolyline
 90
        2
 70
     0
 43
0.0
 10
-17.19641542149418
 20
4.390923029302535
 10
-17.0530567506848
 20
4.435062484484583
  0
LINE
  5
267E
330
2
100
AcDbEntity
  8
FIACAO
100
AcDbLine
 10
-17.06855620681431
 20
4.485402512920139
 30
0.0
 11
-17.0375572945553
 21
4.384722456049029
 31
0.0
  0
LWPOLYLINE
  5
267F
330
2
100
AcDbEntity
  8
FIACAO
100
AcDbPolyline
 90
        2
 70
     0
 43
0.0
 10
-17.11840231979025
 20
2.891038956529705
 10
-17.26840231979025
 20
2.891038956529705
  0
LWPOLYLINE
  5
2680
330
2
100
AcDbEntity
  8
FIACAO
100
AcDbPolyline
 90
        2
 70
     0
 43
0.0
 10
-17.12902629825104
 20
2.984290578432859
 10
-17.27902629825104
 20
2.984290578432859
  0
LWPOLYLINE
  5
2681
330
2
100
AcDbEntity
  8
FIACAO
100
AcDbPolyline
 90
        2
 70
     0
 43
0.0
 10
-17.32934526690896
 20
1.696401165094805
 10
-17.47934526690896
 20
1.696401165094805
  0
LWPOLYLINE
  5
2682
330
2
100
AcDbEntity
  8
FIACAO
100
AcDbPolyline
 90
        2
 70
     0
 43
0.0
 10
-17.32992981196173
 20
1.779379092461987
 10
-17.47992981196173
 20
1.779379092461987
  0
LWPOLYLINE
  5
2683
330
2
100
AcDbEntity
  8
FIACAO
100
AcDbPolyline
 90
        2
 70
     0
 43
0.0
 10
-17.16445499188229
 20
4.256082663421917
 10
-17.02129140292802
 20
4.300850808321288
  0
LWPOLYLINE
  5
2684
330
2
100
AcDbEntity
  8
FIACAO
100
AcDbPolyline
 90
        2
 70
     0
 43
0.0
 10
-17.18534679283533
 20
4.322892338267246
 10
-17.04218320388106
 20
4.367660483166617
  0
LWPOLYLINE
  5
2685
330
2
100
AcDbEntity
  8
FIACAO
100
AcDbPolyline
 90
        2
 70
     1
 43
0.01
 10
-16.99415095663381
 20
4.314576556932971
 42
1.0
 10
-16.99116641364052
 20
4.305032317669354
 42
1.0
  0
LWPOLYLINE
  5
2686
330
2
100
AcDbEntity
  8
FIACAO
100
AcDbPolyline
 90
        2
 70
     1
 43
0.01
 10
-17.01504275758685
 20
4.381386231778301
 42
1.0
 10
-17.01205821459356
 20
4.371841992514683
 42
1.0
  0
LWPOLYLINE
  5
2687
330
2
100
AcDbEntity
  8
FIACAO
100
AcDbPolyline
 90
        2
 70
     0
 43
0.0
 10
-17.10785240916167
 20
3.237290114311145
 10
-17.25769748539365
 20
3.244105767547237
  0
LWPOLYLINE
  5
2688
330
2
100
AcDbEntity
  8
FIACAO
100
AcDbPolyline
 90
        2
 70
     0
 43
0.0
 10
-17.11103304733852
 20
3.167362412069558
 10
-17.26087812357049
 20
3.17417806530565
  0
LWPOLYLINE
  5
2689
330
2
100
AcDbEntity
  8
FIACAO
100
AcDbPolyline
 90
        2
 70
     1
 43
0.01
 10
-17.28789368908124
 20
3.240474062320057
 42
1.0
 10
-17.28743931219883
 20
3.250463734068854
 42
1.0
  0
LWPOLYLINE
  5
268A
330
2
100
AcDbEntity
  8
FIACAO
100
AcDbPolyline
 90
        2
 70
     1
 43
0.01
 10
-17.29107432725808
 20
3.170546360078469
 42
1.0
 10
-17.29061995037568
 20
3.180536031827267
 42
1.0
  0
LWPOLYLINE
  5
268B
330
2
100
AcDbEntity
  8
FIACAO
100
AcDbPolyline
 90
        2
 70
     0
 43
0.0
 10
-17.3603898659719
 20
0.6487022989726564
 10
-17.50971330024596
 20
0.6629329692520263
  0
LWPOLYLINE
  5
268C
330
2
100
AcDbEntity
  8
FIACAO
100
AcDbPolyline
 90
        2
 70
     0
 43
0.0
 10
-17.36703084543561
 20
0.5790180296447609
 10
-17.51635427970967
 20
0.5932486999241309
  0
LWPOLYLINE
  5
268D
330
2
100
AcDbEntity
  8
FIACAO
100
AcDbPolyline
 90
        2
 70
     1
 43
0.01
 10
-17.54005234277675
 20
0.6608016554987651
 42
1.0
 10
-17.5391036314248
 20
0.6707565511170356
 42
1.0
  0
LWPOLYLINE
  5
268E
330
2
100
AcDbEntity
  8
FIACAO
100
AcDbPolyline
 90
        2
 70
     1
 43
0.01
 10
-17.54669332224046
 20
0.5911173861708696
 42
1.0
 10
-17.5457446108885
 20
0.6010722817891402
 42
1.0
  0
LWPOLYLINE
  5
268F
330
2
100
AcDbEntity
  8
FIACAO
100
AcDbPolyline
 90
        2
 70
     0
 43
0.0
 10
-17.06631005875364
 20
3.397814537694811
 10
-17.21615513498562
 20
3.404630190930903
  0
LWPOLYLINE
  5
2690
330
2
100
AcDbEntity
  8
FIACAO
100
AcDbPolyline
 90
        2
 70
     0
 43
0.0
 10
-17.06949069693049
 20
3.327886835453224
 10
-17.21933577316246
 20
3.334702488689316
  0
LWPOLYLINE
  5
2691
330
2
100
AcDbEntity
  8
FIACAO
100
AcDbPolyline
 90
        2
 70
     1
 43
0.01
 10
-17.24635133867321
 20
3.400998485703723
 42
1.0
 10
-17.24589696179081
 20
3.41098815745252
 42
1.0
  0
LWPOLYLINE
  5
2692
330
2
100
AcDbEntity
  8
FIACAO
100
AcDbPolyline
 90
        2
 70
     1
 43
0.01
 10
-17.24953197685005
 20
3.331070783462136
 42
1.0
 10
-17.24907759996765
 20
3.341060455210934
 42
1.0
  0
LWPOLYLINE
  5
2693
330
2
100
AcDbEntity
  8
FIACAO
100
AcDbPolyline
 90
        2
 70
     0
 43
0.0
 10
-17.36621485676701
 20
0.512876249939266
 10
-17.51553829104107
 20
0.5271069202186358
  0
LWPOLYLINE
  5
2694
330
2
100
AcDbEntity
  8
FIACAO
100
AcDbPolyline
 90
        2
 70
     0
 43
0.0
 10
-17.37285583623071
 20
0.4431919806113704
 10
-17.52217927050478
 20
0.4574226508907404
  0
LWPOLYLINE
  5
2695
330
2
100
AcDbEntity
  8
FIACAO
100
AcDbPolyline
 90
        2
 70
     1
 43
0.01
 10
-17.54587733357186
 20
0.5249756064653747
 42
1.0
 10
-17.5449286222199
 20
0.5349305020836451
 42
1.0
  0
LWPOLYLINE
  5
2696
330
2
100
AcDbEntity
  8
FIACAO
100
AcDbPolyline
 90
        2
 70
     1
 43
0.01
 10
-17.55251831303557
 20
0.4552913371374792
 42
1.0
 10
-17.55156960168361
 20
0.4652462327557497
 42
1.0
  0
LWPOLYLINE
  5
2697
330
2
100
AcDbEntity
  8
FIACAO
100
AcDbPolyline
 90
        2
 70
     0
 43
0.0
 10
-17.11650070117063
 20
4.093678035265792
 10
-16.97333711221635
 20
4.138446180165163
  0
LWPOLYLINE
  5
2698
330
2
100
AcDbEntity
  8
FIACAO
100
AcDbPolyline
 90
        2
 70
     0
 43
0.0
 10
-17.13739250212367
 20
4.160487710111121
 10
-16.99422891316939
 20
4.205255855010492
  0
LWPOLYLINE
  5
2699
330
2
100
AcDbEntity
  8
FIACAO
100
AcDbPolyline
 90
        2
 70
     1
 43
0.01
 10
-16.94619666592214
 20
4.152171928776847
 42
1.0
 10
-16.94321212292885
 20
4.142627689513229
 42
1.0
  0
LWPOLYLINE
  5
269A
330
2
100
AcDbEntity
  8
FIACAO
100
AcDbPolyline
 90
        2
 70
     1
 43
0.01
 10
-16.96708846687518
 20
4.218981603622176
 42
1.0
 10
-16.96410392388189
 20
4.209437364358558
 42
1.0
  0
LWPOLYLINE
  5
269B
330
2
100
AcDbEntity
  8
FIACAO
100
AcDbPolyline
 90
        2
 70
     0
 43
0.0
 10
-17.82585223708008
 20
-1.786913527562259
 10
-17.88107458994349
 20
-1.492039839783529
  0
LWPOLYLINE
  5
269C
330
2
100
AcDbEntity
  8
FIACAO
100
AcDbPolyline
 90
        3
 70
     0
 43
0.0
 10
-17.74721925367242
 20
-1.77218756679868
 10
-17.80244160653583
 20
-1.47731387901995
 10
-17.70415037727626
 20
-1.458906428065477
  0
LWPOLYLINE
  5
269D
330
2
100
AcDbEntity
  8
FIACAO
100
AcDbPolyline
 90
        2
 70
     0
 43
0.0
 10
-17.58052360980109
 20
-1.588361990244247
 10
-17.6081347862328
 20
-1.440925146354882
  0
LINE
  5
269E
330
2
100
AcDbEntity
  8
FIACAO
100
AcDbLine
 10
-17.65990685465347
 20
-1.450620739923544
 30
0.0
 11
-17.55636271781214
 21
-1.431229552786219
 31
0.0
  0
LWPOLYLINE
  5
269F
330
2
100
AcDbEntity
  8
FIACAO
100
AcDbPolyline
 90
        2
 70
     0
 43
0.0
 10
-16.44611933154095
 20
-3.344153583442549
 10
-16.25642943841736
 20
-3.111736405835644
  0
LWPOLYLINE
  5
26A0
330
2
100
AcDbEntity
  8
FIACAO
100
AcDbPolyline
 90
        3
 70
     0
 43
0.0
 10
-16.38414141751245
 20
-3.394737554942174
 10
-16.19445152438885
 20
-3.162320377335269
 10
-16.11697913185322
 20
-3.225550341709801
  0
LWPOLYLINE
  5
26A1
330
2
100
AcDbEntity
  8
FIACAO
100
AcDbPolyline
 90
        2
 70
     0
 43
0.0
 10
-16.13614532645623
 20
-3.403524994960817
 10
-16.04130037989443
 20
-3.287316406157365
  0
LINE
  5
26A2
330
2
100
AcDbEntity
  8
FIACAO
100
AcDbLine
 10
-16.08210672688268
 20
-3.254011847179986
 30
0.0
 11
-16.00049403290618
 21
-3.320620965134744
 31
0.0
  0
LWPOLYLINE
  5
26A3
330
2
100
AcDbEntity
  8
FIACAO
100
AcDbPolyline
 90
        2
 70
     0
 43
0.0
 10
-17.38989654274254
 20
-3.657242748022174
 10
-17.63234300951967
 20
-3.480551744438828
  0
LWPOLYLINE
  5
26A4
330
2
100
AcDbEntity
  8
FIACAO
100
AcDbPolyline
 90
        3
 70
     0
 43
0.0
 10
-17.34277894178699
 20
-3.592590356881608
 10
-17.58522540856411
 20
-3.415899353298262
 10
-17.52632840736966
 20
-3.335083864372555
  0
LWPOLYLINE
  5
26A5
330
2
100
AcDbEntity
  8
FIACAO
100
AcDbPolyline
 90
        2
 70
     0
 43
0.0
 10
-17.34757175596434
 20
-3.344484917171983
 10
-17.4687949893529
 20
-3.25613941538031
  0
LINE
  5
26A6
330
2
100
AcDbEntity
  8
FIACAO
100
AcDbLine
 10
-17.49981728502038
 20
-3.298706641913432
 30
0.0
 11
-17.43777269368541
 21
-3.213572188847188
 31
0.0
  0
LWPOLYLINE
  5
26A7
330
2
100
AcDbEntity
  8
FIACAO
100
AcDbPolyline
 90
        2
 70
     0
 43
0.0
 10
-18.42621824976437
 20
-2.713438920905506
 10
-18.43208390827803
 20
-2.413496269636633
  0
LWPOLYLINE
  5
26A8
330
2
100
AcDbEntity
  8
FIACAO
100
AcDbPolyline
 90
        3
 70
     0
 43
0.0
 10
-18.34623354275934
 20
-2.711874745301864
 10
-18.352099201273
 20
-2.411932094032991
 10
-18.2521183175167
 20
-2.409976874528438
  0
LWPOLYLINE
  5
26A9
330
2
100
AcDbEntity
  8
FIACAO
100
AcDbPolyline
 90
        2
 70
     0
 43
0.0
 10
-18.15151936159505
 20
-2.558038247893853
 10
-18.15445219085188
 20
-2.408066922259416
  0
LINE
  5
26AA
330
2
100
AcDbEntity
  8
FIACAO
100
AcDbLine
 10
-18.20711423601686
 20
-2.409096777707656
 30
0.0
 11
-18.10179014568689
 21
-2.407037066811177
 31
0.0
  0
LWPOLYLINE
  5
26AB
330
2
100
AcDbEntity
  8
FIACAO
100
AcDbPolyline
 90
        2
 70
     0
 43
0.0
 10
-19.81473308680869
 20
-3.330434059178976
 10
-19.74895137478365
 20
-3.037734953674612
  0
LWPOLYLINE
  5
26AC
330
2
100
AcDbEntity
  8
FIACAO
100
AcDbPolyline
 90
        3
 70
     0
 43
0.0
 10
-19.73667999200753
 20
-3.34797584905232
 10
-19.67089827998249
 20
-3.055276743547956
 10
-19.57333191148103
 20
-3.077203980889636
  0
LWPOLYLINE
  5
26AD
330
2
100
AcDbEntity
  8
FIACAO
100
AcDbPolyline
 90
        2
 70
     0
 43
0.0
 10
-19.51091525523433
 20
-3.244973111656775
 10
-19.47802439922181
 20
-3.098623558904593
  0
LINE
  5
26AE
330
2
100
AcDbEntity
  8
FIACAO
100
AcDbLine
 10
-19.52941466815694
 20
-3.087074019434172
 30
0.0
 11
-19.42663413028669
 21
-3.110173098375014
 31
0.0
  0
LWPOLYLINE
  5
26AF
330
2
100
AcDbEntity
  8
FIACAO
100
AcDbPolyline
 90
        2
 70
     0
 43
0.0
 10
-21.44937103462919
 20
-3.66311521205887
 10
-21.59730663891655
 20
-3.402126597395061
  0
LWPOLYLINE
  5
26B0
330
2
100
AcDbEntity
  8
FIACAO
100
AcDbPolyline
 90
        3
 70
     0
 43
0.0
 10
-21.37977407071885
 20
-3.623665717582242
 10
-21.5277096750062
 20
-3.362677102918432
 10
-21.44071347011826
 20
-3.313365234822647
  0
LWPOLYLINE
  5
26B1
330
2
100
AcDbEntity
  8
FIACAO
100
AcDbPolyline
 90
        2
 70
     0
 43
0.0
 10
-21.28176359893572
 20
-3.395689342266523
 10
-21.3557314010794
 20
-3.265195034934618
  0
LINE
  5
26B2
330
2
100
AcDbEntity
  8
FIACAO
100
AcDbLine
 10
-21.40155414137601
 20
-3.291168638360249
 30
0.0
 11
-21.30990866078278
 21
-3.239221431508988
 31
0.0
  0
LWPOLYLINE
  5
26B3
330
2
100
AcDbEntity
  8
FIACAO
100
AcDbPolyline
 90
        2
 70
     0
 43
0.0
 10
-20.23512528838282
 20
-2.532846778068175
 10
-20.53414185348268
 20
-2.508575523550159
  0
LWPOLYLINE
  5
26B4
330
2
100
AcDbEntity
  8
FIACAO
100
AcDbPolyline
 90
        3
 70
     0
 43
0.0
 10
-20.22865295384468
 20
-2.453109027374878
 10
-20.52766951894454
 20
-2.428837772856861
 10
-20.51957910077187
 20
-2.32916558449024
  0
LWPOLYLINE
  5
26B5
330
2
100
AcDbEntity
  8
FIACAO
100
AcDbPolyline
 90
        2
 70
     0
 43
0.0
 10
-20.36216770938416
 20
-2.243936633559445
 10
-20.51167599193409
 20
-2.231801006300437
  0
LINE
  5
26B6
330
2
100
AcDbEntity
  8
FIACAO
100
AcDbLine
 10
-20.51593738622473
 20
-2.284300455077568
 30
0.0
 11
-20.50741459764344
 21
-2.179301557523305
 31
0.0
  0
LWPOLYLINE
  5
26B7
330
2
100
AcDbEntity
  8
FIACAO
100
AcDbPolyline
 90
        2
 70
     0
 43
0.0
 10
-16.75320545407383
 20
-2.321351325850602
 10
-17.05319531541434
 20
-2.318884933160773
  0
LWPOLYLINE
  5
26B8
330
2
100
AcDbEntity
  8
FIACAO
100
AcDbPolyline
 90
        3
 70
     0
 43
0.0
 10
-16.75254774935654
 20
-2.241354029493132
 10
-17.05253761069705
 20
-2.238887636803303
 10
-17.05171547980044
 20
-2.138891016356466
  0
LWPOLYLINE
  5
26B9
330
2
100
AcDbEntity
  8
FIACAO
100
AcDbPolyline
 90
        2
 70
     0
 43
0.0
 10
-16.90091745220539
 20
-2.042442713681814
 10
-17.05091238287564
 20
-2.0412095173369
  0
LINE
  5
26BA
330
2
100
AcDbEntity
  8
FIACAO
100
AcDbLine
 10
-17.05134541659951
 20
-2.093879851349482
 30
0.0
 11
-17.05047934915178
 21
-1.988539183324317
 31
0.0
  0
LWPOLYLINE
  5
26BB
330
2
100
AcDbEntity
  8
FIACAO
100
AcDbPolyline
 90
        2
 70
     0
 43
0.0
 10
-15.35066908278866
 20
-3.131578919055613
 10
-15.20066908278866
 20
-3.131578919055613
  0
LWPOLYLINE
  5
26BC
330
2
100
AcDbEntity
  8
FIACAO
100
AcDbPolyline
 90
        3
 70
     0
 43
0.0
 10
-15.50066908278867
 20
-3.214354180519178
 10
-15.20066908278866
 20
-3.214354180519178
 10
-15.20066908278866
 20
-3.314354180519178
  0
LWPOLYLINE
  5
26BD
330
2
100
AcDbEntity
  8
FIACAO
100
AcDbPolyline
 90
        2
 70
     0
 43
0.0
 10
-16.09473976726352
 20
-4.303587076350238
 10
-16.09473976726352
 20
-4.153587076350238
  0
LWPOLYLINE
  5
26BE
330
2
100
AcDbEntity
  8
FIACAO
100
AcDbPolyline
 90
        3
 70
     0
 43
0.0
 10
-16.01196450579996
 20
-4.453587076350238
 10
-16.01196450579996
 20
-4.153587076350238
 10
-15.91196450579995
 20
-4.153587076350238
  0
LWPOLYLINE
  5
26BF
330
2
100
AcDbEntity
  8
FIACAO
100
AcDbPolyline
 90
        2
 70
     0
 43
0.0
 10
-15.17348529963329
 20
-1.636625869755853
 10
-15.17348529963329
 20
-1.336625869755853
  0
LINE
  5
26C0
330
2
100
AcDbEntity
  8
FIACAO
100
AcDbLine
 10
-15.01240735584079
 20
-1.486625869755853
 30
0.0
 11
-15.01240735584079
 21
-1.336625869755853
 31
0.0
  0
LINE
  5
26C1
330
2
100
AcDbEntity
  8
FIACAO
100
AcDbLine
 10
-15.06240735584079
 20
-1.336625869755853
 30
0.0
 11
-14.96240735584079
 21
-1.336625869755853
 31
0.0
  0
LWPOLYLINE
  5
26C2
330
2
100
AcDbEntity
  8
FIACAO
100
AcDbPolyline
 90
        2
 70
     0
 43
0.0
 10
-14.93917911499918
 20
-1.486625869755853
 10
-14.93917911499918
 20
-1.336625869755853
  0
LWPOLYLINE
  5
26C3
330
2
100
AcDbEntity
  8
FIACAO
100
AcDbPolyline
 90
        2
 70
     0
 43
0.0
 10
-15.2477914842674
 20
-1.636625869755853
 10
-15.2477914842674
 20
-1.336625869755853
  0
LINE
  5
26C4
330
2
100
AcDbEntity
  8
FIACAO
100
AcDbLine
 10
-15.17348529963329
 20
-1.336625869755853
 30
0.0
 11
-15.0941898098303
 21
-1.336625869755853
 31
0.0
  0
LINE
  5
26C5
330
2
100
AcDbEntity
  8
FIACAO
100
AcDbLine
 10
-14.76389987612633
 20
-1.491127660444857
 30
0.0
 11
-15.3503384159461
 21
-1.491127660444857
 31
0.0
  0
LWPOLYLINE
  5
26C6
330
2
100
AcDbEntity
  8
FIACAO
100
AcDbPolyline
 90
        2
 70
     0
 43
0.0
 10
-19.20713202226642
 20
-2.090476706711279
 10
-19.45802065081874
 20
-1.925992980880617
  0
LINE
  5
26C7
330
2
100
AcDbEntity
  8
FIACAO
100
AcDbLine
 10
-19.2442606687288
 20
-1.873526095768849
 30
0.0
 11
-19.36970498300497
 21
-1.791284232853518
 31
0.0
  0
LINE
  5
26C8
330
2
100
AcDbEntity
  8
FIACAO
100
AcDbLine
 10
-19.39711893731007
 20
-1.833099004278905
 30
0.0
 11
-19.34229102869985
 21
-1.749469461428132
 31
0.0
  0
LWPOLYLINE
  5
26C9
330
2
100
AcDbEntity
  8
FIACAO
100
AcDbPolyline
 90
        2
 70
     0
 43
0.0
 10
-19.2041111557633
 20
-1.812285652715355
 10
-19.32955547003946
 20
-1.730043789800024
  0
LWPOLYLINE
  5
26CA
330
2
100
AcDbEntity
  8
FIACAO
100
AcDbPolyline
 90
        2
 70
     0
 43
0.0
 10
-19.24787254926935
 20
-2.152618629230635
 10
-19.49876117782167
 20
-1.988134903399973
  0
LINE
  5
26CB
330
2
100
AcDbEntity
  8
FIACAO
100
AcDbLine
 10
-19.45802065081874
 20
-1.925992980880617
 30
0.0
 11
-19.41454459213753
 21
-1.859678525257092
 31
0.0
  0
LWPOLYLINE
  5
26CC
330
2
100
AcDbEntity
  8
FIACAO
100
AcDbPolyline
 90
        2
 70
     0
 43
0.0
 10
-16.89525352462812
 20
-1.941331209515329
 10
-17.04525352462812
 20
-1.941331209515329
  0
LWPOLYLINE
  5
26CD
330
2
100
AcDbEntity
  8
FIACAO
100
AcDbPolyline
 90
        2
 70
     0
 43
0.0
 10
-16.38299996424435
 20
-1.235240329696822
 10
-16.38299996424435
 20
-1.085240329696822
  0
LWPOLYLINE
  5
26CE
330
2
100
AcDbEntity
  8
FIACAO
100
AcDbPolyline
 90
        2
 70
     0
 43
0.0
 10
-16.26818453517482
 20
-1.226414194030873
 10
-16.26818453517482
 20
-1.076414194030873
  0
LWPOLYLINE
  5
26CF
330
2
100
AcDbEntity
  8
FIACAO
100
AcDbPolyline
 90
        2
 70
     0
 43
0.0
 10
-16.1512630244031
 20
-1.376414194030873
 10
-16.1512630244031
 20
-1.076414194030873
  0
LWPOLYLINE
  5
26D0
330
2
100
AcDbEntity
  8
FIACAO
100
AcDbPolyline
 90
        3
 70
     0
 43
0.0
 10
-16.0712630244031
 20
-1.376414194030873
 10
-16.0712630244031
 20
-1.076414194030873
 10
-15.9712630244031
 20
-1.076414194030873
  0
LWPOLYLINE
  5
26D1
330
2
100
AcDbEntity
  8
FIACAO
100
AcDbPolyline
 90
        2
 70
     0
 43
0.0
 10
-15.87357822407377
 20
-1.226414194030873
 10
-15.87357822407377
 20
-1.076414194030873
  0
LINE
  5
26D2
330
2
100
AcDbEntity
  8
FIACAO
100
AcDbLine
 10
-15.92625033816845
 20
-1.076414194030873
 30
0.0
 11
-15.82090610997909
 21
-1.076414194030873
 31
0.0
  0
LWPOLYLINE
  5
26D3
330
2
100
AcDbEntity
  8
FIACAO
100
AcDbPolyline
 90
        2
 70
     0
 43
0.0
 10
-18.16155641182361
 20
0.1009730219683547
 10
-17.90112576345446
 20
0.2498886940449407
  0
LWPOLYLINE
  5
26D4
330
2
100
AcDbEntity
  8
FIACAO
100
AcDbPolyline
 90
        3
 70
     0
 43
0.0
 10
-18.12184556593652
 20
0.0315248490699132
 10
-17.86141491756737
 20
0.1804405211464992
 10
-17.8117763602085
 20
0.0936303050234477
  0
LWPOLYLINE
  5
26D5
330
2
100
AcDbEntity
  8
FIACAO
100
AcDbPolyline
 90
        2
 70
     0
 43
0.0
 10
-17.89350235875072
 20
-0.0656279173001043
 10
-17.76328703456614
 20
0.0088299187381887
  0
LINE
  5
26D6
330
2
100
AcDbEntity
  8
FIACAO
100
AcDbLine
 10
-17.78943271213316
 20
0.054554694820361
 30
0.0
 11
-17.73714135699913
 21
-0.0368948573439836
 31
0.0
  0
LINE
  5
26D7
330
2
100
AcDbEntity
  8
FIACAO
100
AcDbLine
 10
-19.64581101293852
 20
-0.4160996329671569
 30
0.0
 11
-19.89018887911521
 21
-0.8374932913941144
 31
0.0
  0
LINE
  5
26D8
330
2
100
AcDbEntity
  8
FIACAO
100
AcDbLine
 10
-19.89018887911521
 20
-0.8374932913941144
 30
0.0
 11
-20.49394597054407
 21
-0.8374932913941144
 31
0.0
  0
LWPOLYLINE
  5
26D9
330
2
100
AcDbEntity
  8
FIACAO
100
AcDbPolyline
 90
        2
 70
     0
 43
0.0
 10
-20.35925249283029
 20
-0.9970651705738631
 10
-20.35925249283029
 20
-0.6970651705738633
  0
LWPOLYLINE
  5
26DA
330
2
100
AcDbEntity
  8
FIACAO
100
AcDbPolyline
 90
        3
 70
     0
 43
0.0
 10
-20.27925249283029
 20
-0.9970651705738631
 10
-20.27925249283029
 20
-0.6970651705738633
 10
-20.17925249283029
 20
-0.6970651705738633
  0
LWPOLYLINE
  5
26DB
330
2
100
AcDbEntity
  8
FIACAO
100
AcDbPolyline
 90
        2
 70
     0
 43
0.0
 10
-20.08156769250096
 20
-0.8470651705738632
 10
-20.08156769250096
 20
-0.6970651705738633
  0
LINE
  5
26DC
330
2
100
AcDbEntity
  8
FIACAO
100
AcDbLine
 10
-20.13423980659564
 20
-0.6970651705738633
 30
0.0
 11
-20.02889557840628
 21
-0.6970651705738633
 31
0.0
  0
MTEXT
  5
2745
330
2
100
AcDbEntity
  8
TEXTO1
100
AcDbMText
 10
-9.889414532813944
 20
2.177369707368321
 30
0.0
 40
0.25
 41
14.85738006046034
 71
     1
 72
     5
  3
\pxqj;Este desenho serve como modelo para estudos e pode ser utilizado livremente em projetos, pesquisas acadêmicas e também em projetos comerciais oferecidos ao cliente final. Caso precise referenciar a autoria, utilize o site www.aditivocad.com (o
  3
u link direto do site por onde obteve o projeto)^J^JImportante saber que este é um modelo experimental para pesquisa e não possui garantia técnica para execução conforme está. Modificações podem se fazer necessárias e devem ser realizadas por um profi
  3
ssional qualificado. Embora seja um modelo padrão e facilmente adaptável, adequações com códigos municipais podem ser necessárias caso se trate de um projeto executivo para aprovação, principalmente se for necessária a aprovação em órgãos como a pre
  1
feitura e outras entidades responsáveis pela aprovação de projetos aprovação legal.
  7
TEXTO0
 73
     1
 44
1.0
1001
ACAD
1000
ACAD_MTEXT_DEFINED_HEIGHT_BEGIN
1070
    46
1040
5.853157667804169
1000
ACAD_MTEXT_DEFINED_HEIGHT_END
  0
TEXT
  5
2746
330
2
100
AcDbEntity
  8
COTAS
100
AcDbText
 10
-6.244404424964742
 20
4.158018151779075
 30
0.0
 40
0.75
  1
LEIA ANTES DE USAR!
  7
TEXTO0
100
AcDbText
  0
ARC
  5
2747
330
2
100
AcDbEntity
  8
COTAS
100
AcDbCircle
 10
-6.189540707285389
 20
2.58463158155984
 30
0.0
 40
2.020575120897079
100
AcDbArc
 50
97.18309153382246
 51
168.8116165815687
  0
LWPOLYLINE
  5
2748
330
2
100
AcDbEntity
  8
COTAS
100
AcDbPolyline
 90
        3
 70
     0
 43
0.0
 10
-7.771734597719856
 20
3.525105927341635
 10
-8.17171381951573
 20
2.976694806485689
 10
-8.210642074828414
 20
3.590676648870222
  0
ENDSEC
  0
SECTION
  2
OBJECTS
  0
DICTIONARY
  5
1A
330
0
100
AcDbDictionary
281
     1
  3
ACAD_CIP_PREVIOUS_PRODUCT_INFO
350
253D
  3
ACAD_COLOR
350
251A
  3
ACAD_DETAILVIEWSTYLE
350
2534
  3
ACAD_GROUP
350
18
  3
ACAD_LAST_SAVED_VERSION_INFO
350
255D
  3
ACAD_LAYOUT
350
251B
  3
ACAD_MATERIAL
350
24E8
  3
ACAD_MLEADERSTYLE
350
2530
  3
ACAD_MLINESTYLE
350
19
  3
ACAD_PLOTSETTINGS
350
2536
  3
ACAD_PLOTSTYLENAME
350
24E6
  3
ACAD_SCALELIST
350
251E
  3
ACAD_SECTIONVIEWSTYLE
350
2532
  3
ACAD_TABLESTYLE
350
251C
  3
ACAD_VISUALSTYLE
350
2501
  3
ACDB_RECOMPOSE_DATA
350
27FE
  3
AcDbVariableDictionary
350
253E
  3
AcDsDecomposeData
350
27FF
  0
DICTIONARY
  5
27BE
330
12
100
AcDbDictionary
280
     1
281
     1
  3
ACAD_XREC_ROUNDTRIP
360
27BF
  0
DICTIONARY
  5
2593
330
A
100
AcDbDictionary
280
     1
281
     1
  3
ACAD_LAYERSTATES
360
2594
  0
DICTIONARY
  5
255E
330
4
100
AcDbDictionary
280
     1
281
     1
  3
ADSK_XREC_LAYER_RECONCILED
360
255F
  0
DICTIONARY
  5
2562
330
2D
100
AcDbDictionary
280
     1
281
     1
  3
ADSK_XREC_LAYER_RECONCILED
360
2563
  0
DICTIONARY
  5
2564
330
44
100
AcDbDictionary
280
     1
281
     1
  3
ADSK_XREC_LAYER_RECONCILED
360
2565
  0
DICTIONARY
  5
2566
330
41
100
AcDbDictionary
280
     1
281
     1
  3
ADSK_XREC_LAYER_RECONCILED
360
2567
  0
DICTIONARY
  5
2568
330
1B
100
AcDbDictionary
280
     1
281
     1
  3
ADSK_XREC_LAYER_RECONCILED
360
2569
  0
DICTIONARY
  5
256A
330
32
100
AcDbDictionary
280
     1
281
     1
  3
ADSK_XREC_LAYER_RECONCILED
360
256B
  0
DICTIONARY
  5
256C
330
FA
100
AcDbDictionary
280
     1
281
     1
  3
ADSK_XREC_LAYER_RECONCILED
360
256D
  0
DICTIONARY
  5
2570
330
125
100
AcDbDictionary
280
     1
281
     1
  3
ADSK_XREC_LAYER_RECONCILED
360
2571
  0
DICTIONARY
  5
2572
330
126
100
AcDbDictionary
280
     1
281
     1
  3
ADSK_XREC_LAYER_RECONCILED
360
2573
  0
DICTIONARY
  5
2578
330
4CB
100
AcDbDictionary
280
     1
281
     1
  3
ADSK_XREC_LAYER_RECONCILED
360
2579
  0
DICTIONARY
  5
257A
330
4CC
100
AcDbDictionary
280
     1
281
     1
  3
ADSK_XREC_LAYER_RECONCILED
360
257B
  0
DICTIONARY
  5
257C
330
4CD
100
AcDbDictionary
280
     1
281
     1
  3
ADSK_XREC_LAYER_RECONCILED
360
257D
  0
DICTIONARY
  5
257E
330
4CE
100
AcDbDictionary
280
     1
281
     1
  3
ADSK_XREC_LAYER_RECONCILED
360
257F
  0
DICTIONARY
  5
2580
330
4CF
100
AcDbDictionary
280
     1
281
     1
  3
ADSK_XREC_LAYER_RECONCILED
360
2581
  0
DICTIONARY
  5
2584
330
4D1
100
AcDbDictionary
280
     1
281
     1
  3
ADSK_XREC_LAYER_RECONCILED
360
2585
  0
DICTIONARY
  5
2586
330
78C
100
AcDbDictionary
280
     1
281
     1
  3
ADSK_XREC_LAYER_RECONCILED
360
2587
  0
DICTIONARY
  5
25F3
330
2
100
AcDbDictionary
280
     1
281
     1
  3
ACAD_SORTENTS
360
25F4
  0
XRECORD
  5
253D
102
{ACAD_REACTORS
330
1A
102
}
330
1A
100
AcDbXrecord
280
     1
300
ACD
300
2024
300

  0
DICTIONARY
  5
251A
102
{ACAD_REACTORS
330
1A
102
}
330
1A
100
AcDbDictionary
281
     1
  0
DICTIONARY
  5
2534
102
{ACAD_REACTORS
330
1A
102
}
330
1A
100
AcDbDictionary
281
     1
  3
Imperial24
350
2535
  0
DICTIONARY
  5
18
102
{ACAD_REACTORS
330
1A
102
}
330
1A
100
AcDbDictionary
281
     1
  0
XRECORD
  5
255D
102
{ACAD_REACTORS
330
1A
102
}
330
1A
100
AcDbXrecord
280
     1
300
{259D623E-72F5-E345-BF06-58E44C7D485A}
301
{4073896F-E086-0D44-B88A-C4D79ECD81B6}
302
{259D623E-72F5-E345-BF06-58E44C7D485A}
303
E:\xampp\htdocs\aditivocad\nws\2024\07. Julho\__projeto_polular_completo_69m2\Eletrico.dwg
  0
DICTIONARY
  5
251B
102
{ACAD_REACTORS
330
1A
102
}
330
1A
100
AcDbDictionary
281
     1
  3
Layout1
350
2538
  3
Model
350
2537
  0
DICTIONARY
  5
24E8
102
{ACAD_REACTORS
330
1A
102
}
330
1A
100
AcDbDictionary
281
     1
  3
ByBlock
350
24F1
  3
ByLayer
350
24E9
  3
Global
350
24F9
  0
DICTIONARY
  5
2530
102
{ACAD_REACTORS
330
1A
102
}
330
1A
100
AcDbDictionary
281
     1
  3
Standard
350
2531
  0
DICTIONARY
  5
19
102
{ACAD_REACTORS
330
1A
102
}
330
1A
100
AcDbDictionary
281
     1
  3
STANDARD
350
1D
  0
DICTIONARY
  5
2536
102
{ACAD_REACTORS
330
1A
102
}
330
1A
100
AcDbDictionary
281
     1
  0
ACDBDICTIONARYWDFLT
  5
24E6
102
{ACAD_REACTORS
330
1A
102
}
330
1A
100
AcDbDictionary
281
     1
  3
Normal
350
24E7
100
AcDbDictionaryWithDefault
340
24E7
  0
DICTIONARY
  5
251E
102
{ACAD_REACTORS
330
1A
102
}
330
1A
100
AcDbDictionary
281
     1
  3
A0
350
251F
  3
A1
350
2520
  3
A2
350
2521
  3
A3
350
2522
  3
A4
350
2523
  3
A5
350
2524
  3
A6
350
2525
  3
A7
350
2526
  3
A8
350
2527
  3
A9
350
2528
  3
B0
350
2529
  3
B1
350
252A
  3
B2
350
252B
  3
B3
350
252C
  3
B4
350
252D
  3
B5
350
252E
  3
B6
350
252F
  0
DICTIONARY
  5
2532
102
{ACAD_REACTORS
330
1A
102
}
330
1A
100
AcDbDictionary
281
     1
  3
Imperial24
350
2533
  0
DICTIONARY
  5
251C
102
{ACAD_REACTORS
330
1A
102
}
330
1A
100
AcDbDictionary
281
     1
  3
Standard
350
251D
  0
DICTIONARY
  5
2501
102
{ACAD_REACTORS
330
1A
102
}
330
1A
100
AcDbDictionary
281
     1
  3
2dWireframe
350
2507
  3
Basic
350
2506
  3
Brighten
350
250D
  3
ColorChange
350
2511
  3
Conceptual
350
250A
  3
Dim
350
250C
  3
EdgeColorOff
350
2519
  3
Facepattern
350
2510
  3
Flat
350
2502
  3
FlatWithEdges
350
2503
  3
Gouraud
350
2504
  3
GouraudWithEdges
350
2505
  3
Hidden
350
2509
  3
JitterOff
350
2517
  3
Linepattern
350
250F
  3
OverhangOff
350
2518
  3
Realistic
350
250B
  3
Shaded
350
2516
  3
Shaded with edges
350
2515
  3
Shades of Gray
350
2512
  3
Sketchy
350
2513
  3
Thicken
350
250E
  3
Wireframe
350
2508
  3
X-Ray
350
2514
  0
XRECORD
  5
27FE
102
{ACAD_REACTORS
330
1A
102
}
330
1A
100
AcDbXrecord
280
     1
 90
        1
330
251D
  0
DICTIONARY
  5
253E
102
{ACAD_REACTORS
330
1A
102
}
330
1A
100
AcDbDictionary
281
     1
  3
CANNOSCALE
350
270E
  3
CMLEADERSTYLE
350
270A
  3
CTABLESTYLE
350
2709
  3
CVIEWDETAILSTYLE
350
270B
  3
CVIEWSECTIONSTYLE
350
270C
  3
LAYEREVAL
350
2710
  3
LAYERNOTIFY
350
2711
  3
LIGHTINGUNITS
350
270F
  3
MSLTSCALE
350
270D
  3
XCLIPFRAME
350
27BD
  0
DICTIONARY
  5
27FF
102
{ACAD_REACTORS
330
1A
102
}
330
1A
100
AcDbDictionary
281
     1
  3
AcDsRecords
350
2800
  3
AcDsSchemas
350
2801
1001
ACAD
1070
     2
  0
XRECORD
  5
27BF
102
{ACAD_REACTORS
330
27BE
102
}
330
27BE
100
AcDbXrecord
280
     1
102
VTR_0.000_0.000_1.000_1.000_VISUALSTYLE
340
2507
102
VTR_0.000_0.000_1.000_1.000_GRIDDISPLAY
 70
     3
102
VTR_0.000_0.000_1.000_1.000_GRIDMAJOR
 70
     5
102
VTR_0.000_0.000_1.000_1.000_DEFAULTLIGHTING
280
     1
102
VTR_0.000_0.000_1.000_1.000_DEFAULTLIGHTINGTYPE
 70
     1
102
VTR_0.000_0.000_1.000_1.000_BRIGHTNESS
141
0.0
102
VTR_0.000_0.000_1.000_1.000_CONTRAST
142
0.0
  0
DICTIONARY
  5
2594
102
{ACAD_REACTORS
330
2593
102
}
330
2593
100
AcDbDictionary
281
     1
  0
XRECORD
  5
255F
102
{ACAD_REACTORS
330
255E
102
}
330
255E
100
AcDbXrecord
280
     1
290
     1
  0
XRECORD
  5
2563
102
{ACAD_REACTORS
330
2562
102
}
330
2562
100
AcDbXrecord
280
     1
290
     1
  0
XRECORD
  5
2565
102
{ACAD_REACTORS
330
2564
102
}
330
2564
100
AcDbXrecord
280
     1
290
     1
  0
XRECORD
  5
2567
102
{ACAD_REACTORS
330
2566
102
}
330
2566
100
AcDbXrecord
280
     1
290
     1
  0
XRECORD
  5
2569
102
{ACAD_REACTORS
330
2568
102
}
330
2568
100
AcDbXrecord
280
     1
290
     1
  0
XRECORD
  5
256B
102
{ACAD_REACTORS
330
256A
102
}
330
256A
100
AcDbXrecord
280
     1
290
     1
  0
XRECORD
  5
256D
102
{ACAD_REACTORS
330
256C
102
}
330
256C
100
AcDbXrecord
280
     1
290
     1
  0
XRECORD
  5
2571
102
{ACAD_REACTORS
330
2570
102
}
330
2570
100
AcDbXrecord
280
     1
290
     1
  0
XRECORD
  5
2573
102
{ACAD_REACTORS
330
2572
102
}
330
2572
100
AcDbXrecord
280
     1
290
     1
  0
XRECORD
  5
2579
102
{ACAD_REACTORS
330
2578
102
}
330
2578
100
AcDbXrecord
280
     1
290
     1
  0
XRECORD
  5
257B
102
{ACAD_REACTORS
330
257A
102
}
330
257A
100
AcDbXrecord
280
     1
290
     1
  0
XRECORD
  5
257D
102
{ACAD_REACTORS
330
257C
102
}
330
257C
100
AcDbXrecord
280
     1
290
     1
  0
XRECORD
  5
257F
102
{ACAD_REACTORS
330
257E
102
}
330
257E
100
AcDbXrecord
280
     1
290
     1
  0
XRECORD
  5
2581
102
{ACAD_REACTORS
330
2580
102
}
330
2580
100
AcDbXrecord
280
     1
290
     1
  0
XRECORD
  5
2585
102
{ACAD_REACTORS
330
2584
102
}
330
2584
100
AcDbXrecord
280
     1
290
     1
  0
XRECORD
  5
2587
102
{ACAD_REACTORS
330
2586
102
}
330
2586
100
AcDbXrecord
280
     1
290
     1
  0
SORTENTSTABLE
  5
25F4
102
{ACAD_REACTORS
330
25F3
102
}
330
25F3
100
AcDbSortentsTable
330
2
331
61F
  5
627
331
621
  5
63A
331
623
  5
651
331
625
  5
661
331
627
  5
674
331
629
  5
683
331
62B
  5
690
331
62D
  5
69D
331
62F
  5
6AF
331
63A
  5
6CC
331
63B
  5
6D8
331
63F
  5
6E0
331
64F
  5
6F5
331
650
  5
6FD
331
651
  5
830
331
658
  5
833
331
659
  5
834
331
65E
  5
83B
331
660
  5
842
331
661
  5
846
331
66B
  5
84B
331
66D
  5
851
331
66F
  5
856
331
673
  5
85F
331
674
  5
860
331
678
  5
867
331
67D
  5
86C
331
67F
  5
871
331
681
  5
876
331
683
  5
87B
331
685
  5
880
331
687
  5
885
331
689
  5
88A
331
68E
  5
891
331
690
  5
896
331
692
  5
89B
331
697
  5
89D
331
699
  5
89F
331
69B
  5
8A1
331
69D
  5
8A3
331
6A8
  5
8A8
331
6AA
  5
8AD
331
6AC
  5
8B2
331
6AE
  5
8B9
331
6AF
  5
8BA
331
6B2
  5
8C5
331
6BE
  5
8CA
331
6C0
  5
8CF
331
6C2
  5
8D4
331
6C4
  5
8D9
331
6C6
  5
8DE
331
6C8
  5
8E5
331
6CA
  5
8EA
331
6CC
  5
8EF
331
6D8
  5
8F4
331
6D9
  5
8F5
331
6DB
  5
8F8
331
6DC
  5
8F9
331
6DF
  5
900
331
6E0
  5
901
331
6E2
  5
903
331
6E7
  5
90A
331
6E8
  5
90B
331
6EA
  5
90D
331
6EC
  5
90F
331
6EE
  5
911
331
6F0
  5
917
331
6F3
  5
91C
331
6F5
  5
91D
331
6FD
  5
925
331
830
  5
929
331
831
  5
92A
331
832
  5
92B
331
833
  5
92C
331
834
  5
92D
331
835
  5
92E
331
836
  5
92F
331
837
  5
930
331
838
  5
931
331
839
  5
932
331
83A
  5
933
331
83B
  5
934
331
83C
  5
935
331
83D
  5
936
331
83E
  5
938
331
83F
  5
939
331
840
  5
93A
331
841
  5
93B
331
842
  5
93D
331
846
  5
93E
331
847
  5
93F
331
848
  5
940
331
849
  5
941
331
84A
  5
942
331
84B
  5
943
331
84D
  5
944
331
84E
  5
945
331
84F
  5
946
331
850
  5
949
331
851
  5
94B
331
852
  5
94C
331
853
  5
94D
331
854
  5
94E
331
855
  5
950
331
856
  5
952
331
857
  5
968
331
858
  5
969
331
859
  5
96A
331
85A
  5
96B
331
85B
  5
96C
331
85C
  5
96D
331
85D
  5
96E
331
85E
  5
96F
331
85F
  5
970
331
860
  5
971
331
861
  5
973
331
862
  5
974
331
863
  5
975
331
864
  5
976
331
865
  5
977
331
866
  5
978
331
867
  5
979
331
868
  5
97A
331
869
  5
97B
331
86A
  5
97C
331
86B
  5
97D
331
86C
  5
97E
331
86D
  5
97F
331
86E
  5
980
331
86F
  5
981
331
870
  5
982
331
871
  5
983
331
872
  5
984
331
873
  5
985
331
874
  5
986
331
875
  5
987
331
876
  5
988
331
877
  5
989
331
878
  5
98F
331
879
  5
990
331
87A
  5
991
331
87B
  5
995
331
87C
  5
996
331
87D
  5
997
331
87E
  5
998
331
87F
  5
99A
331
880
  5
99B
331
881
  5
99C
331
882
  5
99D
331
883
  5
99E
331
884
  5
99F
331
885
  5
9A0
331
886
  5
9A1
331
887
  5
9A2
331
888
  5
9A3
331
889
  5
9A5
331
88A
  5
9A9
331
88B
  5
9AA
331
88C
  5
9AB
331
88D
  5
9B1
331
88E
  5
9B4
331
88F
  5
9B5
331
890
  5
9B6
331
891
  5
9B7
331
892
  5
9B8
331
893
  5
9B9
331
894
  5
9BA
331
895
  5
9BB
331
896
  5
9BC
331
897
  5
9BD
331
898
  5
9BE
331
899
  5
9BF
331
89A
  5
9C0
331
89B
  5
9C1
331
89C
  5
9C2
331
89D
  5
9C3
331
89E
  5
9C4
331
89F
  5
9C5
331
8A0
  5
9C6
331
8A1
  5
9C7
331
8A2
  5
9C8
331
8A3
  5
9C9
331
8A4
  5
9CA
331
8A5
  5
9CB
331
8A6
  5
9CC
331
8A7
  5
9CD
331
8A8
  5
9CE
331
8A9
  5
9CF
331
8AA
  5
9D0
331
8AB
  5
9D1
331
8AC
  5
9D2
331
8AD
  5
9D3
331
8AE
  5
9D5
331
8AF
  5
9D6
331
8B0
  5
9D7
331
8B1
  5
9D8
331
8B2
  5
9D9
331
8B3
  5
9DA
331
8B4
  5
9DB
331
8B7
  5
9DC
331
8B8
  5
9DD
331
8B9
  5
9DE
331
8BA
  5
9DF
331
8BB
  5
9E4
331
8BC
  5
9E5
331
8BF
  5
9E6
331
8C0
  5
9F1
331
8C1
  5
9F2
331
8C2
  5
9F8
331
8C3
  5
9F9
331
8C4
  5
9FA
331
8C5
  5
9FB
331
8C6
  5
9FC
331
8C7
  5
9FD
331
8C8
  5
A02
331
8C9
  5
A03
331
8CA
  5
A04
331
8CB
  5
A05
331
8CC
  5
A06
331
8CD
  5
A07
331
8CE
  5
A08
331
8CF
  5
A09
331
8D0
  5
A0A
331
8D1
  5
A0B
331
8D2
  5
A0C
331
8D3
  5
A0D
331
8D4
  5
A0E
331
8D5
  5
A10
331
8D6
  5
A11
331
8D7
  5
A12
331
8D8
  5
A18
331
8D9
  5
A1B
331
8DA
  5
A1C
331
8DB
  5
A1D
331
8DC
  5
A1E
331
8DD
  5
A1F
331
8DE
  5
A2D
331
8DF
  5
A2E
331
8E0
  5
A30
331
8E3
  5
A32
331
8E4
  5
111F
331
8E5
  5
1120
331
8E6
  5
1121
331
8E7
  5
1122
331
8E8
  5
1123
331
8E9
  5
1124
331
8EA
  5
112C
331
8EB
  5
112D
331
8EC
  5
112E
331
8ED
  5
112F
331
8EE
  5
1130
331
8EF
  5
1131
331
8F0
  5
1132
331
8F1
  5
1133
331
8F4
  5
1134
331
8F5
  5
1135
331
8F6
  5
1136
331
8F7
  5
1137
331
8F8
  5
1138
331
8F9
  5
1139
331
8FA
  5
113A
331
8FB
  5
113B
331
8FC
  5
113C
331
8FD
  5
113D
331
8FE
  5
113E
331
8FF
  5
113F
331
900
  5
1140
331
901
  5
1141
331
902
  5
1142
331
903
  5
1143
331
904
  5
1144
331
905
  5
1145
331
906
  5
1146
331
907
  5
1147
331
908
  5
1148
331
909
  5
1149
331
90A
  5
114A
331
90B
  5
114B
331
90C
  5
114C
331
90D
  5
114D
331
90E
  5
114E
331
90F
  5
114F
331
910
  5
1150
331
911
  5
1151
331
912
  5
1152
331
913
  5
1153
331
914
  5
1154
331
916
  5
1155
331
918
  5
1159
331
919
  5
115A
331
91A
  5
115B
331
91B
  5
115C
331
91C
  5
115D
331
91D
  5
115E
331
91E
  5
115F
331
91F
  5
1160
331
921
  5
1161
331
922
  5
1162
331
923
  5
1163
331
924
  5
1164
331
925
  5
1165
331
926
  5
1166
331
927
  5
1167
331
928
  5
1168
331
929
  5
1169
331
92A
  5
116A
331
92B
  5
116B
331
92C
  5
116C
331
92D
  5
116D
331
92E
  5
116E
331
92F
  5
116F
331
930
  5
1170
331
931
  5
1171
331
932
  5
1172
331
933
  5
1173
331
934
  5
1174
331
935
  5
1175
331
936
  5
1176
331
938
  5
1177
331
939
  5
1178
331
93A
  5
1179
331
93B
  5
117A
331
93D
  5
117B
331
93E
  5
117C
331
93F
  5
117D
331
940
  5
117E
331
941
  5
117F
331
942
  5
1180
331
943
  5
1181
331
944
  5
1182
331
945
  5
1183
331
946
  5
1185
331
949
  5
1186
331
94B
  5
1187
331
94C
  5
118D
331
94D
  5
118E
331
94E
  5
118F
331
950
  5
1190
331
968
  5
1194
331
969
  5
1195
331
96A
  5
1196
331
96B
  5
1197
331
96C
  5
1198
331
96D
  5
1199
331
96E
  5
119A
331
96F
  5
119B
331
970
  5
119C
331
971
  5
119D
331
973
  5
119E
331
974
  5
119F
331
975
  5
11A0
331
976
  5
11A1
331
977
  5
11A2
331
978
  5
11A3
331
979
  5
11A4
331
97A
  5
11A5
331
97B
  5
11A6
331
97C
  5
11A7
331
97D
  5
11A8
331
97E
  5
11A9
331
97F
  5
11AA
331
980
  5
11AB
331
981
  5
11AC
331
982
  5
11AD
331
983
  5
11AE
331
984
  5
11AF
331
985
  5
11B0
331
986
  5
11B1
331
987
  5
11B2
331
988
  5
11B3
331
989
  5
11B4
331
98F
  5
11B5
331
990
  5
11B6
331
991
  5
11B7
331
995
  5
11B8
331
996
  5
11B9
331
997
  5
11BA
331
998
  5
11BB
331
99A
  5
11BC
331
99B
  5
11BD
331
99C
  5
11BE
331
99D
  5
11BF
331
99E
  5
11C0
331
99F
  5
11C1
331
9A0
  5
11C2
331
9A1
  5
11C3
331
9A2
  5
11C4
331
9A3
  5
11C5
331
9A5
  5
11C6
331
9A9
  5
11C7
331
9AA
  5
11C8
331
9AB
  5
11C9
331
9B1
  5
11CA
331
9B4
  5
11CB
331
9B5
  5
11CC
331
9B6
  5
11CD
331
9B7
  5
11CE
331
9B8
  5
11CF
331
9B9
  5
11D0
331
9BA
  5
11D1
331
9BB
  5
11D2
331
9BC
  5
11D3
331
9BD
  5
11D4
331
9BE
  5
11D5
331
9BF
  5
11D6
331
9C0
  5
11D7
331
9C1
  5
11D8
331
9C2
  5
11D9
331
9C3
  5
11DA
331
9C4
  5
11DB
331
9C5
  5
11DC
331
9C6
  5
11DD
331
9C7
  5
11DE
331
9C8
  5
11DF
331
9C9
  5
11E0
331
9CA
  5
11E1
331
9CB
  5
11E2
331
9CC
  5
11E3
331
9CD
  5
11E4
331
9CE
  5
11E5
331
9CF
  5
11E6
331
9D0
  5
11E7
331
9D1
  5
11E8
331
9D2
  5
11E9
331
9D3
  5
11EA
331
9D5
  5
11EB
331
9D6
  5
11EC
331
9D7
  5
11ED
331
9D8
  5
11EE
331
9D9
  5
11EF
331
9DA
  5
11F0
331
9DB
  5
11F1
331
9DC
  5
11F2
331
9DD
  5
11F3
331
9DE
  5
11F4
331
9DF
  5
11F5
331
9E4
  5
11F6
331
9E5
  5
11F7
331
9E6
  5
11F8
331
9F1
  5
11F9
331
9F2
  5
11FA
331
9F8
  5
11FB
331
9F9
  5
11FC
331
9FA
  5
11FD
331
9FB
  5
11FE
331
9FC
  5
11FF
331
9FD
  5
1200
331
A02
  5
1201
331
A03
  5
1202
331
A04
  5
1203
331
A05
  5
1204
331
A06
  5
1205
331
A07
  5
1206
331
A08
  5
1207
331
A09
  5
1208
331
A0A
  5
1209
331
A0B
  5
120A
331
A0C
  5
120B
331
A0D
  5
120C
331
A0E
  5
120D
331
A10
  5
120E
331
A11
  5
120F
331
A12
  5
1210
331
A18
  5
1211
331
A1B
  5
1212
331
A1C
  5
1213
331
A1D
  5
1214
331
A1E
  5
1215
331
A1F
  5
1216
331
A2D
  5
1217
331
A2E
  5
1218
331
A30
  5
1219
331
A32
  5
121A
331
1D8D
  5
26BA
331
1D8E
  5
26BB
331
1D8F
  5
26BC
331
1D94
  5
26BF
331
1D95
  5
26C0
331
1D96
  5
26C1
331
1D97
  5
26C2
331
1D99
  5
26C3
331
25A4
  5
26CB
331
25A5
  5
26CC
331
25A6
  5
26CD
331
25A7
  5
26CE
331
25A8
  5
26CF
331
25A9
  5
26D0
331
25AA
  5
26D1
331
25AB
  5
26D2
331
25AC
  5
26D3
331
25AD
  5
26D4
331
25AE
  5
26D5
331
25AF
  5
26D6
331
25B0
  5
26D7
331
25B1
  5
26D8
331
25B2
  5
26D9
331
25B3
  5
26DA
331
25B4
  5
26DB
331
25BF
  5
26DC
331
25C0
  5
26DD
331
25C1
  5
26DE
331
25C2
  5
26DF
331
25F5
  5
61F
331
25F6
  5
621
331
25F7
  5
623
331
25F8
  5
625
331
25F9
  5
629
331
25FA
  5
62B
331
25FB
  5
62D
331
25FC
  5
62F
331
25FD
  5
63B
331
25FE
  5
63F
331
25FF
  5
64F
331
2600
  5
650
331
2601
  5
658
331
2602
  5
659
331
2603
  5
65E
331
2604
  5
660
331
2605
  5
66B
331
2606
  5
66D
331
2607
  5
66F
331
2608
  5
673
331
2609
  5
678
331
260A
  5
67D
331
260B
  5
67F
331
260C
  5
681
331
260D
  5
685
331
260E
  5
687
331
260F
  5
689
331
2610
  5
68E
331
2611
  5
692
331
2612
  5
697
331
2613
  5
699
331
2614
  5
69B
331
2615
  5
6A8
331
2616
  5
6AA
331
2617
  5
6AC
331
2618
  5
6AE
331
2619
  5
6B2
331
261A
  5
6BE
331
261B
  5
6C0
331
261C
  5
6C2
331
261D
  5
6C4
331
261E
  5
6C6
331
261F
  5
6C8
331
2620
  5
6CA
331
2621
  5
6D9
331
2622
  5
6DB
331
2623
  5
6DC
331
2624
  5
6DF
331
2625
  5
6E2
331
2626
  5
6E7
331
2627
  5
6E8
331
2628
  5
6EA
331
2629
  5
6EC
331
262A
  5
6EE
331
262B
  5
6F0
331
262C
  5
6F3
331
262D
  5
831
331
262E
  5
832
331
262F
  5
835
331
2630
  5
836
331
2631
  5
837
331
2632
  5
838
331
2633
  5
839
331
2634
  5
83A
331
2635
  5
83C
331
2636
  5
83D
331
2637
  5
83E
331
2638
  5
83F
331
2639
  5
840
331
263A
  5
841
331
263B
  5
847
331
263C
  5
848
331
263D
  5
849
331
263E
  5
84A
331
263F
  5
84D
331
2640
  5
84E
331
2641
  5
84F
331
2642
  5
850
331
2643
  5
852
331
2644
  5
853
331
2645
  5
854
331
2646
  5
855
331
2647
  5
857
331
2648
  5
858
331
2649
  5
859
331
264A
  5
85A
331
264B
  5
85B
331
264C
  5
85C
331
264D
  5
85D
331
264E
  5
85E
331
264F
  5
861
331
2650
  5
862
331
2651
  5
863
331
2652
  5
864
331
2653
  5
865
331
2654
  5
866
331
2655
  5
868
331
2656
  5
869
331
2657
  5
86A
331
2658
  5
86B
331
2659
  5
86D
331
265A
  5
86E
331
265B
  5
86F
331
265C
  5
870
331
265D
  5
872
331
265E
  5
873
331
265F
  5
874
331
2660
  5
875
331
2661
  5
877
331
2662
  5
878
331
2663
  5
879
331
2664
  5
87A
331
2665
  5
87C
331
2666
  5
87D
331
2667
  5
87E
331
2668
  5
87F
331
2669
  5
881
331
266A
  5
882
331
266B
  5
883
331
266C
  5
884
331
266D
  5
886
331
266E
  5
887
331
266F
  5
888
331
2670
  5
889
331
2671
  5
88B
331
2672
  5
88C
331
2673
  5
88D
331
2674
  5
88E
331
2675
  5
88F
331
2676
  5
890
331
2677
  5
892
331
2678
  5
893
331
2679
  5
894
331
267A
  5
895
331
267B
  5
897
331
267C
  5
898
331
267D
  5
899
331
267E
  5
89A
331
267F
  5
89C
331
2680
  5
89E
331
2681
  5
8A0
331
2682
  5
8A2
331
2683
  5
8A4
331
2684
  5
8A5
331
2685
  5
8A6
331
2686
  5
8A7
331
2687
  5
8A9
331
2688
  5
8AA
331
2689
  5
8AB
331
268A
  5
8AC
331
268B
  5
8AE
331
268C
  5
8AF
331
268D
  5
8B0
331
268E
  5
8B1
331
268F
  5
8B3
331
2690
  5
8B4
331
2691
  5
8B7
331
2692
  5
8B8
331
2693
  5
8BB
331
2694
  5
8BC
331
2695
  5
8BF
331
2696
  5
8C0
331
2697
  5
8C1
331
2698
  5
8C2
331
2699
  5
8C3
331
269A
  5
8C4
331
269B
  5
8C6
331
269C
  5
8C7
331
269D
  5
8C8
331
269E
  5
8C9
331
269F
  5
8CB
331
26A0
  5
8CC
331
26A1
  5
8CD
331
26A2
  5
8CE
331
26A3
  5
8D0
331
26A4
  5
8D1
331
26A5
  5
8D2
331
26A6
  5
8D3
331
26A7
  5
8D5
331
26A8
  5
8D6
331
26A9
  5
8D7
331
26AA
  5
8D8
331
26AB
  5
8DA
331
26AC
  5
8DB
331
26AD
  5
8DC
331
26AE
  5
8DD
331
26AF
  5
8DF
331
26B0
  5
8E0
331
26B1
  5
8E3
331
26B2
  5
8E4
331
26B3
  5
8E6
331
26B4
  5
8E7
331
26B5
  5
8E8
331
26B6
  5
8E9
331
26B7
  5
8EB
331
26B8
  5
8EC
331
26B9
  5
8ED
331
26BA
  5
8EE
331
26BB
  5
8F0
331
26BC
  5
8F1
331
26BD
  5
8F6
331
26BE
  5
8F7
331
26BF
  5
8FA
331
26C0
  5
8FB
331
26C1
  5
8FC
331
26C2
  5
8FD
331
26C3
  5
8FE
331
26C4
  5
8FF
331
26C5
  5
902
331
26C6
  5
904
331
26C7
  5
905
331
26C8
  5
906
331
26C9
  5
907
331
26CA
  5
908
331
26CB
  5
909
331
26CC
  5
90C
331
26CD
  5
90E
331
26CE
  5
910
331
26CF
  5
912
331
26D0
  5
913
331
26D1
  5
914
331
26D2
  5
916
331
26D3
  5
918
331
26D4
  5
919
331
26D5
  5
91A
331
26D6
  5
91B
331
26D7
  5
91E
331
26D8
  5
91F
331
26D9
  5
921
331
26DA
  5
922
331
26DB
  5
923
331
26DC
  5
924
  0
ACDBDETAILVIEWSTYLE
  5
2535
102
{ACAD_REACTORS
330
2534
102
}
102
{ACAD_XDICTIONARY
360
27B9
102
}
330
2534
100
AcDbModelDocViewStyle
 70
     0
  3
Imperial24
290
     0
100
AcDbDetailViewStyle
 70
     0
 71
     0
 90
        3
 71
     1
340
C
 62
   256
 40
0.24
340
0
 62
   256
 40
0.24
300

 40
0.36
280
     3
 71
     2
340
5
 90
       25
 62
   256
 71
     3
340
C
 62
   256
 40
0.24
 90
        1
 40
0.75
 90
        1
300
%<\AcVar ViewType \f "%tc1">% %<\AcVar ViewDetailId>%\PSCALE %<\AcVar ViewScale \f "%sn">%
 71
     4
340
5
 90
       25
 62
   256
340
5
 90
       25
 62
   256
280
     0
  0
LAYOUT
  5
2538
102
{ACAD_REACTORS
330
251B
102
}
330
251B
100
AcDbPlotSettings
  1

  2
HP LaserJet Professional M1132 MFP
  4

  6

 40
0.0
 41
0.0
 42
0.0
 43
0.0
 44
0.0
 45
0.0
 46
0.0
 47
0.0
 48
0.0
 49
0.0
140
0.0
141
0.0
142
1.0
143
1.0
 70
   688
 72
     0
 73
     0
 74
     5
  7

 75
    16
 76
     0
 77
     2
 78
   300
147
1.0
148
0.0
149
0.0
100
AcDbLayout
  1
Layout1
 70
     1
 71
     1
 10
0.0
 20
0.0
 11
12.0
 21
9.0
 12
0.0
 22
0.0
 32
0.0
 14
1.000000000000000E+20
 24
1.000000000000000E+20
 34
1.000000000000000E+20
 15
-1.000000000000000E+20
 25
-1.000000000000000E+20
 35
-1.000000000000000E+20
146
0.0
 13
0.0
 23
0.0
 33
0.0
 16
1.0
 26
0.0
 36
0.0
 17
0.0
 27
1.0
 37
0.0
 76
     0
330
7
  0
LAYOUT
  5
2537
102
{ACAD_REACTORS
330
251B
102
}
102
{ACAD_XDICTIONARY
360
27C1
102
}
330
251B
100
AcDbPlotSettings
  1

  2
HP LaserJet Professional M1132 MFP
  4
A4
  6

 40
3.979333162307739
 41
4.010986328125
 42
2.820663452148438
 43
3.979339599609375
 44
210.0
 45
297.0
 46
0.0
 47
0.0
 48
0.0
 49
0.0
140
0.0
141
0.0
142
1.0
143
2.467269531038955
 70
 11952
 72
     0
 73
     1
 74
     0
  7

 75
     0
 76
     0
 77
     2
 78
   300
147
0.405306346720419
148
671.1328657032981
149
231.0326625460015
100
AcDbLayout
  1
Model
 70
     1
 71
     0
 10
0.0
 20
0.0
 11
12.0
 21
9.0
 12
0.0
 22
0.0
 32
0.0
 14
0.0
 24
0.0
 34
0.0
 15
0.0
 25
0.0
 35
0.0
146
0.0
 13
0.0
 23
0.0
 33
0.0
 16
1.0
 26
0.0
 36
0.0
 17
0.0
 27
1.0
 37
0.0
 76
     0
330
2
331
24E4
1001
ACAD_PSEXT
1000
HP LaserJet Professional M1132 MFP
1000
HP LaserJet Professional M1132 MFP
1000
USB003
1000

1070
     0
  0
MATERIAL
  5
24F1
102
{ACAD_REACTORS
330
24E8
102
}
102
{ACAD_XDICTIONARY
360
27C3
102
}
330
24E8
100
AcDbMaterial
  1
ByBlock
 72
     0
 73
     2
 43
0.0208333333333333
 43
0.0
 43
0.0
 43
0.0
 43
0.0
 43
0.0208333333333333
 43
0.0
 43
0.0
 43
0.0
 43
0.0
 43
1.0
 43
0.0
 43
0.0
 43
0.0
 43
0.0
 43
1.0
 77
     0
 78
     2
 47
0.0208333333333333
 47
0.0
 47
0.0
 47
0.0
 47
0.0
 47
0.0208333333333333
 47
0.0
 47
0.0
 47
0.0
 47
0.0
 47
1.0
 47
0.0
 47
0.0
 47
0.0
 47
0.0
 47
1.0
171
     0
172
     2
 49
0.0208333333333333
 49
0.0
 49
0.0
 49
0.0
 49
0.0
 49
0.0208333333333333
 49
0.0
 49
0.0
 49
0.0
 49
0.0
 49
1.0
 49
0.0
 49
0.0
 49
0.0
 49
0.0
 49
1.0
175
     0
176
     2
142
0.0208333333333333
142
0.0
142
0.0
142
0.0
142
0.0
142
0.0208333333333333
142
0.0
142
0.0
142
0.0
142
0.0
142
1.0
142
0.0
142
0.0
142
0.0
142
0.0
142
1.0
179
     0
270
     2
144
0.0208333333333333
144
0.0
144
0.0
144
0.0
144
0.0
144
0.0208333333333333
144
0.0
144
0.0
144
0.0
144
0.0
144
1.0
144
0.0
144
0.0
144
0.0
144
0.0
144
1.0
274
     2
147
0.0208333333333333
147
0.0
147
0.0
147
0.0
147
0.0
147
0.0208333333333333
147
0.0
147
0.0
147
0.0
147
0.0
147
1.0
147
0.0
147
0.0
147
0.0
147
0.0
147
1.0
  0
MATERIAL
  5
24E9
102
{ACAD_REACTORS
330
24E8
102
}
102
{ACAD_XDICTIONARY
360
27C5
102
}
330
24E8
100
AcDbMaterial
  1
ByLayer
 72
     0
 73
     2
 43
0.0208333333333333
 43
0.0
 43
0.0
 43
0.0
 43
0.0
 43
0.0208333333333333
 43
0.0
 43
0.0
 43
0.0
 43
0.0
 43
1.0
 43
0.0
 43
0.0
 43
0.0
 43
0.0
 43
1.0
 77
     0
 78
     2
 47
0.0208333333333333
 47
0.0
 47
0.0
 47
0.0
 47
0.0
 47
0.0208333333333333
 47
0.0
 47
0.0
 47
0.0
 47
0.0
 47
1.0
 47
0.0
 47
0.0
 47
0.0
 47
0.0
 47
1.0
171
     0
172
     2
 49
0.0208333333333333
 49
0.0
 49
0.0
 49
0.0
 49
0.0
 49
0.0208333333333333
 49
0.0
 49
0.0
 49
0.0
 49
0.0
 49
1.0
 49
0.0
 49
0.0
 49
0.0
 49
0.0
 49
1.0
175
     0
176
     2
142
0.0208333333333333
142
0.0
142
0.0
142
0.0
142
0.0
142
0.0208333333333333
142
0.0
142
0.0
142
0.0
142
0.0
142
1.0
142
0.0
142
0.0
142
0.0
142
0.0
142
1.0
179
     0
270
     2
144
0.0208333333333333
144
0.0
144
0.0
144
0.0
144
0.0
144
0.0208333333333333
144
0.0
144
0.0
144
0.0
144
0.0
144
1.0
144
0.0
144
0.0
144
0.0
144
0.0
144
1.0
274
     2
147
0.0208333333333333
147
0.0
147
0.0
147
0.0
147
0.0
147
0.0208333333333333
147
0.0
147
0.0
147
0.0
147
0.0
147
1.0
147
0.0
147
0.0
147
0.0
147
0.0
147
1.0
  0
MATERIAL
  5
24F9
102
{ACAD_REACTORS
330
24E8
102
}
102
{ACAD_XDICTIONARY
360
24FA
102
}
330
24E8
100
AcDbMaterial
  1
Global
 72
     0
 73
     2
 43
0.0208333333333333
 43
0.0
 43
0.0
 43
0.0
 43
0.0
 43
0.0208333333333333
 43
0.0
 43
0.0
 43
0.0
 43
0.0
 43
1.0
 43
0.0
 43
0.0
 43
0.0
 43
0.0
 43
1.0
 77
     0
 78
     2
 47
0.0208333333333333
 47
0.0
 47
0.0
 47
0.0
 47
0.0
 47
0.0208333333333333
 47
0.0
 47
0.0
 47
0.0
 47
0.0
 47
1.0
 47
0.0
 47
0.0
 47
0.0
 47
0.0
 47
1.0
171
     0
172
     2
 49
0.0208333333333333
 49
0.0
 49
0.0
 49
0.0
 49
0.0
 49
0.0208333333333333
 49
0.0
 49
0.0
 49
0.0
 49
0.0
 49
1.0
 49
0.0
 49
0.0
 49
0.0
 49
0.0
 49
1.0
175
     0
176
     2
142
0.0208333333333333
142
0.0
142
0.0
142
0.0
142
0.0
142
0.0208333333333333
142
0.0
142
0.0
142
0.0
142
0.0
142
1.0
142
0.0
142
0.0
142
0.0
142
0.0
142
1.0
179
     0
270
     2
144
0.0208333333333333
144
0.0
144
0.0
144
0.0
144
0.0
144
0.0208333333333333
144
0.0
144
0.0
144
0.0
144
0.0
144
1.0
144
0.0
144
0.0
144
0.0
144
0.0
144
1.0
274
     2
147
0.0208333333333333
147
0.0
147
0.0
147
0.0
147
0.0
147
0.0208333333333333
147
0.0
147
0.0
147
0.0
147
0.0
147
1.0
147
0.0
147
0.0
147
0.0
147
0.0
147
1.0
  0
MLEADERSTYLE
  5
2531
102
{ACAD_REACTORS
330
2530
102
}
102
{ACAD_XDICTIONARY
360
27C8
102
}
330
2530
100
AcDbMLeaderStyle
170
     2
171
     1
172
     0
 90
        2
 40
0.0
 41
0.0
173
     1
 91
-1056964608
340
E
 92
       -2
290
     1
 42
0.09
291
     1
 43
0.36
  3
Standard
341
0
 44
0.18
300

342
C
174
     1
178
     6
175
     1
176
     0
 93
-1056964608
 45
0.18
292
     0
297
     0
 46
0.18
343
0
 94
-1056964608
 47
1.0
 49
1.0
140
1.0
293
     1
141
0.0
294
     1
177
     0
142
1.0
295
     0
296
     0
143
0.125
1001
ACAD_MLEADERVER
1070
     2
  0
MLINESTYLE
  5
1D
102
{ACAD_REACTORS
330
19
102
}
330
19
100
AcDbMlineStyle
  2
STANDARD
 70
     0
  3

 62
     0
 51
90.0
 52
90.0
 71
     2
 49
0.5
 62
   256
  6
BYLAYER
 49
-0.5
 62
   256
  6
BYLAYER
  0
ACDBPLACEHOLDER
  5
24E7
102
{ACAD_REACTORS
330
24E6
102
}
330
24E6
  0
SCALE
  5
251F
102
{ACAD_REACTORS
330
251E
102
}
330
251E
100
AcDbScale
 70
     0
300
1:1
140
1.0
141
1.0
290
     1
  0
SCALE
  5
2520
102
{ACAD_REACTORS
330
251E
102
}
330
251E
100
AcDbScale
 70
     0
300
1/128" = 1'-0"
140
0.0078125
141
12.0
290
     0
  0
SCALE
  5
2521
102
{ACAD_REACTORS
330
251E
102
}
330
251E
100
AcDbScale
 70
     0
300
1/64" = 1'-0"
140
0.015625
141
12.0
290
     0
  0
SCALE
  5
2522
102
{ACAD_REACTORS
330
251E
102
}
330
251E
100
AcDbScale
 70
     0
300
1/32" = 1'-0"
140
0.03125
141
12.0
290
     0
  0
SCALE
  5
2523
102
{ACAD_REACTORS
330
251E
102
}
330
251E
100
AcDbScale
 70
     0
300
1/16" = 1'-0"
140
0.0625
141
12.0
290
     0
  0
SCALE
  5
2524
102
{ACAD_REACTORS
330
251E
102
}
330
251E
100
AcDbScale
 70
     0
300
3/32" = 1'-0"
140
0.09375
141
12.0
290
     0
  0
SCALE
  5
2525
102
{ACAD_REACTORS
330
251E
102
}
330
251E
100
AcDbScale
 70
     0
300
1/8" = 1'-0"
140
0.125
141
12.0
290
     0
  0
SCALE
  5
2526
102
{ACAD_REACTORS
330
251E
102
}
330
251E
100
AcDbScale
 70
     0
300
3/16" = 1'-0"
140
0.1875
141
12.0
290
     0
  0
SCALE
  5
2527
102
{ACAD_REACTORS
330
251E
102
}
330
251E
100
AcDbScale
 70
     0
300
1/4" = 1'-0"
140
0.25
141
12.0
290
     0
  0
SCALE
  5
2528
102
{ACAD_REACTORS
330
251E
102
}
330
251E
100
AcDbScale
 70
     0
300
3/8" = 1'-0"
140
0.375
141
12.0
290
     0
  0
SCALE
  5
2529
102
{ACAD_REACTORS
330
251E
102
}
330
251E
100
AcDbScale
 70
     0
300
1/2" = 1'-0"
140
0.5
141
12.0
290
     0
  0
SCALE
  5
252A
102
{ACAD_REACTORS
330
251E
102
}
330
251E
100
AcDbScale
 70
     0
300
3/4" = 1'-0"
140
0.75
141
12.0
290
     0
  0
SCALE
  5
252B
102
{ACAD_REACTORS
330
251E
102
}
330
251E
100
AcDbScale
 70
     0
300
1" = 1'-0"
140
1.0
141
12.0
290
     0
  0
SCALE
  5
252C
102
{ACAD_REACTORS
330
251E
102
}
330
251E
100
AcDbScale
 70
     0
300
1-1/2" = 1'-0"
140
1.5
141
12.0
290
     0
  0
SCALE
  5
252D
102
{ACAD_REACTORS
330
251E
102
}
330
251E
100
AcDbScale
 70
     0
300
3" = 1'-0"
140
3.0
141
12.0
290
     0
  0
SCALE
  5
252E
102
{ACAD_REACTORS
330
251E
102
}
330
251E
100
AcDbScale
 70
     0
300
6" = 1'-0"
140
6.0
141
12.0
290
     0
  0
SCALE
  5
252F
102
{ACAD_REACTORS
330
251E
102
}
330
251E
100
AcDbScale
 70
     0
300
1'-0" = 1'-0"
140
12.0
141
12.0
290
     0
  0
ACDBSECTIONVIEWSTYLE
  5
2533
102
{ACAD_REACTORS
330
2532
102
}
102
{ACAD_XDICTIONARY
360
27B7
102
}
330
2532
100
AcDbModelDocViewStyle
 70
     0
  3
Imperial24
290
     0
100
AcDbSectionViewStyle
 70
     0
 71
     0
 90
       78
 71
     1
340
C
 62
   256
 40
0.24
340
0
340
0
 62
   256
 40
0.24
300
I, O, Q, S, X, Z
 40
0.48
 90
        3
 40
0.18
 90
        1
 71
     2
340
5
 90
       25
 62
   256
340
5
 90
       50
 62
   256
 40
0.24
 40
0.0
 40
0.24
 71
     3
340
C
 62
   256
 40
0.24
 90
        1
 40
0.75
 90
        1
300
%<\AcVar ViewType \f "%tc1">% %<\AcVar ViewSectionStartId>%-%<\AcVar ViewSectionEndId>%\PSCALE %<\AcVar ViewScale \f "%sn">%
 71
     4
 62
   256
 62
   257
300
ANSI31
 40
1.0
 90
        0
290
     0
290
     0
 90
        6
 40
0.0
 40
1.570796326794897
 40
0.2617993877991494
 40
1.308996938995747
 40
-0.2617993877991494
 40
1.832595714594046
  0
TABLESTYLE
  5
251D
102
{ACAD_REACTORS
330
251C
102
}
102
{ACAD_XDICTIONARY
360
27CB
102
}
330
251C
100
AcDbTableStyle
  3
Standard
 70
     0
 71
     0
 40
0.06
 41
0.06
280
     0
281
     0
  7
STANDARD
140
0.18
170
     2
 62
     0
 63
   257
283
     0
274
    -2
284
     1
 64
     0
275
    -2
285
     1
 65
     0
276
    -2
286
     1
 66
     0
277
    -2
287
     1
 67
     0
278
    -2
288
     1
 68
     0
279
    -2
289
     1
 69
     0
  7
STANDARD
140
0.25
170
     5
 62
     0
 63
   257
283
     0
274
    -2
284
     1
 64
     0
275
    -2
285
     1
 65
     0
276
    -2
286
     1
 66
     0
277
    -2
287
     1
 67
     0
278
    -2
288
     1
 68
     0
279
    -2
289
     1
 69
     0
  7
STANDARD
140
0.18
170
     5
 62
     0
 63
   257
283
     0
274
    -2
284
     1
 64
     0
275
    -2
285
     1
 65
     0
276
    -2
286
     1
 66
     0
277
    -2
287
     1
 67
     0
278
    -2
288
     1
 68
     0
279
    -2
289
     1
 69
     0
  0
VISUALSTYLE
  5
2507
102
{ACAD_REACTORS
330
2501
102
}
102
{ACAD_XDICTIONARY
360
27CE
102
}
330
2501
100
AcDbVisualStyle
  2
2dWireframe
 70
     4
 71
     0
 72
     2
 73
     0
 90
        0
 40
-0.6
 41
-30.0
 62
     5
 63
     7
421
 16777215
 74
     1
 91
        4
 64
     7
 65
   257
 75
     1
175
     1
 42
1.0
 92
        0
 66
   257
 43
1.0
 76
     1
 77
     6
 78
     2
 67
     7
 79
     5
170
     0
171
     0
290
     0
174
     0
 93
        1
 44
0.0
173
     0
291
     0
 45
0.0
1001
ACAD
1000
AcDbSavedByObjectVersion
1070
     0
  0
VISUALSTYLE
  5
2506
102
{ACAD_REACTORS
330
2501
102
}
102
{ACAD_XDICTIONARY
360
27D0
102
}
330
2501
100
AcDbVisualStyle
  2
Basic
 70
     7
 71
     1
 72
     0
 73
     1
 90
        0
 40
-0.6
 41
-30.0
 62
     5
 63
     7
421
 16777215
 74
     0
 91
        4
 64
     7
 65
   257
 75
     1
175
     1
 42
1.0
 92
        8
 66
     7
 43
1.0
 76
     1
 77
     6
 78
     2
 67
     7
 79
     5
170
     0
171
     0
290
     0
174
     0
 93
        1
 44
0.0
173
     0
291
     1
 45
0.0
1001
ACAD
1000
AcDbSavedByObjectVersion
1070
     0
  0
VISUALSTYLE
  5
250D
102
{ACAD_REACTORS
330
2501
102
}
102
{ACAD_XDICTIONARY
360
27D2
102
}
330
2501
100
AcDbVisualStyle
  2
Brighten
 70
    12
 71
     2
 72
     2
 73
     0
 90
        0
 40
-0.6
 41
-30.0
 62
     5
 63
     7
421
 16777215
 74
     1
 91
        4
 64
     7
 65
   257
 75
     1
175
     1
 42
1.0
 92
        8
 66
     7
 43
1.0
 76
     1
 77
     6
 78
     2
 67
     7
 79
     5
170
     0
171
     0
290
     0
174
     0
 93
        1
 44
50.0
173
     0
291
     1
 45
0.0
1001
ACAD
1000
AcDbSavedByObjectVersion
1070
     0
  0
VISUALSTYLE
  5
2511
102
{ACAD_REACTORS
330
2501
102
}
102
{ACAD_XDICTIONARY
360
27D4
102
}
330
2501
100
AcDbVisualStyle
  2
ColorChange
 70
    16
 71
     2
 72
     2
 73
     3
 90
        0
 40
-0.6
 41
-30.0
 62
     5
 63
     8
421
  8421504
 74
     1
 91
        4
 64
     7
 65
   257
 75
     1
175
     1
 42
1.0
 92
        8
 66
     8
424
  8421504
 43
1.0
 76
     1
 77
     6
 78
     2
 67
     7
 79
     5
170
     0
171
     0
290
     0
174
     0
 93
        1
 44
0.0
173
     0
291
     1
 45
0.0
1001
ACAD
1000
AcDbSavedByObjectVersion
1070
     0
  0
VISUALSTYLE
  5
250A
102
{ACAD_REACTORS
330
2501
102
}
102
{ACAD_XDICTIONARY
360
27D6
102
}
330
2501
100
AcDbVisualStyle
  2
Conceptual
 70
     9
 71
     3
 72
     2
 73
     0
 90
        0
 40
-0.6
 41
-30.0
 62
     5
 63
     7
421
 16777215
 74
     2
 91
        2
 64
     7
 65
   257
 75
     1
175
     1
 42
179.0
 92
        8
 66
     7
 43
1.0
 76
     1
 77
     6
 78
     2
 67
     7
 79
     3
170
     0
171
     0
290
     0
174
     0
 93
        1
 44
0.0
173
     0
291
     0
 45
0.0
1001
ACAD
1000
AcDbSavedByObjectVersion
1070
     0
  0
VISUALSTYLE
  5
250C
102
{ACAD_REACTORS
330
2501
102
}
102
{ACAD_XDICTIONARY
360
27D8
102
}
330
2501
100
AcDbVisualStyle
  2
Dim
 70
    11
 71
     2
 72
     2
 73
     0
 90
        0
 40
-0.6
 41
-30.0
 62
     5
 63
     7
421
 16777215
 74
     1
 91
        4
 64
     7
 65
   257
 75
     1
175
     1
 42
1.0
 92
        8
 66
     7
 43
1.0
 76
     1
 77
     6
 78
     2
 67
     7
 79
     5
170
     0
171
     0
290
     0
174
     0
 93
        1
 44
-50.0
173
     0
291
     1
 45
0.0
1001
ACAD
1000
AcDbSavedByObjectVersion
1070
     0
  0
VISUALSTYLE
  5
2519
102
{ACAD_REACTORS
330
2501
102
}
102
{ACAD_XDICTIONARY
360
27DA
102
}
330
2501
100
AcDbVisualStyle
  2
EdgeColorOff
 70
    22
 71
     2
 72
     2
 73
     0
 90
        0
 40
-0.6
 41
-30.0
 62
     5
 63
     7
421
 16777215
 74
     1
 91
        4
 64
     7
 65
   257
 75
     1
175
     1
 42
1.0
 92
        8
 66
     7
 43
1.0
 76
     1
 77
     6
 78
     2
 67
     7
 79
     5
170
     0
171
     0
290
     0
174
     0
 93
        1
 44
0.0
173
     0
291
     1
 45
0.0
1001
ACAD
1000
AcDbSavedByObjectVersion
1070
     0
  0
VISUALSTYLE
  5
2510
102
{ACAD_REACTORS
330
2501
102
}
102
{ACAD_XDICTIONARY
360
27DC
102
}
330
2501
100
AcDbVisualStyle
  2
Facepattern
 70
    15
 71
     2
 72
     2
 73
     0
 90
        0
 40
-0.6
 41
-30.0
 62
     5
 63
     7
421
 16777215
 74
     1
 91
        4
 64
     7
 65
   257
 75
     1
175
     1
 42
1.0
 92
        8
 66
     7
 43
1.0
 76
     1
 77
     6
 78
     2
 67
     7
 79
     5
170
     0
171
     0
290
     0
174
     0
 93
        1
 44
0.0
173
     0
291
     1
 45
0.0
1001
ACAD
1000
AcDbSavedByObjectVersion
1070
     0
  0
VISUALSTYLE
  5
2502
102
{ACAD_REACTORS
330
2501
102
}
102
{ACAD_XDICTIONARY
360
27DE
102
}
330
2501
100
AcDbVisualStyle
  2
Flat
 70
     0
 71
     2
 72
     1
 73
     1
 90
        2
 40
-0.6
 41
30.0
 62
     5
 63
     7
421
 16777215
 74
     0
 91
        0
 64
     7
 65
   257
 75
     1
175
     1
 42
1.0
 92
        8
 66
     7
 43
1.0
 76
     1
 77
     6
 78
     2
 67
     7
 79
     5
170
     0
171
     0
290
     0
174
     0
 93
       13
 44
0.0
173
     0
291
     1
 45
0.0
1001
ACAD
1000
AcDbSavedByObjectVersion
1070
     0
  0
VISUALSTYLE
  5
2503
102
{ACAD_REACTORS
330
2501
102
}
102
{ACAD_XDICTIONARY
360
27E0
102
}
330
2501
100
AcDbVisualStyle
  2
FlatWithEdges
 70
     1
 71
     2
 72
     1
 73
     1
 90
        2
 40
-0.6
 41
30.0
 62
     5
 63
     7
421
 16777215
 74
     1
 91
        0
 64
     7
 65
   257
 75
     1
175
     1
 42
1.0
 92
        0
 66
   257
 43
1.0
 76
     1
 77
     6
 78
     2
 67
     7
 79
     5
170
     0
171
     0
290
     0
174
     0
 93
       13
 44
0.0
173
     0
291
     1
 45
0.0
1001
ACAD
1000
AcDbSavedByObjectVersion
1070
     0
  0
VISUALSTYLE
  5
2504
102
{ACAD_REACTORS
330
2501
102
}
102
{ACAD_XDICTIONARY
360
27E2
102
}
330
2501
100
AcDbVisualStyle
  2
Gouraud
 70
     2
 71
     2
 72
     2
 73
     1
 90
        2
 40
-0.6
 41
30.0
 62
     5
 63
     7
421
 16777215
 74
     0
 91
        0
 64
     7
 65
   257
 75
     1
175
     1
 42
1.0
 92
        0
 66
     7
 43
1.0
 76
     1
 77
     6
 78
     2
 67
     7
 79
     5
170
     0
171
     0
290
     0
174
     0
 93
       13
 44
0.0
173
     0
291
     1
 45
0.0
1001
ACAD
1000
AcDbSavedByObjectVersion
1070
     0
  0
VISUALSTYLE
  5
2505
102
{ACAD_REACTORS
330
2501
102
}
102
{ACAD_XDICTIONARY
360
27E4
102
}
330
2501
100
AcDbVisualStyle
  2
GouraudWithEdges
 70
     3
 71
     2
 72
     2
 73
     1
 90
        2
 40
-0.6
 41
30.0
 62
     5
 63
     7
421
 16777215
 74
     1
 91
        0
 64
     7
 65
   257
 75
     1
175
     1
 42
1.0
 92
        0
 66
   257
 43
1.0
 76
     1
 77
     6
 78
     2
 67
     7
 79
     5
170
     0
171
     0
290
     0
174
     0
 93
       13
 44
0.0
173
     0
291
     1
 45
0.0
1001
ACAD
1000
AcDbSavedByObjectVersion
1070
     0
  0
VISUALSTYLE
  5
2509
102
{ACAD_REACTORS
330
2501
102
}
102
{ACAD_XDICTIONARY
360
27E6
102
}
330
2501
100
AcDbVisualStyle
  2
Hidden
 70
     6
 71
     1
 72
     2
 73
     2
 90
        0
 40
-0.6
 41
-30.0
 62
     5
 63
     7
421
 16777215
 74
     2
 91
        2
 64
     7
 65
   257
 75
     2
175
     1
 42
40.0
 92
        0
 66
   257
 43
1.0
 76
     1
 77
     6
 78
     2
 67
     7
 79
     3
170
     0
171
     0
290
     0
174
     0
 93
        1
 44
0.0
173
     0
291
     0
 45
0.0
1001
ACAD
1000
AcDbSavedByObjectVersion
1070
     0
  0
VISUALSTYLE
  5
2517
102
{ACAD_REACTORS
330
2501
102
}
102
{ACAD_XDICTIONARY
360
27E8
102
}
330
2501
100
AcDbVisualStyle
  2
JitterOff
 70
    20
 71
     2
 72
     2
 73
     0
 90
        0
 40
-0.6
 41
-30.0
 62
     5
 63
     7
421
 16777215
 74
     1
 91
        4
 64
     7
 65
   257
 75
     1
175
     1
 42
1.0
 92
       10
 66
     7
 43
1.0
 76
     1
 77
     6
 78
     2
 67
     7
 79
     5
170
     0
171
     0
290
     0
174
     0
 93
        1
 44
0.0
173
     0
291
     1
 45
0.0
1001
ACAD
1000
AcDbSavedByObjectVersion
1070
     0
  0
VISUALSTYLE
  5
250F
102
{ACAD_REACTORS
330
2501
102
}
102
{ACAD_XDICTIONARY
360
27EA
102
}
330
2501
100
AcDbVisualStyle
  2
Linepattern
 70
    14
 71
     2
 72
     2
 73
     0
 90
        0
 40
-0.6
 41
-30.0
 62
     5
 63
     7
421
 16777215
 74
     1
 91
        4
 64
     7
 65
   257
 75
     7
175
     7
 42
1.0
 92
        8
 66
     7
 43
1.0
 76
     1
 77
     6
 78
     2
 67
     7
 79
     5
170
     0
171
     0
290
     0
174
     0
 93
        1
 44
0.0
173
     0
291
     1
 45
0.0
1001
ACAD
1000
AcDbSavedByObjectVersion
1070
     0
  0
VISUALSTYLE
  5
2518
102
{ACAD_REACTORS
330
2501
102
}
102
{ACAD_XDICTIONARY
360
27EC
102
}
330
2501
100
AcDbVisualStyle
  2
OverhangOff
 70
    21
 71
     2
 72
     2
 73
     0
 90
        0
 40
-0.6
 41
-30.0
 62
     5
 63
     7
421
 16777215
 74
     1
 91
        4
 64
     7
 65
   257
 75
     1
175
     1
 42
1.0
 92
        9
 66
     7
 43
1.0
 76
     1
 77
     6
 78
     2
 67
     7
 79
     5
170
     0
171
     0
290
     0
174
     0
 93
        1
 44
0.0
173
     0
291
     1
 45
0.0
1001
ACAD
1000
AcDbSavedByObjectVersion
1070
     0
  0
VISUALSTYLE
  5
250B
102
{ACAD_REACTORS
330
2501
102
}
102
{ACAD_XDICTIONARY
360
27EE
102
}
330
2501
100
AcDbVisualStyle
  2
Realistic
 70
     8
 71
     2
 72
     2
 73
     0
 90
        2
 40
-0.6
 41
30.0
 62
     5
 63
     7
421
 16777215
 74
     0
 91
        0
 64
     7
 65
   257
 75
     1
175
     1
 42
1.0
 92
        8
 66
   257
 43
1.0
 76
     1
 77
     6
 78
     2
 67
     7
 79
     3
170
     0
171
     0
290
     0
174
     0
 93
       13
 44
0.0
173
     0
291
     0
 45
0.0
1001
ACAD
1000
AcDbSavedByObjectVersion
1070
     0
  0
VISUALSTYLE
  5
2516
102
{ACAD_REACTORS
330
2501
102
}
102
{ACAD_XDICTIONARY
360
27F0
102
}
330
2501
100
AcDbVisualStyle
  2
Shaded
 70
    27
 71
     2
 72
     2
 73
     1
 90
        2
 40
-0.6
 41
30.0
 62
     5
 63
     7
421
 16777215
 74
     0
 91
        4
 64
     7
 65
   257
 75
     1
175
     1
 42
1.0
 92
        8
 66
   257
 43
1.0
 76
     1
 77
     6
 78
     2
 67
     8
425
  7895160
 79
     3
170
     0
171
     0
290
     0
174
     0
 93
        5
 44
0.0
173
     0
291
     0
 45
0.0
1001
ACAD
1000
AcDbSavedByObjectVersion
1070
     0
  0
VISUALSTYLE
  5
2515
102
{ACAD_REACTORS
330
2501
102
}
102
{ACAD_XDICTIONARY
360
27F2
102
}
330
2501
100
AcDbVisualStyle
  2
Shaded with edges
 70
    26
 71
     2
 72
     2
 73
     1
 90
        2
 40
-0.6
 41
30.0
 62
     5
 63
     7
421
 16777215
 74
     1
 91
        2
 64
     7
 65
   257
 75
     2
175
     1
 42
1.0
 92
        8
 66
   257
 43
1.0
 76
     1
 77
     6
 78
     2
 67
     7
 79
     3
170
     0
171
     0
290
     0
174
     0
 93
        5
 44
0.0
173
     0
291
     0
 45
0.0
1001
ACAD
1000
AcDbSavedByObjectVersion
1070
     0
  0
VISUALSTYLE
  5
2512
102
{ACAD_REACTORS
330
2501
102
}
102
{ACAD_XDICTIONARY
360
27F4
102
}
330
2501
100
AcDbVisualStyle
  2
Shades of Gray
 70
    23
 71
     2
 72
     2
 73
     3
 90
        0
 40
-0.6
 41
-30.0
 62
     5
 63
     7
421
 16777215
 74
     2
 91
        2
 64
     7
 65
     7
 75
     1
175
     1
 42
40.0
 92
        8
 66
     7
 43
1.0
 76
     1
 77
     6
 78
     2
 67
     7
 79
     3
170
     0
171
     0
290
     0
174
     0
 93
        1
 44
0.0
173
     0
291
     0
 45
0.0
1001
ACAD
1000
AcDbSavedByObjectVersion
1070
     0
  0
VISUALSTYLE
  5
2513
102
{ACAD_REACTORS
330
2501
102
}
102
{ACAD_XDICTIONARY
360
27F6
102
}
330
2501
100
AcDbVisualStyle
  2
Sketchy
 70
    24
 71
     1
 72
     2
 73
     2
 90
        0
 40
-0.6
 41
-30.0
 62
     5
 63
     7
421
 16777215
 74
     2
 91
        2
 64
     7
 65
     7
 75
     1
175
     1
 42
40.0
 92
       11
 66
     7
 43
1.0
 76
     1
 77
     6
 78
     2
 67
     7
 79
     6
170
     0
171
     0
290
     0
174
     0
 93
        1
 44
0.0
173
     0
291
     0
 45
0.0
1001
ACAD
1000
AcDbSavedByObjectVersion
1070
     0
  0
VISUALSTYLE
  5
250E
102
{ACAD_REACTORS
330
2501
102
}
102
{ACAD_XDICTIONARY
360
27F8
102
}
330
2501
100
AcDbVisualStyle
  2
Thicken
 70
    13
 71
     2
 72
     2
 73
     0
 90
        0
 40
-0.6
 41
-30.0
 62
     5
 63
     7
421
 16777215
 74
     1
 91
        4
 64
     7
 65
   257
 75
     1
175
     1
 42
1.0
 92
       12
 66
     7
 43
1.0
 76
     1
 77
     6
 78
     2
 67
     7
 79
     5
170
     0
171
     0
290
     0
174
     0
 93
        1
 44
0.0
173
     0
291
     1
 45
0.0
1001
ACAD
1000
AcDbSavedByObjectVersion
1070
     0
  0
VISUALSTYLE
  5
2508
102
{ACAD_REACTORS
330
2501
102
}
102
{ACAD_XDICTIONARY
360
27FA
102
}
330
2501
100
AcDbVisualStyle
  2
Wireframe
 70
     5
 71
     0
 72
     2
 73
     0
 90
        0
 40
-0.6
 41
-30.0
 62
     5
 63
     7
421
 16777215
 74
     1
 91
        4
 64
     7
 65
   257
 75
     1
175
     1
 42
1.0
 92
        0
 66
   257
 43
1.0
 76
     1
 77
     6
 78
     2
 67
     7
 79
     3
170
     0
171
     0
290
     0
174
     0
 93
        1
 44
0.0
173
     0
291
     0
 45
0.0
1001
ACAD
1000
AcDbSavedByObjectVersion
1070
     0
  0
VISUALSTYLE
  5
2514
102
{ACAD_REACTORS
330
2501
102
}
102
{ACAD_XDICTIONARY
360
27FC
102
}
330
2501
100
AcDbVisualStyle
  2
X-Ray
 70
    25
 71
     2
 72
     2
 73
     1
 90
        1
 40
0.5
 41
-30.0
 62
     5
 63
     7
421
 16777215
 74
     1
 91
        0
 64
     7
 65
   257
 75
     1
175
     1
 42
1.0
 92
        8
 66
     7
 43
1.0
 76
     1
 77
     6
 78
     2
 67
     7
 79
     3
170
     0
171
     0
290
     0
174
     0
 93
       13
 44
0.0
173
     0
291
     0
 45
0.0
1001
ACAD
1000
AcDbSavedByObjectVersion
1070
     0
  0
DICTIONARYVAR
  5
270E
102
{ACAD_REACTORS
330
253E
102
}
330
253E
100
DictionaryVariables
280
     0
  1
1:1
  0
DICTIONARYVAR
  5
270A
102
{ACAD_REACTORS
330
253E
102
}
330
253E
100
DictionaryVariables
280
     0
  1
Standard
  0
DICTIONARYVAR
  5
2709
102
{ACAD_REACTORS
330
253E
102
}
330
253E
100
DictionaryVariables
280
     0
  1
Standard
  0
DICTIONARYVAR
  5
270B
102
{ACAD_REACTORS
330
253E
102
}
330
253E
100
DictionaryVariables
280
     0
  1
Imperial24
  0
DICTIONARYVAR
  5
270C
102
{ACAD_REACTORS
330
253E
102
}
330
253E
100
DictionaryVariables
280
     0
  1
Imperial24
  0
DICTIONARYVAR
  5
2710
102
{ACAD_REACTORS
330
253E
102
}
330
253E
100
DictionaryVariables
280
     0
  1
1
  0
DICTIONARYVAR
  5
2711
102
{ACAD_REACTORS
330
253E
102
}
330
253E
100
DictionaryVariables
280
     0
  1
15
  0
DICTIONARYVAR
  5
270F
102
{ACAD_REACTORS
330
253E
102
}
330
253E
100
DictionaryVariables
280
     0
  1
0
  0
DICTIONARYVAR
  5
270D
102
{ACAD_REACTORS
330
253E
102
}
330
253E
100
DictionaryVariables
280
     0
  1
0
  0
DICTIONARYVAR
  5
27BD
102
{ACAD_REACTORS
330
253E
102
}
330
253E
100
DictionaryVariables
280
     0
  1
2
  0
DICTIONARY
  5
2800
102
{ACAD_REACTORS
330
27FF
102
}
330
27FF
100
AcDbDictionary
281
     1
  0
DICTIONARY
  5
2801
102
{ACAD_REACTORS
330
27FF
102
}
330
27FF
100
AcDbDictionary
281
     1
  3
8796076539280
350
2802
  3
8796076539296
350
2803
  3
8796076539312
350
2804
  3
8796076539328
350
2805
  3
8796076539344
350
2806
  3
8796076539360
350
2807
  0
DICTIONARY
  5
27B9
330
2535
100
AcDbDictionary
280
     1
281
     1
  3
ACAD_XREC_ROUNDTRIP
360
27C0
  0
DICTIONARY
  5
27C1
330
2537
100
AcDbDictionary
280
     1
281
     1
  3
ADSK_XREC_LAYOUTTHUMBNAIL
360
27C2
  0
DICTIONARY
  5
27C3
330
24F1
100
AcDbDictionary
280
     1
281
     1
  3
ACAD_XREC_ROUNDTRIP
360
27C4
  0
DICTIONARY
  5
27C5
330
24E9
100
AcDbDictionary
280
     1
281
     1
  3
ACAD_XREC_ROUNDTRIP
360
27C6
  0
DICTIONARY
  5
24FA
330
24F9
100
AcDbDictionary
280
     1
281
     1
  3
ACAD_XREC_ROUNDTRIP
360
27C7
  3
FBXASSET
360
2760
  0
DICTIONARY
  5
27C8
330
2531
100
AcDbDictionary
280
     1
281
     1
  3
ACAD_XREC_ROUNDTRIP
360
27C9
  0
DICTIONARY
  5
27B7
330
2533
100
AcDbDictionary
280
     1
281
     1
  3
ACAD_XREC_ROUNDTRIP
360
27CA
  0
DICTIONARY
  5
27CB
330
251D
100
AcDbDictionary
280
     1
281
     1
  3
ACAD_ROUNDTRIP_2008_TABLESTYLE_CELLSTYLEMAP
360
27CD
  3
ACAD_XREC_ROUNDTRIP
360
27CC
  0
DICTIONARY
  5
27CE
330
2507
100
AcDbDictionary
280
     1
281
     1
  3
ACAD_XREC_ROUNDTRIP
360
27CF
  0
DICTIONARY
  5
27D0
330
2506
100
AcDbDictionary
280
     1
281
     1
  3
ACAD_XREC_ROUNDTRIP
360
27D1
  0
DICTIONARY
  5
27D2
330
250D
100
AcDbDictionary
280
     1
281
     1
  3
ACAD_XREC_ROUNDTRIP
360
27D3
  0
DICTIONARY
  5
27D4
330
2511
100
AcDbDictionary
280
     1
281
     1
  3
ACAD_XREC_ROUNDTRIP
360
27D5
  0
DICTIONARY
  5
27D6
330
250A
100
AcDbDictionary
280
     1
281
     1
  3
ACAD_XREC_ROUNDTRIP
360
27D7
  0
DICTIONARY
  5
27D8
330
250C
100
AcDbDictionary
280
     1
281
     1
  3
ACAD_XREC_ROUNDTRIP
360
27D9
  0
DICTIONARY
  5
27DA
330
2519
100
AcDbDictionary
280
     1
281
     1
  3
ACAD_XREC_ROUNDTRIP
360
27DB
  0
DICTIONARY
  5
27DC
330
2510
100
AcDbDictionary
280
     1
281
     1
  3
ACAD_XREC_ROUNDTRIP
360
27DD
  0
DICTIONARY
  5
27DE
330
2502
100
AcDbDictionary
280
     1
281
     1
  3
ACAD_XREC_ROUNDTRIP
360
27DF
  0
DICTIONARY
  5
27E0
330
2503
100
AcDbDictionary
280
     1
281
     1
  3
ACAD_XREC_ROUNDTRIP
360
27E1
  0
DICTIONARY
  5
27E2
330
2504
100
AcDbDictionary
280
     1
281
     1
  3
ACAD_XREC_ROUNDTRIP
360
27E3
  0
DICTIONARY
  5
27E4
330
2505
100
AcDbDictionary
280
     1
281
     1
  3
ACAD_XREC_ROUNDTRIP
360
27E5
  0
DICTIONARY
  5
27E6
330
2509
100
AcDbDictionary
280
     1
281
     1
  3
ACAD_XREC_ROUNDTRIP
360
27E7
  0
DICTIONARY
  5
27E8
330
2517
100
AcDbDictionary
280
     1
281
     1
  3
ACAD_XREC_ROUNDTRIP
360
27E9
  0
DICTIONARY
  5
27EA
330
250F
100
AcDbDictionary
280
     1
281
     1
  3
ACAD_XREC_ROUNDTRIP
360
27EB
  0
DICTIONARY
  5
27EC
330
2518
100
AcDbDictionary
280
     1
281
     1
  3
ACAD_XREC_ROUNDTRIP
360
27ED
  0
DICTIONARY
  5
27EE
330
250B
100
AcDbDictionary
280
     1
281
     1
  3
ACAD_XREC_ROUNDTRIP
360
27EF
  0
DICTIONARY
  5
27F0
330
2516
100
AcDbDictionary
280
     1
281
     1
  3
ACAD_XREC_ROUNDTRIP
360
27F1
  0
DICTIONARY
  5
27F2
330
2515
100
AcDbDictionary
280
     1
281
     1
  3
ACAD_XREC_ROUNDTRIP
360
27F3
  0
DICTIONARY
  5
27F4
330
2512
100
AcDbDictionary
280
     1
281
     1
  3
ACAD_XREC_ROUNDTRIP
360
27F5
  0
DICTIONARY
  5
27F6
330
2513
100
AcDbDictionary
280
     1
281
     1
  3
ACAD_XREC_ROUNDTRIP
360
27F7
  0
DICTIONARY
  5
27F8
330
250E
100
AcDbDictionary
280
     1
281
     1
  3
ACAD_XREC_ROUNDTRIP
360
27F9
  0
DICTIONARY
  5
27FA
330
2508
100
AcDbDictionary
280
     1
281
     1
  3
ACAD_XREC_ROUNDTRIP
360
27FB
  0
DICTIONARY
  5
27FC
330
2514
100
AcDbDictionary
280
     1
281
     1
  3
ACAD_XREC_ROUNDTRIP
360
27FD
  0
XRECORD
  5
2802
102
{ACAD_REACTORS
330
2801
102
}
330
2801
100
AcDbXrecord
280
     1
  1
AcDb_Thumbnail_Schema
102
{ATTRRECORD
341
2804
  2
AcDbDs::TreatedAsObjectData
280
     1
291
     1
102
ATTRRECORD}
102
{ATTRRECORD
341
2805
  2
AcDbDs::Legacy
280
     1
291
     1
102
ATTRRECORD}
  2
AcDbDs::ID
280
    10
 91
        8
102
{ATTRRECORD
341
2806
  2
AcDs:Indexable
280
     1
291
     1
102
ATTRRECORD}
102
{ATTRRECORD
341
2807
  2
AcDbDs::HandleAttribute
280
     7
282
     1
102
ATTRRECORD}
  2
Thumbnail_Data
280
    15
 91
        0
  0
XRECORD
  5
2803
102
{ACAD_REACTORS
330
2801
102
}
330
2801
100
AcDbXrecord
280
     1
  1
AcDb3DSolid_ASM_Data
102
{ATTRRECORD
341
2804
  2
AcDbDs::TreatedAsObjectData
280
     1
291
     1
102
ATTRRECORD}
102
{ATTRRECORD
341
2805
  2
AcDbDs::Legacy
280
     1
291
     1
102
ATTRRECORD}
  2
AcDbDs::ID
280
    10
 91
        8
102
{ATTRRECORD
341
2806
  2
AcDs:Indexable
280
     1
291
     1
102
ATTRRECORD}
102
{ATTRRECORD
341
2807
  2
AcDbDs::HandleAttribute
280
     7
282
     1
102
ATTRRECORD}
  2
ASM_Data
280
    15
 91
        0
  0
XRECORD
  5
2804
102
{ACAD_REACTORS
330
2801
102
}
330
2801
100
AcDbXrecord
280
     1
  1
AcDbDs::TreatedAsObjectDataSchema
  2
AcDbDs::TreatedAsObjectData
280
     1
 91
        0
  0
XRECORD
  5
2805
102
{ACAD_REACTORS
330
2801
102
}
330
2801
100
AcDbXrecord
280
     1
  1
AcDbDs::LegacySchema
  2
AcDbDs::Legacy
280
     1
 91
        0
  0
XRECORD
  5
2806
102
{ACAD_REACTORS
330
2801
102
}
330
2801
100
AcDbXrecord
280
     1
  1
AcDbDs::IndexedPropertySchema
  2
AcDs:Indexable
280
     1
 91
        0
  0
XRECORD
  5
2807
102
{ACAD_REACTORS
330
2801
102
}
330
2801
100
AcDbXrecord
280
     1
  1
AcDbDs::HandleAttributeSchema
  2
AcDbDs::HandleAttribute
280
     7
 91
        1
284
     1
  0
XRECORD
  5
27C0
102
{ACAD_REACTORS
330
27B9
102
}
330
27B9
100
AcDbXrecord
280
     1
102
DISPLAYNAME
  1
Imperial24
102
FLAGS
 90
        0
  0
XRECORD
  5
27C2
102
{ACAD_REACTORS
330
27C1
102
}
330
27C1
100
AcDbXrecord
280
     1
310
2800000000010000960000000100080000000000009600000000000000000000000000000000000030282100FFFFFF00302821000000000000000000000000000000000000000000000000000000000000000000330000006600000099000000CC000000FF00000000330000333300006633000099330000CC330000FF3300
310
0000660000336600006666000099660000CC660000FF66000000990000339900006699000099990000CC990000FF99000000CC000033CC000066CC000099CC0000CCCC0000FFCC000000FF000033FF000066FF000099FF0000CCFF0000FFFF000000003300330033006600330099003300CC003300FF003300003333003333
310
33006633330099333300CC333300FF33330000663300336633006666330099663300CC663300FF66330000993300339933006699330099993300CC993300FF99330000CC330033CC330066CC330099CC3300CCCC3300FFCC330000FF330033FF330066FF330099FF3300CCFF3300FFFF330000006600330066006600660099
310
006600CC006600FF00660000336600333366006633660099336600CC336600FF33660000666600336666006666660099666600CC666600FF66660000996600339966006699660099996600CC996600FF99660000CC660033CC660066CC660099CC6600CCCC6600FFCC660000FF660033FF660066FF660099FF6600CCFF6600
310
FFFF660000009900330099006600990099009900CC009900FF00990000339900333399006633990099339900CC339900FF33990000669900336699006666990099669900CC669900FF66990000999900339999006699990099999900CC999900FF99990000CC990033CC990066CC990099CC9900CCCC9900FFCC990000FF99
310
0033FF990066FF990099FF9900CCFF9900FFFF99000000CC003300CC006600CC009900CC00CC00CC00FF00CC000033CC003333CC006633CC009933CC00CC33CC00FF33CC000066CC003366CC006666CC009966CC00CC66CC00FF66CC000099CC003399CC006699CC009999CC00CC99CC00FF99CC0000CCCC0033CCCC0066CC
310
CC0099CCCC00CCCCCC00FFCCCC0000FFCC0033FFCC0066FFCC0099FFCC00CCFFCC00FFFFCC000000FF003300FF006600FF009900FF00CC00FF00FF00FF000033FF003333FF006633FF009933FF00CC33FF00FF33FF000066FF003366FF006666FF009966FF00CC66FF00FF66FF000099FF003399FF006699FF009999FF00CC
310
99FF00FF99FF0000CCFF0033CCFF0066CCFF0099CCFF00CCCCFF00FFCCFF0000FFFF0033FFFF0066FFFF0099FFFF00CCFFFF00FFFFFF00000000000D0D0D001A1A1A00282828003535350043434300505050005D5D5D006B6B6B00787878008686860093939300A1A1A100AEAEAE00BBBBBB00C9C9C900D6D6D600E4E4E400
310
F1F1F100FFFFFF000000000000000000000000000000000000000000000000000000000000000000000000000000000000000000000000000000000000000000000000000000000000000000000000000000000000000000000000000000000000000000000000000000000000000000000000000000000000000000000000
310
00000000000000000000000000000000000000000000000000000000000000000000000000000000000000000000000000000000000000000000000000000000000000000000000000000000000000000000000000000000000000000000000000000000000000000000000000000000000000000000000000000000000000
310
0000000000000000000000000000000000000000000000000000000000000000000000000000000000000000000000000000000000000000000000000000000000000000000000000000000000000000000000000000000000000000000000000000F5F5F5F5F5F5F5F5F5F5F5F5F5F5F5F5F5F5F5F5F5F5F5F5F5F5F5F5F5
310
F5F5F5F5F5F5F5F5F500000000000000000000000000000000000000000000000000000000000000000000000000000000000000000000000000000000000000000000000000000000000000000000000000000000000000000000000000000000000000000000000000000000000000000000000000000000000000000000
310
00000000000000000000000000000000000000000000000000000000000000000000000000000000000000000000000000000000000000000000000000000000000000000000000000000000000000000000000000000000000000000000000000000000000000000000000000000000000000000000000000000000000000
310
00F5F5F5F5F5F5F5F5F5F50000000000000000000000000000000000000000000000000000000000000000000000000000000000000000000000000000000000000000000000000000000000000000000000000000000000000000000000000000000000000000000000000000000000000000000000000000000000000000
310
000000000000000000000000000000000000000000000000000000000000000000000000000000000000000000000000000000000000000000000000000000000000000000000000000000000000000000000000000000000000000000000000000000000000C3C3C3C3C3C3C3C3C3C3C300C3C3C3C3C3C3C3C300C3C3C300
310
C3C3C3C3C3C3C3C3C3C3C3C3C3000000000000000000000000000000000000000000000000000000000000000000000000000000000000000000000000000000000000000000000000000000000000000000000000000000000000000000000000000000000000000000000000000000000000000000000000000000000000
310
0000000000000000000000000000000000000000000000000000000000000000000000000000000000000000000000000000000000000000000000000000000000000000000000000000000000000000000000000000000000000000000000000000000000000000C3C3C3C3C3C3C3C3C3C30000C3C3C3C3C3C3C3C3000000
310
0000C3C3C3C3C3C3C3C3C3C3C3C3C300000000000000000000000000000000000000000000000000000000000000000000000000000000000000000000000000000000000000000000000000000000000000000000000000000000000000000000000000000000000000000000000000000000000000000000000000000000
310
00000000000000000000000000000000000000000000000000000000000000000000000000000000000000000000000000000000000000000000000000000000000000000000000000000000000000000000000000000000000000000000000000000000000000000000000000000000000000000000000000000000000000
310
00000000000000000000000000000000000000000000000000000000000000000000000000000000000000000000000000000000000000000000000000000000000000000000000000000000000000000000000000000000000000000000000000000000000000000000000000000000000000000000000000000000000000
310
00000000000000000000000000000000000000000000000000000000000000000000000000000000000000000000000000000000000000000000000000000000000000000000000000000000000000000000000000000000000000000000000000000000000000000000000000000000000000000000000000000000000000
310
00000000000000000000000000000000000000000000000000000000000000000000000000000000000000000000000000000000000000000000000000000000000000000000000000000000000000000000000000000000000000000000000000000000000000000000000000000000000000000000000000000000000000
310
00000000000000000000000000000000000000000000000000000000000000000000000000000000000000000000000000000000000000000000000000000000000000000000000000000000000000000000000000000000000000000000000000000000000000000000000000000000000000000000000000000000000000
310
00000000000000000000000000000000000000000000000000000000000000000000000000000000000000000000000000000000000000000000000000000000000000000000000000000000000000000000000000000000000000000000000000000000000000000000000000000000000000000000000000000000000000
310
00000000000000000000000000000000000000000000000000000000000000000000000000000000000000000000000000000000000000000000000000000000000000000000000000000000000000000000000000000000000000000000000000000000000000000000000000000000000000000000000000000000000000
310
00000000000000000000000000000000000000000000000000000000000000000000000000000000000000000000000000000000000000000000000000000000000000000000000000000000000000000000000000000000000000000000000000000000000000000000000000000000000000000000000000000000000000
310
00000000000000000000000000000000000000000000000000000000000000000000000000000000000000000000000000000000000000000000000000000000000000000000000000000000000000000000000000000000000000000000000000000000000000000000000000000000000000000000000000000000000000
310
00000000000000000000000000000000000000000000000000000000000000000000000000000000000000000000000000000000000000000000000000000000000000000000000000000000000000000000000000000000000000000000000000000000000000000000000000000000000000000000000000000000000000
310
00000000000000000000000000000000000000000000000000000000000000000000000000000000000000000000000000000000000000000000000000000000000000000000000000000000000000000000000000000000000000000000000000000000000000000000000000000000000000000000000000000000000000
310
00000000000000000000000000000000000000000000000000000000000000000000000000000000000000000000000000000000000000000000000000000000000000000000000000000000000000000000000000000000000000000000000000000000000000000000000000000000000000000000000000000000000000
310
00000000000000000000000000000000000000000000000000000000000000000000000000000000000000000000000000000000000000000000000000000000000000000000000000000000000000000000000000000000000000000000000000000000000000000000000000000000000000000000000000000000000000
310
00000000000000000000000000000000000000000000000000000000000000000000000000000000000000000000000000000000000000000000000000000000000000000000000000000000000000000000000000000000000000000000000000000000000000000000000000000000000000000000000000000000000000
310
00000000000000000000000000000000000000000000000000000000000000000000000000000000000000000000000000000000000000000000000000000000000000000000000000000000000000000000000000000000000000000000000000000000000000000000000000000000000000000000000000000000000000
310
00000000000000000000000000000000000000000000000000000000000000000000000000000000000000000000000000000000000000000000000000000000000000000000000000000000000000000000000000000000000000000000000000000000000000000000000000000000000000000000000000000000000000
310
00000000000000000000000000000000000000000000000000000000000000000000000000000000000000000000000000000000000000000000000000000000000000000000000000000000000000000000000000000000000000000000000000000000000000000000000000000000000000000000000000000000000000
310
00000000000000000000000000000000000000000000000000000000000000000000000000000000000000000000000000000000000000000000000000000000000000000000000000000000000000000000000000000000000000000000000000000000000000000000000000000000000000000000000000000000000000
310
00000000000000000000000000000000000000000000000000000000000000000000000000000000000000000000000000000000000000000000000000000000000000000000000000000000000000000000000000000000000000000000000000000000000000000000000000000000000000000000000000000000000000
310
0000000000000000000000000000000000C3C3C30000000F000000000000000000BE000000000000000000000000000000000000000000000000000000000000000000000000000000000000000000000000000000000000000000000000000000000000000000000000000000000000000000000000000000000000000000
310
000000000000000000000000000000000000000000000000000000000000000000000000000000000000000000000000000000000000000000000000000000000000000000000000000000000000000000000000000000000000000000000000000000000000000000000000000000000000000000000000000000000000F5
310
F5F5F5F5F5F5F5F5F5F5F5F5F5F5F5F5F5F5C3C30F0F0F0F0F0F0F0F0F0F0F0F0F0FBEBE0F0F0FF5000000000000000000000000000000000000000000000000000000000000000000000000000000000000000000000000000000000000000000000000000000000000000000000000000000000000000000000000000000
310
00000000000000000000000000000000000000000000000000000000000000000000000000000000000000000000000000000000000000000000000000000000000000000000000000000000000000000000000000000000000000000000000000000000000000000000000000000000000000000000000000000000000000
310
00F5F5F5F5F5F5F5F5F5F5F5F5F5F5F5F5F5F5F5F5F5F5F5C3C3F50FF5F5F5F5F5F5F5F5F5F5F5F50FF500000000000000000000000000000000000000000000000000000000000000000000000000000000000000000000000000000000000000000000000000000000000000000000000000000000000000000000000000
310
00000000000000000000000000000000000000000000000000000000000000000000000000000000000000000000000000000000000000000000000000000000000000000000000000000000000000000000000000000000000000000000000000000000000000000000000000000000000000000000000000000000000000
310
000000F5C3C3F50000000000000000000000000000000000F5F5C30F000F0000000000000000F5F500000FF50000000000000000000000000000000000000000000000000000000000000000000000000000000000000000000000000000000000000000000000000000000000000000000000000000000000000000000000
310
00000000000000000000000000000000000000000000000000000000000000000000000000000000000000000000000000000000000000000000000000000000000000000000000000000000000000000000000000000000000000000000000000000000000000000000000000000000000000000000000000000000000000
310
0000000000F5C30FF50000000000000000000000000000000000F5F5F5F50F0F00000000000000000000F50F0FF5000000000000000000000000000000000000000000000000000000000000000000000000000000000000000000000000000000000000000000000000000000000000000000000000000000000000000000
310
00000000000000000000000000000000000000000000000000000000000000000000000000000000000000000000000000000000000000000000000000000000000000000000000000000000000000000000000000000000000000000000000000000000000000000000000000000000000000000000000000000000000000
310
00000000000000F5F5000F0FBE000000000000000000000000000000F5F500000F0F00BE00000000000000000F000FF5000000000000000000000000000000000000000000000000000000000000DCDCDCDCDCDCDCDCDCDCDCDCDCDC00DCDCDCDC00DCDCDCDCDCDCDCDCDCDCDCDC00DCDCDC00DCDCDCDCDCDCDCDCDC00DCDC
310
DCDCDCDCDCDCDCDCDC00DCDCDCDCDCDC000000000000000000000000000000000000000000000000000000000000000000000000000000000000000000000000000000000000000000000000000000000000000000000000000000000000000000000000000000000000000000000000000000000000000000000000000000
310
000000000000000000F5F50000BEBEBE0000000000000000000000000000F5F500000FBEBE000000000000BEBE0F00000FF5000000000000000000000000000000000000000000000000000000000000DCDCDCDCDCDCDCDCDCDCDCDCDCDC00DCDCDCDC00DCDCDCDCDCDCDCDCDCDCDCDC00DCDCDC00DCDCDCDCDCDCDCDCDC00
310
DCDCDCDCDCDCDCDCDCDCDC00DCDCDCDCDCDC00000000000000000000000000000000000000000000000000000000000000000000000000000000000000000000000000000000000000000000000000000000000000000000000000000000000000000000000000000000000000000000000000000000000000000000000000
310
0000000000000000000000F5F50000F5F50F0F000000000000BE0FBE0F0F0F0FC3F500000F00F5BE00000000BE0FBEBE0000BEF5F500000000000000000000000000000000000000000000000000000000000000000000DC0000DC0000DCDC00000000DC0000000000000000DCDC00DC000000DC000000000000DC00DC0000
310
0000DC00000000000000DCDC0000DC000000DC000000000000000000000000000000000000000000000000000000000000000000000000000000000000000000000000000000000000000000000000000000000000000000000000000000000000000000000000000000000000000000000000000000000000000000000000
310
00000000000000000000000000F5F5000000F500000F0FF5F50F0FBEBEF50000F500C3C30F0F0000F5000F00F5000FBEF5000000BEF5F50000000000000000000000000000000000000000000000000000000000DC000000DCDCDCDCDCDCDCDCDCDCDC000000DCDCDCDC0000DCDCDCDCDCDCDCDC0000DCDCDCDCDCDCDC0000
310
DCDC0000DCDCDCDCDCDCDCDCDCDCDC000000DC000000DCDCDCDCDCDCDC0000DCDCDCDCDCDCDCDCDCDCDC00000000000000000000000000000000000000000000000000000000000000000000000000000000000000000000000000000000000000000000000000000000000000000000000000000000000000000000000000
310
000000000000000000000000000000F5F500000000000000F5F5F50F0F00F5F500000000F5C3C30000000000000FF50F0000000000000FF5000000000000000000000000000000000000000000000000000000000000DC000000DCDCDCDCDCDCDCDCDCDCDC000000DCDCDC000000DCDCDCDCDCDCDCDC0000DCDCDCDCDCDC00
310
0000DCDC0000DCDCDCDCDCDCDCDCDCDCDC000000DC000000DCDCDCDCDCDCDC000000DCDCDCDCDCDCDCDCDCDC0000000000000000000000000000000000000000000000000000000000000000000000000000000000000000000000000000000000000000000000000000000000000000000000000000000000000000000000
310
0000000000000000000000000000000000F5F50000000000000000F5F50F000F0F0F00000000F5BE000000000000F5F5F5F50000000000000FF5000000000000000000000000000000000000000000000000000000000000DCDCDC00DCDCDC00DCDCDCDCDCDCDCDC00DCDCDCDCDCDCDCDCDCDCDC00DCDCDCDCDC00DCDCDCDC
310
DCDCDCDCDCDCDCDC00DCDCDCDCDCDCDCDCDCDCDCDCDCDCDCDC00DCDCDC00DCDCDC00DCDCDCDCDCDCDCDCDCDCDCDC000000000000000000000000000000000000000000000000000000000000000000000000000000000000000000000000000000000000000000000000000000000000000000000000000000000000000000
310
00000000000000000000000000000000000000F5F50000000000000000BEBEBE0F0F00000F0F0F0F0FBEBE0F0F0F0F0F0F0F0FC30000000000000FC3000000000000000000000000000000000000000000000000000000000000DCDCDC00DCDCDC00DCDCDCDCDCDCDCDC00DCDCDCDCDCDCDCDCDCDCDC00DCDCDCDCDC00DCDC
310
DCDCDCDCDCDCDCDCDC0000DCDCDCDCDCDCDCDCDCDCDCDCDCDCDCDC00DCDCDC00DCDCDCDCDCDCDCDCDCDCDCDCDCDCDCDC00000000000000000000000000000000000000000000000000000000000000000000000000000000000000000000000000000000000000000000000000000000000000000000000000000000000000
310
000000000000000000000000000000000000000000F5F50000000000000000BEBEBE00000F0000000000F5BEF5BE0000000000000F000000000000000FC3C30000000000000000000000000000000000000000000000000000000000DCDCDCDCDCDCDCDCDCDCDCDCDC00DCDCDCDCDC00DCDCDCDCDCDCDCDC00DCDCDCDCDCDC
310
DCDCDCDCDCDC00DC00DCDCDCDCDCDCDCDCDCDC00DCDCDCDCDCDCDCDCDCDCDCDCDC00DCDCDCDCDC0000DCDC0000DCDCDCDCDC0000000000000000000000000000000000000000000000000000000000000000000000000000000000000000000000000000000000000000000000000000000000000000000000000000000000
310
0000000000000000000000000000000000000000000000F5F500000000000000F5F5BE000000000FBE000000F5F5F5000000000000BEBE000000000000000FC3C30000000000000000000000000000000000000000000000000000000000DCDCDCDCDCDCDCDCDCDCDCDCDC00DCDCDCDCDC00DCDCDCDCDCDCDCDC00DCDCDCDC
310
DCDCDCDCDCDCDCDC00DCDCDCDCDCDCDCDC00DCDCDCDCDCDCDCDCDCDCDCDCDCDCDCDCDC00DCDCDCDCDCDC00DCDCDCDCDCDCDCDCDC000000000000000000000000000000000000000000000000000000000000000000000000000000000000000000000000000000000000000000000000000000000000000000000000000000
310
00000000000000000000000000000000000000000000000000F5F50000000000000000000FF5000000BEBE000000F5C3F5F5F5000000F5F5BE000000000000000FC3000000000000000000000000000000000000000000000000000000000000DC00DC0000000000DCDC0000000000000000000000DCDCDCDC0000DC000000
310
000000DC00DC0000DC0000000000DC00DC000000000000000000000000000000DC00DC000000000000000000000000DC00DC0000DC0000000000000000000000000000000000000000000000000000000000000000000000000000000000000000000000000000000000000000000000000000000000000000000000000000
310
000000000000000000000000000000000000000000000000000000F5F5F5F5F5F5F5F5F5F5F5C3C3F5F5F5F5BE000000F50FF5F5F5000000F5F5BE000000000000000FF5000000000000000000000000000000000000000000000000000000000000DCDCDCDCDCDCDCDCDCDCDCDC0000DCDCDCDCDCDCDCDCDC0000DCDCDCDC
310
0000DCDCDCDC0000DCDCDCDCDCDCDCDC0000DCDCDCDCDCDCDCDC0000DCDC0000DCDCDCDCDCDCDCDCDCDCDC0000DCDCDCDCDCDCDCDCDCDCDC0000000000000000000000000000000000000000000000000000000000000000000000000000000000000000000000000000000000000000000000000000000000000000000000
310
0000000000000000000000000000000000000000000000000000000000F5F5C3C3F5F5F5F5F5F5F5F5F5F5F5F5F5F50F0000F5C3C30FBEBE000000000F000000000000000FBE000000000000000000000000000000000000000000000000000000000000DCDCDCDCDCDCDCDCDCDCDC000000DCDCDCDCDCDCDCDCDC0000DCDC
310
DCDC0000DCDCDCDC0000DCDCDCDCDCDCDCDC0000DCDCDCDCDCDCDCDC0000DCDC00DCDCDCDCDCDCDCDCDCDCDCDC0000DCDCDCDCDCDCDCDCDCDC00000000000000000000000000000000000000000000000000000000000000000000000000000000000000000000000000000000000000000000000000000000000000000000
310
00000000000000000000000000000000000000000000000000000000000000F5F5C30F00000000000000000000F5F500F50F0000C3F5C300BEBEBE0F0FF5F5C300000000F5C30FBEBEBEBE000000000000000000000000000000000000000000000000000000DCDCDCDCDCDCDC00DCDCDC0000DCDCDCDCDC0000DCDCDCDCDC
310
DCDCDCDCDCDCDC0000DC0000DCDCDCDCDCDCDC00DCDCDC0000DCDCDCDCDCDCDCDCDCDCDC00DCDCDCDC0000DCDCDC0000DCDCDCDCDCDCDCDCDCDCDCDC00000000000000000000000000000000000000000000000000000000000000000000000000000000000000000000000000000000000000000000000000000000000000
310
000000000000000000000000000000000000000000000000000000000000000000F5F5F5F50FBE0000000000000000F5F500000F0000F5F5F5F5F5F5F5F5F5F5F50F0F0FBE0000C30FF5F5F500000000000000000000000000000000000000000000000000000000DCDCDCDCDCDCDC00DCDCDC00DCDCDCDCDCDC0000DCDCDC
310
DCDCDCDCDCDCDCDCDC0000DC00DCDCDCDCDCDCDCDC00DCDCDCDC00DCDCDCDCDCDCDCDCDCDCDC00DCDCDCDCDC00DCDCDC0000DCDCDCDCDCDCDCDCDCDCDCDC0000000000000000000000000000000000000000000000000000000000000000000000000000000000000000000000000000000000000000000000000000000000
310
0000000000000000000000000000000000000000000000000000000000000000000000F5F5F5BEBE000000000000000000F5F500000F0000F5F5F5F5F5F5F5F5F50FC3C300BEBEBE0F0F0FF5F5F500000000000000000000000000000000000000000000000000000000000000DC00DC00000000000000DCDCDC0000000000
310
000000000000DC00DC00000000DC0000DC000000000000000000DC0000000000DCDC000000DC0000000000000000000000000000000000DCDC0000DC000000DC000000000000000000000000000000000000000000000000000000000000000000000000000000000000000000000000000000000000000000000000000000
310
00000000000000000000000000000000000000000000000000000000000000000000000000F5F50000F5BE0000000000BE0000F5F500000F0000F5F5F5F5F5F5F5F50F000000F5F5F5F5BEF5F5F5000000000000000000000000000000000000000000000000000000000000DCDCDCDC00DCDCDCDCDCDCDC0000DCDCDCDCDC
310
DCDCDCDC00DCDCDCDCDCDCDCDC0000DCDCDCDCDC00DCDCDCDCDCDCDCDCDCDCDC00DCDCDCDCDCDCDCDCDCDCDC00DCDCDCDCDCDC00DCDCDCDCDCDCDCDCDCDCDCDCDCDC00000000000000000000000000000000000000000000000000000000000000000000000000000000000000000000000000000000000000000000000000
310
000000000000000000000000000000000000000000000000000000000000000000000000000000F5F50000F50F00000000BEBEBEBEBEF500000F00F5F5F50000000000000F0000000000000000F5F50000000000000000000000000000000000000000000000000000000000000000DCDC0000000000000000DC0000000000
310
000000DCDC0000DCDCDC0000DC000000000000000000000000000000000000DCDC000000DC0000DC000000000000000000DCDCDC0000DCDC0000DCDCDC000000DCDC00000000000000000000000000000000000000000000000000000000000000000000000000000000000000000000000000000000000000000000000000
310
0000000000000000000000000000000000000000000000000000000000000000000000000000000000F5F5000000000FF5000000BEF5BEF5BE00000F00F5F5F500000000000F000000000000000000F5F500000000000000000000000000000000000000000000000000000000000000DCDCDCDCDCDCDCDCDCDCDCDC00DCDC
310
DCDCDCDC00DCDCDCDCDC00DCDCDCDCDC00DCDC0000DCDCDC0000DCDCDCDCDCDCDCDC00DCDCDCDCDCDCDCDCDCDCDCDCDCDC0000DCDCDCDCDC00DCDCDCDCDCDCDCDCDCDC00DCDC000000000000000000000000000000000000000000000000000000000000000000000000000000000000000000000000000000000000000000
310
00000000000000000000000000000000000000000000000000000000000000000000000000000000000000F5F5000000000FF5F50000000000F5BEC3F50F00F5F5F5000000000F000000BE000000000000000000000000000000000000000000000000000000000000000000000000000000DCDCDCDCDCDCDCDCDCDCDCDC00
310
DCDCDCDCDCDC0000DCDCDCDC00DCDCDCDCDC0000DC0000DCDCDC0000DCDCDCDCDCDCDCDC00DCDCDCDCDCDCDCDCDCDCDCDCDCDC0000DCDCDCDCDC00DCDCDCDCDCDCDCDCDCDC00DCDC00000000000000000000000000000000000000000000000000000000000000000000000000000000000000000000000000000000000000
310
000000000000000000000000000000000000000000000000000000000000000000000000000000000000000000F5F500000000F5F5F50FBE0000F5C30F0F0F0F00F5F5F50000000F000000BEBEBEBE000000000000000000000000000000000000000000000000000000000000000000000000000000000000000000000000
310
00000000000000000000000000000000000000000000000000000000000000000000000000000000000000000000000000000000000000000000000000000000000000000000000000000000000000000000000000000000000000000000000000000000000000000000000000000000000000000000000000000000000000
310
0000000000000000000000000000000000000000000000000000000000000000000000000000000000000000000000F5F5000000000F0FC300BEBE00F50FBEF5000000F5F5F50000BEBE000000BEBEF5BEF5F5F5F5F5F5F5000000000000000000000000000000000000000000000000000000000000000000000000000000
310
00000000000000000000000000000000000000000000000000000000000000000000000000000000000000000000000000000000000000000000000000000000000000000000000000000000000000000000000000000000000000000000000000000000000000000000000000000000000000000000000000000000000000
310
00000000000000000000000000000000000000000000000000000000000000000000000000000000000000000000000000F5F50000000F000F00BEF5F50F0F0F0FBEBE0000F5F5F5BEBEBEF5F50F0FBE0FF5F5F5F5F5F5F5F5F50F0F000000000000000000000000000000000000000000000000000000000000DC000000DC
310
000000DC000000000000000000000000000000000000000000000000000000000000000000000000000000000000000000000000000000000000000000000000000000000000000000000000000000000000000000000000000000000000000000000000000000000000000000000000000000000000000000000000000000
310
000000000000000000000000000000000000000000000000000000000000000000000000000000000000000000000000000000F5F5BEBEBEBE000F0000F5F50000F5F5BEBEBEBEF5F5F500BEF5F5F5C3C3F50FC3F5F5F5F5F5F50F0F0F0000000000000000000000000000000000000000000000000000000000DC00DCDCDC
310
DCDCDCDCDCDC00000000000000000000000000000000000000000000000000000000000000000000000000000000000000000000000000000000000000000000000000000000000000000000000000000000000000000000000000000000000000000000000000000000000000000000000000000000000000000000000000
310
0000000000000000000000000000000000000000000000000000000000000000000000000000000000000000000000000000000000F5F500BEF500BEBEBE00000000000000BEF5BE00000000000F00F5BEBE0000F5F5000000000F0F0FF5000000000000000000000000000000000000000000000000000000000000DC00DC
310
DCDCDCDCDCDCDCDC0000000000000000000000000000000000000000000000000000000000000000000000000000000000000000000000000000000000000000000000000000000000000000000000000000000000000000000000000000000000000000000000000000000000000000000000000000000000000000000000
310
00000000000000000000000000000000000000000000000000000000000000000000000000000000000000000000000000000000000000F5C30F000000F5BEBE0000000000000000BEBE000000000F0000F5BEBE0000F5F500000F0F0000F5F5000000000000000000000000000000000000000000000000000000000000DC
310
DCDCDCDCDC00DCDC00DCDCDCDC0000DCDCDCDCDCDCDCDCDCDCDCDCDCDCDCDCDCDCDCDCDC00DCDCDCDC00DCDCDCDCDC00DCDCDCDCDCDC00DCDCDC00DCDCDCDCDC00DCDCDC0000DCDCDCDCDCDC00DCDCDCDCDCDCDC00000000000000000000000000000000000000000000000000000000000000000000000000000000000000
310
000000000000000000000000000000000000000000000000000000000000000000000000000000000000000000000000000000000000000000F5C3F5000000F5BE0000000000000000BEBEBEBEBEBE000F0000F5000F00000F0F0F0F00000000F5F50000000000000000000000000000000000000000000000000000000000
310
00DCDCDCDCDCDC00DCDC00DCDCDCDC0000DCDCDCDCDCDCDCDCDCDCDCDCDCDCDCDCDCDCDCDCDC00DCDCDCDC00DCDCDCDC0000DCDCDCDCDCDC00DCDCDC00DCDCDCDCDC00DCDCDCDC00DCDCDCDCDCDC00DCDCDCDCDCDCDC0000000000000000000000000000000000000000000000000000000000000000000000000000000000
310
0000000000000000000000000000000000000000000000000000000000000000000000000000000000000000000000000000000000000000000000F5F5F5F5F5F5F50FF5F5F5F5F5F5F5F500BEF5F500BE0FBE000000000F0F0F0F00000000000000F5F5000000000000000000000000000000000000000000000000000000
310
00000000DCDCDC00000000000000DCDC00000000000000000000DCDCDC0000000000DC000000000000DCDC000000DCDC00DC0000DCDCDC00DC000000DC00000000DC0000000000000000000000DC00000000DCDC00000000000000000000000000000000000000000000000000000000000000000000000000000000000000
310
00000000000000000000000000000000000000000000000000000000000000000000000000000000000000000000000000000000000000000000000000F5F5F5F5F5F5F50FF5F5F5F5F5F5F5F500C3F5F5BEC30FBEBEBEBEBEBEBE000000000000000000F5F500000000000000000000000000000000000000000000000000
310
0000000000DCDCDCDCDCDCDCDCDCDCDCDC00DCDCDCDCDCDCDCDCDCDCDC00DCDCDC00DCDCDCDCDCDCDCDC00DCDCDCDCDC0000DCDCDCDCDC00DCDCDCDCDCDCDCDCDC00DCDCDCDCDCDCDCDCDCDCDC0000DC0000DCDCDCDCDCDCDCDC00000000000000000000000000000000000000000000000000000000000000000000000000
310
000000000000000000000000000000000000000000000000000000000000000000000000000000000000000000000000000000000000000000000000000000F5F500000000000F0000F5F5F5F5F5F5F5F5F5F5F5BEBEBEF5BE0FF5BEBE00000000000000F50F0FF50000000000000000000000000000000000000000000000
310
00000000000000DCDCDCDCDCDCDCDCDCDCDCDC00DCDCDCDCDCDCDCDCDCDCDC00DCDCDC00DCDCDCDCDCDCDCDC00DCDCDCDCDC0000DCDCDCDCDC00DCDCDCDCDCDCDCDCDC00DCDCDCDCDCDCDCDCDCDCDCDC00DC0000DCDCDCDCDCDCDC000000000000000000000000000000000000000000000000000000000000000000000000
310
0000000000000000000000000000000000000000000000000000000000000000000000000000000000000000000000000000000000000000000000000000000000F5F500000000000F000000BEBEBEBEBE0FF5F5C3C30F0F00F50000F5BE00000000BE00000F0F000FF5000000000000000000000000000000000000000000
310
000000000000000000DCDCDCDCDCDCDCDCDCDCDC0000DCDCDC0000DCDCDCDCDCDCDCDCDCDC00DCDCDCDCDCDCDCDCDCDCDC0000DCDCDCDCDCDCDCDCDCDCDCDCDC00DCDC0000DCDCDCDCDCDCDCDCDC0000DCDCDC0000DCDCDCDCDCDCDCDCDC000000000000000000000000000000000000000000000000000000000000000000
310
00000000000000000000000000000000000000000000000000000000000000000000000000000000000000000000000000000000000000000000000000000000000000F5F500000000C30F0F0F0FBEBEBEBEF500C3BEC3F50FF50F000000F5BE00000000BEBEBE0000000FF500000000000000000000000000000000000000
310
0000000000000000000000DCDCDCDCDCDCDCDCDCDCDC00DCDCDCDC0000DCDCDCDCDCDCDCDCDC0000DCDCDCDCDCDCDCDCDCDCDC0000DCDCDCDCDCDCDCDCDCDCDCDCDC00DCDC0000DCDCDCDCDCDCDCDCDC0000DCDCDC0000DCDCDCDCDCDCDCDCDC00000000000000000000000000000000000000000000000000000000000000
310
000000000000000000000000000000000000000000000000000000000000000000000000000000000000000000000000000000000000000000000000000000000000000000F5F500000000F5F5F5BEBEBEF5F5F5F500BEBE00000F0F00000000F5BEC3F5F50F0FBEF50000000FF50000000000000000000000000000000000
310
00000000000000000000000000DC00000000000000DC000000000000000000000000DCDCDC0000000000000000000000DCDC000000000000DC0000DCDC0000DC000000000000000000DC0000DCDC00DC00000000000000000000000000DCDC0000000000000000000000000000000000000000000000000000000000000000
310
0000000000000000000000000000000000000000000000000000000000000000000000000000000000000000000000000000000000000000000000000000000000000000000000F5F5F5BEBEBE0FF5F5F5BEF5BE0FF5F500F5BEBE000F0F0FBEBE0F0F0FF5F5F5F50000000000000FBE000000000000000000000000000000
310
000000000000000000000000000000DCDCDCDCDC00DCDCDCDCDCDCDCDCDC0000DCDCDCDCDCDC0000DCDCDCDCDCDC0000DCDCDCDCDCDCDCDC0000DCDCDCDCDC00DCDCDCDCDCDCDCDCDC0000DCDC00DCDCDCDCDCDC00DCDCDCDC0000DCDCDCDCDCDCDCDCDC000000000000000000000000000000000000000000000000000000
310
00000000000000000000000000000000000000000000000000000000000000000000000000000000000000000000000000000000000000000000000000000000000000000000000000F5F5F50FBEF5F50FF5F5F5F500C3C3BEBEBEBEBEBE0FF500BEBEBE00C3C30FF5C3000000000000BEF5F5000000000000000000000000
310
0000000000000000000000000000000000DC00DC00000000DC00000000DC000000000000000000000000000000000000000000000000DC00DC000000000000000000000000DC0000DC0000000000000000000000DC000000000000000000DCDCDC000000DC0000000000000000000000000000000000000000000000000000
310
000000000000000000000000000000000000000000000000000000000000000000000000000000000000000000000000000000000000000000000000000000000000000000000000000000F5F5C3F5F5F5F5F500F5C300C3F50F0FBEF5BEF5BEC3F500F5F5000000000F00000000000000BEBEF5F500000000000000000000
310
00000000000000000000000000000000000000000000000000000000000000000000000000000000000000000000000000000000000000000000000000000000000000000000000000000000000000000000000000000000000000000000000000000000000000000000000000000000000000000000000000000000000000
310
0000000000000000000000000000000000000000000000000000000000000000000000000000000000000000000000000000000000000000000000000000000000000000000000000000000000F5F5C3C3F5F5F50FF5C3C3BEBEBE0F0FF5F5F500F5F5F5000000000000BEBE00000000000000000FF5000000000000000000
310
00000000000000000000000000000000000000000000000000000000000000000000000000000000000000000000000000000000000000000000000000000000000000000000000000000000000000000000000000000000000000000000000000000000000000000000000000000000000000000000000000000000000000
310
00000000000000000000000000000000000000000000000000000000000000000000000000000000000000000000000000000000000000000000000000000000000000000000000000000000000000F5F50000000000BEBEBEBEBEBEC3BE0F00000000F5F5F50000000000F5BE0000000000000000000FF500000000000000
310
00000000000000000000000000000000000000000000000000000000000000000000000000000000000000000000000000000000000000000000000000000000000000000000000000000000000000000000000000000000000000000000000000000000000000000000000000000000000000000000000000000000000000
310
000000000000000000000000000000000000000000000000000000000000000000000000000000000000000000000000000000000000000000000000000000000000000000000000000000000000000000F5F50000000000F5BE00F5F500F5BEBE00000000F5F5F50000000000F5BE00000000000000F5C30FF50000000000
310
00000000000000000000000000000000000000000000000000000000000000000000BE0000000000000000000000000000000000000000000000000000000000000000000000000000000000000000000000000000000000000000000000000000000000000000000000000000000000000000000000000000000000000000
310
0000000000000000000000000000000000000000000000000000000000000000000000000000000000000000000000000000000000000000000000000000000000000000000000000000000000000000000000F5F50000000000F50F00F5F500F50FBEBEBE0000F5F5F50000000000F5BE000000000000000000F5F5000000
310
000000000000000000000000000000000000000000000000000000000000000000000000BEBE0000000000000000000000000000000000000000000000000000000000000000000000000000000000000000000000000000000000000000000000000000000000000000000000000000000000000000000000000000000000
310
00000000000000000000000000000000000000000000000000000000000000000000000000000000000000000000000000000000000000000000000000000000000000000000000000000000000000000000000000F5F50000000000000F00000000BE0F00F5000000F5F5F50000000000F5BEBE0000000000000000F5F500
310
0000000000000000000000000000000000000000000000000000000000000000000000000000BEBEBE0000000000000000000000000000000000000000000000000000000000000000000000000000000000000000000000000000000000000000000000000000000000000000000000000000000000000000000000000000
310
000000000000000000000000000000000000000000000000000000000000000000000000000000000000000000000000000000000000000000000000000000000000000000000000000000000000000000000000000000F5F5000000000000000F0000BEBEF5F500000000F5F5C3F5F5F50000F5BEBE0000000000000000F5
310
F5000000000000000000000000000000000000000000000000000000000000000000000000000000BEBEBE000000000000000000000000000000000000000000000000000000000000000000000000000000000000000000000000000000000000000000000000000000000000000000000000000000000000000000000000
310
0000000000000000000000000000000000000000000000000000000000000000000000000000000000000000000000000000000000000000000000000000000000000000000000000000000000000000000000000000000000F5F5000000000000000F0000BEBEF5000000000000BEBEF5F500000F0FF50FF5F50000000000
310
00F5F5000000000000000000000000000000000000000000000000000000000000000000000000000000BE00BEBE000000000000000000000000000000000000000000000000000000000000000000000000000000000000000000000000000000000000000000000000000000000000000000000000000000000000000000
310
00000000000000000000000000000000000000000000000000000000000000000000000000000000000000000000000000000000000000000000000000000000000000000000000000000000000000000000000000000000000000F5F500000000000000000FF50F00000000000000F5BEBE00BE0FBE00F5F50FF5F5000000
310
000000F5F50000000000000000000000000000000000000000000000000000000000000000000000000000000000BE0000000000000000000000000000000000000000000000000000000000000000000000000000000000000000000000000000000000000000000000000000000000000000000000000000000000000000
310
000000000000000000000000000000000000000000000000000000000000000000000000000000000000000000000000000000000000000000000000000000000000000000000000000000000000000000000000000000000000000000F5F500000000000000000FF50F00000000000000F5BEC30F0FBEBE0000000F000000
310
0000000000F5F5000000000000000000000000000000000000000000000000000000000000000000000000000000000000BE0000000000000000000000000000000000000000000000000000000000000000000000000000000000000000000000000000000000000000000000000000000000000000000000000000000000
310
0000000000000000000000000000000000000000000000000000000000000000000000000000000000000000000000000000000000000000000000000000000000000000000000000000000000000000000000000000000000000000000000F5F500000000000000F5F5F5F50000BE00000000000F0FF5F5BEF50000BEF5F5
310
000000F5F5F5F5F5F500000000000000000000000000000000000000000000000000000000000000000000000000000000000000BE00000000000000BEBEBEBEBEBEBEBEBE000000BE000000BE000000BEBE0000BE00BE00BEBEBEBEBEBEBE000000000000BEBEBE00BEBEBEBE0000000000BEBE0000BEBEBEBE0000BEBE00
310
00BEBEBE000000000000000000000000000000000000000000000000000000000000000000000000000000000000000000000000000000000000000000000000000000000000000000000000000000000000000000000000000000000000000000F5F500000000000000000FF50F0F0FBEBE00000000F5F5F5F500000000BE
310
F5F5000000F5F50000F5F50000000000000000000000000000000000000000000000000000000000000000000000000000000000000000BE000000000000BE000000BE0000BE00BE0000BE00000000BE0000BEBE00BEBE00BE00BE000000BE0000BE0000000000BE00BE00BE00000000000000BE0000BEBE0000BE00BE00BE
310
BE0000BE00BE000000000000000000000000000000000000000000000000000000000000000000000000000000000000000000000000000000000000000000000000000000000000000000000000000000000000000000000000000000000000000000F5F5000000BE00000F0F00000000BEF5BE0F000000F5F50000000000
310
BE0FF500000000F5F50000F5F5000000000000000000000000000000000000000000000000000000000000000000000000000000000000000000BEBEBE000000BE000000BEBE00BE00BEBEBE0000000000BEBEBE00BE00BEBE00BE00BEBEBE000000BEBE0000000000BE00BE00BEBE000000000000BE0000BE0000BEBE00BE
310
BEBEBEBEBE0000BE000000000000000000000000000000000000000000000000000000000000000000000000000000000000000000000000000000000000000000000000000000000000000000000000000000000000000000000000000000000000000000F5F50000BEBEBEBE00000000000000F500000F0F00F5F5F50000
310
0000BEBEF500000000F5F50000F5F5000000000000000000000000000000000000000000000000000000000000000000000000000000000000000000000000BEBE00BE000000BE0000BE0000BEBE000000000000BEBE00BEBE00BE00BE00BE000000BEBE00000000000000BE00BE00BE00000000000000BE0000BEBEBE0000
310
0000BE00BE0000BE00BE000000000000000000000000000000000000000000000000000000000000000000000000000000000000000000000000000000000000000000000000000000000000000000000000000000000000000000000000000000000000000000F5C300000FBEF5000000000000000000000000F50FC3F5F5
310
00000000000F0000000000F5F50000F5F5000000000000000000000000000000000000000000000000000000000000000000000000000000000000000000000000000000BE000000BEBEBEBE0000BE00000000000000BE0000BE0000BEBEBEBEBEBEBEBEBEBEBEBE0000000000BEBEBE00BEBEBEBE00000000BE0000BEBEBE
310
BEBE0000BE00BEBEBEBE00BE000000000000000000000000000000000000000000000000000000000000000000000000000000000000000000000000000000000000000000000000000000000000000000000000000000000000000000000000000000000000000000F5C30F0F0000000000000000000000000000000000C3
310
F5F5000000F5F50FF5F5F5F5F5F5F50000F5F5000000000000000000000000000000000000000000000000000000000000000000000000000000000000000000000000000000000000000000000000000000000000000000000000000000000000000000000000000000000000000000000000000000000000000000000000
310
0000000000000000000000000000000000000000000000000000000000000000000000000000000000000000000000000000000000000000000000000000000000000000000000000000000000000000000000000000000000000000000000000000000000000000000000F5F5000000000000000000000000000000000000
310
00F5F5F5000000F50F0000F5F5F50000F50000F5F500000000000000000000000000000000000000000000000000000000000000000000000000000000000000000000000000000000000000000000000000000000000000000000000000000000000000000000000000000000000000000000000000000000000000000000
310
00000000000000000000000000000000000000000000000000000000000000000000000000000000000000000000000000000000000000000000000000000000000000000000000000000000000000000000000000000000000000000000000000000000000000000000000000F5F500000000000000000000000000000000
310
000000F5F5F5000000F50FF5F5F5BEBE0000C30000F5F50000000000000000000000000000000000000000000000000000000000000000000000000000000000000000000000000000000000000000000000000000000000000000000000000000000000000000000000000000000000000000000000000000000000000000
310
000000000000000000000000000000000000000000000000000000000000000000000000000000000000000000000000000000000000000000000000000000000000000000000000000000000000000000000000000000000000000000000000000000000000000000000000000000F5F5F5F5F5F5F5F5F5F5F5F5F5F5F5F5
310
F5F5F5F5F5F5F5F5000000F50F0F0F0FBEBEBE0F0FC3F5F5F5000000000000000000000000000000000000000000000000000000000000000000000000000000000000000000000000000000000000000000000000000000000000000000000000000000000000000000000000000000000000000000000000000000000000
310
0000000000000000000000000000000000000000000000000000000000000000000000000000000000000000000000000000000000000000000000000000000000000000000000000000000000000000000000000000000000000000000000000000000000000000000000000000000000F5F5F5F5F5F5F5F5F5F5F5F5F5F5
310
F5F5F5F5F5F5F5F5F5F5000000F5F5F5F5F5BEF5BEF5F5F5F5F5F500000000000000000000000000000000000000000000000000000000000000000000000000000000000000000000000000000000000000000000000000000000000000000000000000000000000000000000000000000000000000000000000000000000
310
00000000000000000000000000000000000000000000000000000000000000000000000000000000000000000000000000000000000000000000000000000000000000000000000000000000000000000000000000000000000000000000000000000000000000000000000000000000000000000000000000000000000000
310
000000000000000000000000000000000000000000F5000000000000000000000000000000000000000000000000000000000000000000000000000000000000000000000000000000000000000000000000000000000000000000000000000000000000000000000000000000000000000000000000000000000000000000
310
00000000000000000000000000000000000000000000000000000000000000000000000000000000000000000000000000000000000000000000000000000000000000000000000000000000000000000000000000000000000000000000000000000000000000000000000000000000000000000000000000000000000000
310
00000000000000000000000000000000000000000000000000000000000000000000000000000000000000000000000000000000000000000000000000000000000000000000000000000000000000000000000000000000000000000000000000000000000000000000000000000000000000000000000000000000000000
310
00000000000000000000000000000000000000000000000000000000000000000000000000000000000000000000000000000000000000000000000000000000000000000000000000000000000000000000000000000000000000000000000000000000000000000000000000000000000000000000000000000000000000
310
00000000000000000000000000000000000000000000000000000000000000000000000000000000000000000000000000000000000000000000000000000000000000000000000000000000000000000000000000000000000000000000000000000000000000000000000000000000000000000000000000000000000000
310
00000000000000000000000000000000000000000000000000000000000000000000000000000000000000000000000000000000000000000000000000000000000000000000000000000000000000000000000000000000000000000000000000000000000000000000000000000000000000000000000000000000000000
310
00000000000000000000000000000000000000000000000000000000000000000000000000000000000000000000000000000000000000000000000000000000000000000000000000000000000000000000000000000000000000000000000000000000000000000000000000000000000000000000000000000000000000
310
00000000000000000000000000000000000000000000000000000000000000000000000000000000000000000000000000000000000000000000000000000000000000000000000000000000000000000000000000000000000000000000000000000000000000000000000000000000000000000000000000000000000000
310
0000000000000000000000000000000000000000000000000000000000000000000000000000000000000000000000000000000000000000000000000000000000000000000000000000000000000000000000F5F5F5F5F5F5F5F5F5F5F5F5F5F5F5F5F5F5F5F5F5F5F5F5F5F5000000000000000000000000000000000000
310
00000000000000000000000000000000000000000000000000000000000000000000000000000000000000000000000000000000000000000000000000000000000000000000000000000000000000000000000000000000000000000000000000000000000000000000000000000000000000000000000000000000000000
310
00000000000000000000000000000000000000000000000000000000000000000000000000000000000000000000000000000000000000000000000000000000000000000000000000000000000000000000000000F5F5F5F5F5F5F5F5F5F5F5F5F5F5F5F5F5F5F5F50000000000F500000000000000000000000000000000
310
00000000000000000000000000000000000000000000000000000000000000000000000000000000000000000000000000000000000000000000000000000000000000000000000000000000000000000000000000000000000000000000000000000000000000000000000000000000000000000000000000000000000000
310
000000000000000000000000000000000000000000000000000000000000000000000000000000000000000000000000000000000000000000000000000000000000000000000000000000000000000000000000000000F5F5F5F5F5F5F5F5F5F5F5F5F5F5F5F5F5F5F5F5F5F5F5F5F5F50000000000000000000000000000
310
00000000000000000000000000000000000000000000000000000000000000000000000000000000000000000000000000000000000000000000000000000000000000000000000000000000000000000000000000000000000000000000000000000000000000000000000000000000000000000000000000000000000000
310
0000000000000000000000000000000000000000000000000000000000000000000000000000000000000000000000000000000000000000000000000000000000000000000000000000000000000000000000000000000000F5F5F5F5F5F5F5F5F5F5F5F5F5F5F5F5F5F5F5F5F5F5F5F5F5F5000000000000000000000000
310
00000000000000000000000000000000000000000000000000000000000000000000000000000000000000000000000000000000000000000000000000000000000000000000000000000000000000000000000000000000000000000000000000000000000000000000000000000000000000000000000000000000000000
310
00000000000000000000000000000000000000000000000000000000000000000000000000000000000000000000000000000000000000000000000000000000000000000000000000000000000000000000000000000000000000F5F5F5F5F5F5F5F5F5F5F5F5F5F5F5F5F5F5F5F5F5F5F5F5F5F500000000000000000000
310
00000000000000000000000000000000000000000000000000000000000000000000000000000000000000000000000000000000000000000000000000000000000000000000000000000000000000000000000000000000000000000000000000000000000000000000000000000000000000000000000000000000000000
310
000000000000000000000000000000000000000000000000000000000000000000000000000000000000000000000000000000000000000000000000000000000000000000000000000000000000000000000000000000000000000000F5F5F5F5F5F5F5F5F5F5F5F5F5F5F5F5F5F5F5F5F5F5F5F500F50000000000000000
310
00000000000000000000000000000000000000000000000000000000000000000000000000000000000000000000000000000000000000000000000000000000000000000000000000000000000000000000000000000000000000000000000000000000000000000000000000000000000000000000000000000000000000
310
0000000000000000000000000000000000000000000000000000000000000000000000000000000000000000000000000000000000000000000000000000000000000000000000000000000000000000000000000000000000000000000000F50F0F0F0F0F0F0F0F0F0F0F0F0F0F0F0F0F0F0F0F0F0F0F0FF5000000000000
310
00000000000000000000000000000000000000000000000000000000000000000000000000000000000000000000000000000000000000000000000000000000000000000000000000000000000000000000000000000000000000000000000000000000000000000000000000000000000000000000000000000000000000
310
00000000000000000000000000000000000000000000000000000000000000000000000000000000000000000000000000000000000000000000000000000000000000000000000000000000000000000000000000000000000000000000000000F5F5F5F5F5F500000000000000000000000000000000000000F500000000
310
00000000000000000000000000000000000000000000000000000000000000000000000000000000000000000000000000000000000000000000000000000000000000000000000000000000000000000000000000000000000000000000000000000000000000000000000000000000000000000000000000000000000000
310
00000000000000000000000000000000000000000000000000000000000000000000000000000000000000000000000000000000000000000000000000000000000000000000000000F5F5000000000000000000000000000000000000000000000000F5F5F5F5F5F5F5F5F5F5F5F5F5F5F5F5F5F5F5F5F5F5F5F5F5F50000
310
00000000000000000000000000000000000000000000000000000000000000000000000000000000000000000000000000000000000000000000000000000000000000000000000000000000000000000000000000000000000000000000000000000000000000000000000000000000000000000000000000000000000000
310
000000000000000000000000000000000000000000000000000000000000000000000000000000000000000000000000000000000000000000000000000000000000000000000000000000F5F50000000000000000000000000000000000000000000000000000000000000000000000000000000000000000000000000000
310
00000000000000000000000000000000000000000000000000000000000000000000000000000000000000000000000000000000000000000000000000000000000000000000000000000000000000000000000000000000000000000000000000000000000000000000000000000000000000000000000000000000000000
310
00000000000000000000000000000000000000000000000000000000000000000000000000000000000000000000000000000000000000F5F5F5F5F5F5F5F5F5F5F5F5F5F5F5F5F5F5F5F5F5F50000000000000000000000000000000000000000000000000000000000000000000000000000000000000000000000000000
310
00000000000000000000000000000000000000000000000000000000000000000000000000000000000000000000000000000000000000000000000000000000000000000000000000000000000000000000000000000000000000000000000000000000000000000000000000000000000000000000000000000000000000
310
000000000000000000000000000000000000000000000000000000000000000000000000000000000000000000000000000000000000000000F50000000000000000000000000000000000000000F5000000000000000000000000000000000000000000000000000000000000000000000000000000000000000000000000
310
00000000000000000000000000000000000000000000000000000000000000000000000000000000000000000000000000000000000000000000000000000000000000000000000000000000000000000000000000000000000000000000000000000000000000000000000000000000000000000000000000000000000000
310
0000000000000000000000000000000000000000000000000000000000000000000000000000000000000000000000000000000000000000000000F50F00000000000000000000000000000000000000F500000000000000000000000000000000000000000000000000000000000000000000000000000000000000000000
310
00000000000000000000000000000000000000000000000000000000000000000000000000000000000000000000000000000000000000000000000000000000000000000000000000000000000000000000000000000000000000000000000000000000000000000000000000000000000000000000000000000000000000
310
00000000000000000000000000000000000000000000000000000000000000000000000000000000000000000000000000000000000000000000000000F50FBE000000000000000000000000000000000000F50000000000000000000000000000000000000000000000000000000000000000000000000000000000000000
310
00000000000000000000000000000000000000000000000000000000000000000000000000000000000000000000000000000000000000000000000000000000000000000000000000000000000000000000000000000000000000000000000000000000000000000000000000000000000000000000000000000000000000
310
000000000000000000000000000000000000000000000000000000000000000000000000000000000000000000000000000000000000000000000000000000F50FBE0FBE0F0000F50F0F0F0F0F0F0F0F0F0F0F00F500000000000000000000000000000000F5F5F5F5F5F5F5F5F5F5F5F5F5F5F5F5F5F5F5F5F5F5F5F5F5F5
310
F5F5F5F5F5F5F5F5F5F5F5F5F5F5F5F5F5F5F5F5F5F5000000000000000000000000000000000000000000000000000000000000000000000000000000000000000000000000000000000000000000000000000000000000000000000000000000000000000000000000000000000000000000000000000000000000000000
310
00000000000000000000000000000000000000000000000000000000000000000000000000000000000000000000000000000000000000F5F5F500000000000000F50FBEBEBEF5F5F5F500F5F5F5F500000000000000F500000000000000000000000000000000F500000000000000F500000000F50000F5000000000000F5
310
F500000000000000000000000000000000000000000000F500000000000000000000000000000000000000000000000000000000000000000000000000000000000000000000000000000000000000000000000000000000000000000000000000000000000000000000000000000000000000000000000000000000000000
310
000000000000000000000000000000000000000000000000000000000000000000000000000000000000000000000000000000000000000000F5F5F500000000000000F50F00000000F5F5F5000000000000000000000000F500000000000000000000000000000000F50F0F0F0F0F0F0FF5F5F5F5F5F5F5F5F5F5F5F5F5F5
310
F5F5F5F5F5F500000000000000000000000000000000000000F50000000000000000000000000000000000000000000000000000000000000000000000000000000000000000000000000000000000000000000000000000000000000000000000000000000000000000000000000000000000000000000000000000000000
310
00000000000000000000000000000000000000000000000000000000000000000000000000000000000000000000000000000000000000000000F500000000000000000000F50FBE0000F50000F5000000000000000000000000F500000000000000000000000000000000F5F5BEF5F5F5F5F5F5F5F5F5F5F5F5F5F5F5F5F5
310
F5F5F5F5F5F5F5F5F5F5F5F5F5F5F5F5F5F5F5F5F5F5F5F5F5F5F5F5000000000000000000000000000000000000000000000000000000000000000000000000000000000000000000000000000000000000000000000000000000000000000000000000000000000000000000000000000000000000000000000000000000
310
0000000000000000000000000000000000000000000000000000000000000000000000000000000000000000000000000000F5F5F5F5F5F5F5F5F5F5F500000000000000000000F50FBE0FBEF500F5F5F5F5F5F5F5F5F5F5F5F5F500F500000000000000000000000000000000F50FBEBEBEBE0F0FF5F5F5F5F5F5F5F5F5F5
310
F5F5F5F5F5F5F5F5F5F5F5F5F5F5F5F5F5F5F5F5F5F500000000000000F500000000000000000000000000000000000000000000000000000000000000000000000000000000000000000000000000000000000000000000000000000000000000000000000000000000000000000000000000000000000000000000000000
310
00000000000000000000000000000000000000000000000000000000000000000000000000000000000000000000000000000000F5000000000000000000F500F5F5F5F5F500000000F50FBEBEBE00F5F5F500F5F5F5F5F5F5F5F5F5F500F500000000000000000000000000000000F500BEBEBEBE0000F5F5F5F5F5F5F5F5
310
F5F5F5F5F5F5F5F5F5F5F5F5F5F5F5F5F5F5F5F5F5F5F50000000000000000F50000000000000000000000000000000000000000000000000000000000000000000000000000000000000000000000000000000000000000000000000000000000000000000000000000000000000000000000000000000000000000000000
310
0000000000000000000000000000000000000000000000000000000000000000000000000000000000000000000000000000F5F50000F500000000000F0F0F00F50000F5F500F500000000F50FBE000000F5F500000000000000000000000000F500000000000000000000000000000000F5F5F5F5F5F5F5F5F5F5F5F5F5F5
310
F5F5F5F5F5F5F5F5F5F5F5F5F5F5F5F5F5F5F5F5F5F5F5F5F5F5F5F5F5F5F5F5F5F5000000000000000000000000000000000000000000000000000000000000000000000000000000000000000000000000000000000000000000000000000000000000000000000000000000000000000000000000000000000000000000
310
000000000000000000000000000000000000000000000000000000000000000000000000F5F5F5F5F5F5F5F5F5F5F5F5F5F50F0FF5F50F0FF5F5F500000F0F0F0F0F0F0F0F0FF50FF50F0F0F0F0F0FBE0FBEF5F5F5F50F0F0F0F0F0FF50F0F0F0F00F500000000000000000000000000000000F50F0F0F0F0F0F0FF5F5F5F5
310
F5F5F5F5F5F5F5F5F5F5F5F5F5F5F5F5F5F5F5F5F5F5F5000000000000000000000000F500000000000000000000000000000000000000000000000000000000000000000000000000000000000000000000000000000000000000000000000000000000000000000000000000000000000000000000000000000000000000
310
00000000000000000000000000000000000000000000000000000000000000000000000000000000F5F5F5F5F5F5F500000000000000F5F5F500F5F5F5F5F5F50F0F0F00F5000000F5F5F500000000F50FBEBEBEF5F5F5F5F5F5F5F5F5F5F5F5F5F5F500F500000000000000000000000000000000F5F5F5F5F5F5F5F5F5F5
310
F5F5F5F5F5F5F5F5F5F5F5F5F5F5F5F5F5F5F5F5F5F5F5F5F5F5F5F5F5F5F5F5F5F5F5F5F5F50000000000000000000000000000000000000000000000000000000000000000000000000000000000000000000000000000000000000000000000000000000000000000000000000000000000000000000000000000000000
310
0000000000000000000000000000000000000000000000000000000000000000000000000000000000F5F5F5F5F5F5F5F5F500000000000000000000F50000F5000000000000F500000000000000000000F50F00000000F5F500000000000000000000000000F500000000000000000000000000000000F500000000000000
310
F5F5F5F5F5F5F5F5F5F5F5F5F5F5F5F5F5F5F5F5F5000000000000000000000000000000000000F5000000000000000000000000000000000000000000000000000000000000000000000000000000000000000000000000000000000000000000000000000000000000000000000000000000000000000000000000000000
310
00000000000000000000000000000000000000000000000000000000000000000000000000000000000000F5F5F5F5F5F5F5F5F500000000000000000000F500F5F5F50000000000F500000000000000000000F50FBE0000F5F5F5F50F0F0F0F0F0F0F0F0F0F0F00F500000000000000000000000000000000F50F0F0F0F0F
310
0F0FF5F5F5F5F5F5F5F5F5F5F5F5F5F5F5F5F5F5F5F5F5000000000000000000000000000000000000F500000000000000000000000000000000000000000000000000000000000000000000000000000000000000000000000000000000000000000000000000000000000000000000000000000000000000000000000000
310
00000000000000000000000000000000000000000000000000000000000000000000000000000000000000000000000000000000000000000000000000000000F5F5F5F5F5F5F5F5F5F5F500000000000000000000F50FBEBEBEF5F5F5F5F5F5F5F5F5F5F5F5F5F5F500F500000000000000000000000000000000F5F5F5F5
310
F5F5F5F5F5F5F5F5F5F5F5F5F5F5F5F5F5F5F5F5F5F5F5F5F5F5F5F5F5F5F5F5F5F5F5F5F5F5F5F5F5F5F5F50000000000000000000000000000000000000000000000000000000000000000000000000000000000000000000000000000000000000000000000000000000000000000000000000000000000000000000000
310
000000000000000000000000000000000000000000000000000000000000000000000000000000000000000000000000000000000000000000000000000000000000F5F5F5F5F5F5F5F5F5F50000000000000000000000F50F00000000F5F5F5000000000000F50000000000F500000000000000000000000000000000F500
310
0F0F00F50F0FF5F5F5F5F5F5F5F5F5F5F5F5F5F5F5F5F5F5F50000000000000000000000000000000000000000F5000000000000000000000000000000000000000000000000000000000000000000000000000000000000000000000000000000000000000000000000000000000000000000000000000000000000000000
310
000000000000000000000000000000000000000000000000000000000000000000000000000000000000000000000000000000000000000000000000000000000000000000000000000000F500000000000000000000000000F50FBE000000F5F500000000000000000000000000F500000000000000000000000000000000
310
F5000000F5F50000F5F5F5F5F5F5F5F5F5F5F5F5F5F5F5F5F5F5000000000000000000000000000000000000000000F500000000000000000000000000000000000000000000000000000000000000000000000000000000000000000000000000000000000000000000000000000000000000000000000000000000000000
310
00000000000000000000000000000000000000000000000000000000000000000000000000000000000000000000000000000000000000000000000000000000000000000000000000000000000000000000000000000000000000F50FBE0FBEF500F5F50FF5F5F5F5F5F5F5F5F5F500F50000000000000000000000000000
310
0000F5F5F5C3C3C3C3F5F5F5F5F5F5F5F5F5F5F5F5F5F5F5F5F5F5F5F5F5F5F5F5F5F5F5F5F5F5F5F5F5F5F5F5F5F5F5F5F50000000000000000000000000000000000000000000000000000000000000000000000000000000000000000000000000000000000000000000000000000000000000000000000000000000000
310
000000000000000000000000000000000000000000000000000000000000000000000000000000000000000000000000000000000000000000000000000000000000000000000000000000000000000000000000000000000000000000F50FBEBEBE00F5F5F5F5F5F5F5F5F5F5F5F5F5F500F5000000000000000000000000
310
00000000F50000C3C3C3C300F5F5F5F5F5F5F5F5F5F5F5F5F5F5F5F5F5F5F5F5F5F5F5F5F50000000000000000000000000000F5000000000000000000000000000000000000000000000000000000000000000000000000000000000000000000000000000000000000000000000000000000000000000000000000000000
310
0000000000000000000000000000000000000000000000000000000000000000000000000000000000000000000000000000000000000000000000000000000000000000000000000000000000000000000000000000000000000000000000F50F00000000F5F500000000000000000000000000F500000000000000000000
310
000000000000F5F5F5F5F5F5F5F5F5F5F5F5F5F5F5F5F5F5F5F5F5F5F5F5F5F5F5F5F5F5F5F5F5F5F5F5F5F5F5F5F5F5F5F5F5F5F5F500000000000000000000000000000000000000000000000000000000000000000000000000000000000000000000000000000000000000000000000000000000000000000000000000
310
000000000000000000000000000000000000000000000000000000000000000000000000000000000000000000000000000000000000000000C3C3C3C3C3C3C3C3C3C3C3C3C3C30000C3C3C3C3C3C3C3C3C3C3C3C3000000000000000000000000F50000000000F5F500000000000000000000000000F50000000000000000
310
0000000000000000F50000C3C3C3C300F5F5F5F5F5F5F5F5F5F5F5F5F5F5F5F5F5F5F5F5F5F5F5F5F50000000000000000000000000000F50000000000000000000000000000000000000000000000000000000000000000000000000000000000000000000000000000000000000000000000000000000000000000000000
310
000000000000000000000000000000000000000000000000000000000000000000000000000000000000000000000000000000000000000000000000C3C3C3C3C3C3C3C3C300C3C3C30000C3C3C3C3C3C3C3C3C3C3C3C3C30000000000000000000000F5F5F5F5F5F5F5F5F5F5F5F5F5F5F5F5F5F5F5F5F5F5000000000000
310
00000000000000000000F50000C3C3000000F5F5F5F5F5F5F5F5F5F5F5F5F5F5F5F5F5F5F5F5F5F5F5F5000000000000000000000000000000F5000000000000000000000000000000000000000000000000000000000000000000000000000000000000000000000000000000000000000000000000000000000000000000
310
0000000000000000000000000000000000000000000000000000000000000000000000000000000000000000000000000000000000000000000000000000C3C3C3C3C3C3C3C3C3C3C3C3C30000C3C3C3C3C3C3C3C3C3C3C3C3C3000000000000000000000000F5F5F5F5F5F5F5F5F5F5F5F5F5F5F5F5F5F5F5000000000000
310
000000000000000000000000F5F5F5C3C3C3F5F5F5F5F5F5F5F5F5F5F5F5F5F5F5F5F5F5F5F5F5F5F5F5F5F5F5F5F5F5F5F5F5F5F5F5F5F5F5F5F5F500000000000000000000000000000000000000000000000000000000000000000000000000000000000000000000000000000000000000000000000000000000000000
310
00000000000000000000000000000000000000000000000000000000000000000000000000000000000000000000000000000000000000000000000000000000000000000000000000000000000000000000000000000000000000000000000000000000000000000000000000000000000000000000000000000000000000
310
0000000000000000000000000000F50000C3C3C30000F5F5F5F5F5F5F5F5F5F5F5F5F5F5F5F5F5F5F5F5F5F5F5F5000000000000000000000000000000F50000000000000000000000000000000000000000000000000000000000000000000000000000000000000000000000000000000000000000000000000000000000
310
00000000000000000000000000000000000000000000000000000000000000000000000000000000000000000000000000000000000000000000000000000000000000000000000000000000000000000000000000000000000000000000000000000000000000000000000000000000000000000000000000000000000000
310
00000000000000000000000000000000F5F5F5F5C3F5F5F5F5F5F5F5F5F5F5F5F5F5F5F5F5F5F5F5F5F5F5F5F5F5F5F5F5F5F5F5F5F5F5F5F5F5F5F5F5F5F5F5000000000000000000000000000000000000000000000000000000000000000000000000000000000000000000000000000000000000000000000000000000
310
00000000000000000000000000000000000000000000000000000000000000000000000000000000000000000000000000000000000000000000000000000000000000000000000000000000000000000000000000000000000000000000000000000000000000000000000000000000000000000000000000000000000000
310
000000000000000000000000000000000000F50000C3C3C30000F5F5F5F5F5F5F5F5F5F5F5F5F5F5F5F5F5F5F5F5F5F5F5F5000000000000000000000000000000F500000000000000000000000000000000000000000000000000000000000000000000000000000000000000000000000000000000000000000000000000
310
00000000000000000000000000000000000000000000000000000000000000000000000000000000000000000000000000000000000000000000000000000000000000000000000000000000000000000000000000000000000000000000000000000000000000000000000000000000000000000000000000000000000000
310
0000000000000000000000000000000000000000F50000C3C3000000F5F5F5F5F5F5F5F5F5F5F5F5F5F5F5F5F5F5F5F5F5F5F500000000000000000000000000000000F50000000000000000000000000000000000000000000000000000000000000000000000000000000000000000000000000000000000000000000000
310
00000000000000000000000000000000000000000000000000000000000000000000000000000000000000000000000000000000000000000000000000000000000000000000000000000000000000000000000000000000000000000000000000000000000000000000000000000000000000000000000000000000000000
310
00000000000000000000000000000000000000000000F5F5F5C3C3F5F5F5F5F5F5F5F5F5F5F5F5F5F5F5F5F5F5F5F5F5F5F5F5F5F5F5F5F5F5F5F5F5F5F5F5F5F5F5F5F5F5F5000000000000000000000000000000000000000000000000000000000000000000000000000000000000000000000000000000000000000000
310
00000000000000000000000000000000000000000000000000000000000000000000000000000000000000000000000000000000000000000000000000000000000000000000000000000000000000000000000000000000000000000000000000000000000000000000000000000000000000000000000000000000000000
310
000000000000000000000000000000000000000000000000F50000C3C3000000F5F5F5F5F5F5F5F5F5F5F5F5F5F5F5F5F5F5F5F5F5F500F5000000000000000000000000000000F500000000000000000000000000000000000000000000000000000000000000000000000000000000000000000000000000000000000000
310
00000000000000000000000000000000000000000000000000000000000000000000000000000000000000000000000000000000000000000000000000000000000000000000000000000000000000000000000000000000000000000000000000000000000000000000000000000000000000000000000000000000000000
310
0000000000000000000000000000000000000000000000000000F5F5F5F5F5F5F5F5F5F5F5F5F5F5F5F5F5F5F5F5F5F5F5F5F5F5F5F5F5F5F5F5F5F5F5F5F5F5F5F5F5F5F5F5F5F5F5F50000000000000000000000000000000000000000000000000000000000000000000000000000000000000000000000000000000000
310
00000000000000000000000000000000000000000000000000000000000000000000000000000000000000000000000000000000000000000000000000000000000000000000000000000000000000000000000000000000000000000000000000000000000000000000000000000000000000000000000000000000000000
310
00000000000000000000000000000000000000000000000000000000F50000C3C3C30000F5F5F5F5F5F5F500F5F5F5F5F5F5F5F5F5F5000000000000000000000000000000000000000000F5000000000000000000000000000000000000000000000000000000000000000000000000000000000000000000000000000000
310
00000000000000000000000000000000000000000000000000000000000000000000000000000000000000000000000000000000000000000000000000000000000000000000000000000000000000000000000000000000000000000000000000000000000000000000000000000000000000000000000000000000000000
310
000000000000000000000000000000000000000000000000000000000000F50000C3C3000000F5F5F5F5F500F5F5F5F5F5F5F5F5F5F5F500000000000000000000000000000000000000000000F500000000000000000000000000000000000000000000000000000000000000000000000000000000000000000000000000
310
00000000000000000000000000000000000000000000000000000000000000000000000000000000000000000000000000000000000000000000000000000000000000000000000000000000000000000000000000000000000000000000000000000000000000000000000000000000000000000000000000000000000000
310
0000000000000000000000000000000000000000000000000000000000000000F5F5F5F5F5F5F5F5F5F5F5F5F5F5F5F5F5F5F5F5F5F5F5F5F5F5F5F5F5F5F5F5F5F5F5F5F5F5F5F5F5F5F5F5F5F5F5F50000000000000000000000000000000000000000000000000000000000000000000000000000000000000000000000
310
00000000000000000000000000000000000000000000000000000000000000000000000000000000000000000000000000000000000000000000000000000000000000000000000000000000000000000000000000000000000000000000000000000000000000000000000000000000000000000000000000000000000000
310
00000000000000000000000000000000000000000000000000000000000000000000F50000C3C3C30000F5F5F5F5F5F5F5F5F5F5F5F5F5F5F5F5F5F5F5F5F5F5F5F5F50000000000000000000000000000F5000000000000000000000000000000000000000000000000000000000000000000000000000000000000000000
310
00000000000000000000000000000000000000000000000000000000000000000000000000000000000000000000000000000000000000000000000000000000000000000000000000000000000000000000000000000000000000000000000000000000000000000000000000000000000000000000000000000000000000
310
000000000000000000000000000000000000000000000000000000000000000000000000F5F5F5F5C3C3F5F5F5F5F5F5F5F5F5F5F5F5F5F5F5F5F5F5F5F5F5F5F5F5F5F5F5F5F5F5F5F5F5F5F5F5F5F5F5F5F5F500000000000000000000000000000000000000000000000000000000000000000000000000000000000000
310
00000000000000000000000000000000000000000000000000000000000000000000000000000000000000000000000000000000000000000000000000000000000000000000000000000000000000000000000000000000000000000000000000000000000000000000000000000000000000000000000000000000000000
310
0000000000000000000000000000000000000000000000000000000000000000000000000000F50000C3C3C30000F5F5F5F5F5F5F5F5F5F5F5F5F5F5F5F5F5F5F5F5F5F5F5F5F5F5F5F5F5F5F5F5F5F5F5F5F5F5F5F50000000000000000000000000000000000000000000000000000000000000000000000000000000000
310
00000000000000000000000000000000000000000000000000000000000000000000000000000000000000000000000000000000000000000000000000000000000000000000000000000000000000000000000000000000000000000000000000000000000000000000000000000000000000000000000000000000000000
310
00000000000000000000000000000000000000000000000000000000000000000000000000000000F50000C3C3000000F5F5F5F5F5F5F5F5F5F5F5F5F5F5F5F5F5F5F5F5F5F500F5F5F5F5F5F5F5F5F500F5F5F5F5F500F5000000000000000000000000000000000000000000000000000000000000000000000000000000
310
00000000000000000000000000000000000000000000000000000000000000000000000000000000000000000000000000000000000000000000000000000000000000000000000000000000000000000000000000000000000000000000000000000000000000000000000000000000000000000000000000000000000000
310
000000000000000000000000000000000000000000000000000000000000000000000000000000000000F5F5F5C3F5F5F5F5F5F5F5F5F5F5F5F5F5F5F5F5F5F5F5F5F5F5F5F5F5F5F5F5F5F5F5F5F5F5F5F5F5F5F5F5F5F5F5F500000000000000000000000000000000000000000000000000000000000000000000000000
310
00000000000000000000000000000000000000000000000000000000000000000000000000000000000000000000000000000000000000000000000000000000000000000000000000000000000000000000000000000000000000000000000000000000000000000000000000000000000000000000000000000000000000
310
0000000000000000000000000000000000000000000000000000000000000000000000000000000000000000F50000C3C3C30000F5F5F5F5F5F5F5F5F5F5F5F5F5F5F5F5F5F5F5F5F5F5F5F5F5F5F5000000000000000000000000F50000000000000000000000000000000000000000000000000000000000000000000000
310
00000000000000000000000000000000000000000000000000000000000000000000000000000000000000000000000000000000000000000000000000000000000000000000000000000000000000000000000000000000000000000000000000000000000000000000000000000000000000000000000000000000000000
310
00000000000000000000000000000000000000000000000000000000000000000000000000000000000000000000F5F5F5C3C3F5F5F5F5F5F5F5F5F5F5F5F5F5F5F5F5F5F5F5F5F5F5F5F5F5F5F5F5F5F5F5F5F5F5F5F5F5F5F5F5F5F5F5000000000000000000000000000000000000000000000000000000000000000000
310
00000000000000000000000000000000000000000000000000000000000000000000000000000000000000000000000000000000000000000000000000000000000000000000000000000000000000000000000000000000000000000000000000000000000000000000000000000000000000000000000000000000000000
310
000000000000000000000000000000000000000000000000000000000000000000000000000000000000000000000000F50000C300000000F5F5F5F5F5F5F5F5F5F5F5F5F5F5F5F5F5F5F5F5F5F5F5F5F5F5F5000000000000000000000000F500000000000000000000000000000000000000000000000000000000000000
310
000000000000000000000000000000000000000000000000000000000000000000000000000000000000000000000000000000000000000000000000000000000000000000000000000000000000000000000000000000000000000000000000000F0F0F0F0F0F0F0F0F0F0F0F0F0F0F0F0F0F0F0F0F0F0F0F0F0F0F0F0F0F
310
0F0F0F0F0F0F0F0F0F0F0F0F0F0F0FF5F5F5F50F0FF5F5F5F5F50F0F0FF5F5F50F0F00000000000000000000000000000000F50000C3C3C30000F5F5F5F5F5F5F5F5F500F5F5F5F5F5F5F5F5F5F5F5F5F5F5F5F500000000000000000000000000F50000000000000000000000000000000000000000000000000000000000
310
0000000000000000000000000000000000000000000000000000000000000000000000000000000000000000000000000000000000000000000000000000000000000000000000000000000000000000000000000000000000000000000000000000000F00F5F5F5F5000FF5F500F500F50000F500F500F500F5F500F500F5
310
000F00F5F5000F00F5F500F500F5000F00F5F5F5F5000FF5F5F5F5F50F0000F5F500000F00000000000000000000000000000000F5F5F5F5F5F5F5F5F5F5F5F5F5F5F5F5F5F5F5F5F5F5F5F5F5F5F5F5F5F5F5F5F5F5F5F5F5F5F5F5F5F5F5F5F5F5F5F5000000000000000000000000000000000000000000000000000000
310
00000000000000000000000000000000000000000000000000000000000000000000000000000000000000000000000000000000000000000000000000000000000000000000000000000000000000000000000000000000000000000000000000000000000F0F0F0F0F0F0F0F0F0F0F0F0F0F0F0F0F0F0F0F0F0F0F0F0F0F
310
0F0F0F0F0F0F0F0F0F0F0F0F0F0F0F0F0F0F0F0F0F0F0F0F0F0F0F0F0F0F0F0F0F0F0F0F0F0F00000000000000000000000000000000F500C3C3C3F5F500F5F5F5F5F5F5F5F5F5F5F5F5F5F5F5F5F50000000000F5F5F5F5F5F5F5F5F5F500000000000000F500000000000000000000000000000000000000000000000000
310
000000000000000000000000000000000000000000000000000000000000000000000000000000000000000000000000000000000000000000000000000000000000000000000000000000000000000000000000000000000000000000000000000000000000000FF5F5F5F5F5F50FF5F500F500F5F500F5F5F500F500F5F5
310
00F500F5000F00F5F5000F00F5F500F500F5000F0000F5F500000F00F5F500000F0000F50000000F00000000000000000000000000000000F500C3C3F5F5F500F5F5F5F5F5F5F5F5F5F5F5F5F5F5F5F5F50000000000F5F5F50000000000000000000000000000F50000000000000000000000000000000000000000000000
310
000000000000000000000000000000000000000000000000000000000000000000000000000000000000000000000000000000000000000000000000000000000000000000000000000000000000000000000000000000000000000000000000000000000000000000F5F5F5F5F5F5F5F5F5F5F5F5F5F5F5F5F5F5F5F5F5F5
310
F5F5F5F5F5F5F5F5F5F5F5F5F5F5F5F5F5F5F5F5F5F5F5F5F5F5F5F5F5F5F5F5F5F5F5F5F5F5F5F5F5F500000000000000000000000000000000F5F5F5C3F5F5F5F5F5F5F5F5F5F5F5F5F5F5F5F5F5F5F5F5F5F5F5F5F5F5F5F5F5F5F5F5F5F5F5F5F5F5F5F5F5F5F5F5000000000000000000000000000000000000000000
310
00000000000000000000000000000000000000000000000000000000000000000000000000000000000000000000000000000000000000000000000000000000000000000000000000000000000000000000000000000000000000000000000000000000000000000000000F0000F5F500000FF5F500F500F50000F5F5F500
310
F500F5F500F500F5000F00F5F5000F00F5F500F500F5000F00F5F5F5F5000FF5F5F5F5F50F0000F5F500000F00000000000000000000000000000000F50000F5F5F50000F5F5F5F5F5F5F5F5F5F5F5F5F5F5F5F5000000000000F5F5F5F5F5F5F5F5F5F500000000000000F500000000000000000000000000000000000000
310
00000000000000000000000000000000000000000000000000000000000000000000000000000000000000000000000000000000000000000000000000000000000000000000000000000000000000000000000000000000000000000000000000000000000000000000000000F5F5F5F5F5F5F5F5F5F5F5F5F5F5F5F5F5F5
310
F5F5F5F5F5F5F5F5F5F5F5F5F5F5F5F5F5F5F5F5F5F5F5F5F5F5F5F5F5F5F5F5F5F5F5F5F5F5F5F5F5F5F5F5F5F500000000000000000000000000000000F5F5C3C3C3C3C3C3F5F5F5F5F5F5F5F5F5F5F5F5F5F5F5F5F5F5F5F5F5F5F5F5F5F5F5F5F5F5F5F5F5F5F5F5F5F5F5F50000000000000000000000000000000000
310
0000000000000000000000000000000000000000000000000000000000000000000000000000000000000000000000000000000000000000000000000000000000000000000000000000000000000000000000000000000000000000000000000000000000000000000000000000000F0000F5F500000FF5F500F500F5F500
310
F500F500F500F5F500F500F5000F00F5F5000F00F5F500F500F5000F00F5F5F5F5000FF5F5F5F5F50F0000F5F500000F00000000000000000000000000000000F500F5F5F5F5F5F5F5F5F5F5F5F5F5F5F5F5F5F5F5000000000000000000F5F5F5F5F5F5F5F5F5F500000000000000F5000000000000000000000000000000
310
0000000000000000000000000000000000000000000000000000000000000000000000000000000000000000000000000000000000000000000000000000000000000000000000000000000000000000000000000000000000000000000000000000000000000000000000000000000000F5F5F5F5F5F5F5F5F5F5F5F5F5F5
310
F5F5F5F5F5F5F5F5F5F5F5F5F5F5F5F5F5F5F5F5F5F5F5F5F5F5F5F5F5F5F5F5F5F5F5F5F5F5F5F5F5F5F5F5F5F5F5F5F5F500000000000000000000000000000000F500C3F5C3F5C3C3F5F5F5F5F5F5F5F5F5F5F5F5F5000000000000000000F5F5F50000000000000000000000000000F500000000000000000000000000
310
000000000000000000000000000000000000000000000000000000000000000000000000000000000000000000000000000000000000000000000000000000000000000000000000000000000000000000000000000000000000000000000000000000000000000000000000000000000000000F0000F5F500000FF5F500F5
310
00F5F500F5F5F500F500F5F500F500F5000F00F5F5000F00F5F500F500F5000F00F5F5F5F500F5F5F5F5F5F50F0000F5F500000F00000000000000000000000000000000F5F5F5F5F5F5F5F5F5F5F5F5F5F5F5F5F5F5F5F5F5F5F5F5F5F5F5F5F5F5F5F5F5F5F5F5F5F5F5F5F5F5F5F5F5F5F5F50000000000000000000000
310
000000000000000000000000000000000000000000000000000000000000000000000000000000000000000000000000000000000000000000000000000000000000000000000000000000000000000000000000000000000000000000000000000000000000000000000000000000000000000000F5F5F5F5F5F5F5F5F5F5
310
F5F5F5F5F5F5F5F5F5F5F5F5F5F5F5F5F5F5F5F5F5F5F5F5F5F5F5F5F5F5F5F5F5F5F5F5F5F5F5F5F5F5F5F5F5F5F5F5F5F5F5F5F5F500000000000000000000000000000000F500000000000000000000000000000000000000000000000000000000000000000000000000000000000000000000F5000000000000000000
310
00000000000000000000000000000000000000000000000000000000000000000000000000000000000000000000000000000000000000000000000000000000000000000000000000000000000000000000000000000000000000000000000000000000000000000000000000000000000000000000000F0000F5F500000F
310
F5F500F500F5F500F5F5F500F500F5F500F500F5000F00F5F5000F00F5F500F500F5000F00F5F5F5F5000FF5F5F5F5F50F0000F5F500000F00000000000000000000000000000000F50000C3C3C30000C3C3C30000C3C3C30000C3C3C30000C3C300C30000C3C3C30000C3C3C300000000000000000000F500000000000000
310
000000000000000000000000000000000000000000000000000000000000000000000000000000000000000000000000000000000000000000000000000000000000000000000000000000000000000000000000000000000000000000000000000000000000000000000000000000000000000000000000000F0F0F0F0F0F
310
0F0F0F0F0F0F0F0F0F0F0F0F0F0F0F0F0F0F0F0F0F0F0F0F0F0F0F0F0F0F0F0F0F0F0F0F0F0F0F0F0F0F0F0F0F0F0F0F0F0F0F0F0F0F0F0F0F0F00000000000000000000000000000000F5000000C300000000C3C30000C3C3C3C30000C3C3C30000C3C3C3000000C3C3000000C3C300000000000000000000F50000000000
310
0000000000000000000000000000000000000000000000000000000000000000000000000000000000000000000000000000000000000000000000000000000000000000000000000000000000000000000000000000000000000000000000000000000000000000000000000000000000000000000000000000000FF5F5F5
310
F5F5F50FF5F5F5F5F5F5F5F5F5F5F5F5F5F5F5F5F5F5F5F5F50F00F5F5F50F00F5F5F5F5F5F5F50F00F5F5F5F5000FF5F5F5F5F50FF5F5F5F5F5F50F00000000000000000000000000000000F5000000C3C30000C3C3C3000000C3C3C30000C3C3C30000C3C3C3C30000C3C300000000C300000000000000000000F5000000
310
00000000000000000000000000000000000000000000000000000000000000000000000000000000000000000000000000000000000000000000000000000000000000000000000000000000000000000000000000000000000000000000000000000000000000000000000000000000000000000000000000000000000F0F
310
0F0F0F0F0F0F0F0F0F0F0F0F0F0F0F0F0F0F0F0F0F0F0F0F0F0F0F0F0F0F0F0F0F0F0F0F0F0F0F0F0F0F0F0F0F0F0F0F0F0F0F0F0F0F0F0F0F0F0F0F0F0F00000000000000000000000000000000F5F5F5F5F5F5F5F5F5F5F5F5F5F5F5F5F5F5F5F5F5F5F5F5F5F5F5F5F5F5F5F5F5F5F5F5F5F5F5F5F5F5F5F5F5F5F5F500
310
00000000000000000000000000000000000000000000000000000000000000000000000000000000000000000000000000000000000000000000000000000000000000000000000000000000000000000000000000000000000000000000000000000000000000000000000000000000000000000000000000000000000000
310
0F0000000000000F00000000000000000000F5F5F5F5F5F500000000000F000000F5F5F5F5F5F5F5F500000F0000000000000F00000000000F0000000000000F000000000000000000000000000000000000000000000000000000000000000000000000000000000000000000000000000000000000000000000000000000
310
00000000000000000000000000000000000000000000000000000000000000000000000000000000000000000000000000000000000000000000000000000000000000000000000000000000000000000000000000000000000000000000000000000000000000000000000000000000000000000000000000000000000000
310
00000F0000000000000F0000000000000000000000000000000000000000000F000000F5F5F5F5F5F5F5F500000F0000000000000F00000000000F0000000000000F00000000000000000000000000000000000000000000000000000000000000000000000000000000000000000000000000000000000000000000000000
310
00000000000000000000000000000000000000000000000000000000000000000000000000000000000000000000000000000000000000000000000000000000000000000000000000000000000000000000000000000000000000000000000000000000000000000000000000000000000000000000000000000000000000
310
000000000F0F0F0F0F0F0F0F0F0F0F0F0F0F0F0F0F0F0F0F0F0F0F0F0F0F0F0F0F0F0F0F0F0F0F0F0F0F0F0F0F0F0F0F0F0F0F0F0F0F0F0F0F0F0F0F0F0F0F0F0F0F0F0F0000000000000000000000000000000000000000000000000000000000000000000000000000000000000000000000000000000000000000000000
310
00000000000000000000000000000000000000000000000000000000000000000000000000000000000000000000000000000000000000000000000000000000000000000000000000000000000000000000000000000000000000000000000000000000000000000000000000000000000000000000000000000000000000
310
0000000000000F00000000000000000000000000000000000000C3C3C3C3C3C3C3C3C3C300C3C3C300C3C3C3C3C3C3C3C3C3000000000000000000000000000000000000000F000000000000000000000000000000000000000000000000000000000000000000000000000000000000000000000000000000000000000000
310
00000000000000000000000000000000000000000000000000000000000000000000000000000000000000000000000000000000000000000000000000000000000000000000000000000000000000000000000000000000000000000000000000000000000000000000000000000000000000000000000000000000000000
310
00000000000000000F0F0F0F0F0F0F0F0F0F0F0F0F0F0F0F0F0F0F0F0F0F0F0F0F0F0F0F0F0F0F0F0F0F0F0F0F0F0F0F0F0F0F0F0F0F0F0F0F0F0F0F0F0F0F0F0F0F0F0F0F0F0F0F00000000000000000000000000000000000000000000000000000000000000000000000000000000000000000000000000000000000000
310
00000000000000000000000000000000000000000000000000000000000000000000000000000000000000000000000000000000000000000000000000000000000000000000000000000000000000000000000000000000000000000000000000000000000000000000000000000000000000000000000000000000000000
310
00000000000000000000000000000000000000000000000000000000000000000000000000000000000000000000000000000000000000000000000000000000000000000000000000000000000000000000000000000000000000000000000000000000000000000000000000000000000000000000000000000000000000
310
00000000000000000000000000000000000000000000000000000000000000000000000000000000000000000000000000000000000000000000000000000000000000000000000000000000000000000000000000000000000000000000
  0
XRECORD
  5
27C4
102
{ACAD_REACTORS
330
27C3
102
}
330
27C3
100
AcDbXrecord
280
     1
102
MATERIAL
148
0.0
149
0.0
149
0.0
 93
        0
 94
      127
282
     0
 72
     0
 77
     0
171
     0
175
     0
179
     0
273
     0
  0
XRECORD
  5
27C6
102
{ACAD_REACTORS
330
27C5
102
}
330
27C5
100
AcDbXrecord
280
     1
102
MATERIAL
148
0.0
149
0.0
149
0.0
 93
        0
 94
      127
282
     0
 72
     0
 77
     0
171
     0
175
     0
179
     0
273
     0
  0
XRECORD
  5
27C7
102
{ACAD_REACTORS
330
24FA
102
}
330
24FA
100
AcDbXrecord
280
     1
102
MATERIAL
148
0.0
149
0.0
149
0.0
 93
        0
 94
      127
282
     0
 72
     0
 77
     0
171
     0
175
     0
179
     0
273
     0
  0
XRECORD
  5
2760
102
{ACAD_REACTORS
330
24FA
102
}
330
24FA
100
AcDbXrecord
280
     1
 70
     1
 90
1959938040
 71
     1
  1
BCCD59EA-CDC6-43D0-AE36-9AD5C61A5BEE
311
504B0304140006080800533ADA587E493D05F6000000A80100004F00000032433235334533322D313430462D343341412D424237462D3331343332353137363131432F4173736574446174612F446566696E6974696F6E4974657261746F7250726F706572746965732E62696EBD90C14EC4201086D183C68307131FC08357
311
044AA1D6C4183A504F5EF4010C5B71B709DB6E96365EF7E85BEB90ADAFE0243F33F91966BEF04D08F959024B72823AE07989F9390C61DF776FDD266C3D39CB4E1C573EDE625570516AE18042A5342DA1067ADF82A44A4A6D412BCEC19E62DF39CA864F3FC7298F7CE9531762F44318E77485C6B2E366EB27DCE5E35D7E7441
311
484E0714F9BB4879D2FA489421BF50FE63F7F0E4530AD3232BA050D2C9828A92B7B494C6D0A6A95A2A45290B252A2D04B0D790C679DF85C41A00AB6A6728202DB65B4E8D939AD6C62AD0C2A8C639366DE6FC35D7196335F83E32CE1684F7DDB046FBDFE217504B0304140006080800533ADA58F30EC6821901000030020000
311
4500000032433235334533322D313430462D343341412D424237462D3331343332353137363131432F4173736574446174612F496E7374616E636550726F706572746965732E62696EEB606060F80F0540260323103700495E20ED9E9A975A94991C9C9C919A9BA802147072767631B57475D475767136D335317631D07574
311
3536D3B57474317536337434757275654768046931363471713532B5D435353131D635313332D475727372D13534373670367376B67474B5042A03DBCBA019D37FE8ABC6157B20CD04146B0062181F4C03F940F0C11E2409D1C1C020E0C02000E242808A038C8583FE600F9580337028045AC300B4871928DD805002D3F500
311
6A0C0F420A89050A4F840C4C0F9202283365A703A620B208C40D2011909126C85248EC0FF62C401E28E6F88038B83CB1243943D7A928312F25350524B30928F5878BF12B8836E081D029BC107A061F843EC30FA1190421B4891084CE1086D07344203400504B0304140006080800533ADA58B5A795FFE3790000DE7900006B
311
00000032433235334533322D313430462D343341412D424237462D3331343332353137363131432F5265736F75726365732F42434344353945412D434443362D343344302D414533362D3941443543363141354245452F7468756D626E61696C2F302F67656E657269635F706E6701DE79218689504E470D0A1A0A0000000D
311
49484452000001000000010008030000006BAC58540000000467414D410000B18F0BFC6105000000017352474200AECE1CE900000192504C5445818181B3B3B35A5A5A4848486060605C5C5C6464648383835E5E5E6262624E4E4EAFAFAF4A4A4AB5B5B54C4C4CB1B1B1858585B7B7B7585858ADADAD7C7C7C464646787878
311
ABABAB747474A7A7A7686868707070B9B9B96E6E6E6A6A6A8B8B8B666666545454565656A5A5A5505050A1A1A1BBBBBB8F8F8F9F9F9F4242425252527676764040403E3E3E9B9B9B7A7A7A8989897E7E7E9393939797974444448787873C3C3C727272BDBDBD3A3A3A6C6C6CA9A9A9A3A3A32020209D9D9DBFBFBF8D8D8D95
311
95959191912626269999992222222424241E1E1EC1C1C1282828C3C3C32C2C2C2A2A2A2E2E2E303030C5C5C53232321C1C1C363636383838343434C7C7C71A1A1A0E0E0E121212484A484C4E4C1616160A0A0A4A4C4A787A781414147C7E7C9193915E605E464846838583878987B1B3B18587856668665A5C5A6264628183
311
81A7A7A5A3A3A1B1B1AFADAFAD7072705C5E5C9D9D9BABADAB7E817EB7B9B7585A58BBBDBB4C4C4A8D8F8D747674B5B5B3B7B7B59FA19F606260ABABA9A5A5A39B9B99A9A9A78F8F8D6C6C6AC7C7C5451AD12700002000494441547801DCBD89771BD7B5A70B8EE04C702641712605CE034890E220088028C93245451215B7
311
13AF388E7DFD9EEDB8DDCE6ABFF4B57D97137BE50FEFEFDBA74049B6AEED74869B7E87404D2814EBB7F76F0F67A8835CEEBFA0E42B854AA5B2BB5B6BCC951A8D52A93657A914FE0BEEE39FFE2FF395B9B9C6CAD2D4C4606F4B7FFF8D1B37EEDCB97587F7CD9B4343BD134BABE7DB48E3FFA7A228ECD6F6574E4786C0FC8B5F
311
FCE2CD5FFCE297BF7CF3CD5FFC92B52FFE58BFF9E69B776E0EF5F79E55CBBBF9FC3F5D3DFFB07F5898ABAF7CDA3B74E74EC0CE20230561BF096E97E05712BFFCC59BC80539DCE83DDD6E54FE61B7747DE17FB8980BBBFB2BBD4337DF487881AAE6C5ACC6AF25207877B2B527BFF1CB3B77FA47561ABBD7F7FA7FE146A5B6BD
311
74E3164C7F51449AE95DB412200EC539418717E7F2F11B376FF62E95FEAF1442BED0581DBCA1BD2780D23F506AFA16E1A7AD974EF17876F00DD7BCB187A1A97AE51FCED5BF2BC1F2BBE5B3C19BE27B43CF26DE00933658FE129B109C2FFF922CC22C4260FA01BEFB462A77DEBC35F42F600C3F5B0795D2E9E02DAD5E650B44
311
38A92801B65C35CBAB7B1EE5041CE69D3B6F1822DFB873EBD6AD3B6FBC71EBC6C86AE967DFC2DFA4CEBFF1BF54F6276EBC114E2F43FEC60B01A0D440A868B2920E5C4BC10D60931ADCB871F3268B21D3851B08E1D6AD9BFD4BF57F7577909FAB86F29B982571136AF01DF5FE32AC3BD9406CAAF2440A54CF176EDD01FBADA1
311
FEFEFE21FE4C9858DFF4183458A9FD2B6708A5A5A137E0EE1D11A9EC0C7C58B2C73C0AD6B479BD76B7790CF899E287FA5B06FB7B07C9195B7851FA8794031EF1FC5F9406BBFB23375420286399B631E93B08022A785C4DBF9996EC3551874094D71B6F487E80F6837E50F483BDBDBD83232323AC420A18C68DA196EDDADF68
311
A77F938F78FD972BABBDB7B87FB164AC6FC2CB760365821ACB74AED44FFAD7E7431ECD7E08AC421F391D199998989A383D9D98E8E56F84A318C58D9BFD2DAB73FF5222C8EFAEF4DE7AF30D756E5108683DA471E70D0502099A7240F19E4089D3FD203E620F1B47BF43501E85031AE44B4B9F2E4D2D9D4D51D8970983FA861B
311
3706FF950CA170DE82F6B312CC4F42C8966295F7D725ED29882415DC055F36DEA1FE96FEC141493F05FAA9A9A5A595B333DED5B3D5A533F62183323032F46EFF13EA0AAFA5FBF7C8976F8C10F7280A014832593B90004D52341980D907EAEB73411EB2F1EBC9F507F92746C40E7AE0AFAE54292BAB2BAB67CAE0746264A277
311
B06508168C94BF772BE9765F7BF0B548FE1E07F3B5A521340A5CB5297C4B12811B89E82191ECF3E41B3259C529F135E23CF4C7F961FB13537F5A02ECCAEA76B5BA5D3D3FDF3F2FEFEFB3AA22053E5008833428DC6C59FA2F770595F311F235D427F379BB8A121BD901B96076A388DC4C3C61C7933CCCD770FF375A6E0CE9F5
311
35FE2534BF5ADD3E3FAFD71BF57AA951B6D4CFEBFB8864758A26154430080B06ABFF557610ECC93726224F155D1471041E0D42F82F4891C926C1355B0831649FF365F46FF05300A7A790BD8ADEEB0D4AA9569A9BDBADCCD56AA55AE377F5F3F3EA2A34983A1DE91D810543138D7F28E57FF4E2B5335A3928B76EA1CB9B00BF
311
158C8F63A2E788826896D0B5E7C461949ECE089144F8EBEFC7FB4D8C9C4E9DAD60F7FBE572B416C2F2423ECF8B86C439E450DA970634ACFDA977629098D0B2FAF313A36B3869E37AF7853378CDA1171FBEBA95DF1E44FD5144A420588641B0055A79ED91CC0DC41E27064512FB33F1F04D09D0D2DF0203A646A6CECE80DF28
311
356A348CED8C4F1EF137B9319E1BCD29867CA556AA97F7B757567006A447FD375A26CAAFDED9CFDCFB2BB0BEEE8AA5911BC2C7F85DF88A3775389990AA72219D582409210F85A4E66F2987D875C30848023088FDF77E87F96FD7CBA5B9DCCEF4F4C9FC7C676777577B7B7B67E7ECCCE4E8DEE85E81A6D55AA3BC7FBEB24258
311
9CE8ED4770E785D7DDE23FF2587EBF57F50B9E820527316488E5C32D50F979BCA58207297E2B6D658702FFCD211840FE43FC9F3A5BAD9E97E6F21B9FCF16BBBB3A3A5A175B5B1787875B5B3B86DFEFFC687A72674F19D46A8DFDF3EACA59E405375ACE76FFA922C817CE86A89BDD92F400F2C55B7462F610459837D3A61ACF
311
50C7471C8F2F2A9D38C3DA2F068007F80EFCDBFBE5DCC674B1D83EBCBEB8BCBCBC3ED0D3D333D0B3DE33BCBEB0D8DA35FBF9F8CECE68AE020BCE61C112A4C1138CD47F9AD13F7DC6AB9CF9CFCFAF9D0E01FFE6CD503F5B91C5218E2899CA15098714848B04FCE5654884ABF0E554F11F6C21D73D5D5AADD64B7B9327DDAD8B
311
0B7D7D6D6D07070763BC0F3E38E8EB4310EBEB8BC3DDB347E3E37B5842B97C4E44A0C630427E5CFDFB71E03F471E12CA9FF70E055AE141042DD81234B879EB4606361D9328149037D7D76A571A7E974FA20AD0323832713AB5BA7ABE3B3E3D3FBC30307070B0B9B645D93C3CDC3CDCA41CFC6AAC2D64D0D579B4B1B397A7C1
311
BDBEBD7D36657A3CD4B2F44F4909F2B9CA597F4245C59DEC354316F0587020D0C661742BC02869435FD12CF195C422DB3C5A3E2305C000CE6B7B27ED8B7D63079B5B5B878787C787C7C7C757C76C51B60ED60EDAFA06D67B965B3B672677080BB5329E60E9B477847AE2E9EB53E35779FD37EFCD2D0DDD68AA355B6B0D8186
311
0502B8B68C801F5C697E9AD62F4B406244CB975560BAC756AAA577675B07C6D03778C17E7C95CAF1B3ABABE3E3ADADE3CDB1B1B6B681014470343EBA979F8B90383545727C63E43549D14FD0F927E5F1FDEFD7263058FE02EBCD1BDCBCA053496BD58E69BC44F9F854D4D979AE9ADB908824382AC1D4014E9756EAF9CE85B6
311
B54DB01F02F8EA5908E0D9D5F1B3E72188C3C3AB67879B07C8A0A767B8B831FE5E7EB754DEAE5261460243FFF07858D8EF0D658BDC563A2C5EF5833C13C90B69248C4DD97842B61DFA7F210A2F6108A0F96B62E2D3B3F3DD939EA47E30ABF5AB2B903F4BE5F9B36757CF65021E616DAC6F60A1FB647274B4B05B2E5341B082
311
D43278F67D8DFDA48AFF9A13F22B34C7586C9992BA6E66CABC190E313E7C811AA57304B421A75B289B9D174CC868C24548823E230B9A5A2DCD2CAFE1F98E61C015CA7E96B083FC59F3ED06EE60F360B3AD6F79787ED278D0A86FAFE00BA9220EAEFE1D5DE1F7855939C3FCC1332426B377F692406E022C010DB437EF009803
311
F0DCFD3B7C94440571D8F2C328F115F47FD324802070BAB43FBA80EFDB92FCA1F7E7CF9FA875CBB327CF9EB08C4DE4815BC4210E2CB7CF1CEDECEDCED5B757490968286899FAF95583BF46F9393CEE6A86D6F618CAAD9BFF0BE22B042412C5CFB50556815CC5BBE33E9F61ECEC26A9BCB8145FD10590078F9C9E953B513FAE
311
1FE387FAC246E14F9E3CE7F5F8194BD6594140876B6B84C5D6799C61A16434201E5237582AFD75C07EEED9863F463284E2E13425A036BD41061259289B6BDC1ED656FC8B8592C9D00701E27CEA749F0D8EF44EAD8C1F80FFF8F8F9D513191F6803384C800097F24069C407CFAE88136B7DCB3D5D4A60B711F19070D83235F7
311
7331FD35E715966889038E2E0B346EAB7936C4162043E1A1F144093695443A570144898BC4079CEF1912809A3035A1D3F361235F90FFF1E3E0FB93C7E2750719F88E7D8E68123883ADB5B18185AE99F1D11C1238A792DC4BEDE8EC6FF503DF377E0445F68FAF4E08D43082D02170F30131A154206CC559A8D9CFDD762B3127
311
3E4947A581E0D9BB71E33FFA07CD02CE2A6BE1EC80167497F2A81CFA3F7EFE58D0CF5D5D170DE4F89070B0BC4040CC17BEAC6B0586C3D3FF0309BC06F44B04A1E13729929B4DF73C44070692C810B08AC3012E8EE9EAE22067796288C193B2139B970B86F47FAD0F98382B1E035D9C32FD318A4FAFCB274F2E1FA772F94411
311
B0CD42493C23393A685B5FEF3E1ACF554AF5F3552A478383374E6B2FDDFC4F6DFE38F4F4ED7A7FE838F488EA852482F412D3CB07E293D02C9F074F12E84C5AAC423271450572A385449844706475FD38DC3C22486A0639E5F1E38B0CFE93CB4B25910EF309A2224BD8DAD40C682C28341AD69047E8539A6AFC14EC573F7FAD
311
10AE0FE6EB13E87B28E093B513B5803514DE408809BC12A14876DE0A25F643009E9176D9F0C330164285A7444DC8CAF0E9FE41429EE0A2F6A6DE91C0856C501272404A8468822E24C807030B1D33D40D4AFBDBABB411D093D88C86D7205E05FC57EDD1F805FA4CED5920F0CED39157E007CE21757C5DE440ECBCB46CD283E3
311
78029B43FB077B4F47E60E9F61E8D01BE017D7E843EB49F50A2028F1E442FCC90C9EE308E4C0C2C94EAE30B75FAD3A0EAFA57FE9EF960F14BE15638840EAF3BA490BB6850EDB38EECAFD21A0C746D0C4234DBD035EFC7EDD121FA585FAB73DB89FE6A03CF833AB0730E5E2F1A36CE3F202A128934B44E396961121E1F2C9F3
311
2BFCC0C140CFE22C1CA8E109B182919696BFB98120234F61B59F7BF46EC30CF067B21A33B0FB3E402448EE266CCD93135A8E823DB31F85E677434E608F53F8100BC0098EA2FD6BC01770E0F2F2D1E5452A711C4BB8486248FAD756D852026B6DC90A2AA5C6B69E9068B8F27AFABFFEE8AB36F1D23985D5960014FD71194080
311
0B560250D2272CC54FF1D3A660B275AC3881E349689C1616E1E9044129D032313509DE4700BC867C71F128C400159407C761022BA8A040F40A244788808C60B3AD67A17576279F6F946923191921B0545FC2F12AC0EFEFBD7262B6935679FC7F80629160ABFAEC88E8430E76D82A8DE62ACE50BD4A42FBF03B387B37FD321B
311
37E31C3F063D99703F5160E6C9E5A300CF32A91E0A085A29C0FC507F6C21012303C6104B82C1F1E156DB3229D1A855A32A8352C9077AF733A0AFE0FB3EF81FDF2F0F82C21B0EB06998866878B103305E31EC17F4FD43831E570A2118D1667632D4FFFFB125782F96168A833DBE78C3F11F8383A79D49F58F1E3DBC780417AE
311
6581381E8610604888E2913E12492881274822C221AD04CB0B1D273B8542837460898C686864FF6F801E8269F40AD0481DFAF5E6E9C1F3BE391C325004DF0746A4E4448F7B52C0D5EAD39EC46896B888C4210D68E99DFA2820DF7FF850EC407EB55C3EBC5028611409BFCB8889C90F1C52355AEF98B18100094C9D0EF6F64F
311
D47E5CBF3FF5293DDFB4B50DDD54F351446FA1F14580DC3902C085F593CB24ACC917B213BBC11B3F0A61042FD8B24F4FB9C4556D0CB9E1A880DE89934CE9607F18F81FDD950DD0E1D143F41D56110E227C250621FF098838042BC85B5B6BCBCBC31DD37B34966E9FFD9936A2FEFEA9EBA4182E5CD3E17AE35501FCE0707E55
311
25A7DBC64DFD077825BE37CE0BBE1BBEC061410C660B6E49912665E2B3749C7C9F93834022F74CDE6CA5EB501D9CBC04B768292C5CCB84478F3CA83074092C6082169015E5800D5839DC6C1B58EFE83ECA513BDE3EFB8EF1242D2D4B3FD55AFE03D42F8492AF8A3F21444FA2FA9ABBF525EAF84C09F0168527B0138A85D1EC
311
0443C467B28BF844EAF76323BE13D7C11F72FED783837B970FEFDE7D7817E077C17EF7E2A1C2C0FE851FE4C008388C15E818958746129E1009D054B67530D6B3D8DA3D59D82D9D57CF70039FF50FFE0DE94089DB269C3655A4F25B38C49D0BD48E59F1526887C18FC5272197F85CA72862A593A4843CD25F920487DDF7AA04
311
41A2C0600D062001F103FCEEA3D8560CEC3EBACB01CAE5A51E420349F602191E5F901893142381351CE17047E764BE50DEAF9E4D8C38B6ECFFACEB141E54A6865A88A60133EE9CBB4C256930B0B168C1C3AB59FE1743FB422C7166082E934AFA5EFA3E4BCE0B69362FA7041818B7FDECE1DDFB4D022007CA23E521F0700AAE
311
B5888BBBF08023E128B4045381542FA256B0D04E28A0C3804E233A1BFB476A2F48FD135BAF9843BEDA3264EB42BA499601F16B566E72C7EA35908ABCB9176BBED43204C696AFD3D7B24B08D3AFA44BE243D88A6D9D0B6562B52F741E1610C0EFBBAF2B0829289A640EC4C8A4FF66A24430786CEBE1E1E61AF9507BFB496EAE
311
B64F8F49B4129EBDEC065EC1F8A3F228A3CD0950883B41BEC6D1944AE06147289600A7726313AC69A3F91197F1438BCB743E76F01F6EF1D1C854071670FFFE43FF1EDED702EE5A14C85D0C42DF90B86068800659AC88981855E3E774A71C0CAC2F76754EE7CC87C808D1E1E0F6CF47FD4224731337BE1E39C5010823EE997B
311
1491BBD99FC8D8EF77482BEB5EB2CF66499A8E0F7511B19B3EFBDACB6507BC78731B1B383D02FFDD7BE8DD9256F7D0BA7B46015941097B80018F700FFA024CC08078F51806100ADBFA163ABA8A3B95B9D2F92AC30BC908ED31FABE0CBEBFFF0279B675868F9AA24E9530B08C174055B7F48E4F58002F3E82F0BDFA003E8B43
311
1EB6C4A91E4D9B5FFB791265BA8827BBE5F1BCFA7F789F72F75EC800F8AE43FFAEC42F13009FB905A9A0132015D0068ED7682AC608BA6771038DEDB3B33082891FAB1ABF5614F93238079726B833958796B845B731FCB86316713C1DC581B1E19B424EE32674093F80776F7E27C6FBFAC85C536CD955B96EDA2A3FBF770FF4
311
BE11845470EB3E42D022000E0FE07D161811020742162444668308801E133A4C163BE68F6826A5523071CA78B2FED51F28F8C70FE4190073A3E5D3259D7A288CD19BDE623F10021BAB0C6E327FD507B2741627727EA00D31856492F9F009D7F152D930704E642795C1C1B336E0DEBB7F0FDCB79318543B25341F36802D64A9
311
81A690B94259607DE0B19D466BF8C1C5E1CEF9A3FC5C639FD6117B4BAEAB453F8EFBDA500A67E8BAF76C8A06566E36EE1184E8329419161F83D843D5DE7D8221163E145F56921C3EE383978072129E290A9B7166E63D26BAB1FCDBF710009E4051842390031845F20077CD079407C575F20364C4910ED2A574BC357630B0BC
311
D8DE39335EB175646A698458F6A346F003A93002E846FFE0C459B8006E506D79BF902908A0AA05CB5E73530E33BA1D3C2EF99C712B7C8B41DF4D2A7830BE8707485FCFAEEB85A09AB6D39BBF7B4F23E00509C20DB04E240822A4B810E04D8D53D10D504C059ED86BB8697F514777717A8F8144D48A4C89077F7EDB00E2D89D
311
C02A7B975640A282C49A4AA84B70B12BFED8EA6584860DFB7EE23FCB00C6BAF7332FF259FA3C9346508813E372F1DDE425065BB61FDF8300F7EEDDBE8D0C6EDF46F7D8823478590AE23759D60DA6B7A9F125EDE8F4A5D2B37470D0B63C30DCDE3D3D59A8D1501EB1B0A5377517BDD6E301F995E3F955F0F58FAC2E81CE172A
311
8344AC03DC6781939D2484B8FFC15E8F3ACCD3954CE19576B942D0A029188EC7013FE59AE90B71292DE774F1F63D60230180B30A2EDC65291B6211B4081128856001A680015CE000708254891851D4B3BED0FA4D7166B466BFF1D2A924885AD12B387FC0FCE6819AC3AE06A7AA4B715F0927B74D119D4A668FB54B8A8C268D
311
8B038A207D10A7B1E95E42195B695BE0240F7408B311257C23F581E987C180140C584A02B1670CB817CEC0A080F259F1360E58452013200E3EC107AC1DF4FD7B0F6D23F33347F9527D9F51E6138E31AF35F1BDAAEEEBA3D71BB402E2FB47CECEE96B4DB85536772B07C82A34F3E66D0BCEC207FEB9E70643761276F7B50D5E
311
E963CFF80C7AF4A2130F5BF8C4EBFB5F07B709840480DBD8007FB7EF3F90104908BA457D43AA2A6A02C91422285E5AAC143F3313A0CB74D9D164933B86C25587134E8D342B453FC982860D09FD13ABE72055ED020E85D3E312F74C25CB0293D978A1C4001927C80B86FD06349126EC219F0C735C8053D8F5F310817EA01F1B
311
7851F406144C211C6362C27DD51F1E310C0102280ADB891E9B085CC528A2B1369A46BA195B9A2B351862CE43174BA73FB7CBB430A5798F4C54B7333B96C3224A9863AD02B9FBD8E63092191924E77C199D92887DA594B6DCF0112857162FD0949FE6A441F5E62E42FB2105BC405A2301A3424601DC807912CB2C39C604A279
311
08021CDA30C4C8C2019A883B3A8BD393BB3546136EAF561980FB63E9E035FF73B96D09A905ACB2C11D79571C5159026227DDBDB81396EB03F14100BEB66DE1FA9EF82C3ECCBE318119C4269FD014E66361FC8BB0B4EA9A98EF3D8848A01360430284335004C183CC25BCA82D2302EB03B8419241C64DF4F5ADAF77B533BE78
311
6334BFCBB8DA72BDBEFFC36103AFB30608A0B39B58D93F0BF42180841DD26BDC22CF0A770E90240006BAC65197D90920131C7B2EB3CFD3C71C6378A305EE8488FC1FF8D391E2BDDB0F6E3F45E7C8207C419800DB410073A3173942CA8D5242642A74496FF115832A6314D9FA4257577BF7FCF8F8E8CEE8DEDE5EBE76DD3CF8
311
92BA7FB8B90F629431B5525E92A15A3A4A6FEA3FDD73136172060959206591F4C927196CF645AA285CF3014630121754261C0D31E1A7E3DA2DBDB54B04703BDE3A4209F02045C4BB0F529A14BED07098A2A1CD47513DA64B512F409BC01663090796D787173B5AA141B1B39BB470EEBCF1E30F9D263ACC4D05110797CEF7B9
311
23B027F089F74D1D06F0A4D8C0CDA6604023FCA45B76C5CDE0BF3845ECBE13E0C0ED73700A8A753C1AC8AEFFF1B407FC8A20F42F0D94019121DE304077A027D4112283BB8FF0072444D68AAD111D6F591BC0061854BBC048EBBE9E81F6A33A95C21BFD13AF3C7E7DCDFFEB0DE8903F77B41DF178E99C289895B0EA8CD64054
311
9D68935BA7C5294E0A1D66DA0CC419BD398E6265789CA1241441AC94532A3C19C95340BEFC68703077EFC1D307B71F3C500859C11494838E902203A2BE90EACC5135B80B078804340C920C2300BCC06F7A1C71B875DC572C9BD1D84BD5FB9363CA6BA7D03E5C40FDFC54FC23C9B4B9DDD028787D89219038523BF64E638BB3
311
7CC25335937A00DFD32869C5B390C8C32FF25C8C47A7181B4A599A224A9DADB0E0406FEFF9F183B7448F081E3C55024FB33828784AB61704482CD0160C04174F9E33BA9291D58C2F1F1B1B3B5863B0D9F3E51C35C253D54A23E560E2C0CB3A6F7A81382601C2079CAE96B7B1560D20A341E85A928A4E01083256420576C2ED
311
477E2E565FD9223BCC691CF394D3D8E281501E0EE5C1C8159E92585D255CF30CC854C75318006EA4A01028EC853F9407C6053910BE105348324002260254886C156260F9189EE0F8C9A3CBAE9D5A992184568A69D5183A7DB97DB089FDC57AEE54F858FE54F577DBA85309640290F2D220952620750C5811FB772A7876D1E4
311
040FBFC6474D51246D8B3FB378283FB514F8AB3C20B8BF7DBE5DE541C9A5D3D38DDB30E00151E02523081BC89C2214103E0BC1B3D0199A08E002681A2613A2616CEDF0F0F9C5DDC75DA395C25C0309C03DEC8091A4AFD3FEB504AAC6633930556DAC86EE3561941E862C4A75DD6B6BB3A0C59BE153DFA73EDFCBC3CE2188D3
311
D378FC976D0EF9A95B7C8532F527CE3CF539581E0FE501291E9139FFB65EFF5DBD8E0C18DE3077170A64E033FD278F18068028802F156C3809FDEB11B1019C208D020C9BA2870457F0F8E1FDC7EDD393E3B9FC9C4308E9315704233F960E554802C14716B0B45DAB5EAB5E25AB7830EBB8D25E6CA94E4AA01794FB1EE164FE
311
9F040FE82C940A4BCEF913075D087E85A7237D3CF29C47E4E676777779528C4781761F0BFBC1D3A77880E40C9A2E5109180D5255317890394229F0F082010354082D574F1E3FBAB7D6553C2113DACB97BEB5526C7C6F69F9310A94C46CD89FF8F379AD1AA035FD00FF3F320180F01417A6F255A3A8D86319FE0C0B0E06A0DC
311
D33F79841339C01E5BBE1911AFCFF7C1E0A540BFBDBFCF2372352686D863F83F59CB6865F43104007EE06F52406F680341102048A01BB048823082CBCB0B6AC48C313F3E7CFEF8F2D1FDC3D6F6F9F9D9E98D9D7CAE5EADE2A6512FAD7AB526E17F600C85550DDE9ACFE9D97E694513103BC69F8A2813176032C890C1E9C49F
311
C09C61670FF8705B1D7386260E7C8E7122C7F8208A55139E8C8D4763F7EBF5728DF9C34677364E3A3F9AEFDEC9CD95470788834F9FBEC512379890B38C94205B2557987C4186DF5C0837608DF0F9F3CB87B7EF6E920475752A01460E556919B2B64296FB9FB70DD5F47232A0F77465BF140CD001F00ADCA175090E2665A14E
311
6329B62660E02A1CB50C6025E3DA252A670B3F0FFAA5EAD94A509FE7036B159E0D1D9F2E76B7AE1FD5A606198D3A747AF450023CBDFD162278B9446688111009B4029B0F2180AE20A542D40610C073B47FEFE1416B2B12200F3C991C2F54EC2491027A816B0A34A9D05C6F437AC23462385DADD75642EDDA738AF1600DBE07
311
EE8437804D2D011A94DF71C2085EDD40266A407FFA1D1C00B0C03927E60338E3B9D8C47D1F8CAED578E06F7CFAA4BB63B175FA7C301B747CB377F45192003CB8FD34B12009224543D8604494011A80C1903CE0518C986208E1C5FDDB8FDA161686873BBABABAE74FA637BEA894A44078C19696F326E057D7F95D061A6B0394
311
A9D5F2DCAAFE4C2388D8A6E9AB7695CB0BDD0A332430F1A9333DA41D1FFB97FA09AE84E738C75C407C260408F8DBD5EDED7DE1570A7BE333C54F16963B46AB0C2B71208EA3D16EF4EEDCD7005241166C005A73C03164792151205C007288AE337B4D7103741BDE7B7AC913350B348B2D767515674EC6F72A0402BBCB41C813
311
05AFCF05F2758D3ECAC8D26AB97606DB9581A4B7A8FFB068CD5C0604E6849046B70C2B60FF0CDDF93C13822B4E82FA0479A68220E66D9FD775FB3C1A9CDBDB9829B6AF2F77EC9E0678FB20ED8D1B1A1A39D10F9812E20D6281F5673121AACAA9C53424000DAC173F7E18C3052EEE3E78E7F1160F5AAEAFB70E0F7775CFCE4E
311
F384DDEEBEB9C0889D5243BDF557559FEDE5F17AB21E118C4C31A3DF6A96B56AC62180293910ECD6B721047664BCFCC6B2DD3C65CA0F0C823DFEF84083C7ECCDF05898EEF158F4FEF97EB9C123F1B9D1D1A3D9F9AEC5F5CEDA84A3C96C14A55584D62893D6A54D8D2028D05C8B1F124884543F3223B29D208B04910D3FC43F
311
5C52196AEB5B5F5E58E8E82610F08C21BD443801233C0CE8BD1E40F84A1CA86001990048031ABBAB11EF83F9283EA89F181F2A0D9A9F62D94B7F625FD727E6A93F63F200F614F7CF100D4511C07DB45FC5F0CB4CA359ABE4774631FDAE85E599EA0878A3C33D5AD6430CF4C055EE5FDB80629000D7855DED3F436F3B61B3DC
311
7FFACEFD2B1BC6FB0696312CFA477CE87A87070C7998E04FBA78AE3F915A065E819FCF35B410321D9ABB308146A11AD5196CDDD7C477A171C8AFC74B45CBC6F641AB53C8D4ADA5870C02379BC0470CF83DB55F073E29CF5CE5F7A3F8FD62EB7AEB1774C2C6780B9523F9287193FD23DDB79FBEA513B45200E2E0C1B5135016
311
3AC19043C600F2C1DBF7DEBA7BB9B5457BC0D840CF325EB0BBABBB786D301437000020004944415472B491ABCCEDAFC0591201CAC8EBFACBF367FE7B6E40E69F551BBBE7123E3C00AC560CE20C62436E8C3C54CC225EE08C0D74CE26148877689EDD004FB2BFBFFFBB984035373A7954EC5EE8591FE531348654514DB1D1C5
311
6411DFA2A7C212BE5ED91278F2851A432244C6822C29C85A8B320ADCBDFDD63BF71FD32648E7D098CD018BC35D7FE89E250EF2AC75F96C15271602687965C844B8807C6E7729D93F22E81D39ABD62A0820C1FE9F11CFA7208125D33E96FD69E83AF6052DD32D49FF0802CD9F9DFD39260389A950887A647CCC99BAB17132DF
311
B5DED35138FB3A060F6295AA5E195BF0BB56495A5A4A8FA440026E46A047D40ED2520A441C302D240F201FB8F7E0EDDB0E12A04D8816215A0579E8FE1B1281E9F19C9900DE79842E2A7CCD48E9876EB01C75DBA0E0C8D44AB5512947A00BE7CF5DE9E1A6A6BE43CF1A78783DFD5A404E4477336C1ED8B18908B2A847B2AFE9
311
839E891137A6673BBB96FBBA2A4B8E9373B001F08369BA11BE8ABC4302FD2345FD6014A127068427D007BE28B41D9B0D40FFB7EE531FA673C8870A69135B1CEEE8D009C08042A5B4EDA314920B635BF941E7487E45256439DFE9D276295F87E698389CD49FB394FE19720412DEDDC40E9CE9C6DD605E0B719FADC416CB15AB
311
3A61F9B5B9B9426E54F81D8B03DD950946D432B40CEDAB7BB5AF11213CBA73C9BCCCDAFBCF06127C7980FE6D1DC9B4DF14832D6568FEAEEBA76FBF438300B541064ED33F3AC0B0D10505306FD370AED02859234402F6C3FED006766DDED2034D90D119057225EEE3DAF787EBF30EC51ACB4F551678BD6728E1944730C095F1
311
3E4D81A4DFFBF67C5BEE37E62A85FCCEC6CC6C7BC77A5B477E22223ECA4FCC0F87E2A5E3EB782BDB25B8CFC6736A044DE5A7CDA604526361D650484FE283B77EFBD65D52C1C73C4F48E7D0D81ACF572F2E2280F98FB230508FA906B42DE240ED651B301CEC83DE1790C9FD96B6CBF986BECF3BD332C18EF627A0B6EECD5B15
311
2E02088D03D828AFFAD26B05BF671B4F9A09A8CE0CD2707F67F2A4B3BB75B9ADA331C1305BBAC182FB4A79820B7EEAF73199B8404C0B81231CDCBB871B80FC41FF5860E8E108222A1A076C29E6E03B6F3FBD4F1F295DC457573C7ADED636D6B7B8C88413DDF3B327E1046AA51040B40CB50C7E3F1D2E44DAD34CFA604029BF
311
FBE714DF0C069908027EB275F1F366C132E1A7450B04011CF82B2B647CE754F650FF6E25BF37AAF65B7BDA16CAA791F1D09F6CAB989EC5AB7809BE145FA459E8D3E4B0FB47DAEF093B946FED585B80FE1A0305FD5330FEDB4FDF79FBF6BDE81D8300CF6815E5F9896552412A03F31FCDCC7CB5E32365550CD9365FDCCEC875
311
2E943161D78047336F8AF6539840A1F2E764FDA2970999F205CD2BD1F5CF496571F76EAEFA0E1CF8FD2A55FD06391F9EEF8B9DC9994E72BEBEE1FC928E2F223EBA0FBFBFB4F2DF137BC894B8087643D64ADE6EDED67F7680FAC9060239E845FC94AE93D880F994FBF71FBCF5F66F9F32C292EA900F9C1E6F1105E81C5B5F58
311
A067A448143842008D7275EA3BBA3D2516FDF02FF79260020D6B3C714711F3CFB61BFF56A826E627E82256F7400FB387FEF23C1C1E77FD6A21EBB1B2B35F2F95E7760BE1FA3ABB3A981423477517EEE36FF96F122B942F6FB64D9502BD1B9089162532A2FEFED255028FE653C9F46FA321E0B588B7DE79FBED07C44106CC85
311
133CA65190543004D01D02D8181DDDA5A9C91A7110805B7875B689FC3902200FB192E7DFD936B37B57D9C338BD49E99E181F4E5FCAB2ABC1CA7AAB382CBC7D515457CFABE6FBC63D525E5CDF74B16378B9AD6774A58531912D232DF01BAA913DFB7D3AAFF912984302B84D0500077800D26C60A4742101DE420C610C2E92FA
311
93056022EFBCFD5BB6B38651470CD33BD87630C05831BA864C85997B8754B05167F0706499DC442FCD22592AEC2ABF3FF13F950039BF159FA9B36ABDB2778EFF83F70972B83BFD3F4899E64DD8346AA495CB155A7499F2CE39B0AAE755125EB84FD8CF8D8E4F4E9FB4B72E8F1DBCCB98B31BC4607C2CFF21C8145FB48EA0F2
311
159F86A3098415609554DEFA7B27EF1301033DD06D274BAF6821D220DEF96FA4CBB60B3CA241C021D38E1AA76B4406B4767576166766A6C7F77273F5F395291BBA19F64F2E3095C14F3E60371827741CB27E89543857D6D96BF9A47C6A9A26057840332EB843717AAD171880217B71FCCC0355AED3D4819911F79D0EA8AD6D
311
A31A83E36C5DC2D470295C011302387069158F6C9966022367ECF1D00BA9BB95C389AE7B6105A1FB640689033A7FCCFFEDB762189103A61C3A4FEFE0D6A6B5A19EC5755A443AE78BC5E9235B047890A65919A0D2F96AA3C01CEE913BB3ED239C3E0CD8DDAB99E4348BF3F8B977B6C43DEBEFBD7721A839A63B94C06A10DB87
311
FCBFA3C2932F8C26F88B6D6BB30C3C4E09AFE40FAB52EFAA1EC0316920E031A46D65A0FFE45A673432E907FBCF86717AC04F2CD0EF512D665FF53F05BFCDC43489F150890C60A8E0314E70A06F619D30D841189CA15D3417F3CD50191AE4396543F0C42BCFD696C58DF163F5B46D708BD5FDDA5E5E5FDF9401BC4F7E00E8A1
311
7520833D1CBFF495B5D1CE037C664123EEE74737268B5D1D3DBFDA6AAD8C08DF2C0BC7A737E10AAB2A7B958990CEBF556CDBEE823CB09FB344143463C630CFFF585D330CF0320E921744A7918280FEEF981161008E9FBC78C830217A07B7D6985E83F9A79884ABB5AB383B4D7D788F9FB3D867A2112A43F19042B33A108690
311
CF6F472F8661CFAC971478757F6E6F2F7AEB82FEA85E5715941778B278281F28C268AB24BDB470EF3303E09C359E9DF1CF990D8A096106E6A66C8620DDE7D281DF0B2831F20439A30D68386CE13E002F7EDA8D7806162B205D6A19AA1FABFD6B1B400EC2BFFDD66FDF7E8755B4883C043F43046C1326136680404F1F934EBD
311
DFDD39CB58A98DF1BD7880E0532E671FA1435E9D6EA5E9071000BE8F262E7C4044FD95D5FD526EB40A05A634775F32205C3D779FDC168CD5E56BF982508BF572BDA4F6F57D3304BE9EB18149461B12F760D7485891CA47CFC44909136FBF4931716A2E100123FC6CCAA6A644F25EDF4AC980B14039009BECE8B798BF69A05D
311
C5B6885CD23F8E13A46FF0C0A986D617F001C52241801E87C2974C31411DA3A5D7B6175472763D637D3E57C33B908F867F4A59CFCA7923375E5F027A983E18BD7BD4E6FDDBB2250C1529F4202EFAAF979DFFB1F2612E87EBEFEC58581EDB9AA95AD1D7C1905F7305BF8182D5BBB524D47C4E3B81CD843220DE1E6536497C09
311
62C225F75A2D6A998303B23FC501F0B3F736EE1FF01200FC8C99F5515207C9C40081DF304C0A17D06E26CCBC5B3C47459308178301FA8057C2C0AE9D99B05F038828B08400F2E3251254DD7EB8BC4853B101F99AB48E387457C96951E5DB670648BAB70A7B04FE93EEC5F5B183F9739C98952C6845C380D401B8FC86E70A20
311
744EC720E09D35955D96A9041720196D183AC2CFE6AEA816652D0234883D788BEC8F5DF2615261DB031C2381092401B48D8D2D870FECEA9C3D99DDB036C8A051058030E32190976718C89F031DFBFF2EEA3D88606A8A19BD0AE305BDFD12BA4FF46F1A0002B07137989C748936E9DB2C91F43B07E4E4D16C3779CF5A4FFE8C
311
C981F07C29E34B7C012AF0054FAEA4A6A3D49D3A16D2B3CF220A029003366663053C89B3FB1827080DEC2780076FBFFD8E39810CB0593CC68B5D9009F2D400418028B0BC6CC74067E7C9CC0C2690FBB084AA5254A12AF63543B35EB40D17B693F7E3464D5094C00AA9E04E0E0524F5C35C5EC6BA94B21AAF2440725E2A9FF9
311
4FE7A8F0E769EB83FDEB039B631B18BF396F5C13CF89ACC02C387DA56DC3B1CD84B96CFAAA37B55FE723B611062258257D331F186AC93D8AD600B4FEF4AD777E4BF68F2168FF08C081A37AC13446C859964803961928476D78F68419390D830C1935B5C2A0A22A3AB17D3D6428BF12DC373B8D464E04C0A496BB3B3B75639D
311
CC2500E0F0B15FB6F47B5A7ED0183A87CAE8D535F2EDBD4B3B7FC762DFE65A07C30B2851DB890082ADC07131EEEFA3DB7DD5CD32C0860CA83CD4B7993A175F422A8149B1C1D94C1145059D9C78A8A572A90B7C8B1E3392FF77A80C50220880FF3669004E90F101740D2B808181455A044904674E7482CC3EC85C4BCE339404
311
C0B0BF6A5611E4F9B8157BAB6DE327EC9BFBA1B4557ECB609C1F45326499EFB90EE78F18227F09E563C9E63D847EDB3B68EB9C39E95AC4F7ADCF7D87F6752BB6912040281E4A0D8A8314E80D60470999B8A51FB1488A66A9F3F81FFA61C83F4FA6969E472288FADFD61B005E0EA4284822E018911828E868614DA0C36E11F3
311
A051070BF2F0840E35F200E2C0C80A776CC9E7E6841C0503D0EDF15ED9AFE527E798D23BEE5F0604E58DFB7099D739BF0BA5D332EF29F1535995BDBD0DE681C4F71DFE6A7AC5A13554AE6910963E9ABC9A0DB5B202225545F5CFACC942B5B93C207352B6E5310BF349AF200175D7DFDF78F6D683B7C87E087FA9B35812C4F8
311
F13452CED610A2207541E6D659A739441F3833CD0C9C3C3DC2B0712F62333C4FA9327C9CA1124904B4FDE0FE21C119776CB0C212AAFBA5CAF80EB43772ADFE77CD9FA8A4144C54C2FB2304C65F62FC3678E4F6C68F30FEE1BE8383CE7DB86F58B1AE0C51F0F055E188D02F00911DDB0991832228B3172B3E623E513FF1734F
311
F414A611A603163F401BEA790FC9FF7FC3FD3DB02DC00184145B850D01D120424DC03C00FCEB7880EEEE939399F1F18DBD4AA54C939899304D913CC2D5CFBC55E50C7FBE4C0E14AEEF53D6843DFF56BE2D554637EA047D3C210E2C61077875FB5B40E19F43AB7470CAFE1C0D3ED3B3B4778D1DF6D4F837C08747180FE8394F
311
2CA1E0A46B6DA62CE2B2DABEDE0B1924098580FC16B369730E9E90541D3730D47FDE16EE1FFAD3419CDA05ED1F2715C607F2E81893AFC5936303F40EB776F1D808BDE393A3FA401E1C706E154C892860AD74A2949C409E28A8FB3349C764D13E4D1D3468952B7B1B35001BF41142CAD58D6011C8B78961EACAB66E9AFBC627
311
673B61FFDA4167950A274145BF11EA17BA9AA60815C2C43AE1F648E3772E53C94E6364AF826019E723069A8AA353A3BF7FB5359281700061FF64C28C10B9AF0B70B0B0D30A31CD1CFD22F68C76DA1E44558869257892363C091D313EFA46B57C3BEB252E9C6BF5B4799EC58F1910F469E25AA17B343799DB3E33CF410061F9
311
6C6D63FA91B1000CEBB7D2971BDD39A2A76361E000F5DBC1688D47CB812DD60F8001AF25B328D173A9E4BAC18CE9F1F628704330741B2649B92E9714447C68559C6CD2F681919367E4811100750058809D0230C087A89FF3C80C23C4C60882E481F48D531764BABD5CCECA308DE2F63D3BB50373D630796126803C2D1FBAC1
311
48F7592881B395ED7D26B7DD38D7096AF98841CB37592561D9C6565317AFBE9FC4AF7371E060736C7635E0CBA1809FC80F544DBAA1F2F9393D970D44C0615A0C6930E758B9E63AE690F73045F0C8C0731DE9CD80F718E94652383458799E02C06D328010011C7090D8C5E5336A83D4059953877EA1E1D66FBE994F04608C4C
311
991917230FB61F9AEE183A40AB9108D032449FD1A7283DD25ED15360EF7EA9303EDDC0043403531EDEAB10DFF87F5E2FD56DF0F1B701A9F614DB17FA0E0EDF6FD0B1622A81FA3D1DE5A33F551930335C353A87F9AB05C60455193448246944A232C5D07636D864CDD7A50D0B4440CDCC465D1C418321F50E1648D500294065
311
D869559EF3C40C8FCC6C323E989AD0F0C73142480B200842802C061008B480A9954AF282052B3AF67350FD0DD30D1F4075AC303A5D490250F5400ACF479656861E4C77AFF327F3EBECA4B57B6B6C8FF62602BF150744656A87DABD7BC6BED50527B2120C001A0B3718C74F0C65CD34F275164D7968148DDF259AB8AD6CA81C
311
DA4E8819509B996A7F642D987A401A2B04018C01E6C169A8700F9DE3B489DB2BC49C9B7B858A4F50D22AE15428FCA4A1EDB20C83492690CFE361CC7F8C8066FFD0D77AEE797977F468A36E0B0DFC87F90EE6348BC748F7CB73B5B9DD5C6EE7AB19ADBF6DF359F1DC2A0F9E44F213F8041F64274C0859A2AB7C37440FEDDD2F
311
95BE44065F22067E3EA0CC3BD8C0D8194EAB291CCEE20B9CD8E02950AD806080047A279F19024C837C848816719AC4A34DF8F0706CED904E8185753A458A27E4C1E37B5F30A104932BE140E0BF4E400160F320B054A8705042FFC47B4940810173F9C9E97240C7FCC3F3813EA239B745DE9F1B1F3FC2F9330374DBD1A7B475
311
923F9A2ED81716D18D1B577DAAB9D1A0458655AD3CA7E211867AE7C702DCACCD291E0F798013DC01BC326087775C0833E04EA3778FBCB8DA4687A0255CA0AD210C15661E4E92001A4449031D1DD27D327334BE830B64DAD90CBF537A45FBD4E94A7A88888E715B7E74FCD040E818BDC1BF5AC609CCCC015DED23877080FCDC
311
47BD8EF3A7B783A17D33F3ADEB6D6BC7AD75EA7C7852C5B6FDADA6AFEFC2D181C03F8C40DD8A4AB5024F0B72E34B57BC1182472DC80946789AFB711DB7F1193C03C893B0345F420246114D3EA71D04FBA731C0DAB0D3CD311B218F0D5A15ECC105D02F3AC32F13600084731A83220040019B03180634B5923D438300B05BAC
311
80881F061095FED5D572A3323ABD83F1D37A2301A8C930AB3F66ADF7CBEFED30BAAD7D78A06DEB6A87F15491F5AB7E25842B6B34BEFC12C8A159F187C64B3CBD2356DE5FBAB98BBE9583F0E3280C0076DA15BF34C15238145742B07080B1EFB83382F9FEF2239D003541041083C5AF9EF3C8944DC2030BC3ADEDDD9D274758
311
00693049E05413BFB3FEB4308731512F13400D06F813368A0101D8D863EB3E75FCCADED124F532AD3F123F131AB46A93DF1ECE7F96CE9EB6C365C6D6A07EEC461FC919FE288AF7AE1A7D012D291EB073735FF26BBB1C99FB706E972192819B7A34BF22424BEA1CC7958AC2E04BFC8E02DB90A4A1DD04811ACDBC1810378646
311
72C78F6C0EC3073A40CC49D5E813593B7002763BC6A909D31AC86F3F6E335C9E1C309BC58F16418642E2AF6B290A34FEDC0CFEE08FCA0F56700699CB73B9C99302AA17BD516D7F1FD755A2B32B3FBE7134D3BEC813195BD355020A7DBB541539CD2C06E45F46FC0EE08293E6C0E1972176D9B678340AA1A4823404EF79B1E2
311
347E47C35D0A2260730E0B513025DC0BD1C07E3366E9B9D17F767405FB531070700035618606F0B40C73C974CFD321B0C174A80C0F3AA54945FFEF348F5488895713E89B5C98DA501E06D8D24FF04FF0CD7ECD7BAA755A854EC6A180AD13BE094E8D5D63BFD6DFA5F5D3E4DB1BA18FD8473DC6E17FFC9832B71A2A94D96E80
311
8BB53F9192955D62C82E282B05168AA0927D54AB20A20A74800B7CC9655C8B15F62377CA4C91641F9F4D0478F4FEFDCE273A002CC0A725EC165CE3A149F0333E8E9600B2C05A7D15FD831F0938DBE5D0FF13E3C0F0765965A0961C3FA86DEEB0E28304747BFBA5FCDEE44C23544F7BB7BF7A132DDE34F99E44EC3FEEAE92F6
311
67A10F7E90B0E8C6442DF5A5318B0F816311DB2E6DC6F172C363FC800EE09186BB9EC82A24C0117700CD884AA42023B81EA6E0CF8B3056411110D78606EBC5AD5417B45BCC8E61EA01C4006AC233933E35D860BC1B6CB9C9CCCE7840D2E0C1C1FFC11CCE54D59300F2B47D66A10F09D8E24B71B9BDDF98FB62A3B897C53EC8
311
8D16D1FFE8C649B17BB8E760EB20B784F52F992544753F2CBF642CD3C9C70D8722C197142C567E74FB431EE248A8F3FC00377F5142144A82FFC28AC2970A780C85A7EE9146FA4B2981F3C93BCB0F3FBCB6DD3DE69C72B6073B99140DE28B8E919D9D9E7C2F5FA99FC1FFD07E9AC0965CDAEA0A945FADE52C791EA989E8E7A2
311
1A355FB37E44405D171B98A6E946DB26AE71DBD01FEF07FD378F5B4B518724481820890E7486E3FCE61A60E096D577701890EE07CA5D7F2B086040749FCEF3F81972E510A86359C9BB579883035887542090614E5C4461705D7CA1CF84DB564838606CF1597E8119790D021080C935A908324EDE9F60A04B7830A33F0670CB
311
08605B8D01BF9A3D435693FAB4FD84EF6754930640C1F9D74B052A7ABBA9F502B39DA3BF6BC7514EA4BEC71D752BFDC198EDA8DFE8F32B3EF811E4576B0A2074B99B070A069F60173E7427BDF285024E35A4418B7A412914F2800F1965C4F1120A2D5D2C64400563D5942044807BE7C738EBF3034C4A6F4D70C04ED1F97673
311
C039FABC4CFF18866E08200BB66BDC9CCDCC3FFD1E43BEFC52C317F0F5E64900FBFCDA4DEE68768FFF46350E0EDADB7B34DBBEDE3776BC55599AF84E312229F931E700D04478D66A0D88D09B2276141AF0F8811C5F8067DC04C0F90929F7F1AC9CCD368488AFB965C97B855A3E2E93AE5B4866502E55991B82D4388614F2C3
311
6B8484A5FA06E3EFFA984A6AF17D5C2073299D9F12FD63826F67FC460E54030981684E9FBFC22009A3006962285FDF4FC84B699FB5BEF3736C6072F6844C15EDF25883037DE6BB7AFAD6AE164B367812FA8CFCA6FA25725D99AEC5C6EDEEC64ADDA2BE0056002032E1D7A20A54CF444E360D520A5B69816C0A953CE0434A8A
311
898BF18E2B704588C01BDB2133342F5404FEE698957C200EF54E31BE6DF4E888C9C67F5F3F1B41F922777E7FA6332677C20098C59F762F5DFE4A23F9801A3BB6F8A4F66E0D40EC867E92DEFCE84C714FC7CE8DD3DD3BDBF9C781B1C3B549FAD2C89D711808CAB100E09700BB85240374A7209212F320CA577222A7020E7824
311
500179FC7096C714884BDFD9499E027ABEB3CB0226CD293CAE6E0C41A6788F396606A073E28CBE5CC67D584D36CA39D37974FE1023253E3FFB007A26F657FFC901D851130DDC2BF54884F20D5D40A0B7E5C7BCC7CC87B84F2ED820192CCE1AABA1FF24ADBE1D03635B5B3B53D4A5F84120125FADC36A0E792D3AD7E255792C
311
D5241A4C84171F1104090017DA493D0A7790A7BDE6DF326180398E4B0DEADA5C2763825E43E05C388E184678C88CE6422606C017F030366981353DF03A753DBF6370879F79889DD0BF75408724DB53C5B0063AB6568D02DC47AE4627B58D7E367A6000267E7840C23A0940B992DB98ED1C4731B4FB4DCFB6D3EAFB6CAC7646
311
F0335C5031888CD74E2103380260AD47176D703960230370FBBF28813524C17FFFBD6288BB28E4F905ADB4A788B40B4A6201C1878BED224DE9906C4C79EF32EE679B9F5D3B5DFA137327320643909A823F62106CB8F9BFE4BFEAFF0FC7A6393EC7F64A698EFF8ACE31BA05ECE6DAB6DF124118D1D13F892F3D3530602E3F3E
311
D3D59DFB821ECFA3D9AE85B1ADAB9E328DE738BF55D5DFD039445AE76D0194180F57B15BEE5F09C07F952F9A10372BC894CF7DA12CF6507E2A8916E0DF430C519485C55D61EFE209912D8C32866214E121611E22A0B1238DB18E86636A3BFAFD5B4EE02FF1E505F902BDF424D0516907BFC95EF3A76B6B3872769D67E25B54
311
8F0DA46E2B93DFDFD5F2B9E9EEE1EE1DCC7FBE6380DFBF38A165CAC73DF912AD76A4690D2B766A3EB4AFA2D05BE543EA20B095FB17AE3F1928D84482049B659E671A4763CFA567C08824913D37F2F92F841FC244085C1681225C04AD6DE1684831682CE0D6096B56101C0D4FB3A1BD3F11FC1105AECF5660BD3FEEDF162B0D
311
9DEC6DB55AF27FC98050BDDEDFF63ED14B01336053A19DE9AEF5F5D9E9D9F9E19ECDADCD497BCC57681922F327EB41FF681E17C1921B04FBAE371AC69E53F98183E91B84897A5DB164158BD1D12FF6F6BEF0E02847727BF2628F9FD48B6FB11DF6928C868B29590A0606F92140D0C08850DAA7DD8A5FE8A50389F61288AEB7
311
43E9C801BB67DBE0A7F64F63BC87770FDF57AA73FE1F5A84F8DD3AADDFC32087FBC0A7D645C327B97D65E7A8BBA76DFD9BCEE1B1CDE3F5F7CE4E6DF4013ECD7CB60BD1239E8A4E9A5722AD9C4FAC8F7FF17B214AF8801950430639A08E3ABD05A0D94E253BD5951C885B0CE750309070555FF21F2EF83FF53F4E15038B8D8A
311
244740A5C9CBC120043DA0B323FB1DA0A4EDA268C05A304619505000BE10415DE898809DB6B66896E60AE347ED3D6DC707CB7D5B5BC374A158EDC343D0EA61C217D4878CBBDC1D85686782C3CF4272E7DCFB5E9EF628F5A95AC1AC0C6848F5771329EF8DF2BB79EFEDEC8DBEC72EB7F245287FD4B31008AB38EA4D52F2BF57
311
167159E3004CD8950E217DDD6F699FC763E9D1A0AECC701F7BD4430A3E030374066938F883C01DE40E7DAFD609345E33570F4CE6BE467FBD7F793B5AF2A9D331D86DBA7BF98067918F9FCDD609A0384B523F4413B574B818C6889FAEFC5E7B8F90CEFD62BC2C85B2478D54DD076635BE434FCADE68B3ECF1C8708E27863DBE
311
C352D87BCC7A92A8E135700CDE65BC114026DE5DB68275E656D2C0D4087293D43BB4C9C14EA83C0D806783B40DD7CD4F19EE9F33801F55A3F1FD600017A6CD5DE607783D5F74E34680E7DAB98D99F6E5B5ABC7F7DF19D8278322F6A97FDB2FADE1539BD945DDF868EE2B8B70D9EDAA45D1BB0A5801198CF1DA891540474745
311
BF0317F8A3703E02510AE94B084221F887FE950272D62D4232781054A87C58D015CD45EBF9B70E60820A2056E9D4D619E8494BBFA68B61EBDD8CF52CCBA124BACD4A4077E8420A7F36FCDAF661E577B792A7E1B7E337C7CF1FDEBB3B49F501F3C7366C1730E793F51FA20A9C3D2E9F18E63DC277449054CEADA36DA0807467
311
D45F8A744E1BDED725A033868703F1392BBE221158220588F30574A0B0893D0515B0B7C404AD0E7F40C11D504C49BD7DA39A85A19CD7357DFC966E5D92272FF06D59CA5A6A1C8AE30E52F1247C1F1D78F81887F9F3E387075B170F9F5EEE4A7F5BFC69DF02FD8795FCFFAB472E7C88D563DA514861B85BD41594A75F5E866B
311
E69471110A9F75C8609C7E6BF6C7C727431EE3E9E3773D2378C25226E82C08104A57ED273FE0921D6990E02B006BD038263BA360355E8DC446A380F0BA35FA9945A80CF60DFD54054202F91897C241C147D59F8E0FC67CD0F2BF377A3463F8BBBABCFBD6833C57E214AC3F5AE9C2FDE88852968F20337972C7E04EE5658223
311
008AE82D93BC37D8DDD900BD6B16EF221F0D4149045D740A8A215D4FC186C658E01994B8CCD317465828704BB630DA2243B3B4ADD3EA554A97408454148C04A1A0CAAC2E04033C04073851F54380E0BF2DFFA43FAD3D6B574F2E1E5EF6E5F4FEFBD1CA87C161FCBCF5C7AAE2F726F814027BAE10F79BC3D765D61D18039522
311
10A9AA07F8C6BB2105B61145B324F96014EF223D4A9261080239F03FF6F4DD4975C183B887E081F7A467A25EAA0C94028FEB808637768B07400A8235D4EF33143253198900E079E3FACB0C59B00F827A5785A6FFE2FCF0C0E6F1714F11CDE5140D931D707950631F3DE877F300002000494441540ADFB08704E252AADE1BD4
311
E8DF55796A32B9B6F17737C67702E5C638682737286CB0E0A89B624D5BF28222432848C9AB8C07170C97B814FF492A61072407D638006F7C8400860444C01B1930A522788045633DFA9507267A3A42BA05925BAD705CDD3792FA23C1075C6EE768A673919EB6C3FCFE7629B7310AA794CC9C0D14A1FB88F95C845BF22543F5
311
7996E0B26C9E4C2ADF187F979F8A55F11B47BC26594C52588518D25E6C2B1CCED231EA1B748F093E5726A21A54C91EF95789041030C20FD5AD68613432E19A4D0DA2505B6BD843516E10BB00AF9AC315EE9FDB39CC1F9EA59CD88F9CD071D470C86C4647FDEDDBB1CDAB81DA94034747A779F4CED497CFF817348F69F52E55
311
490840E48840BA72DB71F3E84F6DA2F4717AA928F153DA6E4C7E8E00363CEC9A2E1C8E65F298FC4A52F087FCDEE5CBA38A80CBE11FF7BC2AFF249203FFAB77A128A001B1987BD334AD9B901890A8C2005B6B248196AD09C0025ED841325B31845032E327C531C839E66DBAB39566B631C2FF0A1DA5A3CC47E665AD8751B47C
311
FE33899DF047C9F3C365E3B11278D49DF939298E09002F6430F9958803309827A7C791048CA070061B7E9A64C557D235F83EE24822E5EAB805F9862F20FC58F483DC0EF02181F572930205107E00E523861895A2811309808F2B6C14B2AA579E893753C155D2F54302007E9FF36AC5FEDBCAD47E182D91A73920CFA5C18E01
311
F8FFF4C3F1FF553BCAD0E58DEF85DD63B91BE38ECE1A9FFC4AD4A1FBA30D462C328C5A0340DFD393D3D3D3C0659195C96990F391EFF4175213BC74C020922D4830FE215E76940962BC0713A3B82784C0CB6623DC40D6E1485BAD454F6892200B225096127FBD82D2B12006BAE2E329C771E25FEBC0DAB3B5395289D56D7A8A
311
89081B34EE06F80F819EFE75C67DEEE95D227E283FE98A7B9F1C97D2D05B4D07A469153C3DA3048EA68FA667A6D90E291C7D7E2D063E4D044964D055F2DBF3E31BB851AE9F78A0A7314F0AD24901F581D74A6929142039C65AF5830D1C809536CDC05E4BA51038F79D713DA930CF18BA3010E385351CF47F74D439BCBC7935
311
56A1F99814926AF12835E251C59BEA3C083EC2B2760FEBDF4304C9EB87B35769E1EB24B648542CFA4EBA9EF93CD42F03C08F249A2C98897D8E2225E90077823F4A52171A61219998CED6FA050992B6B0A74A2220ED12123004FB977084208F8E2AFC80F456CB110BCA647A3A0F854085D84FE0052BE31FFE7F925610BAFEC0
311
6FC33F9931BF063F39DB3D1BB20EE357F594045F4226131578582CB055A59A073AE0413989D215019B6EB8A21CF154D71164E0D8F4E730C2CD382D098DA5261456A425643686BC8301710F2C50665881399156AA2B4C3191BC555728384800CE10040F746A3D8A80A5F0E500A93456FEC52833BBB45203DACCA37FE1D3EE4B
311
9BF0EC27ED47D89B8266F11EA2DB8B5A8BB93EAEDF0C06B7AD0402B9EAC6E787365535AF19F15158308A9D9785C1BC1C01377F8C6B4D07B50DAD25649764A91DC9812C7B34CA98184084F7C01055466B48058CD44085AF26648520C85C41C67805462D8425680425559F4440F3ABBE1F3F81B1EC72708767DDC8FFB6465796
311
C8FE310FEABE0C9B242A74137EC3E0427091967023299BE5D6D4D0C6D15747DC2AEA4ECC57C72856E827D33CBD319D70FF854369EB841282F84B7CA4881447ACFCB257E252E00FBB3272120A75B99119840858486615636E0E0334031AAA8C08A62E080053A0AAA4158431EC727A084021D41CF5D630C94184F6FE7432E8F5
311
F9A4FCDF3EA7CF136FC2988093F98ED622E38E4976E1BF0CF49D2889E6DF3566719FE1F9B47A2D3BF89C69155DCF24F88C609EE551160F0415900B4C48FB013D8900A9192A700748002924771A3686A0A580FE4009E00ACC090253E280B90AC15048E047020483A038A60ED232831F2CC90498648690D960C48E439F18F4DD
311
BEB0B6F5AC7B7B89F6230243B4FA160A7B9327F3AD5D937C8BFFE5FF8B3A5E64283BEF8EAB9F71159514CFED62DBC880614AA1F7994CCFAE7D8C87057F451733699B8DF87056E1F0654B5021E38097E4E23221B810DE20559AD183A61C2C88A648DB096081E9801CA00BC1DA0124E08DAAC15FD2936905CA8DA1C40E42B13F
311
1764E0C4015EAD7F8BFEC99A310B1B7C0BCC7746D3C0702759C89EAD57122092122D1F857067684A578F1DAB7EAC400841F493A468113282FFE42316CC74C756B1C880FE78795C692813CF4644480EE9B02991BCA257A71861F00666D9410288487618D120D0E80D7773E2B7DD180E100EC98B221C94BFC4FF531A09B98623
311
0F1CD08378A8E4D0FDD7D9B1BC75F5C12EAD7FF83F3ED19EB018620303C217A6A35D826E72ABF2D8E2BB1B783F6E48D2E3F360806E1D192085D022103473A10375B63853EC54F500B5B064DBC20945B88160DCF7E4F83A0200BF6FAEAC88E9F54D22D898E43F378D20B51B5D6B1457000922202800DD401A9266483029C0D6
311
D57ED80D42A0E6E08835F0F3AC73D7FAE6D56185F04FC44472B854EB7D9CBF7134DF3DDC35A9F6B38417DD6F508B37C1A718B0D054124176F7222F62DFB327F34D451799D56216880193254FF782D7DDE26C271BF38C6E422E271CE4AB8823C9510F021126A7A944E00DB4031D013C88EA0746C96D4574069BD5439C411040
311
3B40020C30B07A604F1E41D19C21A93FD9002DFC35F23B1E7B98E95E38387E3603FE7393680410D702FF9ED5A3C5E5CE68B5827D721FA78F3A9A0C08A79722D9C9B418F46C0057BB1640C70AA4A03D29CECF33987596D53CFB27B32C3BE304C540E14BF8464E080918268D254838C91A01F0FFB99154FD8A9C0495EAA6534A
311
6C464440B4A71E16100E7405088122A35F7A511DC003D002E6C8E7E15F6D1D2FD09014139EC11FDC89394621F77B9F88EB5A583C41E2FEDBC8F82334494C0BFA97FF3C3A34ADE60385B60E5A30CF036E5E75370BE3B83AE73B3B7DC0BB337DA0045299ED0C66681E4AE223D01B1BC3BD4C921E2005FEB5114739040758189B
311
A8A320067B62A3995E4720055065AC2B4A8006BF8CFCC907C0063EACE41813C5F017065AD46CFDC6FF1BFEE052932CA3478C8E5A6F25DC8503D40F61FC1B047E4DFFE8E84407C81F1AC7B5C79DA358551CD0D13785A9AEB38D6EB68A0A8087FC6543E7471082873CDCE5CBEA1EFC5CC0579469E225428E9A43D6A6000B4219
311
DE52E8DF00A55F4BF5035960661C2DB88AC1F67C2890A93FC420193C8326409E7B595FBBBA9AE1D1511B3F6D65B09AC10A71C2317201A603E88C56CC68C91279E83F5C147787EFE6C675F00941D23EF092920330982DF38C65EDFCA89DA98E8ADDECCD77CB86D85118F3DD9884820B1128010D02F1060F582871CC8FF42024
311
C02239273A1CC3BF71E770DFB7E96081682803188118B50310BD620234F230B12711B063E0F0490FCDA9248B580D3D3DE944A30CFCF2A1E0F6E59E8FBEA289CCCC943785BB8880ADA9C2FD70F6A13F5418444E3A669273C006C4B4EEEC067827539FFBEA9CFF04D84E7F170480037005AAC8829084329899F90B5E013927F8
311
E646514B4824B01D11F72C012CEACD163B6358A4454A4221D06E68A71062520649BF9E9127D0772D6E5EADED52FF216BC2FC513C7D3C5CC4C8AF009811826AE20203B076A2AA66D8D32E317DEE0EFC000FCE16D9E0BEB17C74AB009256C5D8AD1CBABBDA61402612C675FBD72D07E633B1A42F2421208CE013975608112043
311
06617A5141706105C9F4984C459F2D0F6C392FA05BED808512B0B9A8A9FC6CED89640EA347D31F0DF76D3D9E61E800FE9F7601BE4C9614A1C58E6C839F13A12D0EB426DE6386B82369A9E6A7F1F9146EB578A2EF4289AA109B4F6CEFEC0463E0072A05CC9DEDEDFE08407B173B8AA65399C80B2911252E6290C82CC1B89091
311
40C11B7AE161B42B93905045D017E00CED6D27AAA15F2C2179F1E83D411A7020B9408D202381E7E5DEE5A9E7E5CDE3B186433F488AC81554BEC09BC579018ADD1DCB3D9D70F02B14BF9159A4DA376225FE43DA224FED327941705DA582B2FD1BB5DC0540667B650BECDD1D5DDFB0C7F36DEE2B94F6EE2EE4E426F20A1174C3
311
1DF153321A24114C4FFF25E505475F6906D4149B21F1BD9D9DF7B059F8E0FD83323CB97991FE80EE131A9003B81C491B218B1D42C0C0D593D9D548003839DC29A740298B0C23F0CE14BB167BD61989AEF0B985C8FAC8F923A73F31953989F0F6C96CA6C4D0A9A88184BEDBBBDA3BBADE77CD8E2FFEDEEF46184A86671D7DDC
311
51417477BE9F04804F305AC82C2D018A21EA903866A0F959FBD4139916D036635EE03DDB7408BCF0627A03027AD314C09B0A27F0A79490D53839D0DAF1416995CAB24101FA63F75029D57A4CBBA9FB4D120ADB17FB5A999FC9420DFE04FA670430B90FE7F589F7FE8D50A4B5F004CE5F07EB4EA007F8AEAE8E8EF7DB3BE2F8
311
1F42166C7246FA9E62D02C8209BA1024414C483498B50229FD923F2414040B2081390AAC353B5283EADA12A30B1080866D746B9ABF5BC107F33C2A015B275480759334B83AB02175EFD0DEC785DFC505E0064F4EBA5A97073A74C5C9FEC97BD25D819E28AEE661FD2732B8BBFB1BF13441B3C1F45E8AC1752BBF80C113DE96
311
0E0AC7D9D02C58C80505A19BA0E84B14402601A590A4AE00A825E98C3212342302EE10FC5100681F86834A2804BC409D70270A2091DCE874B16BE0706C974EB3D26EFEDFFCA6C4579AA4DB781708469F055532A7046C6BEB0CF39F3ED2EC4FBCA3D00EA91CA68FD2B87B5C191E0EB2C300F00A1C9881F263571C6CFD83D079
311
D09F176FAD839340CF030F70458F81F09AEE1329505150CA0A00576B56C06D58070B23086F685E44232D9D53DE3FC3731044F286D19F459351863F749F1104198D6E14BBC68E17CAE70D7AFD958E350BEBBC70C9C4DFBA075240DA27D40AD7DB063A097DD3F041EDB3E4B682A7A12A548F3393DB0194554717587998930252
311
1EEB1431B08759B632B174E0F700E774FCA1BB83F95029ED1A084288C8893520E49415E00DA080AE8027C34206D35491D050A4C6B080F6A20889A2FF82379AB6234F6710C05F9080ADF002B9C9F9C583AB220F45D618D7E7F7547FB27CED8A8B7A7D24EDA4988B0C1C2A1AFB53FDC61BF3DE50D63C560F0120B0372F0839DD
311
DAF13E583B868717C1CB8CC71D1D7F440CC82184803144196EFD58BBE00B7EE77DE8C015942357FB06FC906A5E2B8882CCF9FFE184B0035A5CF186A962A63F84B3AAEE3D5A2C830008807568B6A9F424086D2095A3E262DBF124350082C4B5DF4704A9D2C93553DE47BD6766B69349610716999FA25854F759CA9792599D38
311
37ACF6247CE8597B0F960FA3EC45B61715050260C5844FCCFEC9666BC71F875B17E3BCB4CB151405D7D08F846B4CB952248B4603CC402B609E90F0044A007FA800EC46D07A51232B00E5683C55D5096E1374DA4FCBBDE2C25A5B8D26008227CA7758033D7D70DF12CAF7F247939F93F1CC63047D63ADA0B7CC8771B234D809
311
5FCDB577B586D1834062035670E204B245EC093FCBE15626C10D210CB38A13F50E10A0D5C0814B0C4B30AA9858516001669002229618F100767AA3D6D2528595FE7A398C2D2300ED0013A0AE60B91644A057327BD3C36BEBF48C91279B45F8BD145494674AFB211A91977CB838DF35DCB3D6D6AA2FB2784B591ED785DFD7DB
311
77747DAC9D2F7674810EFC2895F9ED8007EC7885101679C06F21E4B1C8A6120956F80518D1DAF1717BEBFB5803E20C6F2A11B2E48AFF4AD2810A70054623E341B3D1ACD92DA91150DE631EEB2C28882D092049C0DD38E262A7BD6F98549930C9D44B7C37028AEA9F8C5628A2BEF5704C0DCB2B428181B1BE766F43014498D2
311
E57791E4C8DA6BD2ABF5003F0C40202E2E32EDFB02852D16C30B7F646B98FDF86C7891690043128B0A0DE6B4EA27F08C30CA34C9D0AA0852A5997F8D11A6EE84E040B20472020256F4AFEBBB74E6705A12083B249089218E6452C8E5A69717E904A3F5EF3D5D08EC1F4D4E85086B238CFFC11AB9AE972CB775616C6D1DE04D
311
DF073B4DE3747C41FBAE6072901CAD0237100670C5A00C2C3CE063610ED824826C1F6650700E88C00B62468903A0D71D3A390255AD7040048348C56C4647413C2C2561216E0C469203EF06A5B101AD40D0E207F78B124747DB5B4BBB4E88B1C373C114E0470B345156EDDBCE1B4DBDF81DBC400746B0B54E05F693707B89A5
311
E430982C2AC7D10DFF11D5B102B9505034B35D07E8E5F585757F088B390F2D4C85CF7218E8418BB4F25B885053D07D5A908326809F31D6CC6B77CC948413B28664484439D118DBAC27DB5AC40C1AD166F25E6A2F0AE82100C0BF220405323E1FF80DFC518CACA8DE1003F3C9FAE9C7B2D60703A0004F8EAEAD2DE0F5485452
311
D15B77B4B67F4C2403B8D8F9C533558ADE058A9E177A1698F75DC0EB4C800F74C0270178C8579C1FACD025F0560844502D2BBC01E620030CB93636C1041636A693949CD80139FD15BE107F905590A292840F8860706D07E2970A2F15E5B13B87C3143CB2930374CC46A6F9B9D7A5CCCC14E11B9E879A49FBE27ADBD6DA8241
311
0FBB94FAA8487D61B51F4BE0A03FD08743C31020D6628ED20305A22C2C2FAFA7ED1E7881C438AA5B9035F20759E243C51F34D0D5F02F11403B9E204CC1686C0B6C9000470561519CBE1B0E4FBEAB37A39EE4B84C05F023858779341991F36D9D9F351E7BB3B5ADF00148D9D05784F9AD8B037D48C01BFA83D4247F03BB768B
311
EEF973A14E610090D4B96B1EEC5C5E66928F28EBEB6CF578B067DD83086081579848E60DFC7684044D8174993C39F886043481F6A2B743B18749E52447CD4D230513032D20D20206E536E15BCF7B7D211634F98FF9986287F33F9A94615A5A0A7CACF8DF5DCC1AC6EF9AF1945EB78E0A2FED1DA2ACC00EF983F9A012260BD7
311
22EF61C9DBCDD8719703ECF839029010CA0B9F100B1D2842153E01A1A3837AB579516A31982FD2908A09100DAE591016CBCD4B011A2F4DE299E1338CE065DC4841BF9895D8C81714800CD08F5AD39601BC929B55D291F6CDCEF2AB40DD5D98F4E6F107C47AEE4A09A079C05316F479DAF4C2BAB83221BCC0CE23FE3D3D4C7B
311
C9AB673D89A3677D6020F6E182332028012FA0FBE0B2668FB85485902A8E7FA0BA2105C213E20BC2169211A4BABA7D693C3F1DA961F203694853137073AD5CD25F1C017DE0477626D7BA55B88F83B5EE513C41D814639FD1BF759171F4577D3CAB0C3DFF68B2D3B1F8478C18F67BEBB2598FA76A4545E9E961BACF657E0791
311
D2373030E0EC9FAEDD17BEA7703A738185D08236C407448A4CB504CBF01FF43859D3115488EA01B55078000DF085911805790DE1B41B6F8CB2889C3834FE02AFE07D85143C6C008438A944EA63E047023A7EF37E13B0903AFEA7BBAB9579330FAFDAACD540022980B65A75FBA17D388F1E6576405CCE7032D95BDA420E7DC0
311
EFA320879E5F8B3B04C1D2D9C1114210C19FCC49DC6A855E12010184DB8968109ED016E4683CD552A36B3AFA13BFC2114068935A7E774CD2C7225642B73325938052D8634ABC18DC9442BF9E0402E85B42F9F3273672DA8E8F1070405D1DC3248487574CD98092B8B956E6AFE1566530B78FAE05B4A0DE51FBAF85DD075C7E
311
11939F80E015A58D1F87E400CFFD2306C4D1D3C634380A201545A92BE01F445800BE12302AB477BD6F62600D211232EB061448A0D2B877BB940D63D059C37E0569A83DE93E214F4BD86209FF6F479C640AFF8AF6D1BFD987D029A94DB7C329B4184D4BB013BF912FB88FEEF913071A8D82B651BC10DB067A7EC52FE1B42188
311
3144C00F64FA23A11CF708BF16CA59F18D4C04B8085964B2D8DA4A855187000BE440BC816FFB13374640B0EB1D0998AF38A1AEF503F14302E2811081FC12EA6CD38A63B33035125F40F170C0B0AA45E9FCA38FC6D688D48563B5C4B4B7C359D3C7AE0EFB16ACD5E2FAA47EF8307044B4EBE1C71E84E742D81431FB06B90B60
311
0B9C239E277A57C94C427EE10E7826980C0136600D916A06058CBE8604DB4D314FBC014EDAACD0820F14BF75449B70339490FE5A0491221BF95F949DF1235380E969AABDBE2D32EB4403D3FDF17F42F9A0A7C28ED75BE86BDB7C7EC80C76F86B8800F77B305EB88F00A4352E0F8089EF811EA02A3DF08F7DA008F803BE4B4E
311
F5F41E56087099E920708C3D720916444440FDFA013D4E1201414123A09290F5BD7AB729298209C4306D007BB0829FD4EC3A6D7E4F00B67DF38CA0764F832F0448E58439B952CB4F70DF964AFA74CCFDBABBDF273E2FF4F56D3DBFF2A78D42FFF2755DF307066497F44062AADFC0CC546F6DCCFECECFA232E14F408F05477D
311
311B683A35BC245FCF8A5CD2AF20022C21022266905A5BCC8B20235D6FF04019CC04058AC80023662E25F342063165956320BE50370F2A657BACC817DDA3DDD3EFE04028645780A768FE38DBA88BF2EF3ADADFC7FEACA952E5A77568ECF0C971DF32BF1D24F8486B22A649EC81B1B60315CBEFC026091CA45F858D7D04C1B4
311
37079431E63E38F880758842E780A9E03791C0FAAFE10012588C3C592FE35461A6047802BA18686887023A422A49599399893103942CF6DA53A8E387825FA0678B261F139F801E2B17C901D0F5217E07AC2401A87D0480F753FBED44FE949C93A1D042B879FCE499B3D861AEB23F9C1F372F0C24D0B7D6E70FE1AAF60F84BA
311
E642D82F0A9F53E22783915518494FDBC0AFAE7DA282E5050B703570E06319A015E00D693A6BEFFAE493941C3B08C13B96BD20D0115A9565701DC58568A3009DA13E965765C03091F0FF339F7309D44F6E61F837F1B1FF920450EB8FC48F9B40158BE89C81A597CFB0DAF5F5755D3886DC13D4479599B583758CBF35663AA2
311
34F133F91D3BCCFCE0A794367F385C59B19431780F1C099131384056616E15A1563B50021D369C593FB292685A68A8B2A50A0A2085CF05434617E05FC24A6B077B990014421A68401AC4D65788EE25F737EB780D08A6E38F060F2ABD889E1B889C44852C2FF368C1E3E710D73B6589EA83F7417B341ADA1F639A23D15298F0
311
87AD0326410E116C3A1B325218433C71AE62C07C1480F1C045629724A076A4BB8D622D24690486727F56108D07046DAB065000678E04C4F8C342DE27F4AC102D854F2D08D59B4ED0E4F697B0FF62F113646BC5B7F3131D4EA8BF8B265EA3F2026E7061B96F6DF3D993276B2180B8E57067587428579460551049049B074CF8
311
B1066C7E14C705F0B39298C0997C17F701097023BAC31081390196801FB0C2A12380042927503D5A01CA127F9841B460310639C674BC8CDF1A320501448E0068905B07F6E5602F8C1F07786253438CEC51AE61FDB25FF71B09893AC026A9EAE3F30F369F5D5EAEA5801FBAD3C98B38C13EE017B054F81A56F05259DBDA64FE
311
270B1FC4C77200FE276FE814B916E222575ED717A62A92956504605268408CFE13FD61F84252228376060206802B9550F00B9D47E6AF1022538A752CF4FFF1F5931384A9FF8700EDD4FFA2B93FCBFABB3EA6C607FF714B0B8B04EBBE83B52B246092AB018C0D0002FC490849F1E214AE6FC42009D6D86616C835B65DB9862E
311
FC4480C14137603C3089D0A5588FA27E693DD184131BA4E88C35045ACEF1CDE1A82323C20B842F2419604821196EE8185BC834AD44F8E9B7549A32900196E9ECBBE20FFB4706861AACADBBFD9B56A23FFD3AB8BFACC18B1B5AC0ECD7B6AE2E2E9CCD2BE8AF1B1BC3A813B94107E82DE67A42E7CC7D4A6116700B5B2EE3C338
311
A09B840F07C40A64800D7C605AC42B72227C4C7020AB1F20056E26F542717F56534261DE3766AC10A6ED2D006DD03BA9DBA507AE0510A8B385C92363B9154167F1230C40D76AF6F3BE0CA08F8BA2FFBBCEFB09D0986550E0F0EAE2F2780CDF850CB0F88CFC2815FE87BD83909F474F45DD47F1C821DB2107A8817FD45384F5
311
7891B65F2543D0C1E20A89B4A8DF806862AC27C60F6A054627FD344250718AC0FA21CDC4E28DBF2650D1B39D8B8A420C348A4F846E2BE824BF8C45E1DB8EEB52F576F47A75FF95F90FCE0FD3A7A08D48D5B9AFBE3EA658E1676FE3372FB57F0AD8D70ED4AEBA3D4C2BE0AAF1C3AD63A6004D12900CFC481A47430C9EACB390
311
038642C8C41B13303166614210592736B8603AD4FAB17189DBB32F3915F0C380795A089A15228460BDE8E52203527D41B5470901B088D84FF8B3FE2BA7F4FD30ACAB3DE0B7E2FF95807AB0010FFDE3A048F7360F9F3FB9380EE537F16F8673131325D3351A3F664022020811A0FE8C019CA17370725CBFF64132025DA1BE25
311
55102212E80A907FB43ED80A991A8AAC183932C19AE17524B06590B6AD286EB99BAD18FF4BD64BAB519202F992A963648ED30E7521F909F090C0213E367A77D8836BEB6F34D92EDA624183070248351F1A079E5D3E7A9EE81F2CE6678F92E299EE312B6C0572C0A7B5EEE07853612403813152C7125E2022A20C18F855DBAF
311
A399817FC97FB6E1CDCA31D348434ACD0012F0D32A5456B4007E6E92D72B1A4E9971223A42C1042819E4049C0C5801300C0013FA48F8944FBAE71DAFC27F1826FA2304ECDF3F6C10FF47D5C7E49748DDD687DE8E91C09394EE0682A4F84CFD6067EEDF43E67EA46CB2F4070160439245F00343D03BF25D7E2F26FC400A896D
311
BF19FB8D4D0A66DA669C3D608F9CD048A0533621B25690EE19D5D15248E390F042B12C682511B02BFE3E5700E4C9A9B2107A8F45248FA48234FD23005ED1F4EFE80D1320836F04003BF42856D478D1DCA3ABEEE3C68F9F30C3A16E5C238EA5DE3FF37DACC2F8B7980033F47FAC34421EF0418A045394802CE032D61C70023D
311
788136788613887C0011A4EA316E005718AE191F8D0D841B9C679CD2FC478442D005429166F5A24403B1E6ACF3298F388B6D0BA933D92339D48969A5C11F09B4FF017A9900A4F887010C474717E10F36468032FF33F4AD610517777104CD920C3CD15FC5F3B3A0C75BBCA3B00F2724863C10BCD4A0E00736C7981F2F72E4B0
311
01438B99714FCFAF713A2603BC710376A1715FC602022202E06FDEBBC680A3DF1C4C095A12C50B554FE7623B50374FB2129DDEA4C392C9188077658C87F55FF92FFA507FF03FC8DFD3F31BDAB46DD51AEB03F7E1B38B8B87CFF47EA1479C3EBAD5C6B382C221C0F1B358B39D76D9D3142C4A20935F541E492E0EF081BA41B3
311
620A8E172B584EA1485632E22A8221CEDAC6110AFA4B6D43E2B76A18AB240BB24337721C9321D2C033B2D3E2641A55A400A28403C12D1DADE39AD23FC5FC08C47A64DC3FF6DFF76B5235124022D7E6D6D5F3CB870F9F31C96FE477FAFE54100068A3A87FA5908A2C08011CF31309C10025B089FEF9C510522B8DC07C30AA46
311
9841723A10C08E27F00F7FBC181C083F2809EC3B2B328E294AEAD5A071B3A95C81D2DE3F930372D022C9C793535B92FDAD5426E90490C3C81D000017C6494441544698C416520C1C40C71FC204B22448FD9303782FBA67089A1A7D4CE38E89050FEF5F1E078A4DCCFADA058032C34C1CBC2E1202B1F8962B1A8024F0EB7A11
311
F209E96FB369D4B64202FE7BA230AD24C46413536EAE955B341B726C593B5D4630C0BE822480908522B0D85430230352618DCD4F7BA6D568BF4343801480006658EA3EDCBFFA9702B4FDE9022163C43F9B72B58001A23FCE6F0B3FF0E4E1DDFB9801A6FC42FD0132CC1F2224F89933107AD30B6C9131A53818AE944BE25A70
311
810821C38F098411980E46D108F483DC63F49B91B852351604091D60546702F58A3872A1716411B642C7629C267E64E77719F46B0548FD6BFFFC86A38DBFADFCDF700228C124C8664FAA02BFB1F92B09800876FCE4F2D1C3FB4FD0A44E0106A8DB8079751CBF0BD9340066C3D52BC64706467C05B5A54401BE4A1B0132A55E
311
AC1CCCB10D378A3DFEB9812022327745EF2102886A9142C812A1A2C9708027BB55B7006357459F9C2080E0BC34489FC629510F3017B62D5073E2A2C64048A0A42580E413BA9E08274091A398EA80B5BF31C87BF5ECF8F1C5DDFB4F22AAC181F070AAFDDAE5650C4000516440D8806786D874215149E69ABEC43FF0EFC820FE
311
A112B0522003C84BE03FB76623513B6D840820358B084119B0CEC8C00AE888826339A54091F5FCA513AFE147975BB1A86FC50618D9D74502F0C7C8815AA306602FEE3A5E79E0D7DED1B221001118B73182CD439A092FF801105D1AA14E1918EC282F6260869D55108065988BD67F68E5581720A708051F7C8070F582389C68
311
2BE53F2AFD85853F2A013D21564028E06E79B7A71E43212180A81541EBC88F451E02385100491AB0C4A3BC5309A95911E66D04C0B448366988ECD204C2FC930F8CEE8FA410EE4C25B58DD1B6EBAD83F6196670F7DE635282C0A56A851AB035831725F0471A10FE52097089C80495804100318405F0DFC2136004B4C40705EC
311
9154315129205EC357930035688F61AC02188250CFA9A980233925F16A117A48CA54DAB6400221976B75D863330942E20EE3B00B08FBB71AA813B0E502FD2B023DF70114E0D7DF2E2EEEDE7B789504200112075478F2FBD6897835C91F0C20782401E801A2F9142700B74805703426023A81CC0BE88B537D0003E0C5181D29
311
EB8D83050964DD2580910A1E7A8138F76253DC01DC2F3824391AD748276C0B0CDF12366625D038603D0003E0266CB42704C8CE7FA7F11B4D59C0BF454A78F8FCF1E50513715D469607031272358F04E0003C90107223A581218F10008B10247CD20D860FF0BF48801040B361808148714764028EAC137E871501EFDD97C89B
311
52107FF1235B0928C562530082573CE137840EFEF82A0BDC602736C595912FBEC69E6A3A26903B3A300C5A098A9E3F1810CDFFBA019D97B4E7A7A075850F2E92569BD960CA7B8304995FD006FC4213BB1448A6F4BFBB3A9F9FC4962D0A1369129B10073771FEDA38B1737B663A71C088D8848027FC3008DAC4E4397A6F7627
311
1DFFFCF77D6BD7F1F67DA51E0E08875A6BAFBD6BD7AE52CC04A0B4A2206F650EC412841A48258258E8662C3838FBE21E25172C2A15A4F78D82DCF68A005DCF07047C183E1CE47731BBCCB5469D9169E0D588945BEB637E87802A03D88FB82486210D28FB3B858D13DC7CE75F5E6F3B03C1744D30CC58C7C7A256146853A052
311
43060B850072A7010CA47CFBF9A1E24F414037B8781E8E9F219A774B36481CB43E48A79819D638C8760D672FAC19FB9D3FC5EA9158DBD0159C27860409682E8FF2595652FE189D2CC2D7C023E944158355806FC320087CC74116030CC376C559C098B93A041C5DDA48AF33827D2327DC761D19C17CC62780D82A170E6CE741
311
5A5E7FE825E053048F88D2AC2A561CA4D4C60098DA28EF1A01382772484698F60C8DD24BF396EA76260542810A625978C03580A9CAB91D10249BE579B0377A3DD15749A45F24C4D81FF3D7D7996F6A1690288008C0FF6CC186DA9D5FC95BB09B1301004B016E707FDFED306A1BE8FA208828F00BF342186839839F1F6FA338
311
DC5A0200FF383DE92614C03A4508DA18F4D85F9354F7E867AA77A42FF49BBE6757A1A7454448D0BFC3C220714FE43A3D8F1547BE10F0BC5A05985AC3C28829A06FE24CD062700601F4AF12AF99099B08E7071DC4626A97C920C3FF96E190C9D1FD7CB6163E800D79E5F3F10A9306C02B799E80F1AB380E0571A584C0370A22
311
0C3125000B500900D96FEA40409F980E2083E4EDF4D8D2480AE5667222E020BCDAD4EF19682120818FE18EC7FD6AAD67C03F7DF1955E697456F517AC4F24700C30171C67E9168B109A4F60AFA60F98BE30941BF776DBC7C70792A2FBE98AAA97224F8BEA39B47BFD14A8CD03320DA2B676E3AA397E652E30A42CE2987B7DA1
311
EF7F75242413800A04C0270C62A13372400B435ACD84B8B5009208F5AC73EB149FFF3508E21C2201E0338BE07E50EB47E7FF6D97724A601028C5519073E7978EC88834410450E074DD58AD13A4900103A6444A9CB99103229F0EF8C0C78161EBC68137240734CDCFC349807851E0EB46CE864D2E405ED341B71A390CF2DE20
311
CF5193189E1901E866D0230409684B193D17E2928534D04240937D3C84477494FC5E0FE0B448E35AFC19007926C1C6A6E622FDB8A12E30993C6710E070397C4B26304C0AE38218D19F01FFB15BAE1C0E7E74DF75F2406E373C414E848FF8E500EFAF3C1029C9C0ADAB2313A7426CA9B2C1B9E30032C84EF31A09A88A386F13
311
6E8C2F1D582EA0459207015F10F1F001F0B1B7DF7222011EA2001F00BFD36BAEE0850928B08C077030FE3806C880EAA74BCE0863A952812E6008B3A89199C1EE918AF96AF583F1A073B0A355B9D861AF1460DCFB3BFC6B7EFDC834B09700CBED3510E48DC7129041C991F06BA5006CA6B5B34EE21501374E8DFC9100420361
311
11EC9C7CFA1C05D48A7270F7F835BF04A4194DA4CF76CEC66718C84CD020D04C412AC848F03E3C61A1C8D50D0EA6838A00376054D3DF61A0E393E1F8B058A6C994093476D601A4A06F0CFD3C0A6BFA910E75CC10400A80FDA93AC9B5EA4303F6C0D188B559086091CC5910137772E14F2376D03181B5CFE74C0EA38440D0AC
311
256D6C4D104CE05302FCC00B60B9CD4D71E08BD40C144A025E60D4C1F45FE846A2105D717EEA84808A5DD90A168E133640311CF05DD870768683F5D2F1800F485AEBE5CABD8FFA3C0BEB33702493AEB551B1EB035EF5C8E5757FA7832141F88E8578A363802B560007AF93D7D470B478C4D00B412D634C9140C4F9275C00DC
311
E8DFE3C7F8C0AFBC5B2CE82E3C3BDF393D4375D50C43CD1C17E3777CD2C170725B7B42B41DF15BFC344DAD089C1E9118522B4A2C60B794E4E8F33081BB7C8CFCEEA0B2015E49D586429C6C78646180B7710E06018A3082243C275F077FBE412C17DE80D3E6B9462C5204C5D980D1DF84A864401C483CD01B143F4A4868087A
311
0F780F37230200A4FBF6AED325114C367C22512750A5C7C3E32D545CE20A0904183BA10015DCAD89864B3E1EE97EBAE8B204266A48E010511838E2FE413FB116E60880C2D8440AC3880DDA6DF6618C138CF1CB2A09637E18D00F80CB0DC05322E31EADB8081C29410903F06BFCDF5AB46024E4A75828056440503C707856EF
311
0C037623DD4922A400E8A6BD75E4D2800905F18450A00CEE88860C8964C7B3F90F56528BA18F71CFBBBCD2D05797E168FC37DB26DBE0DD2EAEF39686C18440820013C1444055402A541400DD362A0A402F1FE51246404E098249FEE30708C10CA0B54601053159480C00BAA9B1223A773234FE72FD5C3BD81804D8D196FE3D
311
5315A0C981D88D04FA01DFC185CA93F9120E1F480B08063364A0A318F08DF95056E4C91F1150D31B011200383502E079EE43CC18603AE2F88FD139C802A739F208E88D06DC78267C448C27C4113C19B0F51B0E9C1C021CF8F9167C6B1F2E10E461002910105D1042792D1CA303F469714C018C23D72179E165049C40E801CB
311
96CF334562E5807291D1E0C70FE6CAD91656715F0E5C5E70F8D7F83290549B1BAA6F781D25180EBCA93EC84E72A74081CE3020789B3790E1A9E478E658C099BECFF01E530E80EC5FE31204ACFF70AF8177A03059240CD074978A002A878BF883FEEC81DD684E406CA630ACFDE87292822A11953710F000885D6F68A67ED40C
311
D772B0828359B753F7CE23D9479AB9845771B389D6A77130F8C134EFC83947392029B10E4425440A84AF0E54825228FC1634D369874739C837A9DDC83C20D320C36042610ECDFA750303710224D01202488012CA847424F8D53F78AB6BECE9B3B35A7F32396AC6B7444566327DBB4DF06FD9616744F4D3A397EB3B0A3FBA8D
311
763702883ED742FE5CD24146D8E353ACCF811C806AE09914D8446E93840FF4D6C963FF32BFB6AB015D1D3B0C9A0968776F021F21404B6260CF84A14F35180CE20B5E85BDA2EC91FD5A7DBA7E5705F4F0F97AF26CE18E3BA078138202400A62930FA6CC7882F911A92F33E547E64990B0F27323D73B6222863F86425153FA80
311
09361C675554C25382CE148420C8DCC47A20122806CA178A0918C14CBD33440289078A00EC6070184CA9907FD0A1270478E0B325B67C2193694EDB7DD0F3C238447C8A11485562FB4902134E6AC952FD5320A4F7C780882DA9684285CD81D278C0E8FF8DEC9F45D22DC3C2CA99C2728110888799575B6834BF22B0F01EDE72
311
D7F21B672C40F0A972999E2200B7C91403F9BB3D09C01990819238CBAE5E7510D7D57450507E3DB04AAA0A3C280064E0775380C8C16EEA4834346A04BF0CE847B4B3AF760D06D24BBB267C32E2C9257DE5EB748AD101AF1FD33265E2B674EED8C01A0AC901392211011AC810560F77778E85B13BAFE3E25C95B70919A4862C
311
15928BD8989664AD8638101D009A80F00BDC41AF27602A4BDA0C077E550048E7F1011410F01405045E1C140B4D0E70E0F6E034171C3D6FD12004FCC1FA304312518910356628A4A326EC9ADF5DFFD1B2C0399503F14B4F8E3E0E4E39A06ABCB56A8014687E86E462BDDE5124615ECDB412B7314F62E6E0C76ADEC0F717B360
311
E741960104CF1706CFA18E0605004B01AE007869B095ED92144A807841EFF2811C047889A04901C809062057192688C92346F97F279449F89B113500BAD282D1DA80A55C27EFFE02C8D4F395003F285B617BBF0831F49B055342DDDD414378E8888E92C16789F269A27C9A221FAA4A0DFDDB9F935B2ECC04DC51481558A693
311
01E0460B02665AC4DD30C03D480866C3409400051811876014C0F294C542821AB045011A3E3F09001FF304E3A0BED05CC11A811B865001769507FC01ADC611F400CF68C7B093606E30F3C7E0F00C1D10C31951C1E2D7252181DA00345842A19130715C736EC9ECE686A712FDB31E4D3E50AB336E5666D7B212C0113C4A4406
311
029709B43D0228F3FBAF49921B19CA0C82A2D5BC4A2079809240F37D3E10F9637607C3983F0458508A98B8B4EFC92AC13530180CF55359500080061DF59B98BB3FEACEE881DC8127F182A885A86FB12B43C590A4380504E32305E3148BBEEB2D2782029765428092545BA5C2C681FC5F8E869C0EE1034A822FF09A12C94084
311
505AA868080303473F8161F7AA0A6610745E280BE4427FB770106F8800EADABA19F453210435BDB2348471B13B65F2FCB554827632C4C44467333E4127095D22092ED492009930413251B5408345065065E415266E20279A40B3F520370BE2050C8360E6BB4601C1673B9BFE007EF5200B6483CD195400A783E6DEA0653515
311
B0FCE8E86D1618FC1EFC15C2E727F24F2A2DAB57326D8D0877D4E298894E7A0C3C7D9CE8A0E2D17AA2020FA1097D6372F2A9F955060FDD467AD0426368C24A8340FD0D6687A76316DEF5179ED9042005A2BF02A5DD810A4DEFA4A8F700EFC50FF4FB8C06410F0303C106ADF8852ACC6A2CA9046E9ED070739339857222CC00
311
9E206479886EA26227BF7A341A15C351A8404A6C10080A2140FA4B4E8D9B9A11645899332363FD69887F436A660566964250FD752E787B64BCF8E6C8190DF8EA0C854C062D8A5A1346F810414313E606ECA0AC3A01D6928544029D5F42E202C0CB386F880F7842A31287061F32F3CBE09F2950783394F2F2B23D85386C6F51
311
943E99DD10C8A0000BA9569A14805693274BD0E4F4DC3F28E331EEA91C4F33ABE057889BFB92819187840A08E57A276A8BFCB75B0342668C70C565C8059996D209C2800941A21FB82B2F520BC2E6FE6F1A8827043DE17000DACC8193E78BBB8DF1467978C06F6AFE986123E3A95272CAC122046F4C65C4B88FED2F1CD1D918
311
F7CDBF8903BF1A90057D42F4DC133AF804ACBB58446A0DB78806FC053FA1E45D0AF1112613CC0DD976C5E70AD3282F42725C0D02AC8588DE451B1C01ABF063E7748A3882F0DD484BB78D037F9812240EB88B6034C0AD53E5116D4C6D920C6A89F084E6D0598AD7EB6930CC7B293E27A666E5CDFE9A3FA52FEB3C97976FDAAE
311
9A60008FCA6B33099CF9880D35D419FC687D424378E3099441E110C5B3C6DC311E6653514A67A530D863326C4D8430E0C28024803B5B069B0E60C10EDB6DF087034171DF01F1F3404B27B1056D8C0E56E7CA6056E7798147BE4C2F01CED5987E413AC6A724876DE3F599E0601CE7B9CEF3BEB3671E12DCE8AF9631B8031D3F
311
360B6955DC2342B2A0E4632A00264C0DA002220CFEC3E10D9BADC8904D88DC51928593AA16C91DF6FFF82B3234404C7214D0F8608E0052283EFB2B0563F1D072936C4017706010BCF1B16CDE0C1FA9C777E44E1F5259B0C9BBC8794A82A6C182A3AF56B16921405351FDDC91B5BAAA617860E8D76C97C377FE701A4EB4378F
311
A97C2C8E3CC8950886C6FD93AF70A1F5F676B7ED16CBC56AF5D09110EEB8607CC08A795882358280DDB98AFFE7087C6EB593D62F041CDB4018935238E73F1098100D0C8769818F777057F64C703C6530E142FDF5C837AE1CF66C94C4887D3A3726AB990DEA248F73B5D32C8E04F6714B1E67C53FC52040252E605B322407CB
311
F8C7F05453462A295ABF4D95592DDD76AC23512E9A2DF964715C80DD752CA8E263AC36F02C3C28A133EB22AC8D099BDEFDE28C3E8FFEE3815D5D00C17C00511058354D62443C1A546280E43572A9C661A34FA5891F8E7570608C8DF21DF51DF9D2A84D4501F41B8CD4F4C9DEB2F901E810C0E4CEB6EC08DFB06341C864CF8D
311
0EEE779A606545E1E64AAF30A4324C20FDD3BD558BD966BA994FA915CD162B1978642AD01694E533EC190368A68234657085B5F88E27A0805E04B8BB6A00A51646EE3C10A50FF007FF410F1963CA69BE2002F0F902E701AEC995FD41F83A3F0C3809A3288A083003A6CC2A20E6D703EE48E3777AC07ADD51EB6101603A9FCF
311
17B3D5928F6D742EE7E4CF38AE2B03C5FB39C81D7B2978FAFE85AF3D2710B0582C970F0FEB0E4D1103B8BE2B4D560CA10002FC8F334C891C07B44FE06B2E3ACE5E1E2D1FC32203110ABF9CA0E8381F68EC3C06701328E5A38278A5FCD944CEA5283DA933DF2A2448BD23F1C5D8BE04CC2DC3B43B3EEC29F8B5FF926D11D3E9
311
7EBF7FA1BD1E5E5F5FE6D3D972F548547783146ECD84873F377C5820F7F9FCE5E07378D6CBCB7E036DF7F7104079A05B77C6942D1BA95D47424BFC3DB6411009A42E207871B7EE9B06614BBD20F22F7523FB985F3F7068E37600273A3ED0C1CCC380F6EC4AF01CC1CF95E4848B7BF950AD14C44F10460221E02D21D01DAE80
311
0F323704C00035DFE97CB37F797D3D1C0E4FBF35EE1E5E9E0E879FBF3DF6F474780A01FB3DAF01FE0C0798218007C2090A3008BA7682A338F4A8804A06CBFE6A80CEC766F49853F15B2F45FCEA3F8250012841315016E75E797EFEEC4ACA6C79F515CF1738F7C36E2406071051043817C9E8C5888D49D0332E800062FF54FA
311
562BF7446CC0BFDFBF8603D1FEFCC9F7FFB5A7F000430755C2D3F72F2D02A022820897ABDD44594475BDCCA4A10AF34C06B08B4AB58BBFAE30999DC66C7CE903A83CF8EB006EEEAA063430F84B05F0ECF644825F5E95073870E72A0771AB89B080022A0C5A9FAF34C89286257FB7BEA000EC65B59750C68E0815B0D9834B15
311
606328F80709DE09018AC2A7817F83F96DB3D562C10A0A31300230CD4200B87F85808BAF64D04600254047F9C14DE93464009E7F5AABB4FDD6D55142A2C0BF1541FCE19C20C899BF4F76AB54B84CB97F88F48ECC029FD253F0C70DF4816B9AC94BCBD653B1A283C4001A0337955E4AFED3FB790B6B1F5EA0B5514074103A38
311
D84280EE0F5F9BE974EAB2D16AB1EA969684B6E4166CA28264B300474C7308D20013B204A65F82970718D05678B3315D442E1C0A327E2F56556040C005D2FAB1326A68A07507C9E46A3648555A7080F5F50219A00E6222E3E0862CE95B5680930530742F1D041805E69B788161F015944D041182B861A2C17F3AF01CF5BFDF
311
6C343F9171F5B004BF59C016719164B888EA206A02AD05E8464D06B48E4381A0E9345FD171625AC22198F57C003BEA5510F81FF78D31C9B033D0030000000049454E44AE426082504B0304140006080800533ADA5828BB58AF800100009E0500003D00000032433235334533322D313430462D343341412D424237462D3331
311
343332353137363131432F536368656D61732F436F6D6D6F6E536368656D612E786D6CBD544D4FC23018BEFB2B96DE15493C78601010A34B880709DEDFB52FD0D8B54BD70DF6EFED3AC0B12E6442E2716BFB3CEFF3D18E26FB440405EA8C2B1992E1C323095052C5B8DC842437EBFB673219DF8DA659866649B798C078B48A
311
E6410122242F2A4994AC7F93815DF85C049C8564CA0A901499DD886B2EB9B1E02448F358701A9235880C49A0119892A20C89D1B9FD768815CAD268CB5E0355B40B1E47F3E37A2020464BED06AA57CE8FCC20C3C3446D46761A2632A8C1283D07031EFF2AE7CCB1BFEEE916E406DFAC8E36FFD99A9D60A6944090EEDC3B670C
311
7DC13DE86B6B2C5C240D6E503BB85ACD579D513F1B9F9A69DC9CC22AFA80C426D40AF0B21EA168559156B6276F0F726A6BFF04DCD513A87A62CAD41FB24FCB2858B3952E3D852084DA25B9303C15687973CC8E8AAE11DF2836C38C6A9E765E8C1BA1BFB1DC29CDFE518C8B5A7655A4ED7E77291ABEB80DBD82EC866ADE1B8D
311
05AF9E35CF09D7A061F38A986D9EC412B8F0F65E5D81534D9B231D1E5A8FE577A241F3A5FD01504B0304140006080800533ADA581004A04F380500005C1700003E00000032433235334533322D313430462D343341412D424237462D3331343332353137363131432F536368656D61732F47656E65726963536368656D612E
311
786D6CED585B6FDB36147EDFAF20F41EC7F69A2005E214768278069665709ABE0A3445D9DCA80B44CA89F7EB7B0E2FBAC4B2A32643D10E33505411A9C373BEF39D1B2F3F3D27926C79A144964E82D16018109EB22C12E97A12943A3EB9083E5DFD7239558AEB07B6E109BDBA7C5CDC902D959360CE535E0866DF07A7579733
311
AAB85D5AF234E2C51DD5B081CA7A87DEE56E47E2D6689E735AD0947194500A22A249308DB6F82682A3782C52A141BD80E4E54A0A3609622A150F48C16994A57237097451C2DF462738529D3AC5FCFFB5B401988BC78824973CE1A9A628D91CB968BDBAC335B9A4BB379C6ABF5D2474CD7B9F773F7F78C349F055EF13FE2CF8
311
56F0A7379CE2BEBCCE6456F8E316A9E66B5E18E4AC77BF5812F5937FDEF0F5BFE3E3C785576D96659253EB54863A87AB5D98ADFEE24C3B8E38FE48BAE2C062631799EDC8BDDD833C6E88585B9287340B23AEA990CA49B1A473421E81F856D06D9125E45E6F001C4F7F85D6DECA8C6A835753A250DA50DF92F743409CBC3BFA
311
4C6EFCE2618D302A0CEDDB264D93950002937BC66489A18D0A345DD650415124BE376A745EA9F0E016108E328D14C979C1302CD6BC0A4191B2C2C49112FFC0DB51401288D6A44C26C1B87A160AB6A11E5BD862514BE8B3DB750607BABFF6F781D6A74EED6EA7AC28FB3BA68C87AC94B2138A99DB41AE7147A71F5665928734
311
0123812054CAEC8965690A74E111C5BCA7260158B0963EC50C07E38FEDDFC5C5C70AB6A915F446D44E46C321E46087E23E221E2BC0DA6EB440EE6F44E80CE5AE2E2D2F31AD7AB71B8B139AF730773909401FE0D8DC3FCCFCC3D438DC1176062076C3CB4A9D953ACC72CA84867CDA0361E0910F4EF3B109A07D332211C72556
311
825745A215835F47678059E337068E3ACB0E2EA2B507175B0818FD1082EB4D26186F85BAD33464988F1420E1B9E43D522F8452A450106B04F01362BFF1B2BF5059B60F687C9F663A54396722163C7231012E7480FE916910E6572B6D8F4A54CBF92C5CD324A163C8508058D3F16A399B13B348C6830FB5FD47257A1B8D2CF0
311
8253EE776B3A72D782D895363D96020B6C18D3C86359B3C6D45E728B4B9D716893D091E4D533045F495D2EFEF633FF5A660A520A5790765FE52E12F0AC82685E7FFA0398D65528850A132894DDE9F837B1DE48F8A74D487795A482C7122A6DAE377BDC5DC212A465ECD8B03E7E2E208EC88DD9DA89456CFBC477FB798C7438
311
9668AB1A75C820AB7568FCBE0B5F94DC9AFF0D038D9F77E49D45B8278FC7177D0DDCE732FA0BCDDB42720FA90E87115FF76375C5696F368AF83103F6A5911FFF03561EE06AD10ABE933AA9DEC398588888137017449E09C377051FCAEED1E8BC3BFA9CB27DA2CFDBF533459F374FC0C4FDECCBF3E06CDC6874E0710421EEAA
311
6CEDBFEE60EB913607436C3F5BBF713F6F42253B9A4A0FD64C08416FA986EB02254B1846D82E7CE2584EBE31E340E9A8247483F07D5B84AE3A5AE0D4C5B202EE585468BA84105B1F5EC00C16FADB133FB7399F390FCF245CBF9027A137FD26D1D651058D44D9B331A93985CAC2046CB4ED9E0314977128A42C13DB06879A27
311
3052525D16BE833B8706BD1269FA69F2B9B109BB55D30D37679986D85848B86F026CF21E74809100180B0D280C36F6015A7DFBD06AEB6F8D503BDCD7DD6DABBBEF54E1FF5EDF0E3AD53C03509B5B816FE9F51BC8026F44DAB82BA989F200C4220B24166C3037854094FD46C5648D9C42F8B07E53687D824917FED3CE56F3FB
311
A68BE3C6853FCD64F4A00BB85831B1243346654A134805AF5CF39A9DFE22C9906A6EAFE8303A5F4AC4FBE637489CB62EA59B9D529255F326CCC28ECB77F812A7D6E63DF957504B0304140006080800533ADA58F702076DC3010000E60400004500000032433235334533322D313430462D343341412D424237462D33313433
311
32353137363131432F536368656D61732F52656E6465724D6174657269616C536368656D612E786D6CA554CB4EC33010BCF31596EFF405481C9AA2A64851255E4A816BB438DBD4926347B15BE0EFF1236982021512B925E39D9D9D59677EF3510A72C05A7325233A1D4D2841C954CE6511D1BDD99E5FD39BC5D97CA9359A0D
311
DB61098BF9CBFA961C4044344599637D0F066B0E22C074BC98C7A0319C58A9B254B2435ED23BC2F388AECB4A6089D280B18D139496815152EDDF046711DD82D048498D902B293E236AEABD7DF74D5D839F69EE1D9F48E1F3BF448FC9E6BF144F351E38BEFF9D662D0D16587B77825FAF2195BF515C395B563BC5197A0AE68D
311
CF363BA831CF7C7C8D7F0DA23D42898037B451BA833673DA92BC82D87F636ACFFB0CEC96F4EA30EF9A0FEAB85D91CAED89348D80E9B178DDC3ACFC71D06F2528A182138DD8672E4DC6DC57CF91467432BA985E4DBE3DB399079353607C0A5CDA0B70D4E65A122FA41BAEEF6C272908D315B076451BD55EB0FF9E092E11ACF8
311
C6B5306028F9D5F15EB95426D31532BEE5D6EC700FBA0C1E94211D7ADC8341143D429D2671564059C2EC72108B4EE3847890CC4697DDF8A708DB01FD7AD8209A41EFC2DCFD7063A504821C7869545188D6C16DF801342CCE6B276363DC8EFA4AFD0E86ED0677C3B77747C7FD3FD617504B0304140006080800533ADA58AB92
311
996C51000000570000004700000032433235334533322D313430462D343341412D424237462D3331343332353137363131432F4173736574446174612F41737365745461626C654F66436F6E74656E74732E62696E536160607072767631B57475D475767136D335317631D075743536D3B574743175363374347572751502
311
AACB4D2C492DCA4CCC492C28484D2C4ACC4B4E050A82012F90744FCD03CA26072767A4E6260200504B0304140006080800533ADA58C55C663656000000680000004500000032433235334533322D313430462D343341412D424237462D3331343332353137363131432F4173736574446174612F53747265616D5665727369
311
6F6E5461626C652E696E665D8CBD0A80300C06F73E4B29FE6CDD8A2E82A083B8B7F209014925C9FBA3AEAEC7DD2555D896CB85E51C2A1BD834F6A1F56EC4494C4695278364ABB24ABD2146F88CCEBB89D5321FF8F3F43D672A3B44DF3CB6A1710F504B0304140006080800533ADA58B4BDF48638010000A204000036000000
311
32433235334533322D313430462D343341412D424237462D3331343332353137363131432F4173736574446174612F636E782E786D6CCD94314FC3301085FF4A648931761A50A92AC71582A51348540C6C57E7D25A75ECC8BE20F8F7D86D0650115387AEA7EFEE9E9FFC4EAE3E7B5B7C6088C6BB86CD78C50A74DAB7C6ED1A
311
3652572E58B15232784F3F305638E8B161B9CC94DC053F0E53A9C50E469BABD6B8C3547C881169035B8BCFDDA377848E222BB485181B16F51E7BE030926F311E780B047CC603463F068D6912991EA7493A2010B64CD5557D5756F3B29E6FAAFBE56CB1BC5DBC4B914925B7DEDB89376959F0C34D5DE9D35EA62A2932A0E418
311
CC44E5D730F5974ABE354E8A442A19292457A60EFA1A52070C83351A289927BC26A4324108BD14275849915DF8E5C51376C699DCB24ED2807C7849023190C12BF4E43FB597F766ED2281D378CD8E9C6BBCBC0FAFC75FF4768AE53137D79796738DDCB8EE025911C77392A293AF8BFA06504B0304140006080800533ADA58A4
311
599179E7000000600100006700000032433235334533322D313430462D343341412D424237462D3331343332353137363131432F5265736F75726365732F42434344353945412D434443362D343344302D414533362D3941443543363141354245452F7468756D626E61696C2F302F636E782E786D6C4D90C16EC4200C447F
311
2542EA3181A4D5365A11F627F6D44B458937450B1881A9DABF2FB41CF634D6F8C9F28CBC7C7B377C41CA16C3C6E649B00182C1DD866363856EE3CA868B9209911E303604ED6163CD664A1E094BECD60E375D5C739D0DF76E1E102059F31EC3C106E374CE1BCBE613BC9E7421DC21DFA75D939EE62941C6920CD403643DF403
311
268126D8995AC4F2328AD3B89CAEE2F53CAFE7E7F54DF2462AF981E83A6F0341C2F8B40883750CF51F217903942CC976AA8560EAE139C9EB52C94CA9E6EF10FDC40AE9189D359A6A4D1C0D018D1502ED25FF8795E42D6F95BF32AAB66ED42F504B0304140006080800533ADA58A233C2345D00000080000000650000003243
311
3235334533322D313430462D343341412D424237462D3331343332353137363131432F5265736F75726365732F42434344353945412D434443362D343344302D414533362D3941443543363141354245452F7468756D626E61696C2F636E782E786D6C4D8B490E80201004BF42E6EE76F3C0F216234B883063108CCF170C07
311
4F95AE5473F5C4C06E932E4F28601967600677D21E9D8092EDB002539227A2FCCB80E1168D80A6417297A89C5D6963B7129A0D1E8F2EE73AA7B62BBEB8B27DE50B504B0304140006080800533ADA58BE89762363000000880000005B00000032433235334533322D313430462D343341412D424237462D3331343332353137
311
363131432F5265736F75726365732F42434344353945412D434443362D343344302D414533362D3941443543363141354245452F636E782E786D6C4DCC3B0E80201004D0AB90EDFD75167CCE820A4A845D83603CBE602CAC26799919AEEEE0D965E2E908050C6D0FCCE04C8BC355404EB6198129C92351FAD580A10E464065
311
907C8D948F8F166375F655BDC3FDC3B4E530A176BE7057BDC43B2A593FE403504B0304140006080800533ADA581FC1E77F7D000000A30000003600000032433235334533322D313430462D343341412D424237462D3331343332353137363131432F5265736F75726365732F636E782E786D6C4D8CD10A832018465F45FE7B
311
B7A2290BD430F5416259C84CC3E5D8E34F4717BBFAE0F09DC386CFE6D1DBA6978B81437B6900D9F088B30B2B877C2CF80E68102CC578FCDD008569B31C2A06C1D614F37EA2D92E53F6957A179E271C95D2A437122BAD28BE75BAC1D27414F75213455B4946638A71AD4A995FAF6CCD8B2F504B0304140006080800533ADA58
311
2F50F1180C010000550300003400000032433235334533322D313430462D343341412D424237462D3331343332353137363131432F536368656D61732F636E782E786D6CCD93314FC3301085FF4A6489318E1350892AC71D1898588089CDD8D7D6AAE38BCE0E827F8F1D32B4121B0CDDECA74FA7F79E7D72F739FAEA03283A
311
0C036BB960150483D685C3C0E6B4AF7B56ED9424C47486B12AE811065664A6E481709E56C9C25ECFBEA8DE85D32A3EE038627831471835AB8CD7310E2C2E57AEE78416E2895B9D346F3941C4990CE409C98DB04E30043A8165AA13DD5D2D3675B77915F7DBB6DFDEF66FB229A492EF887EE55D484038DD74C2603E866C48C8
311
A6004ACEE456AAA460EADC1DCF7DC826134AC644B985954C5F5326F534796774CA65350BF8C328D994B017911F21003973AD992FECFD5BE8670816E829BF1439EDAF35FB6F2EFF5641B36C40FE066521D437504B0304140006080800533ADA58E3603EBE7A000000C20000002C00000032433235334533322D313430462D34
311
3341412D424237462D3331343332353137363131432F636E782E786D6C6DCD410EC2201085E1AB90D9DBEACE05D09878023D01A1D34A8419C380F1F82DA68B9AB8FDFEC93C3D7C52546FCC12980C9CBA232824CF63A0D9402DD3E10C6AB03A3397DD192872090D3406ABE7CCF5B5D18893ABB1690CF4DCF02282E5EA8A5BB9
311
6FFE536F285CB347F95BEFFE81C9ED5AFF9D5B1FB575BB00504B0304140006080800533ADA587DEC9B917E000000A300000007000000636E782E786D6C4D8C410E83201405AF42FE9ED60F58BB008C9A7A0F53D1902234549A1EBFD0B8E8EA25933723DBCFE6C8DBC4970D5E019E2A20C6DFC36CFDAA20ED0BBD0269B58C21
311
EC7F37207EDA8C828241CB3586F43CD06C9629B9429DF58F03B281D5FCC61945518D54F0AEA37DDF8C94A3E0ACC6E6823864E35C943CBF5EDE92D75F504B0304140006080800533ADA58CA1DF9C9A900000073010000130000005B436F6E74656E745F54797065735D2E786D6CA590410EC2300C04BF12E5DEBA70400835E5
311
00FC800F84E0B411AD13252E2ABF27A55740421CEDDDD9B55CEFA7A117778CC979527255565220197F75D42A39B22DB652EC9BFAFC089844F65252B2630E3B80643A1C742A7D40CA8AF571D09CC7D842D0E6A65B8475556DC07862242E78CE904D7D44ABC79EC569CAEBA537E3521C16DF5CA5A40EA17746733E0B6615DE72
311
17475F386F18B9481C510F1F021CD9FF027EA0E1F5C4E609504B0304140006080800533ADA583DEE336E64000000790000001B0000006175746F6465736B2D64657369676E2D7061636B6167652E786D6C35CBC10E83200C00D05F21DCA56CA76D41FC96062B120735B69A7DBE268BB7777961F8D5AF396893C2ADB70FE7AD
311
A196782C2DF776D7A97B5933C430F15651E5469C55D70F80A4992A3ADC954792C525AE70A1E4D6AD9816CC044FEFDF01FE3FDE907802504B0304140006080800533ADA58B8B0E4B1F7000000960100003700000032433235334533322D313430462D343341412D424237462D3331343332353137363131432F417373657444
311
6174612F636F72652E786D6C8550CB6E833010FC15B477030642ADC8384A04FD829E7AB36C87580936F223EAE7D70E546A4F3DED6A76767667E8E96B79144FE5BCB666005CD6502823ACD4661E20862B22509C1875D6865F34280C5FD4001906466767E3BA43C29AA04C468D956A07B9F72A40211EA919C08B9B5A78C96348
311
0C7F2F572EEE7C56252E371EA3316AB9AF6A99D4F4552B070CF7074CA60EA37A9A30EA1A724604371D1AC79E5CDE474CDA434BABBCCC68D0CBCF75E1140F4A026BEA44AE7BD4F41FF5DB1193634B3E6995998CFAE092E7FD687607EC9CBF1E79E0B4DAA67F54E32AFF578DDA84B6D955B70D9F7CA4275F0346AB9C522AAF08
311
53CD89B26F504B0304140006080800533ADA58780F7D22F20000008E0100006800000032433235334533322D313430462D343341412D424237462D3331343332353137363131432F5265736F75726365732F42434344353945412D434443362D343344302D414533362D3941443543363141354245452F7468756D626E6169
311
6C2F302F636F72652E786D6C8550CB6EC32010FC156BEFD8603B2E8A30512BBB5FD0536F08888B1283C5A3EAE71762576A4F3DED6A76667677D8E56BBD579FDA07E3EC08A4C650692B9D32761921C52BA2505D38F3CEC55F34A8AC58F5080506CE16EFD27640D2D9A86D41AD53FA0045083A4225EFB91921C80FBD8A5AA498
311
19E1566F42DEC4A26B52EF3CCE5232EA901A95DDCCD5680F9C0C2742E79E203CCF04F52D7D4694B43D9AA681BEBC4E8476A78E3545CC5934EBCF76E9B5885A016F7126E301B5C31B7E3A137AEEE83B6B0A93B3107DFEF9585ABE038E59B3A37FDCD2A6FE774BC6C6AE3DDC7645C8F7E7E31E03CE9A924E2E8FE8722D49F26F
311
504B0304140006080800533ADA58D87ED5B3F8000000960100006600000032433235334533322D313430462D343341412D424237462D3331343332353137363131432F5265736F75726365732F42434344353945412D434443362D343344302D414533362D3941443543363141354245452F7468756D626E61696C2F636F72
311
652E786D6C85504D6F842014FC2BE6DD5151D7920DB269A3FD053DF5468175C92A183E9AFEFCC26A93F6D4D323F366E631432F5FEB527C2AE7B53503E0B286421961A536F300315C1181E2C2A8B336FCA24161F8AA06C830303A3B1BB70312D60465326AAC5407C8BD57010AB1A4C7005EDCD4CA4B1E4362F87BB97171E7B3
311
2A71B9F3188D51CB43AA6572D357AD1C30DC9F30993A8CEA69C2A86BC83322B8E9D038F6E4E575C4A43DB5B4CA6246835E7FAE0BA778501258532772DDA3A67FAB9FCE989C5BF24EABCC64D40797321F47733A60E116D70FC3F542AB7DFBC7356EF27FD7A84D689BC37557F894237DF2B160B4CA2DA5F1A830CDDC28FB0650
311
4B0304140006080800533ADA588DBD0C950C010000B10100005C00000032433235334533322D313430462D343341412D424237462D3331343332353137363131432F5265736F75726365732F42434344353945412D434443362D343344302D414533362D3941443543363141354245452F636F72652E786D6C8550CD6E8420
311
187C15C31D157F28BB41362AF4097AEA8D286BC9AE60049A3E7E61D726EDA9A7EFCB30F30D33F4F2B5DEB34FB53B6D4D07505E824C99C9CEDA2C1D08FE0A09C82E8CEED6FA5F349019B9AA0E241830BAEC366C073459E39549A8B1B33A40E99CF2209BEE71E9809B3ED42A73197C64B85BBEC9E9261795A3FCC96334043D1F
311
523DC76BFAAAD50E18C22D22A241B01402C1A6223D24A86A20E7980CAF1C91BAAD6991C48C7ABDFEB84FBB925ECD80556524971856F8AD7C392372AEC93B2D129351E7F798F9304DE9001BC691B727D1C3918F1836352F612F6A0C4F3D6F478CFA761082164FE11FC3B0CDFF1B066D7C5D1D864F858B11E3FF1F0F8C16A9C0
311
381EEDC699CA66DF504B0304140006080800533ADA582CEC83ECF8000000960100003700000032433235334533322D313430462D343341412D424237462D3331343332353137363131432F5265736F75726365732F636F72652E786D6C8550CB6E833010FC15B477030642ADC8386A05FD80AAA7DE2CB32156828DFCA8FAF9
311
B5132AB5A79ED69A9D99F50C3F7DADB7E2139DD7D60C40CB1A0A34CACEDA2C03C470260C8A93E0CEDAF08B0685912B0E9061107C71366E3BA4AC0968326AEC8C3B28BDC70085BAA5C7005E5D7095A58C2131FCB5DCA4BACA054B5A3E7882C7A8E75DAAE7E4A6CF1A1D08DA1F289B3A4AEA69A2A46BD83361B4E9C838F6ECE5
311
75A4AC3DB4BCCA62C1835E7FAE2B8732E00CA2A913B9EE49D3BFD74F47CA8E2DFBE055660AEE834B99F7A3391D8837F4363A859E578FED1FD7B8CDFFBB466D42DBECAE0F854F39D227EF0BC1ABDC521AF70AD3CC8D8A6F504B0304140006080800533ADA58124F58A2F6000000940100003500000032433235334533322D31
311
3430462D343341412D424237462D3331343332353137363131432F536368656D61732F636F72652E786D6C8550CB6E833010FC15B477030642ADC8386A05FD81F6D49B653BC44AB0911F553FBF3650A93DF5B4ABD9D9D99DA197AFE5517C2AE7B53503E0B286421961A536F300315C1181E2C2A8B336FCA24161F8A206C830
311
303A3B1BD70312D60465326AAC5407C8BD57010AF148CD005EDCD4C24B1E4362F87BB97271E7B32A71B9F3188D51CB6355CBA4A6AF5A3960B83F61327518D5D38451D790674470D3A171ECC9CBEB88497B6A699597190D7AF9B92E9CE24149604D9DC8758F9AFEBD7E3A63726EC907AD3293511F5CF27C1CCDEE80BD6D7F7A
311
5AEDB33F9A7195FF6B466D42DB1C9AFB864F2ED28BDB80D12A6794CA1660AA394FF60D504B0304140006080800533ADA582FE7ED2E00010000D80100002D00000032433235334533322D313430462D343341412D424237462D3331343332353137363131432F636F72652E786D6C95514B6EC32014BC0A628F6DC09F28C244
311
49D49CA0ABEEA879715062B000573D7EA176D576D7AE40C3CC3C669E38BC4F0FF4063E18677B4C8B0A23B083D3C68E3D5EE295EC303A48E19D8B3F68185935418F338CA518BD5BE60D1A9C8D60336A9D860D542140C46878A44B8FC3708349156A898911EEC5AC86BB1AA1A0C5CA93229AE94B3A7850113496AC6235A95AC2
311
DAE7AADBD3DD9EEF5E449999522CC646CEB66130BD82466E8E2912960D17E5FA9C688BD11BC9E8F4497335E093F39935FC893342EBEA426A7E3C92D3A9BB104E6BCE1ADAB5949E9349124B11A24FD56C26B984BFCA57E1AF68CBACFF196D55042CE977A832F72C45F9B98474E69DC80F504B0304140006080800533ADA58BD
311
F70CF905010000B201000008000000636F72652E786D6C8D504B6EC32010BD0A628F0DB6E3A20813B5B27B82AEBAA386382836587CA2F6F685844AEDAEAB416FDE8F61A7CF6D0537E5BCB66680A4C21028335BA9CD32C018CE884270E2CC591B7ED12030625303CC30E46C7136EE059AAD09CA64D458A90A28BC570182794D
311
8F01FAF9A23651891812C35FAB5DCC57B1A88A540F1E67416F3FD2D929119484BCC14D87708F9AFE0D3F1D093DB6F49DD599C9598C5A96282D53BA3E6BE52027FD81D0A923084F13415D439F1125C9651C7BFAF23A12DA1E5A566731673EB8F4E762927A06E0C52DE7B2FAB1E2ECC3DAB510522909AC59BF20C7ACCE8B3FA5
311
E32EFF515A9BD036C5F0A1F0A9732A745FA4E07CC134EEE74D335F9B7F03504B01021400140006080800533ADA587E493D05F6000000A80100004F000000000000000000000000000000000032433235334533322D313430462D343341412D424237462D3331343332353137363131432F4173736574446174612F44656669
311
6E6974696F6E4974657261746F7250726F706572746965732E62696E504B01021400140006080800533ADA58F30EC682190100003002000045000000000000000000000000006301000032433235334533322D313430462D343341412D424237462D3331343332353137363131432F4173736574446174612F496E7374616E
311
636550726F706572746965732E62696E504B01021400140006080800533ADA58B5A795FFE3790000DE7900006B00000000000000000000000000DF02000032433235334533322D313430462D343341412D424237462D3331343332353137363131432F5265736F75726365732F42434344353945412D434443362D34334430
311
2D414533362D3941443543363141354245452F7468756D626E61696C2F302F67656E657269635F706E67504B01021400140006080800533ADA5828BB58AF800100009E0500003D000000000000000000000000004B7D000032433235334533322D313430462D343341412D424237462D3331343332353137363131432F5363
311
68656D61732F436F6D6D6F6E536368656D612E786D6C504B01021400140006080800533ADA581004A04F380500005C1700003E00000000000000000000000000267F000032433235334533322D313430462D343341412D424237462D3331343332353137363131432F536368656D61732F47656E65726963536368656D612E
311
786D6C504B01021400140006080800533ADA58F702076DC3010000E60400004500000000000000000000000000BA84000032433235334533322D313430462D343341412D424237462D3331343332353137363131432F536368656D61732F52656E6465724D6174657269616C536368656D612E786D6C504B01021400140006
311
080800533ADA58AB92996C51000000570000004700000000000000000000000000E086000032433235334533322D313430462D343341412D424237462D3331343332353137363131432F4173736574446174612F41737365745461626C654F66436F6E74656E74732E62696E504B01021400140006080800533ADA58C55C66
311
36560000006800000045000000000000000000000000009687000032433235334533322D313430462D343341412D424237462D3331343332353137363131432F4173736574446174612F53747265616D56657273696F6E5461626C652E696E66504B01021400140006080800533ADA58B4BDF48638010000A2040000360000
311
00000000000000000000004F88000032433235334533322D313430462D343341412D424237462D3331343332353137363131432F4173736574446174612F636E782E786D6C504B01021400140006080800533ADA58A4599179E7000000600100006700000000000000000000000000DB89000032433235334533322D313430
311
462D343341412D424237462D3331343332353137363131432F5265736F75726365732F42434344353945412D434443362D343344302D414533362D3941443543363141354245452F7468756D626E61696C2F302F636E782E786D6C504B01021400140006080800533ADA58A233C2345D000000800000006500000000000000
311
000000000000478B000032433235334533322D313430462D343341412D424237462D3331343332353137363131432F5265736F75726365732F42434344353945412D434443362D343344302D414533362D3941443543363141354245452F7468756D626E61696C2F636E782E786D6C504B01021400140006080800533ADA58
311
BE89762363000000880000005B00000000000000000000000000278C000032433235334533322D313430462D343341412D424237462D3331343332353137363131432F5265736F75726365732F42434344353945412D434443362D343344302D414533362D3941443543363141354245452F636E782E786D6C504B01021400
311
140006080800533ADA581FC1E77F7D000000A30000003600000000000000000000000000038D000032433235334533322D313430462D343341412D424237462D3331343332353137363131432F5265736F75726365732F636E782E786D6C504B01021400140006080800533ADA582F50F1180C010000550300003400000000
311
000000000000000000D48D000032433235334533322D313430462D343341412D424237462D3331343332353137363131432F536368656D61732F636E782E786D6C504B01021400140006080800533ADA58E3603EBE7A000000C20000002C00000000000000000000000000328F000032433235334533322D313430462D3433
311
41412D424237462D3331343332353137363131432F636E782E786D6C504B01021400140006080800533ADA587DEC9B917E000000A30000000700000000000000000000000000F68F0000636E782E786D6C504B01021400140006080800533ADA58CA1DF9C9A900000073010000130000000000000000000000000099900000
311
5B436F6E74656E745F54797065735D2E786D6C504B01021400140006080800533ADA583DEE336E64000000790000001B00000000000000000000000000739100006175746F6465736B2D64657369676E2D7061636B6167652E786D6C504B01021400140006080800533ADA58B8B0E4B1F70000009601000037000000000000
311
000000000000001092000032433235334533322D313430462D343341412D424237462D3331343332353137363131432F4173736574446174612F636F72652E786D6C504B01021400140006080800533ADA58780F7D22F20000008E01000068000000000000000000000000005C93000032433235334533322D313430462D34
311
3341412D424237462D3331343332353137363131432F5265736F75726365732F42434344353945412D434443362D343344302D414533362D3941443543363141354245452F7468756D626E61696C2F302F636F72652E786D6C504B01021400140006080800533ADA58D87ED5B3F80000009601000066000000000000000000
311
00000000D494000032433235334533322D313430462D343341412D424237462D3331343332353137363131432F5265736F75726365732F42434344353945412D434443362D343344302D414533362D3941443543363141354245452F7468756D626E61696C2F636F72652E786D6C504B01021400140006080800533ADA588D
311
BD0C950C010000B10100005C000000000000000000000000005096000032433235334533322D313430462D343341412D424237462D3331343332353137363131432F5265736F75726365732F42434344353945412D434443362D343344302D414533362D3941443543363141354245452F636F72652E786D6C504B01021400
311
140006080800533ADA582CEC83ECF8000000960100003700000000000000000000000000D697000032433235334533322D313430462D343341412D424237462D3331343332353137363131432F5265736F75726365732F636F72652E786D6C504B01021400140006080800533ADA58124F58A2F60000009401000035000000
311
000000000000000000002399000032433235334533322D313430462D343341412D424237462D3331343332353137363131432F536368656D61732F636F72652E786D6C504B01021400140006080800533ADA582FE7ED2E00010000D80100002D000000000000000000000000006C9A000032433235334533322D313430462D
311
343341412D424237462D3331343332353137363131432F636F72652E786D6C504B01021400140006080800533ADA58BDF70CF905010000B20100000800000000000000000000000000B79B0000636F72652E786D6C504B0506000000001A001A00210B0000E29C00000000
310
504B0304140006080800533ADA58000000000000000000000000370000006662782F38423830414439352D373542332D343033302D393941352D4441443733464636334436342F617474726962757465732E62696E504B0304140006080800533ADA58000000000000000000000000350000006662782F3842383041443935
310
2D373542332D343033302D393941352D4441443733464636334436342F76657274696365732E62696E504B0304140006080800533ADA58F270F1330600000004000000360000006662782F38423830414439352D373542332D343033302D393941352D4441443733464636334436342F747269616E676C65732E62696E6366
310
60600000504B0304140006080800533ADA58B5A795FFE3790000DE790000420000006662782F38423830414439352D373542332D343033302D393941352D4441443733464636334436342F7265736F75726365732F322F305F67656E657269632E706E6701DE79218689504E470D0A1A0A0000000D49484452000001000000
310
010008030000006BAC58540000000467414D410000B18F0BFC6105000000017352474200AECE1CE900000192504C5445818181B3B3B35A5A5A4848486060605C5C5C6464648383835E5E5E6262624E4E4EAFAFAF4A4A4AB5B5B54C4C4CB1B1B1858585B7B7B7585858ADADAD7C7C7C464646787878ABABAB747474A7A7A768
310
6868707070B9B9B96E6E6E6A6A6A8B8B8B666666545454565656A5A5A5505050A1A1A1BBBBBB8F8F8F9F9F9F4242425252527676764040403E3E3E9B9B9B7A7A7A8989897E7E7E9393939797974444448787873C3C3C727272BDBDBD3A3A3A6C6C6CA9A9A9A3A3A32020209D9D9DBFBFBF8D8D8D9595959191912626269999
310
992222222424241E1E1EC1C1C1282828C3C3C32C2C2C2A2A2A2E2E2E303030C5C5C53232321C1C1C363636383838343434C7C7C71A1A1A0E0E0E121212484A484C4E4C1616160A0A0A4A4C4A787A781414147C7E7C9193915E605E464846838583878987B1B3B18587856668665A5C5A626462818381A7A7A5A3A3A1B1B1AF
310
ADAFAD7072705C5E5C9D9D9BABADAB7E817EB7B9B7585A58BBBDBB4C4C4A8D8F8D747674B5B5B3B7B7B59FA19F606260ABABA9A5A5A39B9B99A9A9A78F8F8D6C6C6AC7C7C5451AD12700002000494441547801DCBD89771BD7B5A70B8EE04C702641712605CE034890E220088028C93245451215B713AF388E7DFD9EEDB8DD
310
CE6ABFF4B57D97137BE50FEFEFDBA74049B6AEED74869B7E87404D2814EBB7F76F0F67A8835CEEBFA0E42B854AA5B2BB5B6BCC951A8D52A93657A914FE0BEEE39FFE2FF395B9B9C6CAD2D4C4606F4B7FFF8D1B37EEDCB97587F7CD9B4343BD134BABE7DB48E3FFA7A228ECD6F6574E4786C0FC8B5FFCE2CD5FFCE297BF7CF3
310
CD5FFC92B52FFE58BFF9E69B776E0EF5F79E55CBBBF9FC3F5D3DFFB07F5898ABAF7CDA3B74E74EC0CE20230561BF096E97E05712BFFCC59BC80539DCE83DDD6E54FE61B7747DE17FB8980BBBFB2BBD4337DF487881AAE6C5ACC6AF25207877B2B527BFF1CB3B77FA47561ABBD7F7FA7FE146A5B6BD74E3164C7F51449AE95D
310
B412200EC539418717E7F2F11B376FF62E95FEAF1442BED0581DBCA1BD2780D23F506AFA16E1A7AD974EF17876F00DD7BCB187A1A97AE51FCED5BF2BC1F2BBE5B3C19BE27B43CF26DE00933658FE129B109C2FFF922CC22C4260FA01BEFB462A77DEBC35F42F600C3F5B0795D2E9E02DAD5E650B4438A92801B65C35CBAB7B
310
1EE5041CE69D3B6F1822DFB873EBD6AD3B6FBC71EBC6C86AE967DFC2DFA4CEBFF1BF54F6276EBC114E2F43FEC60B01A0D440A868B2920E5C4BC10D60931ADCB871F3268B21D3851B08E1D6AD9BFD4BF57F7577909FAB86F29B982571136AF01DF5FE32AC3BD9406CAAF2440A54CF176EDD01FBADA1FEFEFE21FE4C9858DFF4
310
183458A9FD2B6708A5A5A137E0EE1D11A9EC0C7C58B2C73C0AD6B479BD76B7790CF899E287FA5B06FB7B07C9195B7851FA8794031EF1FC5F9406BBFB23375420286399B631E93B08022A785C4DBF9996EC3551874094D71B6F487E80F6837E50F483BDBDBD83232323AC420A18C68DA196EDDADF68A77F938F78FD972BABBD
310
B7B87FB164AC6FC2CB760365821ACB74AED44FFAD7E7431ECD7E08AC421F391D199998989A383D9D98E8E56F84A318C58D9BFD2DAB73FF5222C8EFAEF4DE7AF30D756E5108683DA471E70D0502099A7240F19E4089D3FD203E620F1B47BF43501E85031AE44B4B9F2E4D2D9D4D51D8970983FA861B3706FF950CA170DE82F6
310
B312CC4F42C8966295F7D725ED29882415DC055F36DEA1FE96FEC141493F05FAA9A9A5A595B333DED5B3D5A533F62183323032F46EFF13EA0AAFA5FBF7C8976F8C10F7280A014832593B90004D52341980D907EAEB73411EB2F1EBC9F507F92746C40E7AE0AFAE54292BAB2BAB67CAE0746264A277B06508168C94BF772BE9
310
765F7BF0B548FE1E07F3B5A521340A5CB5297C4B12811B89E82191ECF3E41B3259C529F135E23CF4C7F961FB13537F5A02ECCAEA76B5BA5D3D3FDF3F2FEFEFB3AA22053E5008833428DC6C59FA2F770595F311F235D427F379BB8A121BD901B96076A388DC4C3C61C7933CCCD770FF375A6E0CE9F535FE2534BF5ADD3E3FAF
310
D71BF57AA951B6D4CFEBFB8864758A26154430080B06ABFF557610ECC93726224F155D1471041E0D42F82F4891C926C1355B0831649FF365F46FF05300A7A790BD8ADEEB0D4AA9569A9BDBADCCD56AA55AE377F5F3F3EA2A34983A1DE91D810543138D7F28E57FF4E2B5335A3928B76EA1CB9B00BF158C8F63A2E788826896
310
D0B5E7C461949ECE089144F8EBEFC7FB4D8C9C4E9DAD60F7FBE572B416C2F2423ECF8B86C439E450DA970634ACFDA977629098D0B2FAF313A36B3869E37AF7853378CDA1171FBEBA95DF1E44FD5144A420588641B0055A79ED91CC0DC41E27064512FB33F1F04D09D0D2DF0203A646A6CECE80DF28356A348CED8C4F1EF137
310
B9319E1BCD29867CA556AA97F7B757567006A447FD375A26CAAFDED9CFDCFB2BB0BEEE8AA5911BC2C7F85DF88A3775389990AA72219D582409210F85A4E66F2987D875C30848023088FDF77E87F96FD7CBA5B9DCCEF4F4C9FC7C676777577B7B7B67E7ECCCE4E8DEE85E81A6D55AA3BC7FBEB242589CE8ED4770E785D7DDE2
310
3FF2587EBF57F50B9E820527316488E5C32D50F979BCA58207297E2B6D658702FFCD211840FE43FC9F3A5BAD9E97E6F21B9FCF16BBBB3A3A5A175B5B1787875B5B3B86DFEFFC687A72674F19D46A8DFDF3EACA59E405375ACE76FFA922C817CE86A89BDD92F400F2C55B7462F610459837D3A61ACF50C7471C8F2F2A9D38C3
310
DA2F068007F80EFCDBFBE5DCC674B1D83EBCBEB8BCBCBC3ED0D3D333D0B3DE33BCBEB0D8DA35FBF9F8CECE68AE020BCE61C112A4C1138CD47F9AD13F7DC6AB9CF9CFCFAF9D0E01FFE6CD503F5B91C5218E2899CA15098714848B04FCE5654884ABF0E554F11F6C21D73D5D5AADD64B7B9327DDAD8B0B7D7D6D6D07070763BC
310
0F3E38E8EB4310EBEB8BC3DDB347E3E37B5842B97C4E44A0C630427E5CFDFB71E03F471E12CA9FF70E055AE141042DD81234B879EB4606361D9328149037D7D76A571A7E974FA20AD0323832713AB5BA7ABE3B3E3D3FBC30307070B0B9B645D93C3CDC3CDCA41CFC6AAC2D64D0D579B4B1B397A7C1BDBEBD7D36657A3CD4B2
310
F44F4909F2B9CA597F4245C59DEC354316F0587020D0C661742BC02869435FD12CF195C422DB3C5A3E2305C000CE6B7B27ED8B7D63079B5B5B878787C787C7C7C757C76C51B60ED60EDAFA06D67B965B3B672677080BB5329E60E9B477847AE2E9EB53E35779FD37EFCD2D0DDD68AA355B6B0D81860502B8B68C801F5C697E
310
9AD62F4B406244CB975560BAC756AAA577675B07C6D03778C17E7C95CAF1B3ABABE3E3ADADE3CDB1B1B6B681014470343EBA979F8B90383545727C63E43549D14FD0F927E5F1FDEFD7263058FE02EBCD1BDCBCA053496BD58E69BC44F9F854D4D979AE9ADB908824382AC1D4014E9756EAF9CE85B6B54DB01F02F8EA5908E0
310
D9D5F1B3E72188C3C3AB67879B07C8A0A767B8B831FE5E7EB754DEAE5261460243FFF07858D8EF0D658BDC563A2C5EF5833C13C90B69248C4DD97842B61DFA7F210A2F6108A0F96B62E2D3B3F3DD939EA47E30ABF5AB2B903F4BE5F9B36757CF65021E616DAC6F60A1FB647274B4B05B2E5341B082D43278F67D8DFDA48AFF
310
9A13F22B34C7586C9992BA6E66CABC190E313E7C811AA57304B421A75B289B9D174CC868C24548823E230B9A5A2DCD2CAFE1F98E61C015CA7E96B083FC59F3ED06EE60F360B3AD6F79787ED278D0A86FAFE00BA9220EAEFE1D5DE1F7855939C3FCC1332426B377F692406E022C010DB437EF009803F0DCFD3B7C94440571D8
310
F2C328F115F47FD324802070BAB43FBA80EFDB92FCA1F7E7CF9FA875CBB327CF9EB08C4DE4815BC4210E2CB7CF1CEDECEDCED5B757490968286899FAF95583BF46F9393CEE6A86D6F618CAAD9BFF0BE22B042412C5CFB50556815CC5BBE33E9F61ECEC26A9BCB8145FD10590078F9C9E953B513FAE1FE387FAC246E14F9E3C
310
E7F5F8194BD6594140876B6B84C5D6799C61A16434201E5237582AFD75C07EEED9863F463284E2E13425A036BD41061259289B6BDC1ED656FC8B8592C9D00701E27CEA749F0D8EF44EAD8C1F80FFF8F8F9D513191F6803384C800097F24069C407CFAE88136B7DCB3D5D4A60B711F19070D83235F77331FD35E71596688903
310
8E2E0B346EAB7936C4162043E1A1F144093695443A570144898BC4079CEF1912809A3035A1D3F361235F90FFF1E3E0FB93C7E2750719F88E7D8E68123883ADB5B18185AE99F1D11C1238A792DC4BEDE8EC6FF503DF377E0445F68FAF4E08D43082D02170F30131A154206CC559A8D9CFDD762B31273E4947A581E0D9BB71E3
310
3FFA07CD02CE2A6BE1EC80167497F2A81CFA3F7EFE58D0CF5D5D170DE4F89070B0BC4040CC17BEAC6B0586C3D3FF0309BC06F44B04A1E13729929B4DF73C44070692C810B08AC3012E8EE9EAE22067796288C193B2139B970B86F47FAD0F98382B1E035D9C32FD318A4FAFCB274F2E1FA772F94411B0CD42493C23393A685B
310
5FEF3E1ACF554AF5F3552A478383374E6B2FDDFC4F6DFE38F4F4ED7A7FE838F488EA852482F412D3CB07E293D02C9F074F12E84C5AAC423271450572A385449844706475FD38DC3C22486A0639E5F1E38B0CFE93CB4B25910EF309A2224BD8DAD40C682C28341AD69047E8539A6AFC14EC573F7FAD10AE0FE6EB13E87B28E0
310
93B513B5803514DE408809BC12A14876DE0A25F643009E9176D9F0C330164285A7444DC8CAF0E9FE41429EE0A2F6A6DE91C0856C501272404A8468822E24C807030B1D33D40D4AFBDBABB411D093D88C86D7205E05FC57EDD1F805FA4CED5920F0CED39157E007CE21757C5DE440ECBCB46CD283E378029B43FB077B4F47E6
310
0E9F61E8D01BE017D7E843EB49F50A2028F1E442FCC90C9EE308E4C0C2C94EAE30B75FAD3A0EAFA57FE9EF960F14BE15638840EAF3BA490BB6850EDB38EECAFD21A0C746D0C4234DBD035EFC7EDD121FA585FAB73DB89FE6A03CF833AB0730E5E2F1A36CE3F202A128934B44E396961121E1F2C9F32BFCC0C140CFE22C1CA8
310
E109B182919696BFB98120234F61B59F7BF46EC30CF067B21A33B0FB3E402448EE266CCD93135A8E823DB31F85E677434E608F53F8100BC0098EA2FD6BC01770E0F2F2D1E5452A711C4BB8486248FAD756D852026B6DC90A2AA5C6B69E9068B8F27AFABFFEE8AB36F1D23985D5960014FD711940800B560250D2272CC54FF1
310
D3A660B275AC3881E349689C1616E1E9044129D032313509DE4700BC867C71F128C400159407C761022BA8A040F40A244788808C60B3AD67A17576279F6F946923191921B0545FC2F12AC0EFEFBD7262B6935679FC7F80629160ABFAEC88E8430E76D82A8DE62ACE50BD4A42FBF03B387B37FD321B37E31C3F063D99703F51
310
60E6C9E5A300CF32A91E0A085A29C0FC507F6C21012303C6104B82C1F1E156DB3229D1A855A32A8352C9077AF733A0AFE0FB3EF81FDF2F0F82C21B0EB06998866878B103305E31EC17F4FD43831E570A2118D1667632D4FFFFB125782F96168A833DBE78C3F11F8383A79D49F58F1E3DBC780417AE6581381E8610604888E2
310
913E12492881274822C221AD04CB0B1D273B8542837460898C686864FF6F801E8269F40AD0481DFAF5E6E9C1F3BE391C325004DF0746A4E4448F7B52C0D5EAD39EC46896B888C4210D68E99DFA2820DF7FF850EC407EB55C3EBC5028611409BFCB8889C90F1C52355AEF98B18100094C9D0EF6F64FD47E5CBF3FF5293DDFB4
310
B50DDD54F351446FA1F14580DC3902C085F593CB24ACC917B213BBC11B3F0A61042FD8B24F4FB9C4556D0CB9E1A880DE89934CE9607F18F81FDD950DD0E1D143F41D56110E227C250621FF098838042BC85B5B6BCBCBC31DD37B34966E9FFD9936A2FEFEA9EBA4182E5CD3E17AE35501FCE0707E5525A7DBC64DFD077825BE
310
37CE0BBE1BBEC061410C660B6E49912665E2B3749C7C9F93834022F74CDE6CA5EB501D9CBC04B768292C5CCB84478F3CA83074092C6082169015E5800D5839DC6C1B58EFE83ECA513BDE3EFB8EF1242D2D4B3FD55AFE03D42F8492AF8A3F21444FA2FA9ABBF525EAF84C09F0168527B0138A85D1EC0443C467B28BF844EAF7
310
6323BE13D7C11F72FED783837B970FEFDE7D7817E077C17EF7E2A1C2C0FE851FE4C008388C15E818958746129E1009D054B67530D6B3D8DA3D59D82D9D57CF70039FF50FFE0DE94089DB269C3655A4F25B38C49D0BD48E59F1526887C18FC5272197F85CA72862A593A4843CD25F920487DDF7AA0441A2C0600D062001F103
310
FCEEA3D8560CEC3EBACB01CAE5A51E420349F602191E5F901893142381351CE17047E764BE50DEAF9E4D8C38B6ECFFACEB141E54A6865A88A60133EE9CBB4C256930B0B168C1C3AB59FE1743FB422C7166082E934AFA5EFA3E4BCE0B69362FA7041818B7FDECE1DDFB4D022007CA23E521F0700AAEB5888BBBF08023E128B4
310
045381542FA256B0D04E28A0C3804E233A1BFB476A2F48FD135BAF9843BEDA3264EB42BA499601F16B566E72C7EA35908ABCB9176BBED43204C696AFD3D7B24B08D3AFA44BE243D88A6D9D0B6562B52F741E1610C0EFBBAF2B0829289A640EC4C8A4FF66A24430786CEBE1E1E61AF9507BFB496EAEB64F8F49B4129EBDEC06
310
5EC1F8A3F228A3CD0950883B41BEC6D1944AE06147289600A7726313AC69A3F91197F1438BCB743E76F01F6EF1D1C854071670FFFE43FF1EDED702EE5A14C85D0C42DF90B86068800659AC88981855E3E774A71C0CAC2F76754EE7CC87C808D1E1E0F6CF47FD4224731337BE1E39C5010823EE997B1491BBD99FC8D8EF7748
310
2BEB5EB2CF66499A8E0F7511B19B3EFBDACB6507BC78731B1B383D02FFDD7BE8DD9256F7D0BA7B46015941097B80018F700FFA024CC08078F51806100ADBFA163ABA8A3B95B9D2F92AC30BC908ED31FABE0CBEBFFF0279B675868F9AA24E9530B08C174055B7F48E4F58002F3E82F0BDFA003E8B431EB6C4A91E4D9B5FFB79
310
1265BA8827BBE5F1BCFA7F789F72F75EC800F8AE43FFAEC42F13009FB905A9A0132015D0068ED7682AC608BA6771038DEDB3B33082891FAB1ABF5614F93238079726B833958796B845B731FCB86316713C1DC581B1E19B424EE32674093F80776F7E27C6FBFAC85C536CD955B96EDA2A3FBF770FF4BE11845470EB3E42D022
310
000E0FE07D161811020742162444668308801E133A4C163BE68F6826A5523071CA78B2FED51F28F8C70FE4190073A3E5D3259D7A288CD19BDE623F10021BAB0C6E327FD507B2741627727EA00D31856492F9F009D7F152D930704E642795C1C1B336E0DEBB7F0FDCB79318543B25341F36802D64A981A690B94259607DE0B1
310
9D466BF8C1C5E1CEF9A3FC5C639FD6117B4BAEAB453F8EFBDA500A67E8BAF76C8A06566E36EE1184E8329419161F83D843D5DE7D8221163E145F56921C3EE383978072129E290A9B7166E63D26BAB1FCDBF710009E4051842390031845F20077CD079407C575F20364C4910ED2A574BC357630B0BCD8DE39335EB175646A69
310
8458F6A346F003A93002E846FFE0C459B8006E506D79BF902908A0AA05CB5E73530E33BA1D3C2EF99C712B7C8B41DF4D2A7830BE8707485FCFAEEB85A09AB6D39BBF7B4F23E00509C20DB04E240822A4B810E04D8D53D10D504C059ED86BB8697F514777717A8F8144D48A4C89077F7EDB00E2D89DC02A7B975640A282C49A
310
4AA84B70B12BFED8EA6584860DFB7EE23FCB00C6BAF7332FF259FA3C9346508813E372F1DDE425065BB61FDF8300F7EEDDBE8D0C6EDF46F7D8823478590AE23759D60DA6B7A9F125EDE8F4A5D2B37470D0B63C30DCDE3D3D59A8D1501EB1B0A5377517BDD6E301F995E3F955F0F58FAC2E81CE172A8344AC03DC6781939D24
310
84B8FFC15E8F3ACCD3954CE19576B942D0A029188EC7013FE59AE90B71292DE774F1F63D60230180B30A2EDC65291B6211B4081128856001A680015CE000708254891851D4B3BED0FA4D7166B466BFF1D2A924885AD12B387FC0FCE6819AC3AE06A7AA4B715F0927B74D119D4A668FB54B8A8C268D8B038A207D10A7B1E95E
310
42195B695BE0240F7408B311257C23F581E987C180140C584A02B1670CB817CEC0A080F259F1360E58452013200E3EC107AC1DF4FD7B0F6D23F33347F9527D9F51E6138E31AF35F1BDAAEEEBA3D71BB402E2FB47CECEE96B4DB85536772B07C82A34F3E66D0BCEC207FEB9E70643761276F7B50D5EE963CFF80C7AF4A2130F
310
5BF8C4EBFB5F07B709840480DBD8007FB7EF3F90104908BA457D43AA2A6A02C91422285E5AAC143F3313A0CB74D9D164933B86C25587134E8D342B453FC982860D09FD13ABE72055ED020E85D3E312F74C25CB0293D978A1C4001927C80B86FD06349126EC219F0C735C8053D8F5F310817EA01F1B7851F406144C211C6362
310
C27DD51F1E310C0102280ADB891E9B085CC528A2B1369A46BA195B9A2B351862CE43174BA73FB7CBB430A5798F4C54B7333B96C3224A9863AD02B9FBD8E63092191924E77C199D92887DA594B6DCF0112857162FD0949FE6A441F5E62E42FB2105BC405A2301A3424601DC807912CB2C39C604A27908021CDA30C4C8C2019A
310
883B3A8BD393BB3546136EAF561980FB63E9E035FF73B96D09A905ACB2C11D79571C5159026227DDBDB81396EB03F14100BEB66DE1FA9EF82C3ECCBE318119C4269FD014E66361FC8BB0B4EA9A98EF3D8848A01360430284335004C183CC25BCA82D2302EB03B8419241C64DF4F5ADAF77B533BE786334BFCBB8DA72BDBEFF
310
C36103AFB30608A0B39B58D93F0BF42180841DD26BDC22CF0A770E90240006BAC65197D90920131C7B2EB3CFD3C71C6378A305EE8488FC1FF8D391E2BDDB0F6E3F45E7C8207C419800DB410073A3173942CA8D5242642A74496FF115832A6314D9FA4257577BF7FCF8F8E8CEE8DEDE5EBE76DD3CF892BA7FB8B90F629431B5
310
525E92A15A3A4A6FEA3FDD73136172060959206591F4C927196CF645AA285CF3014630121754261C0D31E1A7E3DA2DBDB54B04703BDE3A4209F02045C4BB0F529A14BED07098A2A1CD47513DA64B512F409BC01663090796D787173B5AA141B1B39BB470EEBCF1E30F9D263ACC4D05110797CEF7B923B027F089F74D1D06F0
310
A4D8C0CDA6604023FCA45B76C5CDE0BF3845ECBE13E0C0ED73700A8A753C1AC8AEFFF1B407FC8A20F42F0D94019121DE304077A027D4112283BB8FF0072444D68AAD111D6F591BC0061854BBC048EBBE9E81F6A33A95C21BFD13AF3C7E7DCDFFEB0DE8903F77B41DF178E99C289895B0EA8CD640549D68935BA7C5294E0A1D
310
66DA0CC419BD398E6265789CA1241441AC94532A3C19C95340BEFC68703077EFC1D307B71F3C500859C11494838E902203A2BE90EACC5135B80B078804340C920C2300BCC06F7A1C71B875DC572C9BD1D84BD5FB9363CA6BA7D03E5C40FDFC54FC23C9B4B9DDD028787D89219038523BF64E638BB37CC25335937A00DFD328
310
69C5B390C8C32FF25C8C47A7181B4A599A224A9DADB0E0406FEFF9F183B7448F081E3C55024FB33828784AB61704482CD0160C04174F9E33BA9291D58C2F1F1B1B3B5863B0D9F3E51C35C253D54A23E560E2C0CB3A6F7A81382601C2079CAE96B7B1560D20A341E85A928A4E01083256420576C2ED477E2E565FD9223BCC69
310
1CF394D3D8E281501E0EE5C1C8159E92585D255CF30CC854C75318006EA4A01028EC853F9407C6053910BE105348324002260254886C156260F9189EE0F8C9A3CBAE9D5A992184568A69D5183A7DB97DB089FDC57AEE54F858FE54F577DBA85309640290F2D220952620750C5811FB772A7876D1E4040FBFC6474D51246D8B
310
3FB378283FB514F8AB3C20B8BF7DBE5DE541C9A5D3D38DDB30E00151E02523081BC89C2214103E0BC1B3D0199A08E002681A2613A2616CEDF0F0F9C5DDC75DA395C25C0309C03DEC8091A4AFD3FEB504AAC6633930556DAC86EE3561941E862C4A75DD6B6BB3A0C59BE153DFA73EDFCBC3CE2188D3D378FC976D0EF9A95B7C
310
8532F527CE3CF539581E0FE501291E9139FFB65EFF5DBD8E0C18DE3077170A64E033FD278F18068028802F156C3809FDEB11B1019C208D020C9BA2870457F0F8E1FDC7EDD393E3B9FC9C4308E9315704233F960E554802C14716B0B45DAB5EAB5E25AB7830EBB8D25E6CA94E4AA01794FB1EE164FE9F040FE82C940A4BCEF9
310
13075D087E85A7237D3CF29C47E4E676777779528C4781761F0BFBC1D3A77880E40C9A2E5109180D5255317890394229F0F082010354082D574F1E3FBAB7D6553C2113DACB97BEB5526C7C6F69F9310A94C46CD89FF8F379AD1AA035FD00FF3F320180F01417A6F255A3A8D86319FE0C0B0E06A0DCD33F79841339C01E5BBE
310
1911AFCFF7C1E0A540BFBDBFCF2372352686D863F83F59CB6865F43104007EE06F52406F680341102048A01BB048823082CBCB0B6AC48C313F3E7CFEF8F2D1FDC3D6F6F9F9D9E98D9D7CAE5EADE2A6512FAD7AB526E17F600C85550DDE9ACFE9D97E694513103BC69F8A2813176032C890C1E9C49FC09C61670FF8705B1D73
310
86260E7C8E7122C7F8208A55139E8C8D4763F7EBF5728DF9C34677364E3A3F9AEFDEC9CD95470788834F9FBEC512379890B38C94205B2557987C4186DF5C0837608DF0F9F3CB87B7EF6E920475752A01460E556919B2B64296FB9FB70DD5F47232A0F77465BF140CD001F00ADCA175090E2665A14E6329B62660E02A1CB50C
310
6025E3DA252A670B3F0FFAA5EAD94A509FE7036B159E0D1D9F2E76B7AE1FD5A606198D3A747AF450023CBDFD162278B9446688111009B4029B0F2180AE20A542D40610C073B47FEFE1416B2B12200F3C991C2F54EC2491027A816B0A34A9D05C6F437AC23462385DADD75642EDDA738AF1600DBE07EE8437804D2D011A94DF
310
71C2085EDD40266A407FFA1D1C00B0C03927E60338E3B9D8C47D1F8CAED578E06F7CFAA4BB63B175FA7C301B747CB377F45192003CB8FD34B12009224543D8604494011A80C1903CE0518C986208E1C5FDDB8FDA161686873BBABABAE74FA637BEA894A44078C19696F326E057D7F95D061A6B0394A9D5F2DCAAFE4C2388D8
310
A6E9AB7695CB0BDD0A332430F1A9333DA41D1FFB97FA09AE84E738C75C407C260408F8DBD5EDED7DE1570A7BE333C54F16963B46AB0C2B71208EA3D16EF4EEDCD7005241166C005A73C03164792151205C007288AE337B4D7103741BDE7B7AC913350B348B2D767515674EC6F72A0402BBCB41C81305AFCF05F2758D3ECAC8
310
D26AB97606DB9581A4B7A8FFB068CD5C0604E6849046B70C2B60FF0CDDF93C13822B4E82FA0479A68220E66D9FD775FB3C1A9CDBDB9829B6AF2F77EC9E0678FB20ED8D1B1A1A39D10F9812E20D6281F5673121AACAA9C53424000DAC173F7E18C3052EEE3E78E7F1160F5AAEAFB70E0F7775CFCE4EF384DDEEBEB9C0889D52
310
43BDF557559FEDE5F17AB21E118C4C31A3DF6A96B56AC62180293910ECD6B721047664BCFCC6B2DD3C65CA0F0C823DFEF84083C7ECCDF05898EEF158F4FEF97EB9C123F1B9D1D1A3D9F9AEC5F5CEDA84A3C96C14A55584D62893D6A54D8D2028D05C8B1F124884543F3223B29D208B04910D3FC43F5C52196AEB5B5F5E58E8
310
E82610F08C21BD443801233C0CE8BD1E40F84A1CA86001990048031ABBAB11EF83F9283EA89F181F2A0D9A9F62D94B7F625FD727E6A93F63F200F614F7CF100D4511C07DB45FC5F0CB4CA359ABE4774631FDAE85E599EA0878A3C33D5AD6430CF4C055EE5FDB80629000D7855DED3F436F3B61B3DC7FFACEFD2B1BC6FB0696
310
312CFA477CE87A87070C7998E04FBA78AE3F915A065E819FCF35B410321D9ABB308146A11AD5196CDDD7C477A171C8AFC74B45CBC6F641AB53C8D4ADA5870C02379BC0470CF83DB55F073E29CF5CE5F7A3F8FD62EB7AEB1774C2C6780B9523F9287193FD23DDB79FBEA513B45200E2E0C1B51350163AC19043C600F2C1DBF7
310
DEBA7BB9B5457BC0D840CF325EB0BBABBB786D301437000020004944415472B491ABCCEDAFC0591201CAC8EBFACBF367FE7B6E40E69F551BBBE7123E3C00AC560CE20C62436E8C3C54CC225EE08C0D74CE26148877689EDD004FB2BFBFFFBB984035373A7954EC5EE8591FE531348654514DB1D1C56411DFA2A7C212BE5ED9
310
1278F2851A432244C6822C29C85A8B320ADCBDFDD63BF71FD32648E7D098CD018BC35D7FE89E250EF2AC75F96C15271602687965C844B8807C6E7729D93F22E81D39ABD62A0820C1FE9F11CFA7208125D33E96FD69E83AF6052DD32D49FF0802CD9F9DFD39260389A950887A647CCC99BAB17132DFB5DED35138FB3A060F62
310
95AA5E195BF0BB56495A5A4A8FA440026E46A047D40ED2520A441C302D240F201FB8F7E0EDDB0E12A04D8816215A0579E8FE1B1281E9F19C9900DE79842E2A7CCD48E9876EB01C75DBA0E0C8D44AB5512947A00BE7CF5DE9E1A6A6BE43CF1A78783DFD5A404E4477336C1ED8B18908B2A847B2AFE9839E891137A6673BBB96
310
FBBA2A4B8E9373B001F08369BA11BE8ABC4302FD2345FD6014A127068427D007BE28B41D9B0D40FFB7EE531FA673C8870A69135B1CEEE8D009C08042A5B4EDA314920B635BF941E7487E45256439DFE9D276295F87E698389CD49FB394FE19720412DEDDC40E9CE9C6DD605E0B719FADC416CB15AB3A61F9B5B9B9426E54F8
310
1D8B03DD950946D432B40CEDAB7BB5AF11213CBA73C9BCCCDAFBCF06127C7980FE6D1DC9B4DF14832D6568FEAEEBA76FBF438300B541064ED33F3AC0B0D10505306FD370AED02859234402F6C3FED006766DDED2034D90D119057225EEE3DAF787EBF30EC51ACB4F551678BD6728E1944730C095F13E4D81A4DFFBF67C5BEE
310
37E62A85FCCEC6CC6C7BC77A5B477E22223ECA4FCC0F87E2A5E3EB782BDB25B8CFC6736A044DE5A7CDA604526361D650484FE283B77EFBD65D52C1C73C4F48E7D0D81ACF572F2E2280F98FB230508FA906B42DE240ED651B301CEC83DE1790C9FD96B6CBF986BECF3BD332C18EF627A0B6EECD5B152E02088D03D828AFFAD2
310
6B05BF671B4F9A09A8CE0CD2707F67F2A4B3BB75B9ADA331C1305BBAC182FB4A79820B7EEAF73199B8404C0B81231CDCBB871B80FC41FF5860E8E108222A1A076C29E6E03B6F3FBD4F1F295DC457573C7ADED636D6B7B8C88413DDF3B327E1046AA51040B40CB50C7E3F1D2E44DAD34CFA604029BFFBE714DF0C069908027E
310
B275F1F366C132E1A7450B04011CF82B2B647CE754F650FF6E25BF37AAF65B7BDA16CAA791F1D09F6CAB989EC5AB7809BE145FA459E8D3E4B0FB47DAEF093B946FED585B80FE1A0305FD5330FEDB4FDF79FBF6BDE81D8300CF6815E5F9896552412A03F31FCDCC7CB5E32365550CD9365FDCCEC8752E943161D78047336F8A
310
F6539840A1F2E764FDA2970999F205CD2BD1F5CF496571F76EAEFA0E1CF8FD2A55FD06391F9EEF8B9DC9994E72BEBEE1FC928E2F223EBA0FBFBFB4F2DF137BC894B8087643D64ADE6EDED67F7680FAC9060239E845FC94AE93D880F994FBF71FBCF5F66F9F32C292EA900F9C1E6F1105E81C5B5F58A067A448143842008D72
310
75EA3BBA3D2516FDF02FF79260020D6B3C714711F3CFB61BFF56A826E627E82256F7400FB387FEF23C1C1E77FD6A21EBB1B2B35F2F95E7760BE1FA3ABB3A981423477517EEE36FF96F122B942F6FB64D9502BD1B9089162532A2FEFED255028FE653C9F46FA321E0B588B7DE79FBED07C44106CC85133CA65190543004D01D
310
02D8181DDDA5A9C91A7110805B7875B689FC3902200FB192E7DFD936B37B57D9C338BD49E99E181F4E5FCAB2ABC1CA7AAB382CBC7D515457CFABE6FBC63D525E5CDF74B16378B9AD6774A58531912D232DF01BAA913DFB7D3AAFF912984302B84D0500077800D26C60A4742101DE420C610C2E92FA93056022EFBCFD5BB6B3
310
8651470CD33BD87630C05831BA864C85997B8754B05167F0706499DC442FCD22592AEC2ABF3FF13F950039BF159FA9B36ABDB2778EFF83F70972B83BFD3F4899E64DD8346AA495CB155A7499F2CE39B0AAE755125EB84FD8CF8D8E4F4E9FB4B72E8F1DBCCB98B31BC4607C2CFF21C8145FB48EA0F2159F86A3098415609554
310
DEFA7B27EF1301033DD06D274BAF6821D220DEF96FA4CBB60B3CA241C021D38E1AA76B4406B4767576166766A6C7F77273F5F395291BBA19F64F2E3095C14F3E60371827741CB27E89543857D6D96BF9A47C6A9A26057840332EB843717AAD171880217B71FCCC0355AED3D4819911F79D0EA8AD6DA31A83E36C5DC2D47029
310
5C011302387069158F6C9966022367ECF1D00BA9BB95C389AE7B6105A1FB640689033A7FCCFFEDB762189103A61C3A4FEFE0D6A6B5A19EC5755A443AE78BC5E9235B047890A65919A0D2F96AA3C01CEE913BB3ED239C3E0CD8DDAB99E4348BF3F8B977B6C43DEBEFBD7721A839A63B94C06A10DB87FCBFA3C2932F8C26F88B
310
6D6BB30C3C4E09AFE40FAB52EFAA1EC0316920E031A46D65A0FFE45A673432E907FBCF86717AC04F2CD0EF512D665FF53F05BFCDC43489F150890C60A8E0314E70A06F619D30D841189CA15D3417F3CD50191AE4396543F0C42BCFD696C58DF163F5B46D708BD5FDDA5E5E5FDF9401BC4F7E00E8A17520833D1CBFF495B5D1
310
CE037C664123EEE74737268B5D1D3DBFDA6AAD8C08DF2C0BC7A737E10AAB2A7B958990CEBF556CDBEE823CB09FB344143463C630CFFF585D330CF0320E921744A7918280FEEF981161008E9FBC78C830217A07B7D6985E83F9A79884ABB5AB383B4D7D788F9FB3D867A2112A43F19042B33A108690CF6F472F8661CFAC9714
310
78757F6E6F2F7AEB82FEA85E5715941778B278281F28C268AB24BDB470EF3303E09C359E9DF1CF990D8A096106E6A66C8620DDE7D281DF0B2831F20439A30D68386CE13E002F7EDA8D7806162B205D6A19AA1FABFD6B1B400EC2BFFDD66FDF7E8755B4883C043F43046C1326136680404F1F934EBDDFDD39CB58A98DF1BD78
310
80E0532E671FA1435E9D6EA5E9071000BE8F262E7C4044FD95D5FD526EB40A05A634775F32205C3D779FDC168CD5E56BF982508BF572BDA4F6F57D3304BE9EB18149461B12F760D7485891CA47CFC44909136FBF4931716A2E100123FC6CCAA6A644F25EDF4AC980B14039009BECE8B798BF69A05DC5B6885CD23F8E13A46F
310
F0C0A986D617F001C52241801E87C2974C31411DA3A5D7B6175472763D637D3E57C33B908F867F4A59CFCA7923375E5F027A983E18BD7BD4E6FDDBB2250C1529F4202EFAAF979DFFB1F2612E87EBEFEC58581EDB9AA95AD1D7C1905F7305BF8182D5BBB524D47C4E3B81CD843220DE1E6536497C0962C225F75A2D6A998303
310
B23FC501F0B3F736EE1FF01200FC8C99F5515207C9C40081DF304C0A17D06E26CCBC5B3C47459308178301FA8057C2C0AE9D99B05F038828B08400F2E3251254DD7EB8BC4853B101F99AB48E387457C96951E5DB670648BAB70A7B04FE93EEC5F5B183F9739C98952C6845C380D401B8FC86E70A20744EC720E09D35955D96
310
A9041720196D183AC2CFE6AEA816652D0234883D788BEC8F5DF2615261DB031C2381092401B48D8D2D870FECEA9C3D99DDB036C8A051058030E32190976718C89F031DFBFF2EEA3D88606A8A19BD0AE305BDFD12BA4FF46F1A0002B07137989C748936E9DB2C91F43B07E4E4D16C3779CF5A4FFE8CC981F07C29E34B7C012A
310
F0054FAEA4A6A3D49D3A16D2B3CF220A029003366663053C89B3FB1827080DEC2780076FBFFD8E39810CB0593CC68B5D9009F2D400418028B0BC6CC74067E7C9CC0C2690FBB084AA5254A12AF63543B35EB40D17B693F7E3464D5094C00AA9E04E0E0524F5C35C5EC6BA94B21AAF2440725E2A9FF94FE7A8F0E769EB83FDEB
310
039B631B18BF396F5C13CF89ACC02C387DA56DC3B1CD84B96CFAAA37B55FE723B611062258257D331F186AC93D8AD600B4FEF4AD777E4BF68F2168FF08C081A37AC13446C859964803961928476D78F68419390D830C1935B5C2A0A22A3AB17D3D6428BF12DC373B8D464E04C0A496BB3B3B75639DCC2500E0F0B15FB6F47B
310
5A7ED0183A87CAE8D535F2EDBD4B3B7FC762DFE65A07C30B2851DB890082ADC07131EEEFA3DB7DD5CD32C0860CA83CD4B7993A175F422A8149B1C1D94C1145059D9C78A8A572A90B7C8B1E3392FF77A80C50220880FF3669004E90F101740D2B808181455A044904674E7482CC3EC85C4BCE339404C0B0BF6A5611E4F9B815
310
7BAB6DE327EC9BFBA1B4557ECB609C1F45326499EFB90EE78F18227F09E563C9E63D847EDB3B68EB9C39E95AC4F7ADCF7D87F6752BB6912040281E4A0D8A8314E80D60470999B8A51FB1488A66A9F3F81FFA61C83F4FA6969E472288FADFD61B005E0EA4284822E018911828E868614DA0C36E11F3A051070BF2F0840E35F2
310
00E2C0C80A776CC9E7E6841C0503D0EDF15ED9AFE527E798D23BEE5F0604E58DFB7099D739BF0BA5D332EF29F1535995BDBD0DE681C4F71DFE6A7AC5A13554AE6910963E9ABC9A0DB5B202225545F5CFACC942B5B93C207352B6E5310BF349AF200175D7DFDF78F6D683B7C87E087FA9B35812C4F8F13452CED610A2207541
310
E6D659A739441F3833CD0C9C3C3DC2B0712F62333C4FA9327C9CA1124904B4FDE0FE21C119776CB0C212AAFBA5CAF80EB43772ADFE77CD9FA8A4144C54C2FB2304C65F62FC3678E4F6C68F30FEE1BE8383CE7DB86F58B1AE0C51F0F055E188D02F00911DDB0991832228B3172B3E623E513FF1734FF414A611A603163F401B
310
EA790FC9FF7FC3FD3DB02DC00184145B850D01D120424DC03C00FCEB7880EEEE939399F1F18DBD4AA54C939899304D913CC2D5CFBC55E50C7FBE4C0E14AEEF53D6843DFF56BE2D554637EA047D3C210E2C61077875FB5B40E19F43AB7470CAFE1C0D3ED3B3B4778D1DF6D4F837C08747180FE8394F2CA1E0A46B6DA62CE2B2
310
DABEDE0B1924098580FC16B369730E9E90541D3730D47FDE16EE1FFAD3419CDA05ED1F2715C607F2E81893AFC5936303F40EB776F1D808BDE393A3FA401E1C706E154C892860AD74A2949C409E28A8FB3349C764D13E4D1D3468952B7B1B35001BF41142CAD58D6011C8B78961EACAB66E9AFBC627673B61FFDA4167950A27
310
4145BF11EA17BA9AA60815C2C43AE1F648E3772E53C94E6364AF826019E723069A8AA353A3BF7FB5359281700061FF64C28C10B9AF0B70B0B0D30A31CD1CFD22F68C76DA1E44558869257892363C091D313EFA46B57C3BEB252E9C6BF5B4799EC58F1910F469E25AA17B343799DB3E33CF410061F96C6D63FA91B1000CEBB7
310
D2971BDD39A2A76361E000F5DBC1688D47CB812DD60F8001AF25B328D173A9E4BAC18CE9F1F628704330741B2649B92E9714447C68559C6CD2F681919367E4811100750058809D0230C087A89FF3C80C23C4C60882E481F48D531764BABD5CCECA308DE2F63D3BB50373D630796126803C2D1FBAC148F7592881B395ED7D26
310
B7DD38D7096AF98841CB37592561D9C6565317AFBE9FC4AF7371E060736C7635E0CBA1809FC80F544DBAA1F2F9393D970D44C0615A0C6930E758B9E63AE690F73045F0C8C0731DE9CD80F718E94652383458799E02C06D328010011C7090D8C5E5336A83D4059953877EA1E1D66FBE994F04608C4C991917230FB61F9AEE18
310
3A40AB9108D032449FD1A7283DD25ED15360EF7EA9303EDDC0043403531EDEAB10DFF87F5E2FD56DF0F1B701A9F614DB17FA0E0EDF6FD0B1622A81FA3D1DE5A33F551930335C353A87F9AB05C60455193448246944A232C5D07636D864CDD7A50D0B4440CDCC465D1C418321F50E1648D500294065D869559EF3C40C8FCC6C
310
323E989AD0F0C73142480B200842802C061008B480A9954AF282052B3AF67350FD0DD30D1F4075AC303A5D490250F5400ACF479656861E4C77AFF327F3EBECA4B57B6B6C8FF62602BF150744656A87DABD7BC6BED50527B2120C001A0B3718C74F0C65CD34F275164D7968148DDF259AB8AD6CA81CDA4E8819509B996A7F64
310
2D987A401A2B04018C01E6C169A8700F9DE3B489DB2BC49C9B7B858A4F50D22AE15428FCA4A1EDB20C83492690CFE361CC7F8C8066FFD0D77AEE797977F468A36E0B0DFC87F90EE6348BC748F7CB73B5B9DD5C6EE7AB19ADBF6DF359F1DC2A0F9E44F213F8041F64274C0859A2AB7C37440FEDDD2F95BE44065F22067E3EA0
310
CC3BD8C0D8194EAB291CCEE20B9CD8E02950AD806080047A279F19024C837C848816719AC4A34DF8F0706CED904E8185753A458A27E4C1E37B5F30A104932BE140E0BF4E400160F320B054A8705042FFC47B4940810173F9C9E97240C7FCC3F3813EA239B745DE9F1B1F3FC2F9330374DBD1A7B475923F9A2ED81716D18D1B
310
577DAAB9D1A0458655AD3CA7E211867AE7C702DCACCD291E0F798013DC01BC326087775C0833E04EA3778FBCB8DA4687A0255CA0AD210C15661E4E92001A4449031D1DD27D327334BE830B64DAD90CBF537A45FBD4E94A7A88888E715B7E74FCD040E818BDC1BF5AC609CCCC015DED23877080FCDC47BD8EF3A7B783A17D33
310
F3ADEB6D6BC7AD75EA7C7852C5B6FDADA6AFEFC2D181C03F8C40DD8A4AB5024F0B72E34B57BC1182472DC80946789AFB711DB7F1193C03C893B0345F420246114D3EA71D04FBA731C0DAB0D3CD311B218F0D5A15ECC105D02F3AC32F13600084731A83220040019B03180634B5923D438300B05BAC80881F061095FED5D572
310
A3323ABD83F1D37A2301A8C930AB3F66ADF7CBEFED30BAAD7D78A06DEB6A87F15491F5AB7E25842B6B34BEFC12C8A159F187C64B3CBD2356DE5FBAB98BBE9583F0E3280C0076DA15BF34C15238145742B07080B1EFB83382F9FEF2239D003541041083C5AF9EF3C8944DC2030BC3ADEDDD9D27475800693049E05413BFB3FE
310
B4308731512F13400D06F813368A0101D8D863EB3E75FCCADED124F532AD3F123F131AB46A93DF1ECE7F96CE9EB6C365C6D6A07EEC461FC919FE288AF7AE1A7D012D291EB073735FF26BBB1C99FB706E972192819B7A34BF22424BEA1CC7958AC2E04BFC8E02DB90A4A1DD04811ACDBC181037864672C78F6C0EC3073A40CC
310
49D5E813593B7002763BC6A909D31AC86F3F6E335C9E1C309BC58F16418642E2AF6B290A34FEDC0CFEE08FCA0F56700699CB73B9C99302AA17BD516D7F1FD755A2B32B3FBE7134D3BEC813195BD355020A7DBB541539CD2C06E45F46FC0EE08293E6C0E1972176D9B678340AA1A4823404EF79B1E2347E47C35D0A2260730E
310
0B513025DC0BD1C07E3366E9B9D17F767405FB531070700035618606F0B40C73C974CFD321B0C174A80C0F3AA54945FFEF348F5488895713E89B5C98DA501E06D8D24FF04FF0CD7ECD7BAA755A854EC6A180AD13BE094E8D5D63BFD6DFA5F5D3E4DB1BA18FD8473DC6E17FFC9832B71A2A94D96E808BB53F9192955D62C82E
310
282B05168AA0927D54AB20A20A74800B7CC9655C8B15F62377CA4C91641F9F4D0478F4FEFDCE273A002CC0A725EC165CE3A149F0333E8E9600B2C05A7D15FD831F0938DBE5D0FF13E3C0F0765965A0961C3FA86DEEB0E28304747BFBA5FCDEE44C23544F7BB7BF7A132DDE34F99E44EC3FEEAE92F667A10F7E90B0E8C6442D
310
F5A5318B0F816311DB2E6DC6F172C363FC800EE09186BB9EC82A24C0117700CD884AA42023B81EA6E0CF8B3056411110D78606EBC5AD5417B45BCC8E61EA01C4006AC233933E35D860BC1B6CB9C9CCCE7840D2E0C1C1FFC11CCE54D59300F2B47D66A10F09D8E24B71B9BDDF98FB62A3B897C53EC88D16D1FFE8C649B17BB8
310
E760EB20B784F52F992544753F2CBF642CD3C9C70D8722C197142C567E74FB431EE248A8F3FC00377F5142144A82FFC28AC2970A780C85A7EE9146FA4B2981F3C93BCB0F3FBCB6DD3DE69C72B6073B99140DE28B8E919D9D9E7C2F5FA99FC1FFD07E9AC0965CDAEA0A945FADE52C791EA989E8E7A21A355FB37E44405D171B
310
98A6E946DB26AE71DBD01FEF07FD378F5B4B518724481820890E7486E3FCE61A60E096D577701890EE07CA5D7F2B086040749FCEF3F81972E510A86359C9BB579883035887542090614E5C4461705D7CA1CF84DB564838606CF1597E8119790D021080C935A908324EDE9F60A04B7830A33F0670CB08605B8D01BF9A3D4356
310
93FAB4FD84EF6754930640C1F9D74B052A7ABBA9F502B39DA3BF6BC7514EA4BEC71D752BFDC198EDA8DFE8F32B3EF811E4576B0A2074B99B070A069F60173E7427BDF285024E35A4418B7A412914F2800F1965C4F1120A2D5D2C64400563D5942044807BE7C738EBF3034C4A6F4D70C04ED1F97673C039FABC4CFF18866E08
310
200BB66BDC9CCDCC3FFD1E43BEFC52C317F0F5E64900FBFCDA4DEE68768FFF46350E0EDADB7B34DBBEDE3776BC55599AF84E312229F931E700D04478D66A0D88D09B2276141AF0F8811C5F8067DC04C0F90929F7F1AC9CCD368488AFB965C97B855A3E2E93AE5B4866502E55991B82D4388614F2C36B8484A5FA06E3EFFA98
310
4A6AF17D5C2073299D9F12FD63826F67FC460E54030981684E9FBFC22009A3006962285FDF4FC84B699FB5BEF3736C6072F6844C15EDF25883037DE6BB7AFAD6AE164B367812FA8CFCA6FA25725D99AEC5C6EDEEC64ADDA2BE0056002032E1D7A20A54CF444E360D520A5B69816C0A953CE0434A8A898BF18E2B704588C01B
310
DB2133342F5404FEE698957C200EF54E31BE6DF4E888C9C67F5F3F1B41F922777E7FA6332677C20098C59F762F5DFE4A23F9801A3BB6F8A4F66E0D40EC867E92DEFCE84C714FC7CE8DD3DD3BDBF9C781B1C3B549FAD2C89D711808CAB100E09700BB85240374A7209212F320CA577222A7020E7824500179FC7096C714884B
310
DFD9499E027ABEB3CB0226CD293CAE6E0C41A6788F396606A073E28CBE5CC67D584D36CA39D37974FE1023253E3FFB007A26F657FFC901D851130DDC2BF54884F20D5D40A0B7E5C7BCC7CC87B84F2ED820192CCE1AABA1FF24ADBE1D03635B5B3B53D4A5F84120125FADC36A0E792D3AD7E255792CD5241A4C84171F110409
310
0017DA493D0A7790A7BDE6DF326180398E4B0DEADA5C2763825E43E05C388E184678C88CE6422606C017F030366981353DF03A753DBF6370879F79889DD0BF75408724DB53C5B0063AB6568D02DC47AE4627B58D7E367A6000267E7840C23A0940B992DB98ED1C4731B4FB4DCFB6D3EAFB6CAC7646F0335C5031888CD74E21
310
03380260AD47176D703960230370FBBF28813524C17FFFBD6288BB28E4F905ADB4A788B40B4A6201C1878BED224DE9906C4C79EF32EE679B9F5D3B5DFA137327320643909A823F62106CB8F9BFE4BFEAFF0FC7A6393EC7F64A698EFF8ACE31BA05ECE6DAB6DF124118D1D13F892F3D3530602E3F3ED3D59DFB821ECFA3D9AE
310
85B1ADAB9E328DE738BF55D5DFD039445AE76D0194180F57B15BEE5F09C07F952F9A10372BC894CF7DA12CF6507E2A8916E0DF430C519485C55D61EFE209912D8C32866214E121611E22A0B1238DB18E86636A3BFAFD5B4EE02FF1E505F902BDF424D0516907BFC95EF3A76B6B3872769D67E25B548F0DA46E2B93DFDFD5F2
310
B9E9EEE1EE1DCC7FBE6380DFBF38A165CAC73DF912AD76A4690D2B766A3EB4AFA2D05BE543EA20B095FB17AE3F1928D84482049B659E671A4763CFA567C08824913D37F2F92F841FC244085C1681225C04AD6DE1684831682CE0D6096B56101C0D4FB3A1BD3F11FC1105AECF5660BD3FEEDF162B0D9DEC6DB55AF27FC98050
310
BDDEDFF63ED14B01336053A19DE9AEF5F5D9E9D9F9E19ECDADCD497BCC57681922F327EB41FF681E17C1921B04FBAE371AC69E53F98183E91B84897A5DB164158BD1D12FF6F6BEF0E02847727BF2628F9FD48B6FB11DF6928C868B29590A0606F92140D0C08850DAA7DD8A5FE8A50389F61288AEB743E9C801BB67DBE0A7F6
310
4F63BC87770FDF57AA73FE1F5A84F8DD3AADDFC32087FBC0A7D645C327B97D65E7A8BBA76DFD9BCEE1B1CDE3F5F7CE4E6DF4013ECD7CB60BD1239E8A4E9A5722AD9C4FAC8F7FF17B214AF8801950430639A08E3ABD05A0D94E253BD5951C885B0CE750309070555FF21F2EF83FF53F4E15038B8D8A244740A5C9CBC120043D
310
A0B323FB1DA0A4EDA268C05A304619505000BE10415DE898809DB6B66896E60AE347ED3D6DC707CB7D5B5BC374A158EDC343D0EA61C217D4878CBBDC1D85686782C3CF4272E7DCFB5E9EF628F5A95AC1AC0C6848F5771329EF8DF2BB79EFEDEC8DBEC72EB7F245287FD4B31008AB38EA4D52F2BF57167159E3004CD8950E21
310
7DDD6F699FC763E9D1A0AECC701F7BD4430A3E030374066938F883C01DE40E7DAFD609345E33570F4CE6BE467FBD7F793B5AF2A9D331D86DBA7BF98067918F9FCDD609A0384B523F4413B574B818C6889FAEFC5E7B8F90CEFD62BC2C85B2478D54DD076635BE434FCADE68B3ECF1C8708E27863DBEC352D87BCC7A92A8E135
310
700CDE65BC114026DE5DB68275E656D2C0D4087293D43BB4C9C14EA83C0D806783B40DD7CD4F19EE9F33801F55A3F1FD600017A6CD5DE607783D5F74E34680E7DAB98D99F6E5B5ABC7F7DF19D8278322F6A97FDB2FADE1539BD945DDF868EE2B8B70D9EDAA45D1BB0A5801198CF1DA891540474745BF0317F8A3703E02510A
310
E94B084221F887FE950272D62D4232781054A87C58D015CD45EBF9B70E60820A2056E9D4D619E8494BBFA68B61EBDD8CF52CCBA124BACD4A4077E8420A7F36FCDAF661E577B792A7E1B7E337C7CF1FDEBB3B49F501F3C7366C1730E793F51FA20A9C3D2E9F18E63DC277449054CEADA36DA0807467D45F8A744E1BDED725A0
310
33868703F1392BBE221158220588F30574A0B0893D0515B0B7C404AD0E7F40C11D504C49BD7DA39A85A19CD7357DFC966E5D92272FF06D59CA5A6A1C8AE30E52F1247C1F1D78F81887F9F3E387075B170F9F5EEE4A7F5BFC69DF02FD8795FCFFAB472E7C88D563DA514861B85BD41594A75F5E866BE69471110A9F75C8609C
310
7E6BF6C7C727431EE3E9E3773D2378C25226E82C08104A57ED273FE0921D6990E02B006BD038263BA360355E8DC446A380F0BA35FA9945A80CF60DFD54054202F91897C241C147D59F8E0FC67CD0F2BF377A3463F8BBBABCFBD6833C57E214AC3F5AE9C2FDE88852968F20337972C7E04EE5658223008AE82D93BC37D8DDD9
310
00BD6B16EF221F0D4149045D740A8A215D4FC186C658E01994B8CCD317465828704BB630DA2243B3B4ADD3EA554A97408454148C04A1A0CAAC2E04033C04073851F54380E0BF2DFFA43FAD3D6B574F2E1E5EF6E5F4FEFBD1CA87C161FCBCF5C7AAE2F726F814027BAE10F79BC3D765D61D1803952210A9AA07F8C6BB2105B6
310
1145B324F96014EF223D4A9261080239F03FF6F4DD4975C183B887E081F7A467A25EAA0C94028FEB808637768B07400A8235D4EF33143253198900E079E3FACB0C59B00F827A5785A6FFE2FCF0C0E6F1714F11CDE5140D931D707950631F3DE877F300002000494441540ADFB08704E252AADE1BD4E8DF55796A32B9B6F177
310
37C67702E5C638682737286CB0E0A89B624D5BF28222432848C9AB8C07170C97B814FF492A61072407D638006F7C8400860444C01B1930A522788045633DFA9507267A3A42BA05925BAD705CDD3792FA23C1075C6EE768A673919EB6C3FCFE7629B7310AA794CC9C0D14A1FB88F95C845BF22543F57996E0B26C9E4C2ADF18
310
7F979F8A55F11B47BC26594C52588518D25E6C2B1CCED231EA1B748F093E5726A21A54C91EF95789041030C20FD5AD68613432E19A4D0DA2505B6BD843516E10BB00AF9AC315EE9FDB39CC1F9EA59CD88F9CD071D470C86C4647FDEDDBB1CDAB81DA94034747A779F4CED497CFF817348F69F52E55490840E48840BA72DB71
310
F3E84F6DA2F4717AA928F153DA6E4C7E8E00363CEC9A2E1C8E65F298FC4A52F087FCDEE5CBA38A80CBE11FF7BC2AFF249203FFAB77A128A001B1987BD334AD9B901890A8C2005B6B248196AD09C0025ED841325B31845032E327C531C839E66DBAB39566B631C2FF0A1DA5A3CC47E665AD8751B47CFE33899DF047C9F3C365
310
E3B11278D49DF939298E09002F6430F9958803309827A7C791048CA070061B7E9A64C557D235F83EE24822E5EAB805F9862F20FC58F483DC0EF02181F572930205107E00E523861895A2811309808F2B6C14B2AA579E893753C155D2F54302007E9FF36AC5FEDBCAD47E182D91A73920CFA5C18E01F8FFF4C3F1FF553BCAD0
310
E58DEF85DD63B91BE38ECE1A9FFC4AD4A1FBA30D462C328C5A0340DFD393D3D3D3C0659195C96990F391EFF4175213BC74C020922D4830FE215E76940962BC0713A3B82784C0CB6623DC40D6E1485BAD454F6892200B225096127FBD82D2B12006BAE2E329C771E25FEBC0DAB3B5395289D56D7A8A89081B34EE06F80F819E
310
FE75C67DEEE95D227E283FE98A7B9F1C97D2D05B4D07A469153C3DA3048EA68FA667A6D90E291C7D7E2D063E4D044964D055F2DBF3E31BB851AE9F78A0A7314F0AD24901F581D74A6929142039C65AF5830D1C809536CDC05E4BA51038F79D713DA930CF18BA3010E385351CF47F74D439BCBC793556A1F99814926AF12835
310
E251C59BEA3C083EC2B2760FEBDF4304C9EB87B35769E1EB24B648542CFA4EBA9EF93CD42F03C08F249A2C98897D8E2225E90077823F4A52171A61219998CED6FA050992B6B0A74A2220ED12123004FB977084208F8E2AFC80F456CB110BCA647A3A0F854085D84FE0052BE31FFE7F925610BAFEC06FC33F9931BF063F39DB
310
3D1BB20EE357F594045F4226131578582CB055A59A073AE0413989D215019B6EB8A21CF154D71164E0D8F4E730C2CD382D098DA5261456A425643686BC8301710F2C50665881399156AA2B4C3191BC555728384800CE10040F746A3D8A80A5F0E500A93456FEC52833BBB45203DACCA37FE1D3EE4B9BF0EC27ED47D89B8266
310
F11EA2DB8B5A8BB93EAEDF0C06B7AD0402B9EAC6E787365535AF19F15158308A9D9785C1BC1C01377F8C6B4D07B50DAD25649764A91DC9812C7B34CA98184084F7C01055466B48058CD44085AF26648520C85C41C67805462D8425680425559F4440F3ABBE1F3F81B1EC72708767DDC8FFB6465796C8FE310FEABE0C9B242A
310
74137EC3E0427091967023299BE5D6D4D0C6D15747DC2AEA4ECC57C72856E827D33CBD319D70FF854369EB841282F84B7CA4881447ACFCB257E252E00FBB3272120A75B99119840858486615636E0E0334031AAA8C08A62E080053A0AAA4158431EC727A084021D41CF5D630C94184F6FE7432E8F5F9A4FCDF3EA7CF136FC2
310
988093F98ED622E38E4976E1BF0CF49D2889E6DF3566719FE1F9B47A2D3BF89C69155DCF24F88C609EE551160F0415900B4C48FB013D8900A9192A700748002924771A3686A0A580FE4009E00ACC090253E280B90AC15048E047020483A038A60ED232831F2CC90498648690D960C48E439F18F4DDBEB0B6F5AC7B7B89F623
310
0243B4FA160A7B9327F3AD5D937C8BFFE5FF8B3A5E64283BEF8EAB9F71159514CFED62DBC880614AA1F7994CCFAE7D8C87057F451733699B8DF87056E1F0654B5021E38097E4E23221B810DE20559AD183A61C2C88A648DB096081E9801CA00BC1DA0124E08DAAC15FD2936905CA8DA1C40E42B13F1764E0C4015EAD7F8BFE
310
C99A310B1B7C0BCC7746D3C0702759C89EAD57122092122D1F857067684A578F1DAB7EAC400841F493A468113282FFE42316CC74C756B1C880FE78795C692813CF4644480EE9B02991BCA257A71861F00666D9410288487618D120D0E80D7773E2B7DD180E100EC98B221C94BFC4FF531A09B986230F1CD08378A8E4D0FDD7
310
D9B1BC75F5C12EAD7FF83F3ED19EB018620303C217A6A35D826E72ABF2D8E2BB1B783F6E48D2E3F360806E1D192085D022103473A10375B63853EC54F500B5B064DBC20945B88160DCF7E4F83A0200BF6FAEAC88E9F54D22D898E43F378D20B51B5D6B1457000922202800DD401A9266483029C0D6D57ED80D42A0E6E08835
310
F0F3AC73D7FAE6D56185F04FC44472B854EB7D9CBF7134DF3DDC35A9F6B38417DD6F508B37C1A718B0D054124176F7222F62DFB327F34D451799D56216880193254FF782D7DDE26C271BF38C6E422E271CE4AB8823C9510F021126A7A944E00DB4031D013C88EA0746C96D4574069BD5439C4110403B40020C30B07A604F1E
310
41D19C21A93FD9002DFC35F23B1E7B98E95E38387E3603FE7393680410D702FF9ED5A3C5E5CE68B5827D721FA78F3A9A0C08A79722D9C9B418F46C0057BB1640C70AA4A03D29CECF33987596D53CFB27B32C3BE304C540E14BF8464E080918268D254838C91A01F0FFB99154FD8A9C0495EAA6534A6C464440B4A71E16100E
310
7405088122A35F7A511DC003D002E6C8E7E15F6D1D2FD09014139EC11FDC89394621F77B9F88EB5A583C41E2FEDBC8F82334494C0BFA97FF3C3A34ADE60385B60E5A30CF036E5E75370BE3B83AE73B3B7DC0BB337DA0045299ED0C66681E4AE223D01B1BC3BD4C921E2005FEB5114739040758189BA8A320067B62A3995E47
310
20055065AC2B4A8006BF8CFCC907C0063EACE41813C5F017065AD46CFDC6FF1BFEE052932CA3478C8E5A6F25DC8503D40F61FC1B047E4DFFE8E84407C81F1AC7B5C79DA358551CD0D13785A9AEB38D6EB68A0A8087FC6543E7471082873CDCE5CBEA1EFC5CC0579469E225428E9A43D6A6000B4219DE52E8DF00A55F4BF503
310
5960661C2DB88AC1F67C2890A93FC420193C8326409E7B595FBBBA9AE1D1511B3F6D65B09AC10A71C2317201A603E88C56CC68C91279E83F5C147787EFE6C675F00941D23EF092920330982DF38C65EDFCA89DA98E8ADDECCD77CB86D85118F3DD9884820B1128010D02F1060F582871CC8FF42024C02239273A1CC3BF71E7
310
70DFB7E96081682803188118B50310BD620234F230B12711B063E0F0490FCDA9248B580D3D3DE944A30CFCF2A1E0F6E59E8FBEA289CCCC943785BB8880ADA9C2FD70F6A13F5418444E3A669273C006C4B4EEEC067827539FFBEA9CFF04D84E7F170480037005AAC8829084329899F90B5E013927F8E646514B4824B01D11F7
310
2C012CEACD163B6358A4454A4221D06E68A71062520649BF9E9127D0772D6E5EADED52FF216BC2FC513C7D3C5CC4C8AF009811826AE20203B076A2AA66D8D32E317DEE0EFC000FCE16D9E0BEB17C74AB009256C5D8AD1CBABBDA61402612C675FBD72D07E633B1A42F2421208CE01397560811204306617A5141706105C9F4
310
984C459F2D0F6C392FA05BED808512B0B9A8A9FC6CED89640EA347D31F0DF76D3D9E61E800FE9F7601BE4C9614A1C58E6C839F13A12D0EB426DE6386B82369A9E6A7F1F9146EB578A2EF4289AA109B4F6CEFEC0463E0072A05CC9DEDEDFE08407B173B8AA65399C80B2911252E6290C82CC1B8909140C11B7AE161B42B9390
310
5045D017E00CED6D27AAA15F2C2179F1E83D411A7020B9408D202381E7E5DEE5A9E7E5CDE3B186433F488AC81554BEC09BC579018ADD1DCB3D9D70F02B14BF9159A4DA376225FE43DA224FED327941705DA582B2FD1BB5DC0540667B650BECDD1D5DDFB0C7F36DEE2B94F6EE2EE4E426F20A1174C31DF153321A24114C4FFF
310
25E505475F6906D4149B21F1BD9D9DF7B059F8E0FD83323CB97991FE80EE131A9003B81C491B218B1D42C0C0D593D9D548003839DC29A740298B0C23F0CE14BB167BD61989AEF0B985C8FAC8F923A73F31953989F0F6C96CA6C4D0A9A88184BEDBBBDA3BBADE77CD8E2FFEDEEF46184A86671D7DDC51417477BE9F04804F30
310
5AC82C2D018A21EA903866A0F959FBD4139916D036635EE03DDB7408BCF0627A03027AD314C09B0A27F0A79490D53839D0DAF1416995CAB24101FA63F75029D57A4CBBA9FB4D120ADB17FB5A999FC9420DFE04FA670430B90FE7F589F7FE8D50A4B5F004CE5F07EB4EA007F8AEAE8E8EF7DB3BE2F81F42166C7246FA9E62D0
310
2C8209BA1024414C483498B50229FD923F2414040B2081390AAC353B5283EADA12A30B1080866D746B9ABF5BC107F33C2A015B275480759334B83AB02175EFD0DEC785DFC505E0064F4EBA5A97073A74C5C9FEC97BD25D819E28AEE661FD2732B8BBFB1BF13441B3C1F45E8AC1752BBF80C113DE960E0AC7D9D02C58C80505
310
A19BA0E84B14402601A590A4AE00A825E98C3212342302EE10FC5100681F86834A2804BC409D70270A2091DCE874B16BE0706C974EB3D26EFEDFFCA6C4579AA4DB781708469F055532A7046C6BEB0CF39F3ED2EC4FBCA3D00EA91CA68FD2B87B5C191E0EB2C300F00A1C9881F263571C6CFD83D079D09F176FAD839340CF03
310
0F70458F81F09AEE1329505150CA0A00576B56C06D58070B23086F685E44232D9D53DE3FC3731044F286D19F459351863F749F1104198D6E14BBC68E17CAE70D7AFD958E350BEBBC70C9C4DFBA075240DA27D40AD7DB063A097DD3F041EDB3E4B682A7A12A548F3393DB01945547175879989302521EEB1431B08759B632B1
310
74E0F700E774FCA1BB83F95029ED1A084288C8893520E49415E00DA080AE8027C34206D35491D050A4C6B080F6A20889A2FF82379AB6234F6710C05F9080ADF002B9C9F9C583AB220F45D618D7E7F7547FB27CED8A8B7A7D24EDA4988B0C1C2A1AFB53FDC61BF3DE50D63C560F0120B0372F0839DDDAF13E583B868717C1CB
310
8CC71D1D7F440CC82184803144196EFD58BBE00B7EE77DE8C015942357FB06FC906A5E2B8882CCF9FFE184B0035A5CF186A962A63F84B3AAEE3D5A2C830008807568B6A9F424086D2095A3E262DBF124350082C4B5DF4704A9D2C93553DE47BD6766B69349610716999FA25854F759CA9792599D3837ACF6247CE8597B0F96
310
0FA3EC45B61715050260C5844FCCFEC9666BC71F875B17E3BCB4CB151405D7D08F846B4CB952248B4603CC402B609E90F0044A007FA800EC46D07A51232B00E5683C55D5096E1374DA4FCBBDE2C25A5B8D26008227CA7758033D7D70DF12CAF7F247939F93F1CC63047D63ADA0B7CC8771B234D8095FCDB577B586D1834062
310
035670E204B245EC093FCBE15626C10D210CB38A13F50E10A0D5C0814B0C4B30AA9858516001669002229618F100767AA3D6D2528595FE7A398C2D2300ED0013A0AE60B91644A057327BD3C36BEBF48C91279B45F8BD145494674AFB211A91977CB838DF35DCB3D6D6AA2FB2784B591ED785DFD7DB77747DAC9D2F7674810E
310
FC2895F9ED8007EC7885101679C06F21E4B1C8A6120956F80518D1DAF1717BEBFB5803E20C6F2A11B2E48AFF4AD2810A70054623E341B3D1ACD92DA91150DE631EEB2C28882D092049C0DD38E262A7BD6F98549930C9D44B7C37028AEA9F8C5628A2BEF5704C0DCB2B428181B1BE766F43014498D2E57791E4C8DA6BD2ABF5
310
003F0C40202E2E32EDFB02852D16C30B7F646B98FDF86C7891690043128B0A0DE6B4EA27F08C30CA34C9D0AA0852A5997F8D11A6EE84E040B20472020256F4AFEBBB74E6705A12083B249089218E6452C8E5A69717E904A3F5EF3D5D08EC1F4D4E85086B238CFFC11AB9AE972CB775616C6D1DE04DDF073B4DE3747C41FBAE
310
6072901CAD0237100670C5A00C2C3CE063610ED824826C1F6650700E88C00B62468903A0D71D3A390255AD7040048348C56C4647413C2C2561216E0C469203EF06A5B101AD40D0E207F78B124747DB5B4BBB4E88B1C373C114E0470B345156EDDBCE1B4DBDF81DBC400746B0B54E05F693707B89A5E430982C2AC7D10DFF11
310
D5B102B9505034B35D07E8E5F585757F088B390F2D4C85CF7218E8418BB4F25B885053D07D5A908326809F31D6CC6B77CC948413B28664484439D118DBAC27DB5AC40C1AD166F25E6A2F0AE82100C0BF220405323E1FF80DFC518CACA8DE1003F3C9FAE9C7B2D60703A0004F8EAEAD2DE0F5485452D15B77B4B67F4C2403B8
310
D8F9C533558ADE058A9E177A1698F75DC0EB4C800F74C0270178C8579C1FACD025F0560844502D2BBC01E620030CB93636C1041636A693949CD80139FD15BE107F905590A292840F8860706D07E2970A2F15E5B13B87C3143CB2930374CC46A6F9B9D7A5CCCC14E11B9E879A49FBE27ADBD6DA82410FBB94FAA8487D61B51F
310
4BE0A03FD08743C31020D6628ED20305A22C2C2FAFA7ED1E7881C438AA5B9035F20759E243C51F34D0D5F02F11403B9E204CC1686C0B6C9000470561519CBE1B0E4FBEAB37A39EE4B84C05F023858779341991F36D9D9F351E7BB3B5ADF00148D9D05784F9AD8B037D48C01BFA83D4247F03BB768BEEF973A14E610090D4B9
310
6B1EEC5C5E66928F28EBEB6CF578B067DD83086081579848E60DFC7684044D8174993C39F886043481F6A2B743B18749E52447CD4D230513032D20D20206E536E15BCF7B7D211634F98FF9986287F33F9A94615A5A0A7CACF8DF5DCC1AC6EF9AF1945EB78E0A2FED1DA2ACC00EF983F9A012260BD722EF61C9DBCDD8719703
310
ECF839029010CA0B9F100B1D2842153E01A1A3837AB579516A31982FD2908A09100DAE591016CBCD4B011A2F4DE299E1338CE065DC4841BF9895D8C81714800CD08F5AD39601BC929B55D291F6CDCEF2AB40DD5D98F4E6F107C47AEE4A09A079C05316F479DAF4C2BAB83221BCC0CE23FE3D3D4C7BC9AB673D89A3677D6020
310
F6E182332028012FA0FBE0B2668FB85485902A8E7FA0BA2105C213E20BC2169211A4BABA7D693C3F1DA961F203694853137073AD5CD25F1C017DE0477626D7BA55B88F83B5EE513C41D814639FD1BF759171F4577D3CAB0C3DFF68B2D3B1F8478C18F67BEBB2598FA76A4545E9E961BACF657E0791D2373030E0EC9FAEDD17
310
BEA7703A738185D08236C407448A4CB504CBF01FF43859D3115488EA01B55078000DF085911805790DE1B41B6F8CB2889C3834FE02AFE07D85143C6C008438A944EA63E047023A7EF37E13B0903AFEA7BBAB9579330FAFDAACD540022980B65A75FBA17D388F1E6576405CCE7032D95BDA420E7DC0EFA320879E5F8B3B04C1
310
D2D9C1114210C19FCC49DC6A855E12010184DB8968109ED016E4683CD552A36B3AFA13BFC2114068935A7E774CD2C7225642B73325938052D8634ABC18DC9442BF9E0402E85B42F9F3273672DA8E8F1070405D1DC3248487574CD98092B8B956E6AFE1566530B78FAE05B4A0DE51FBAF85DD075C7E11939F80E015A58D1F87
310
E400CFFD2306C4D1D3C634380A201545A92BE01F445800BE12302AB477BD6F62600D211232EB061448A0D2B877BB940D63D059C37E0569A83DE93E214F4BD86209FF6F479C640AFF8AF6D1BFD987D029A94DB7C329B4184D4BB013BF912FB88FEEF913071A8D82B651BC10DB067A7EC52FE1B421883144C00F64FA23A11CF7
310
08BF16CA59F18D4C04B8085964B2D8DA4A855187000BE440BC816FFB13374640B0EB1D0998AF38A1AEF503F14302E2811081FC12EA6CD38A63B33035125F40F170C0B0AA45E9FCA38FC6D688D48563B5C4B4B7C359D3C7AE0EFB16ACD5E2FAA47EF8307044B4EBE1C71E84E742D81431FB06B90B600B9C239E277A57C94C42
310
7EE10E7826980C0136600D916A06058CBE8604DB4D314FBC014EDAACD0820F14BF75449B70339490FE5A0491221BF95F949DF1235380E969AABDBE2D32EB4403D3FDF17F42F9A0A7C28ED75BE86BDB7C7EC80C76F86B8800F77B305EB88F00A4352E0F8089EF811EA02A3DF08F7DA008F803BE4B4EF5F41E56087099E92070
310
8C3D720916444440FDFA013D4E1201414123A09290F5BD7AB729298209C4306D007BB0829FD4EC3A6D7E4F00B67DF38CA0764F832F0448E58439B952CB4F70DF964AFA74CCFDBABBDF273E2FF4F56D3DBFF2A78D42FFF2755DF307066497F44062AADFC0CC546F6DCCFECECFA232E14F408F05477D311B683A35BC245FCF8A
310
5CD2AF20022C21022266905A5BCC8B20235D6FF04019CC04058AC80023662E25F342063165956320BE50370F2A657BACC817DDA3DDD3EFE04028645780A768FE38DBA88BF2EF3ADADFC7FEACA952E5A77568ECF0C971DF32BF1D24F8486B22A649EC81B1B60315CBEFC026091CA45F858D7D04C1B437079431E63E38F88075
310
8842E780A9E03791C0FAAFE10012588C3C592FE35461A6047802BA18686887023A422A49599399893103942CF6DA53A8E387825FA0678B261F139F801E2B17C901D0F5217E07AC2401A87D0480F753FBED44FE949C93A1D042B879FCE499B3D861AEB23F9C1F372F0C24D0B7D6E70FE1AAF60F84BAE642D82F0A9F53E22783
310
915518494FDBC0AFAE7DA282E5050B703570E06319A015E00D693A6BEFFAE493941C3B08C13B96BD20D0115A9565701DC58568A3009DA13E965765C03091F0FF339F7309D44F6E61F837F1B1FF920450EB8FC48F9B40158BE89C81A597CFB0DAF5F5755D3886DC13D4479599B583758CBF35663AA234F133F91D3BCCFCE0A7
310
94367F385C59B19431780F1C099131384056616E15A1563B50021D369C593FB292685A68A8B2A50A0A2085CF05434617E05FC24A6B077B990014421A68401AC4D65788EE25F737EB780D08A6E38F060F2ABD889E1B889C44852C2FF368C1E3E710D73B6589EA83F7417B341ADA1F639A23D15298F087AD0326410E116C3A1B
310
325218433C71AE62C07C1480F1C045629724A076A4BB8D622D24690486727F56108D07046DAB065000678E04C4F8C342DE27F4AC102D854F2D08D59B4ED0E4F697B0FF62F113646BC5B7F3131D4EA8BF8B265EA3F2026E7061B96F6DF3D993276B2180B8E57067587428579460551049049B074CF8B1066C7E14C705F0B392
310
98C0997C17F701097023BAC31081390196801FB0C2A12380042927503D5A01CA127F9841B460310639C674BC8CDF1A320501448E0068905B07F6E5602F8C1F07786253438CEC51AE61FDB25FF71B09893AC026A9EAE3F30F369F5D5EAEA5801FBAD3C98B38C13EE017B054F81A56F05259DBDA64FE270B1FC4C77200FE276F
310
E814B916E222575ED717A62A92956504605268408CFE13FD61F84252228376060206802B9550F00B9D47E6AF1022538A752CF4FFF1F5931384A9FF8700EDD4FFA2B93FCBFABB3EA6C607FF714B0B8B04EBBE83B52B246092AB018C0D0002FC490849F1E214AE6FC42009D6D86616C835B65DB9862EFC4480C14137603C3089
310
D0A5588FA27E693DD184131BA4E88C35045ACEF1CDE1A82323C20B842F2419604821196EE8185BC834AD44F8E9B7549A32900196E9ECBBE20FFB4706861AACADBBFD9B56A23FFD3AB8BFACC18B1B5AC0ECD7B6AE2E2E9CCD2BE8AF1B1BC3A813B94107E82DE67A42E7CC7D4A6116700B5B2EE3C338A09B840F07C40A64800D
310
7C605AC42B72227C4C7020AB1F20056E26F542717F56534261DE3766AC10A6ED2D006DD03BA9DBA507AE0510A8B385C92363B9154167F1230C40D76AF6F3BE0CA08F8BA2FFBBCEFB09D0986550E0F0EAE2F2780CDF850CB0F88CFC2815FE87BD83909F474F45DD47F1C821DB2107A8817FD45384F57891B65F2543D0C1E20A
310
89B4A8DF806862AC27C60F6A054627FD344250718AC0FA21CDC4E28DBF2650D1B39D8B8A420C348A4F846E2BE824BF8C45E1DB8EEB52F576F47A75FF95F90FCE0FD3A7A08D48D5B9AFBE3EA658E1676FE3372FB57F0AD8D70ED4AEBA3D4C2BE0AAF1C3AD63A6004D12900CFC481A47430C9EACB390038642C8C41B13303166
310
614210592736B8603AD4FAB17189DBB32F3915F0C380795A089A15228460BDE8E52203527D41B5470901B088D84FF8B3FE2BA7F4FD30ACAB3DE0B7E2FF95807AB0010FFDE3A048F7360F9F3FB9380EE537F16F8673131325D3351A3F664022020811A0FE8C019CA17370725CBFF64132025DA1BE2555102212E80A907FB43E
310
D80A991A8AAC183932C19AE17524B06590B6AD286EB99BAD18FF4BD64BAB519202F992A963648ED30E7521F909F090C0213E367A77D8836BEB6F34D92EDA624183070248351F1A079E5D3E7A9EE81F2CE6678F92E299EE312B6C0572C0A7B5EEE07853612403813152C7125E2022A20C18F855DBAFA399817FC97FB6E1CDCA
310
31D348434ACD0012F0D32A5456B4007E6E92D72B1A4E9971223A42C1042819E4049C0C5801300C0013FA48F8944FBAE71DAFC27F1826FA2304ECDF3F6C10FF47D5C7E49748DDD687DE8E91C09394EE0682A4F84CFD6067EEDF43E67EA46CB2F4070160439245F00343D03BF25D7E2F26FC400A896DBF19FB8D4D0A66DA669C
310
3D608F9CD048A0533621B25690EE19D5D15248E390F042B12C682511B02BFE3E5700E4C9A9B2107A8F45248FA48234FD23005ED1F4EFE80D1320836F04003BF42856D478D1DCA3ABEEE3C68F9F30C3A16E5C238EA5DE3FF37DACC2F8B7980033F47FAC34421EF0418A045394802CE032D61C70023D788136788613887C0011
310
A4EA316E005718AE191F8D0D841B9C679CD2FC478442D005429166F5A24403B1E6ACF3298F388B6D0BA933D92339D48969A5C11F09B4FF017A9900A4F887010C474717E10F36468032FF33F4AD610517777104CD920C3CD15FC5F3B3A0C75BBCA3B00F2724863C10BCD4A0E00736C7981F2F72E4B001438B99714FCFAF713A
310
2603BC710376A1715FC602022202E06FDEBBC680A3DF1C4C095A12C50B554FE7623B50374FB2129DDEA4C392C9188077658C87F55FF92FFA507FF03FC8DFD3F31BDAB46DD51AEB03F7E1B38B8B87CFF47EA1479C3EBAD5C6B382C221C0F1B358B39D76D9D3142C4A20935F541E492E0EF081BA41B3620A8E172B584EA14856
310
32E22A8221CEDAC6110AFA4B6D43E2B76A18AB240BB24337721C9321D2C033B2D3E2641A55A400A28403C12D1DADE39AD23FC5FC08C47A64DC3FF6DFF76B5235124022D7E6D6D5F3CB870F9F31C96FE477FAFE54100068A3A87FA5908A2C08011CF31309C10025B089FEF9C510522B8DC07C30AA469841723A10C08E27F00F
310
7FBC181C083F2809EC3B2B328E294AEAD5A071B3A95C81D2DE3F930372D022C9C793535B92FDAD5426E90490C3C81D000017C6494441544698C416520C1C40C71FC204B22448FD9303782FBA67089A1A7D4CE38E89050FEF5F1E078A4DCCFADA058032C34C1CBC2E1202B1F8962B1A8024F0EB7A11F209E96FB369D4B64202
310
FE7BA230AD24C46413536EAE955B341B726C593B5D4630C0BE822480908522B0D85430230352618DCD4F7BA6D568BF4343801480006658EA3EDCBFFA9702B4FDE9022163C43F9B72B58001A23FCE6F0B3FF0E4E1DDFB9801A6FC42FD0132CC1F2224F89933107AD30B6C9131A53818AE944BE25A70810821C38F098411980E
310
46D108F483DC63F49B91B852351604091D60546702F58A3872A1716411B642C7629C267E64E77719F46B0548FD6BFFFC86A38DBFADFCDF700228C124C8664FAA02BFB1F92B09800876FCE4F2D1C3FB4FD0A44E0106A8DB8079751CBF0BD9340066C3D52BC64706467C05B5A54401BE4A1B0132A55EAC1CCCB10D378A3DFEB9
310
812022327745EF2102886A9142C812A1A2C9708027BB55B7006357459F9C2080E0BC34489FC629510F3017B62D5073E2A2C64048A0A42580E413BA9E08274091A398EA80B5BF31C87BF5ECF8F1C5DDFB4F22AAC181F070AAFDDAE5650C4000516440D8806786D874215149E69ABEC43FF0EFC820FEA112B0522003C84BE03F
310
B76623513B6D840820358B084119B0CEC8C00AE888826339A54091F5FCA513AFE147975BB1A86FC50618D9D74502F0C7C8815AA306602FEE3A5E79E0D7DED1B221001118B73182CD439A092FF801105D1AA14E1918EC282F6260869D55108065988BD67F68E5581720A708051F7C8070F582389C682BE53F2AFD85853F2A01
310
3D21564028E06E79B7A71E43212180A81541EBC88F451E02385100491AB0C4A3BC5309A95911E66D04C0B448366988ECD204C2FC930F8CEE8FA410EE4C25B58DD1B6EBAD83F6196670F7DE635282C0A56A851AB035831725F0471A10FE52097089C80495804100318405F0DFC2136004B4C40705EC9154315129205EC35793
310
0035688F61AC02188250CFA9A980233925F16A117A48CA54DAB6400221976B75D863330942E20EE3B00B08FBB71AA813B0E502FD2B023DF70114E0D7DF2E2EEEDE7B789504200112075478F2FBD6897835C91F0C20782401E801A2F9142700B74805703426023A81CC0BE88B537D0003E0C5181D29EB8D83050964DD258091
310
0A1E7A8138F76253DC01DC2F3824391AD748276C0B0CDF12366625D038603D0003E0266CB42704C8CE7FA7F11B4D59C0BF454A78F8FCF1E50513715D469607031272358F04E0003C90107223A581218F10008B10247CD20D860FF0BF48801040B361808148714764028EAC137E871501EFDD97C89B52107FF1235B0928C562
310
530082573CE137840EFEF82A0BDC602736C595912FBEC69E6A3A26903B3A300C5A098A9E3F1810CDFFBA019D97B4E7A7A075850F2E92569BD960CA7B8304995FD006FC4213BB1448A6F4BFBB3A9F9FC4962D0A1369129B10073771FEDA38B1737B663A71C088D8848027FC3008DAC4E4397A6F76271DFFFCF77D6BD7F1F67D
310
A51E0E08875A6BAFBD6BD7AE52CC04A0B4A2206F650EC412841A48258258E8662C3838FBE21E25172C2A15A4F78D82DCF68A005DCF07047C183E1CE47731BBCCB5469D9169E0D588945BEB637E87802A03D88FB82486210D28FB3B858D13DC7CE75F5E6F3B03C1744D30CC58C7C7A256146853A05243060B850072A7010CA4
310
7CFBF9A1E24F414037B8781E8E9F219A774B36481CB43E48A79819D638C8760D672FAC19FB9D3FC5EA9158DBD0159C27860409682E8FF2595652FE189D2CC2D7C023E944158355806FC320087CC74116030CC376C559C098B93A041C5DDA48AF33827D2327DC761D19C17CC62780D82A170E6CE7415A5E7FE825E053048F88
310
D2AC2A561CA4D4C60098DA28EF1A01382772484698F60C8DD24BF396EA76260542810A625978C03580A9CAB91D10249BE579B0377A3DD15749A45F24C4D81FF3D7D7996F6A1690288008C0FF6CC186DA9D5FC95BB09B1301004B016E707FDFED306A1BE8FA208828F00BF342186839839F1F6FA338DC5A0200FF383DE92614
310
C03A4508DA18F4D85F9354F7E867AA77A42FF49BBE6757A1A7454448D0BFC3C220714FE43A3D8F1547BE10F0BC5A05985AC3C28829A06FE24CD062700601F4AF12AF99099B08E7071DC4626A97C920C3FF96E190C9D1FD7CB6163E800D79E5F3F10A9306C02B799E80F1AB380E0571A584C0370A220C3125000B500900D96F
310
EA40409F980E2083E4EDF4D8D2480AE5667222E020BCDAD4EF19682120818FE18EC7FD6AAD67C03F7DF1955E697456F517AC4F24700C30171C67E9168B109A4F60AFA60F98BE30941BF776DBC7C70792A2FBE98AAA97224F8BEA39B47BFD14A8CD03320DA2B676E3AA397E652E30A42CE2987B7DA1EF7F75242413800A04C0
310
270C62A13372400B435ACD84B8B5009208F5AC73EB149FFF3508E21C2201E0338BE07E50EB47E7FF6D97724A601028C5519073E7978EC88834410450E074DD58AD13A4900103A6444A9CB99103229F0EF8C0C78161EBC68137240734CDCFC349807851E0EB46CE864D2E405ED341B71A390CF2DE20CF5193189E1901E866D0
310
230409684B193D17E2928534D04240937D3C84477494FC5E0FE0B448E35AFC19007926C1C6A6E622FDB8A12E30993C6710E070397C4B26304C0AE38218D19F01FFB15BAE1C0E7E74DF75F2406E373C414E848FF8E500EFAF3C1029C9C0ADAB2313A7426CA9B2C1B9E30032C84EF31A09A88A386F136E8C2F1D582EA0459207
310
015F10F1F001F0B1B7DF7222011EA2001F00BFD36BAEE0850928B08C077030FE3806C880EAA74BCE0863A952812E6008B3A89199C1EE918AF96AF583F1A073B0A355B9D861AF1460DCFB3BFC6B7EFDC834B09700CBED3510E48DC7129041C991F06BA5006CA6B5B34EE21501374E8DFC910042036111EC9C7CFA1C05D48A72
310
70F7F835BF04A4194DA4CF76CEC66718C84CD020D04C412AC848F03E3C61A1C8D50D0EA6838A00376054D3DF61A0E393E1F8B058A6C994093476D601A4A06F0CFD3C0A6BFA910E75CC10400A80FDA93AC9B5EA4303F6C0D188B559086091CC5910137772E14F2376D03181B5CFE74C0EA38440D0AC256D6C4D104CE05302FC
310
C00B60B9CD4D71E08BD40C144A025E60D4C1F45FE846A2105D717EEA84808A5DD90A168E133640311CF05DD870768683F5D2F1800F485AEBE5CABD8FFA3C0BEB33702493AEB551B1EB035EF5C8E5757FA7832141F88E8578A363802B560007AF93D7D470B478C4D00B412D634C9140C4F9275C00DCE8DFE3C7F8C0AFBC5B2C
310
E82E3C3BDF393D4375D50C43CD1C17E3777CD2C170725B7B42B41DF15BFC344DAD089C1E9118522B4A2C60B794E4E8F33081BB7C8CFCEEA0B2015E49D586429C6C78646180B7710E06018A3082243C275F077FBE412C17DE80D3E6B9462C5204C5D980D1DF84A864401C483CD01B143F4A4868087A0F780F37230200A4FBF6
310
AED325114C367C22512750A5C7C3E32D545CE20A0904183BA10015DCAD89864B3E1EE97EBAE8B204266A48E010511838E2FE413FB116E60880C2D8440AC3880DDA6DF6618C138CF1CB2A09637E18D00F80CB0DC05322E31EADB8081C29410903F06BFCDF5AB46024E4A75828056440503C707856EF0C037623DD4922A400E8
310
A6BD75E4D2800905F18450A00CEE88860C8964C7B3F90F56528BA18F71CFBBBCD2D05797E168FC37DB26DBE0DD2EAEF39686C18440820013C1444055402A541400DD362A0A402F1FE51246404E098249FEE30708C10CA0B54601053159480C00BAA9B1223A773234FE72FD5C3BD81804D8D196FE3D5315A0C981D88D04FA01
310
DFC185CA93F9120E1F480B08063364A0A318F08DF95056E4C91F1150D31B011200383502E079EE43CC18603AE2F88FD139C802A739F208E88D06DC78267C448C27C4113C19B0F51B0E9C1C021CF8F9167C6B1F2E10E461002910105D1042792D1CA303F469714C018C23D72179E165049C40E801CB96CF334562E5807291D1
310
E0C70FE6CAD91656715F0E5C5E70F8D7F83290549B1BAA6F781D25180EBCA93EC84E72A74081CE3020789B3790E1A9E478E658C099BECFF01E530E80EC5FE31204ACFF70AF8177A03059240CD074978A002A878BF883FEEC81DD684E406CA630ACFDE87292822A11953710F000885D6F68A67ED40CD772B0828359B753F7CE
310
23D9479AB9845771B389D6A77130F8C134EFC83947392029B10E4425440A84AF0E54825228FC1634D369874739C837A9DDC83C20D320C36042610ECDFA750303710224D01202488012CA847424F8D53F78AB6BECE9B3B35A7F32396AC6B7444566327DBB4DF06FD9616744F4D3A397EB3B0A3FBA8D763702883ED742FE5CD2
310
4146D8E353ACCF811C806AE09914D8446E93840FF4D6C963FF32BFB6AB015D1D3B0C9A0968776F021F21404B6260CF84A14F35180CE20B5E85BDA2EC91FD5A7DBA7E5705F4F0F97AF26CE18E3BA078138202400A62930FA6CC7882F911A92F33E547E64990B0F27323D73B6222863F86425153FA8009361C675554C25382CE
310
148420C8DCC47A20122806CA178A0918C14CBD33440289078A00EC6070184CA9907FD0A1270478E0B325B67C2193694EDB7DD0F3C238447C8A11485562FB4902134E6AC952FD5320A4F7C780882DA9684285CD81D278C0E8FF8DEC9F45D22DC3C2CA99C2728110888799575B6834BF22B0F01EDE72D7F21B672C40F0A97299
310
9E2200B7C91403F9BB3D09C01990819238CBAE5E7510D7D57450507E3DB04AAA0A3C280064E0775380C8C16EEA4834346A04BF0CE847B4B3AF760D06D24BBB267C32E2C9257DE5EB748AD101AF1FD33265E2B674EED8C01A0AC901392211011AC810560F77778E85B13BAFE3E25C95B70919A4862C15928BD8989664AD8638
310
101D009A80F00BDC41AF27602A4BDA0C077E550048E7F1011410F01405045E1C140B4D0E70E0F6E034171C3D6FD12004FCC1FA304312518910356628A4A326EC9ADF5DFFD1B2C0399503F14B4F8E3E0E4E39A06ABCB56A8014687E86E462BDDE5124615ECDB412B7314F62E6E0C76ADEC0F717B360E741960104CF1706CFA1
310
8E0605004B01AE007869B095ED92144A807841EFF2811C047889A04901C809062057192688C92346F97F279449F89B113500BAD282D1DA80A55C27EFFE02C8D4F395003F285B617BBF0831F49B055342DDDD414378E8888E92C16789F269A27C9A221FAA4A0DFDDB9F935B2ECC04DC51481558A69301E0460B02665AC4DD30
310
C03D480866C3409400051811876014C0F294C542821AB045011A3E3F09001FF304E3A0BED05CC11A811B865001769507FC01ADC611F400CF68C7B093606E30F3C7E0F00C1D10C31951C1E2D7252181DA00345842A19130715C736EC9ECE686A712FDB31E4D3E50AB336E5666D7B212C0113C4A4406029709B43D0228F3FBAF
310
49921B19CA0C82A2D5BC4A2079809240F37D3E10F9637607C3983F0458508A98B8B4EFC92AC13530180CF55359500080061DF59B98BB3FEACEE881DC8127F182A885A86FB12B43C590A4380504E32305E3148BBEEB2D2782029765428092545BA5C2C681FC5F8E869C0EE1034A822FF09A12C94084505AA868080303473F81
310
61F7AA0A6610745E280BE4427FB770106F8800EADABA19F453210435BDB2348471B13B65F2FCB554827632C4C44467333E4127095D22092ED492009930413251B5408345065065E415266E20279A40B3F520370BE2050C8360E6BB4601C1673B9BFE007EF5200B6483CD195400A783E6DEA0653515B0FCE8E86D1618FC1EFC
310
15C2E727F24F2A2DAB57326D8D0877D4E298894E7A0C3C7D9CE8A0E2D17AA2020FA1097D6372F2A9F955060FDD467AD0426368C24A8340FD0D6687A76316DEF5179ED9042005A2BF02A5DD810A4DEFA4A8F700EFC50FF4FB8C06410F0303C106ADF8852ACC6A2CA9046E9ED070739339857222CC009E206479886EA26227BF
310
7A341A15C351A8404A6C10080A2140FA4B4E8D9B9A11645899332363FD69887F436A660566964250FD752E787B64BCF8E6C8190DF8EA0C854C062D8A5A1346F810414313E606ECA0AC3A01D6928544029D5F42E202C0CB386F880F7842A31287061F32F3CBE09F2950783394F2F2B23D85386C6F51943E99DD10C8A0000BA9
310
569A14805693274BD0E4F4DC3F28E331EEA91C4F33ABE057889BFB92819187840A08E57A276A8BFCB75B0342668C70C565C8059996D209C2800941A21FB82B2F520BC2E6FE6F1A8827043DE17000DACC8193E78BBB8DF1467978C06F6AFE986123E3A95272CAC122046F4C65C4B88FED2F1CD1D918F7CDBF8903BF1A90057D
310
42F4DC133AF804ACBB58446A0DB78806FC053FA1E45D0AF1112613CC0DD976C5E70AD3282F42725C0D02AC8588DE451B1C01ABF063E7748A3882F0DD484BB78D037F9812240EB88B6034C0AD53E5116D4C6D920C6A89F084E6D0598AD7EB6930CC7B293E27A666E5CDFE9A3FA52FEB3C97976FDAAE9A60008FCA6B33099CF9
310
880D35D419FC687D424378E3099441E110C5B3C6DC311E6653514A67A530D863326C4D8430E0C28024803B5B069B0E60C10EDB6DF087034171DF01F1F3404B27B1056D8C0E56E7CA6056E7798147BE4C2F01CED5987E413AC6A724876DE3F599E0601CE7B9CEF3BEB3671E12DCE8AF9631B8031D3F360B6955DC2342B2A0E4
310
632A00264C0DA002220CFEC3E10D9BADC8904D88DC51928593AA16C91DF6FFF82B3234404C7214D0F8608E0052283EFB2B0563F1D072936C4017706010BCF1B16CDE0C1FA9C777E44E1F5259B0C9BBC8794A82A6C182A3AF56B16921405351FDDC91B5BAAA617860E8D76C97C377FE701A4EB4378FA97C2C8E3CC8950886C6
310
FD93AF70A1F5F676B7ED16CBC56AF5D09110EEB8607CC08A795882358280DDB98AFFE7087C6EB593D62F041CDB4018935238E73F1098100D0C8769818F777057F64C703C6530E142FDF5C837AE1CF66C94C4887D3A3726AB990DEA248F73B5D32C8E04F6714B1E67C53FC52040252E605B322407CBF8C7F05453462A295ABF
310
4D95592DDD76AC23512E9A2DF964715C80DD752CA8E263AC36F02C3C28A133EB22AC8D099BDEFDE28C3E8FFEE3815D5D00C17C00511058354D62443C1A546280E43572A9C661A34FA5891F8E7570608C8DF21DF51DF9D2A84D4501F41B8CD4F4C9DEB2F901E810C0E4CEB6EC08DFB06341C864CF8D0EEE779A606545E1E64A
310
AF30A4324C20FDD3BD558BD966BA994FA915CD162B1978642AD01694E533EC190368A68234657085B5F88E27A0805E04B8BB6A00A51646EE3C10A50FF007FF410F1963CA69BE2002F0F902E701AEC995FD41F83A3F0C3809A3288A083003A6CC2A20E6D703EE48E3777AC07ADD51EB6101603A9FCF17B3D5928F6D742EE7E4
310
CF38AE2B03C5FB39C81D7B2978FAFE85AF3D2710B0582C970F0FEB0E4D1103B8BE2B4D560CA10002FC8F334C891C07B44FE06B2E3ACE5E1E2D1FC32203110ABF9CA0E8381F68EC3C06701328E5A38278A5FCD944CEA5283DA933DF2A2448BD23F1C5D8BE04CC2DC3B43B3EEC29F8B5FF926D11D3E97EBF7FA1BD1E5E5F5FE6
310
D3D972F548547783146ECD84873F377C5820F7F9FCE5E07378D6CBCB7E036DF7F7104079A05B77C6942D1BA95D47424BFC3DB6411009A42E207871B7EE9B06614BBD20F22F7523FB985F3F7068E37600273A3ED0C1CCC380F6EC4AF01CC1CF95E4848B7BF950AD14C44F10460221E02D21D01DAE800F323704C00035DFE97C
310
B37F797D3D1C0E4FBF35EE1E5E9E0E879FBF3DF6F474780A01FB3DAF01FE0C0798218007C2090A3008BA7682A338F4A8804A06CBFE6A80CEC766F49853F15B2F45FCEA3F8250012841315016E75E797EFEEC4ACA6C79F515CF1738F7C36E2406071051043817C9E8C5888D49D0332E800062FF54FA562BF7446CC0BFDFBF86
310
03D1FEFCC9F7FFB5A7F000430755C2D3F72F2D02A022820897ABDD44594475BDCCA4A10AF34C06B08B4AB58BBFAE30999DC66C7CE903A83CF8EB006EEEAA063430F84B05F0ECF644825F5E95073870E72A0771AB89B080022A0C5A9FAF34C89286257FB7BEA000EC65B59750C68E0815B0D9834B15606328F80709DE09018A
310
C2A7817F83F96DB3D562C10A0A31300230CD4200B87F85808BAF64D04600254047F9C14DE93464009E7F5AABB4FDD6D55142A2C0BF1541FCE19C20C899BF4F76AB54B84CB97F88F48ECC029FD253F0C70DF4816B9AC94BCBD653B1A283C4001A0337955E4AFED3FB790B6B1F5EA0B5514074103A38D84280EE0F5F9BE974EA
310
B2D16AB1EA969684B6E4166CA28264B300474C7308D20013B204A65F82970718D05678B3315D442E1C0A327E2F56556040C005D2FAB1326A68A07507C9E46A3648555A7080F5F50219A00E6222E3E0862CE95B5680930530742F1D041805E69B788161F015944D041182B861A2C17F3AF01CF5BFDF6C343F9171F5B004BF59
310
C016719164B888EA206A02AD05E8464D06B48E4381A0E9345FD171625AC22198F57C003BEA5510F81FF78D31C9B033D0030000000049454E44AE426082504B0304140006080800533ADA5851464CB48900000043010000360000006662782F38423830414439352D373542332D343033302D393941352D4441443733464636
310
334436342F6469726563746F72792E786D6C9D8F310EC2300C45AF127987122606C71DD918B841D4B851A43646695A717C52A85029031293A5A76FBF6FACEF7DA7264E43906840EF0FA03836E242F406C6DCEE4EA06AC22492573150D1F66C60C640E8938CB705396EEDD86DE9B5042FE27813D640EA63BB001C722AF6E55C
310
B61E4863F58284D5D3F53DD715CE1C3985E63FD7F1B7EBDD617E9F1E504B0304140006080800533ADA5886036D7B350700004B1C0000340000006662782F38423830414439352D373542332D343033302D393941352D4441443733464636334436342F6F626A656374732E786D6CDD59DB6EDB3810FD1542FBAC9B653B71A1
310
B8F025298C226D51A38B7D13689976B8D10DA494CB7EFD0E29529664D956B22D506C02240E430D67CECC9C198EFC8F2F71849E08E3344D6E0CD7720C449230DDD2647F6314F9CEBC36D0C729F2599AE6B57D064A704C6E0CB16C4CFD3D4B8B4C2D6DC90E17517BF56EFE17E221498881C208737E63F0F081C4D8C2459E6E09
310
7FB4B638C7D67EF762B956B9B12976CF70F6D03A2AC38C2439A80AEB0948511AB8CD3FC1247BEADB624363DBA0DF36EFCC365B1ADE5494263CC74978A4554BCEA09F569E3B5CDE0E461373341C7AE6703C70CDF9DD7C69BA579EB3182F1693D9EDC440537F93A651E5808C245BF0E2AB31757D5BFCA7325FA1D0A577982609
310
09159A5D1BB644C9A584B7316900EB4AD36A0E296DAD2D783D8D3FB1AD17280D951A686BE3F4EF7AF4A69BBF0104DE274A192722CA79CEC0D70AFB321F1CDF2E571B7EA11CC538278CE2084574C3300307C1D6D2410D31225B84282430935ED4F2EABA42605FCEA52E2D77451489FC35A632D302C8479273A919FD87B083F6
310
F5D34027B0B6A0497EAD8CCD5F331031F16DB958FECF1BA87F9640A25D84F7102D60A6D8E40D5A782D0417AC96C6F4F3DDE6652DF8A1FBF08CA51961B9883C99CC2AEFB4076BA105C1D7039412D7A6EF0EA87C07E8BF00F2952EC807CF31FA327C196ADB194EF82E6531780739C874E08783C4C7A34FBE5D3D3C45A8C195A7
310
3085B4FD499836CC689C5D8374EA3F41D0A7CC53C6AD431C414CDFD344E439040A8A525802BEDF6D5E8CE90AC81416E1291C81F5F0EDDBE223825FA51CE09B9687BAE8B787A374C2B4F3ECE0AB4F10338C8695AB1A369EC277F453F09D2DD79FD705DBE190DCABC45E921D4D680EC5B45BA106E88D94FFB1FA2233F2C89EC6
310
AE10CED9A782383AFCB2567E41D231A08AA8C3A56BE4CA3D85748F229C90B4E06ABD8BA8C2344A59B0790DCA1CEE3CEB4F1D04E56190DF22023AC90CAA7BC868264031A6CABC8A09AD034E82075500EE4BA7061B1C3E0A78831018EB3D7A40D462D6165AC45980E3B448047D1F8777DB34CB73E497EB4E06CE64703D198D54
310
C083EEF2009D3F9A1C2AF5C54931CE4E1CB368F84BF18606B2CCA421F065970D21744D451EA4190E69DE1D0D2D337AAABCA5BB5DC181D63B8169696C79EEA8C446FF1C0C90F386D54AA9F3D62AA5021AE33D097658D4C44EFD1A8056C2B5933A91DC4729E734215CF634475CD742D1B1803ACA48D7523BC296F22026397E4F
310
C4CA22D90A5846765100DD572EFADFCBF1AA1554F5F69444D1EBA54920ED7F0D388EB3A8ECEB2E61E00E5A2774E22A9416473C417C06380F9C2D916DFA25E91593687C7B499FBC5BFC097818FEE5F0E8232834EB50552F7BD6B546EE447C5D030D8D47AE37BEAA5C71092D7D582EFA96A8804E2B7C0D9E09DD3FF42341EDF2
310
B3E77012ED021A45451C9435242731B46D382F58AF8C1D039BB40F52CCD04A89DA493B1A4153DD9B6665BFA23B16384C362CA768B6760C184513B8D7F532E4C88ACE2096BE9077587155BBECFFB74BFDCF8C59BFDB3C92D7E7946D3B356DB61EBA6BD34D86204C55132BF74AC953BF9E7EB1BCEC5CC661A88528862B6F162A
310
421879A26298216F4D9D770EFE8CF310A8742D7F9B73C8882DD91EFA908638351A31A670A896A67BDBFAED08E84E149046B3B612941AC384020BA6BD171FA2EF185C0DDD22B755276497EB2B51DA2C18C61CF43823EBEBA7754B0AACF47EFA9BC0883CB724A8D58568FECE88FAB13AF4B82D09CAA21FAB338FE70F45BC4930
310
15B5518405DE661F3ECAFBE78D0D970BFB7A7EEDCC96939179359AC3BCC3F11C7332998DCCE56C79E5DDDD8DBDE5786833C2D3828584DB03DB0974B795257B1D1825747D6E213089B87C5DD4F1DC76F0FFF81612A51B7C2A167FD74B48D5F08996AC958B7D2F219D44BD79DB8DC13D22EAEE22F6A65EBB9C2FE8003F5FB680
310
8C74BDEFDF5C68D1BAC277EB5CAB886F2CBC27EF37BFBCC63408BDB33E347674517E938B615ED551A5F48D58F2DA7CB1588E26B73373B15C8CCDA1B774CCD9AD373627B3E568317667A3F9ED6D85B8AA857DEBCA6FC1A15AD9DAE80D26C83C8D280CF2C916ED490A77209854F4E05716132EEF36D000A832AEDF22F478FAA9
310
9CC3E67813E9A7C3070CC3EC4855E42284412ADC3B6E0CB58EFE80D1A9985ECA8196F508854745BB810A466F0C08819C427DB136300293034729BD35E204B7E1642F6E4DE553D5DF87C7043A102B07BBAA3D7D70519635A213C609997CB7006CA71B92F79BAED54138878F9B22AF8C392C1CAC5120E89708A57130297C54F0
310
BE00F19CB7CBB5E49E0624BDA6F967E3A0946AE698EDE548BE86F76CF9CD16D3F4D5579445C55EB8F35CBD6F4832459F1115E5E0CA87C050666658DCC4171FEC6F2C85D75231BAA31004F6228DE334517FCCD46B2DB47E8097545B5B0F08B93DB465BBA3DE00C0888B130B6FF9232C8047191563D412D986DF2B56AAF95D3B
310
42B8001E6BEC5F2D91E2FE5AE75AEF58052A72FC8F207FC46B1F912DF50DB55925A40068558E74AB0F7AC1B719CCCBA7FF02504B0304140006080800533ADA583C16207CE2000000550100003C0000006662782F38423830414439352D373542332D343033302D393941352D4441443733464636334436342F7265736F7572
310
6365732F322F636E782E786D6C4D90CD6EC32010845FC542EAD180DD28B5224C5E22A75E220A1B1705588B9FAA7DFB4242A59E7635F369353BE2FCEDDDF00531590C2B99282703048DC6866D2525DFC6850C67292262FE879121280F2B693291628B58F62E19B8A9E29AEA6CB877915F370810ADBEEE612383762AA59524FD
310
095E5155321A48776A545674A2111296A8A19EC8D6433FA123A80C86C899CF87911FC7F978E16FA76939BD2EEF8235528A0F44D7791B3244DC5F66AEB1AEA126E28235408A126DA7DA1BD5F88B476B3CC1AA2D45CAB176D0B1FCB357CC7AB5017B204F570AD69EACE3D1409DAD10F90B504B0304140006080800533ADA58FF
310
15A4A45D000000800000003A0000006662782F38423830414439352D373542332D343033302D393941352D4441443733464636334436342F7265736F75726365732F636E782E786D6C4D8B3B0E80201005AF42B6F75B59F0390B113044D83508C6E30BC6C26AF226F3B8BA6360974DA7271430F523308B2B198F9B80925DB7
310
00539227A2FCCB80A18E5640D320F996A81C9F32D6E9129A0D1EF74FCE750E6D57BC7165FBCA07504B0304140006080800533ADA58FD25E07F4301000056050000300000006662782F38423830414439352D373542332D343033302D393941352D4441443733464636334436342F636E782E786D6CCD94414EC3301045AF12
310
5962993809A84495E34A2C38010BC4CE71A6C1D4B1237B8CE8EDB14BDA8250058B4AEDCE1A3F4BFFCF7C0F5B7D8C3A7B07E795352DA98A926460A4ED95195A12709D37245B71E6ACC56F18C98C18A125A94C381B9C0DD35CEA612D824E55ADCC662E0A44A7BA80E04926B5F0BE255EBEC2280A11D0F6E037452F501455E1C0
310
DBE024C4F7A84698DF4B0702A127BC2EEBBBBC5CE4F5E2A9BC5F56CDF2B6796134919C75D6EA995706C1D9E9A62EA58D4713E5948C2680B3E0D44C250F841FB5159D328CC67BCE7CD46B8699C3ED94B869D24A0A8C8DA25622601E211023A35F30673439FEE1FBF1E1F9A8219E7AE540A275DB8BB5A13AD58683B42226E27F
310
5DD8817F99B7DD5BB47CB9B99F343C0B3B9BDD7D727D8CEEEF24C43C0933E86BFC000769E7CF7F5C2CA8E4359ADE2B3B9367BA5B8171F06923F24F504B0304140006080800533ADA58B3C19FA97E000000A30000000B0000006662782F636E782E786D6C4D8CD10A832018465F45FE7B3787590A6618D27BC4B290990E9763
310
8F3F1D5DECEA83C3778E1C3EBB476F9B5E2E861E6E1702C8867B5C5CD87AC8C78A39A041C914E3F1770314E6DDF6503128B9A5989F275AEC3A675FA977E171423E72A28D60B86323C50DA1040BA11936DA74749A5A6ADAA618D7AA94F9F5CAD6BCFA02504B0304140006080800533ADA58A6D797065F000000820000000700
310
0000636E782E786D6C4DCB3B0E80201045D1AD90E9FD7516806B51190811670C8A61F982B1B0BAC9C97B72CA7B1037C6D3332918DA1E04D2CAC69353902EDB8C20262D23F3F59B81A079470595414B17391D1F19B4730A5583A7ED43BBE4025D9592775E5ADFFA01504B0304140006080800533ADA58ECFD112DA800000026
310
010000130000005B436F6E74656E745F54797065735D2E786D6C7D4F4B0EC22010BD0A61DF525D18634ABB506FE00510A79458060253536F2FD89D5197F3FED3F68B9BD80362B21E25DFD40D6780DADF2C1AC9671AAA3D677DD75E9E0112CB5A4C928F44E12044D22338956A1F003333F8E814E5331A1194BE2B0362DB343B
310
A13D122055543278D79E6050F344ECBC6478EDCD76CE8EABAE5449AE4298AC56946789C28AAFBEABC53F3EAF09A84A1441B91F0101CD4780756578C173A578FFDDBD00504B0304140006080800533ADA583DEE336E64000000790000001B0000006175746F6465736B2D64657369676E2D7061636B6167652E786D6C35CBC1
310
0E83200C00D05F21DCA56CA76D41FC96062B120735B69A7DBE268BB7777961F8D5AF396893C2ADB70FE7ADA196782C2DF776D7A97B5933C430F15651E5469C55D70F80A4992A3ADC954792C525AE70A1E4D6AD9816CC044FEFDF01FE3FDE907802504B0304140006080800533ADA589B9AAE7BF40000008E0100003D000000
310
6662782F38423830414439352D373542332D343033302D393941352D4441443733464636334436342F7265736F75726365732F322F636F72652E786D6C8550CB6EC32010FC158B3B7E808DDD0813256EF3053DF58680382831583CAA7E7E2176A5F6D4D3AE66676677871EBF9647F1A99CD7D68CA0296B502823ACD4661E41
310
0C573880E2C8A8B336FCA281C2F0458D20C380D1D9D9B8EE90B02628935163A5DA41EEBD0AA0108FD48CC08B9B5A78C963480C7F2F572EEE7C5665536E3C4663D472976A99DCF4552B07D8CBD4A07EEA3B88DBB757D8766482274C3A78BE10326174BAD4674CAB2C6634E8E567BB708A07250143356A614D2022EF757F6886
310
031E3E6895998CFAE0D2CFFBD2FC5DA2D36A43FFB8C555FEEF16B50918ED6E9BC203D6A4E39E0346AB9C4E2ACFE852CD49B26F504B0304140006080800533ADA58CF565ED6F8000000960100003B0000006662782F38423830414439352D373542332D343033302D393941352D4441443733464636334436342F7265736F75
310
726365732F636F72652E786D6C8550496EC3300CFC8AC1BBBC6F0D640589DBBCA0A7DE04997184C492A1A5E8F32BC52ED09E7A22319C1992438F5FCB23F94463A5560314690E092AA127A9E601BCBB921E9223A3466BF78B0689E20B0E1061607436DAAF3B24B472A822AAF4843BC8AD450789788466002B6EB8F0947B1718
310
F69EAE5CDCF98C69916E3C46BD97D32E95537093578906D8CB5894DDD835A4AADF5E49DDB42339556D43CE97B61DABF274C9CF15CDA2985127979FEDC2207738012BF3B226794BCAF63DEF0E457FA8FA0F9A4526A3D699F0F3BE347E07CCA0D5DE08B434DBA67F5CFD3AFDEFEAA57255B9BB6E0A0BAC08473E078C6631A550
310
9E11861A1365DF504B0304140006080800533ADA5829323582F2000000B1010000310000006662782F38423830414439352D373542332D343033302D393941352D4441443733464636334436342F636F72652E786D6C8D504B6EC32014BC8AC51E1B1B7F234CE4C8CA09BAEA0E01715062B0F8543D7E2176A57697D543F366
310
987943CEDFEB33FB92D629A34750E60864527323945E4610FC0DF6203B53628DF17F6820D36C95234830A064B1266C07C48DF65227541B210F9039273DC8F8333E46E0F85DAE2C67C147867BE41BE30FB6C8BCCC771E255EADBF526E25F352005AA1AA86A88555FB81BA53D99F70FF498AC4A42404250E2B25A2BBBA296901
310
ED2F3D9AE6A1815D73C1B04618C161981A384F7387AFD716CF6D4D8A24A6C4791B6F3E3E49D7BD2BDF85FF32874DBC9159698FABC370573840CB98E7B5A0A44805C6F16A37CE5436FD01504B0304140006080800533ADA58A21A159A54010000DD0200000C0000006662782F636F72652E786D6C8D52CB6EC32010FC158B3B
310
7EC749234C94B8CD17F4D41B01E2A2D86061B0F2F9053FE4FAD0872C6134BB3BB333029D9E6D130C5CF742C91224610C022EA96242D625B0E60E0F203861A49532DFDA402049CB4BE0618051AD95ED66882A69B8F4A8548CCF20E97B6E40401B7729414F3F794B42628DEBE81F6147E883D43C4CC2A90F236B059B4705736C
310
E22EB806F8A54AD27DB5DFC12C7F7B85F9AEA8E0392B76F0722D8A2A4BCFD7F892A1C80F636444BBA853CD89E10CE0344E731817302DDEE3FD31391CB3C3078A7C2746BDD1CEF32CEADD017CBF3D5134E11B3EDBB1BFF9AC90264B67BE69A2073871EB8D058C229F8FFB8DE16D3374C22E3F436ECD62E1E1A08153A374EE2A
310
4CD9B53490C672471D07E387A2A9EA9847829F78D25F787EE770411159BBD58871D79B355E7DBB53C7351CCC33904AB7A459979B565CCF5568636919A7AA51FA3FD38BD525CCC83F4CFC05504B0304140006080800533ADA586CD1E90908010000B201000008000000636F72652E786D6C8D50CB6EC32010FC15B4776CFC76
310
234C94B8CD17F4D41B35C445B1C13210B57F5F885DA9BDF5B468667667187AFC9C277497AB55467790250490D483114A8F1D7877C52DA023A3AB31EE970C90E6B3EC20C2C0E8B81ABFECD060B4933AA2DA08B983DC5AE9000D53787460870F39F3847B1714F6962C7CB8F1512659B2E918756AFE591D56C99D14C072929798
310
D438AF5F4973C8DA43D1BED1342A19F55E89DD4A89E0AEAE4AAEC09EFA2C6FFAA6C245F9F28CCBAAEEF1A9A82B7CBED4755FE4A70B3917348DCB8C5AB7863FEF47424E872CBF475F9A6E14A3EFC64CBB208412C8E8E90B18A16924FE84F68BF84768A55D91EF07B70D0B2C0B811E44308E0D86F1A837CCD836FB06504B0102
310
1400140006080800533ADA580000000000000000000000003700000000000000000000000000000000006662782F38423830414439352D373542332D343033302D393941352D4441443733464636334436342F617474726962757465732E62696E504B01021400140006080800533ADA580000000000000000000000003500
310
000000000000000000000000550000006662782F38423830414439352D373542332D343033302D393941352D4441443733464636334436342F76657274696365732E62696E504B01021400140006080800533ADA58F270F13306000000040000003600000000000000000000000000A80000006662782F3842383041443935
310
2D373542332D343033302D393941352D4441443733464636334436342F747269616E676C65732E62696E504B01021400140006080800533ADA58B5A795FFE3790000DE7900004200000000000000000000000000020100006662782F38423830414439352D373542332D343033302D393941352D4441443733464636334436
310
342F7265736F75726365732F322F305F67656E657269632E706E67504B01021400140006080800533ADA5851464CB489000000430100003600000000000000000000000000457B00006662782F38423830414439352D373542332D343033302D393941352D4441443733464636334436342F6469726563746F72792E786D6C
310
504B01021400140006080800533ADA5886036D7B350700004B1C00003400000000000000000000000000227C00006662782F38423830414439352D373542332D343033302D393941352D4441443733464636334436342F6F626A656374732E786D6C504B01021400140006080800533ADA583C16207CE2000000550100003C
310
00000000000000000000000000A98300006662782F38423830414439352D373542332D343033302D393941352D4441443733464636334436342F7265736F75726365732F322F636E782E786D6C504B01021400140006080800533ADA58FF15A4A45D000000800000003A00000000000000000000000000E58400006662782F
310
38423830414439352D373542332D343033302D393941352D4441443733464636334436342F7265736F75726365732F636E782E786D6C504B01021400140006080800533ADA58FD25E07F430100005605000030000000000000000000000000009A8500006662782F38423830414439352D373542332D343033302D39394135
310
2D4441443733464636334436342F636E782E786D6C504B01021400140006080800533ADA58B3C19FA97E000000A30000000B000000000000000000000000002B8700006662782F636E782E786D6C504B01021400140006080800533ADA58A6D797065F000000820000000700000000000000000000000000D2870000636E78
310
2E786D6C504B01021400140006080800533ADA58ECFD112DA8000000260100001300000000000000000000000000568800005B436F6E74656E745F54797065735D2E786D6C504B01021400140006080800533ADA583DEE336E64000000790000001B000000000000000000000000002F8900006175746F6465736B2D646573
310
69676E2D7061636B6167652E786D6C504B01021400140006080800533ADA589B9AAE7BF40000008E0100003D00000000000000000000000000CC8900006662782F38423830414439352D373542332D343033302D393941352D4441443733464636334436342F7265736F75726365732F322F636F72652E786D6C504B010214
310
00140006080800533ADA58CF565ED6F8000000960100003B000000000000000000000000001B8B00006662782F38423830414439352D373542332D343033302D393941352D4441443733464636334436342F7265736F75726365732F636F72652E786D6C504B01021400140006080800533ADA5829323582F2000000B10100
310
0031000000000000000000000000006C8C00006662782F38423830414439352D373542332D343033302D393941352D4441443733464636334436342F636F72652E786D6C504B01021400140006080800533ADA58A21A159A54010000DD0200000C00000000000000000000000000AD8D00006662782F636F72652E786D6C50
310
4B01021400140006080800533ADA586CD1E90908010000B201000008000000000000000000000000002B8F0000636F72652E786D6C504B050600000000120012002D060000599000000000
  0
XRECORD
  5
27C9
102
{ACAD_REACTORS
330
27C8
102
}
330
27C8
100
AcDbXrecord
280
     1
102
ACAD_ROUNDTRIP_2012_MLEADER_STYLE
298
     1
  0
XRECORD
  5
27CA
102
{ACAD_REACTORS
330
27B7
102
}
330
27B7
100
AcDbXrecord
280
     1
102
DISPLAYNAME
  1
Imperial24
102
FLAGS
 90
        0
  0
CELLSTYLEMAP
  5
27CD
102
{ACAD_REACTORS
330
27CB
102
}
330
27CB
100
AcDbCellStyleMap
 90
        3
300
CELLSTYLE
  1
TABLEFORMAT_BEGIN
 90
        5
170
     1
 91
        0
 92
    32768
 62
   257
 93
        1
300
CONTENTFORMAT
  1
CONTENTFORMAT_BEGIN
 90
        0
 91
        0
 92
      512
 93
        0
300

 40
0.0
140
1.0
 94
        5
 62
     0
340
C
144
0.25
309
CONTENTFORMAT_END
171
     0
 94
        0
309
TABLEFORMAT_END
  1
CELLSTYLE_BEGIN
 90
        1
 91
        1
300
_TITLE
309
CELLSTYLE_END
300
CELLSTYLE
  1
TABLEFORMAT_BEGIN
 90
        5
170
     1
 91
        0
 92
        0
 62
   257
 93
        1
300
CONTENTFORMAT
  1
CONTENTFORMAT_BEGIN
 90
        0
 91
        0
 92
      512
 93
        0
300

 40
0.0
140
1.0
 94
        5
 62
     0
340
C
144
0.18
309
CONTENTFORMAT_END
171
     0
 94
        0
309
TABLEFORMAT_END
  1
CELLSTYLE_BEGIN
 90
        2
 91
        1
300
_HEADER
309
CELLSTYLE_END
300
CELLSTYLE
  1
TABLEFORMAT_BEGIN
 90
        5
170
     1
 91
        0
 92
        0
 62
   257
 93
        1
300
CONTENTFORMAT
  1
CONTENTFORMAT_BEGIN
 90
        0
 91
        0
 92
      512
 93
        0
300

 40
0.0
140
1.0
 94
        2
 62
     0
340
C
144
0.18
309
CONTENTFORMAT_END
171
     0
 94
        0
309
TABLEFORMAT_END
  1
CELLSTYLE_BEGIN
 90
        3
 91
        2
300
_DATA
309
CELLSTYLE_END
  0
XRECORD
  5
27CC
102
{ACAD_REACTORS
330
27CB
102
}
330
27CB
100
AcDbXrecord
280
     1
102
ACAD_ROUNDTRIP_PRE2007_TABLESTYLE
 90
      512
 91
        0
  1

 92
      512
 93
        0
  2

 94
      512
 95
        0
  3

  0
XRECORD
  5
27CF
102
{ACAD_REACTORS
330
27CE
102
}
330
27CE
100
AcDbXrecord
280
     1
102
RTVSPropertyOp0
 70
     1
102
RTVSPropertyOp1
 70
     1
102
RTVSPropertyOp2
 70
     1
102
RTVSPropertyOp3
 70
     1
102
RTVSPropertyOp4
 70
     1
102
RTVSPropertyOp5
 70
     1
102
RTVSPropertyOp6
 70
     1
102
RTVSPropertyOp7
 70
     1
102
RTVSPropertyOp8
 70
     1
102
RTVSPropertyOp9
 70
     1
102
RTVSPropertyOp10
 70
     1
102
RTVSPropertyOp11
 70
     1
102
RTVSPropertyOp12
 70
     1
102
RTVSPropertyOp13
 70
     1
102
RTVSPropertyOp14
 70
     1
102
RTVSPropertyOp15
 70
     1
102
RTVSPropertyOp16
 70
     1
102
RTVSPropertyOp17
 70
     1
102
RTVSPropertyOp18
 70
     1
102
RTVSPropertyOp19
 70
     1
102
RTVSPropertyOp20
 70
     1
102
RTVSPropertyOp21
 70
     1
102
RTVSPropertyOp22
 70
     1
102
RTVSPropertyOp23
 70
     1
102
RTVSPropertyOp24
 70
     1
102
RTVSPropertyOp25
 70
     1
102
RTVSPropertyOp26
 70
     1
102
RTVSPropertyOp27
 70
     1
102
RTVSPropertyOp28
 70
     1
102
RTVSPropertyOp29
 70
     1
102
RTVSPropertyOp30
 70
     1
102
RTVSPropertyOp31
 70
     1
102
RTVSPropertyOp32
 70
     1
102
RTVSPropertyOp33
 70
     1
102
RTVSPropertyOp34
 70
     1
102
RTVSPropertyOp35
 70
     1
102
RTVSPropertyOp36
 70
     1
102
RTVSPropertyOp37
 70
     1
102
RTVSPropertyOp38
 70
     1
102
RTVSPropertyOp39
 70
     1
102
RTVSPropertyOp40
 70
     1
102
RTVSPropertyOp41
 70
     1
102
RTVSPropertyOp42
 70
     1
102
RTVSPropertyOp43
 70
     1
102
RTVSPropertyOp44
 70
     1
102
RTVSPropertyOp45
 70
     1
102
RTVSPropertyOp46
 70
     1
102
RTVSPropertyOp47
 70
     1
102
RTVSPropertyOp48
 70
     1
102
RTVSPropertyOp49
 70
     1
102
RTVSPropertyOp50
 70
     1
102
RTVSPropertyOp51
 70
     0
102
RTVSPropertyOp52
 70
     0
102
RTVSPropertyOp53
 70
     1
102
RTVSPropertyOp54
 70
     1
102
RTVSPropertyOp55
 70
     1
102
RTVSPropertyOp56
 70
     1
102
RTVSPropertyOp57
 70
     1
102
RTVSPost2010Prop28
280
     1
102
RTVSPost2010PropOp28
 70
     1
102
RTVSPost2010Prop29
280
     1
102
RTVSPost2010PropOp29
 70
     1
102
RTVSPost2010Prop30
280
     0
102
RTVSPost2010PropOp30
 70
     1
102
RTVSPost2010Prop31
280
     0
102
RTVSPost2010PropOp31
 70
     1
102
RTVSPost2010Prop32
280
     0
102
RTVSPost2010PropOp32
 70
     1
102
RTVSPost2010Prop33
280
     0
102
RTVSPost2010PropOp33
 70
     1
102
RTVSPost2010Prop34
280
     0
102
RTVSPost2010PropOp34
 70
     1
102
RTVSPost2010Prop35
280
     0
102
RTVSPost2010PropOp35
 70
     1
102
RTVSPost2010Prop36
280
     0
102
RTVSPost2010PropOp36
 70
     1
102
RTVSPost2010Prop37
 90
       50
102
RTVSPost2010PropOp37
 70
     1
102
RTVSPost2010Prop38
140
0.0
102
RTVSPost2010PropOp38
 70
     1
102
RTVSPost2010Prop39
140
1.0
102
RTVSPost2010PropOp39
 70
     1
102
RTVSPost2010Prop40
 90
        0
102
RTVSPost2010PropOp40
 70
     1
102
RTVSPost2010Prop41ColorIndex
 90
       18
102
RTVSPost2010Prop41ColorRGB
 90
        0
102
RTVSPost2010PropOp41
 70
     1
102
RTVSPost2010Prop42
 90
       50
102
RTVSPost2010PropOp42
 70
     1
102
RTVSPost2010Prop43
 90
        3
102
RTVSPost2010PropOp43
 70
     1
102
RTVSPost2010Prop44ColorIndex
 90
        5
102
RTVSPost2010Prop44ColorRGB
 90
      255
102
RTVSPost2010PropOp44
 70
     1
102
RTVSPost2010Prop45
280
     0
102
RTVSPost2010PropOp45
 70
     1
102
RTVSPost2010Prop46
 90
       50
102
RTVSPost2010PropOp46
 70
     1
102
RTVSPost2010Prop47
 90
       50
102
RTVSPost2010PropOp47
 70
     1
102
RTVSPost2010Prop48
 90
       50
102
RTVSPost2010PropOp48
 70
     1
102
RTVSPost2010Prop49
280
     0
102
RTVSPost2010PropOp49
 70
     1
102
RTVSPost2010Prop50
 90
       50
102
RTVSPost2010PropOp50
 70
     1
102
RTVSPost2010Prop51ColorIndex
 90
      256
102
RTVSPost2010Prop51ColorRGB
 90
-16777216
102
RTVSPost2010PropOp51
 70
     0
102
RTVSPost2010Prop52
140
1.0
102
RTVSPost2010PropOp52
 70
     0
102
RTVSPost2010Prop53
 90
        2
102
RTVSPost2010PropOp53
 70
     1
102
RTVSPost2010Prop54
  1
strokes_ogs.tif
102
RTVSPost2010PropOp54
 70
     1
102
RTVSPost2010Prop55
280
     0
102
RTVSPost2010PropOp55
 70
     1
102
RTVSPost2010Prop56
140
1.0
102
RTVSPost2010PropOp56
 70
     1
102
RTVSPost2010Prop57
140
1.0
102
RTVSPost2010PropOp57
 70
     1
  0
XRECORD
  5
27D1
102
{ACAD_REACTORS
330
27D0
102
}
330
27D0
100
AcDbXrecord
280
     1
102
RTVSPropertyOp0
 70
     1
102
RTVSPropertyOp1
 70
     1
102
RTVSPropertyOp2
 70
     1
102
RTVSPropertyOp3
 70
     1
102
RTVSPropertyOp4
 70
     1
102
RTVSPropertyOp5
 70
     1
102
RTVSPropertyOp6
 70
     1
102
RTVSPropertyOp7
 70
     1
102
RTVSPropertyOp8
 70
     1
102
RTVSPropertyOp9
 70
     1
102
RTVSPropertyOp10
 70
     1
102
RTVSPropertyOp11
 70
     1
102
RTVSPropertyOp12
 70
     1
102
RTVSPropertyOp13
 70
     1
102
RTVSPropertyOp14
 70
     1
102
RTVSPropertyOp15
 70
     1
102
RTVSPropertyOp16
 70
     1
102
RTVSPropertyOp17
 70
     1
102
RTVSPropertyOp18
 70
     1
102
RTVSPropertyOp19
 70
     1
102
RTVSPropertyOp20
 70
     1
102
RTVSPropertyOp21
 70
     1
102
RTVSPropertyOp22
 70
     1
102
RTVSPropertyOp23
 70
     1
102
RTVSPropertyOp24
 70
     1
102
RTVSPropertyOp25
 70
     1
102
RTVSPropertyOp26
 70
     1
102
RTVSPropertyOp27
 70
     1
102
RTVSPropertyOp28
 70
     1
102
RTVSPropertyOp29
 70
     1
102
RTVSPropertyOp30
 70
     1
102
RTVSPropertyOp31
 70
     1
102
RTVSPropertyOp32
 70
     1
102
RTVSPropertyOp33
 70
     1
102
RTVSPropertyOp34
 70
     1
102
RTVSPropertyOp35
 70
     1
102
RTVSPropertyOp36
 70
     1
102
RTVSPropertyOp37
 70
     1
102
RTVSPropertyOp38
 70
     1
102
RTVSPropertyOp39
 70
     1
102
RTVSPropertyOp40
 70
     1
102
RTVSPropertyOp41
 70
     1
102
RTVSPropertyOp42
 70
     1
102
RTVSPropertyOp43
 70
     1
102
RTVSPropertyOp44
 70
     1
102
RTVSPropertyOp45
 70
     1
102
RTVSPropertyOp46
 70
     1
102
RTVSPropertyOp47
 70
     1
102
RTVSPropertyOp48
 70
     1
102
RTVSPropertyOp49
 70
     1
102
RTVSPropertyOp50
 70
     1
102
RTVSPropertyOp51
 70
     0
102
RTVSPropertyOp52
 70
     0
102
RTVSPropertyOp53
 70
     1
102
RTVSPropertyOp54
 70
     1
102
RTVSPropertyOp55
 70
     1
102
RTVSPropertyOp56
 70
     1
102
RTVSPropertyOp57
 70
     1
102
RTVSPost2010Prop28
280
     0
102
RTVSPost2010PropOp28
 70
     1
102
RTVSPost2010Prop29
280
     1
102
RTVSPost2010PropOp29
 70
     1
102
RTVSPost2010Prop30
280
     1
102
RTVSPost2010PropOp30
 70
     1
102
RTVSPost2010Prop31
280
     0
102
RTVSPost2010PropOp31
 70
     1
102
RTVSPost2010Prop32
280
     0
102
RTVSPost2010PropOp32
 70
     1
102
RTVSPost2010Prop33
280
     0
102
RTVSPost2010PropOp33
 70
     1
102
RTVSPost2010Prop34
280
     0
102
RTVSPost2010PropOp34
 70
     1
102
RTVSPost2010Prop35
280
     0
102
RTVSPost2010PropOp35
 70
     1
102
RTVSPost2010Prop36
280
     0
102
RTVSPost2010PropOp36
 70
     1
102
RTVSPost2010Prop37
 90
       50
102
RTVSPost2010PropOp37
 70
     1
102
RTVSPost2010Prop38
140
0.0
102
RTVSPost2010PropOp38
 70
     1
102
RTVSPost2010Prop39
140
1.0
102
RTVSPost2010PropOp39
 70
     1
102
RTVSPost2010Prop40
 90
        0
102
RTVSPost2010PropOp40
 70
     1
102
RTVSPost2010Prop41ColorIndex
 90
       18
102
RTVSPost2010Prop41ColorRGB
 90
        0
102
RTVSPost2010PropOp41
 70
     1
102
RTVSPost2010Prop42
 90
       50
102
RTVSPost2010PropOp42
 70
     1
102
RTVSPost2010Prop43
 90
        3
102
RTVSPost2010PropOp43
 70
     1
102
RTVSPost2010Prop44ColorIndex
 90
        5
102
RTVSPost2010Prop44ColorRGB
 90
      255
102
RTVSPost2010PropOp44
 70
     1
102
RTVSPost2010Prop45
280
     0
102
RTVSPost2010PropOp45
 70
     1
102
RTVSPost2010Prop46
 90
       50
102
RTVSPost2010PropOp46
 70
     1
102
RTVSPost2010Prop47
 90
       50
102
RTVSPost2010PropOp47
 70
     1
102
RTVSPost2010Prop48
 90
       50
102
RTVSPost2010PropOp48
 70
     1
102
RTVSPost2010Prop49
280
     0
102
RTVSPost2010PropOp49
 70
     1
102
RTVSPost2010Prop50
 90
       50
102
RTVSPost2010PropOp50
 70
     1
102
RTVSPost2010Prop51ColorIndex
 90
      256
102
RTVSPost2010Prop51ColorRGB
 90
-16777216
102
RTVSPost2010PropOp51
 70
     0
102
RTVSPost2010Prop52
140
1.0
102
RTVSPost2010PropOp52
 70
     0
102
RTVSPost2010Prop53
 90
        2
102
RTVSPost2010PropOp53
 70
     1
102
RTVSPost2010Prop54
  1
strokes_ogs.tif
102
RTVSPost2010PropOp54
 70
     1
102
RTVSPost2010Prop55
280
     0
102
RTVSPost2010PropOp55
 70
     1
102
RTVSPost2010Prop56
140
1.0
102
RTVSPost2010PropOp56
 70
     1
102
RTVSPost2010Prop57
140
1.0
102
RTVSPost2010PropOp57
 70
     1
  0
XRECORD
  5
27D3
102
{ACAD_REACTORS
330
27D2
102
}
330
27D2
100
AcDbXrecord
280
     1
102
RTVSPropertyOp0
 70
     1
102
RTVSPropertyOp1
 70
     1
102
RTVSPropertyOp2
 70
     1
102
RTVSPropertyOp3
 70
     1
102
RTVSPropertyOp4
 70
     1
102
RTVSPropertyOp5
 70
     1
102
RTVSPropertyOp6
 70
     1
102
RTVSPropertyOp7
 70
     1
102
RTVSPropertyOp8
 70
     1
102
RTVSPropertyOp9
 70
     1
102
RTVSPropertyOp10
 70
     1
102
RTVSPropertyOp11
 70
     1
102
RTVSPropertyOp12
 70
     1
102
RTVSPropertyOp13
 70
     1
102
RTVSPropertyOp14
 70
     1
102
RTVSPropertyOp15
 70
     1
102
RTVSPropertyOp16
 70
     1
102
RTVSPropertyOp17
 70
     1
102
RTVSPropertyOp18
 70
     1
102
RTVSPropertyOp19
 70
     1
102
RTVSPropertyOp20
 70
     1
102
RTVSPropertyOp21
 70
     1
102
RTVSPropertyOp22
 70
     1
102
RTVSPropertyOp23
 70
     1
102
RTVSPropertyOp24
 70
     1
102
RTVSPropertyOp25
 70
     1
102
RTVSPropertyOp26
 70
     1
102
RTVSPropertyOp27
 70
     1
102
RTVSPropertyOp28
 70
     1
102
RTVSPropertyOp29
 70
     1
102
RTVSPropertyOp30
 70
     1
102
RTVSPropertyOp31
 70
     1
102
RTVSPropertyOp32
 70
     1
102
RTVSPropertyOp33
 70
     1
102
RTVSPropertyOp34
 70
     1
102
RTVSPropertyOp35
 70
     1
102
RTVSPropertyOp36
 70
     1
102
RTVSPropertyOp37
 70
     1
102
RTVSPropertyOp38
 70
     1
102
RTVSPropertyOp39
 70
     1
102
RTVSPropertyOp40
 70
     1
102
RTVSPropertyOp41
 70
     1
102
RTVSPropertyOp42
 70
     1
102
RTVSPropertyOp43
 70
     1
102
RTVSPropertyOp44
 70
     1
102
RTVSPropertyOp45
 70
     1
102
RTVSPropertyOp46
 70
     1
102
RTVSPropertyOp47
 70
     1
102
RTVSPropertyOp48
 70
     1
102
RTVSPropertyOp49
 70
     1
102
RTVSPropertyOp50
 70
     1
102
RTVSPropertyOp51
 70
     0
102
RTVSPropertyOp52
 70
     0
102
RTVSPropertyOp53
 70
     1
102
RTVSPropertyOp54
 70
     1
102
RTVSPropertyOp55
 70
     1
102
RTVSPropertyOp56
 70
     1
102
RTVSPropertyOp57
 70
     1
102
RTVSPost2010Prop28
280
     0
102
RTVSPost2010PropOp28
 70
     1
102
RTVSPost2010Prop29
280
     1
102
RTVSPost2010PropOp29
 70
     1
102
RTVSPost2010Prop30
280
     1
102
RTVSPost2010PropOp30
 70
     1
102
RTVSPost2010Prop31
280
     0
102
RTVSPost2010PropOp31
 70
     1
102
RTVSPost2010Prop32
280
     0
102
RTVSPost2010PropOp32
 70
     1
102
RTVSPost2010Prop33
280
     0
102
RTVSPost2010PropOp33
 70
     1
102
RTVSPost2010Prop34
280
     0
102
RTVSPost2010PropOp34
 70
     1
102
RTVSPost2010Prop35
280
     0
102
RTVSPost2010PropOp35
 70
     1
102
RTVSPost2010Prop36
280
     0
102
RTVSPost2010PropOp36
 70
     1
102
RTVSPost2010Prop37
 90
       50
102
RTVSPost2010PropOp37
 70
     1
102
RTVSPost2010Prop38
140
0.0
102
RTVSPost2010PropOp38
 70
     1
102
RTVSPost2010Prop39
140
1.0
102
RTVSPost2010PropOp39
 70
     1
102
RTVSPost2010Prop40
 90
        0
102
RTVSPost2010PropOp40
 70
     1
102
RTVSPost2010Prop41ColorIndex
 90
       18
102
RTVSPost2010Prop41ColorRGB
 90
        0
102
RTVSPost2010PropOp41
 70
     1
102
RTVSPost2010Prop42
 90
       50
102
RTVSPost2010PropOp42
 70
     1
102
RTVSPost2010Prop43
 90
        3
102
RTVSPost2010PropOp43
 70
     1
102
RTVSPost2010Prop44ColorIndex
 90
        5
102
RTVSPost2010Prop44ColorRGB
 90
      255
102
RTVSPost2010PropOp44
 70
     1
102
RTVSPost2010Prop45
280
     0
102
RTVSPost2010PropOp45
 70
     1
102
RTVSPost2010Prop46
 90
       50
102
RTVSPost2010PropOp46
 70
     1
102
RTVSPost2010Prop47
 90
       50
102
RTVSPost2010PropOp47
 70
     1
102
RTVSPost2010Prop48
 90
       50
102
RTVSPost2010PropOp48
 70
     1
102
RTVSPost2010Prop49
280
     0
102
RTVSPost2010PropOp49
 70
     1
102
RTVSPost2010Prop50
 90
       50
102
RTVSPost2010PropOp50
 70
     1
102
RTVSPost2010Prop51ColorIndex
 90
      256
102
RTVSPost2010Prop51ColorRGB
 90
-16777216
102
RTVSPost2010PropOp51
 70
     0
102
RTVSPost2010Prop52
140
1.0
102
RTVSPost2010PropOp52
 70
     0
102
RTVSPost2010Prop53
 90
        2
102
RTVSPost2010PropOp53
 70
     1
102
RTVSPost2010Prop54
  1
strokes_ogs.tif
102
RTVSPost2010PropOp54
 70
     1
102
RTVSPost2010Prop55
280
     0
102
RTVSPost2010PropOp55
 70
     1
102
RTVSPost2010Prop56
140
1.0
102
RTVSPost2010PropOp56
 70
     1
102
RTVSPost2010Prop57
140
1.0
102
RTVSPost2010PropOp57
 70
     1
  0
XRECORD
  5
27D5
102
{ACAD_REACTORS
330
27D4
102
}
330
27D4
100
AcDbXrecord
280
     1
102
RTVSPropertyOp0
 70
     1
102
RTVSPropertyOp1
 70
     1
102
RTVSPropertyOp2
 70
     1
102
RTVSPropertyOp3
 70
     1
102
RTVSPropertyOp4
 70
     1
102
RTVSPropertyOp5
 70
     1
102
RTVSPropertyOp6
 70
     1
102
RTVSPropertyOp7
 70
     1
102
RTVSPropertyOp8
 70
     1
102
RTVSPropertyOp9
 70
     1
102
RTVSPropertyOp10
 70
     1
102
RTVSPropertyOp11
 70
     1
102
RTVSPropertyOp12
 70
     1
102
RTVSPropertyOp13
 70
     1
102
RTVSPropertyOp14
 70
     1
102
RTVSPropertyOp15
 70
     1
102
RTVSPropertyOp16
 70
     1
102
RTVSPropertyOp17
 70
     1
102
RTVSPropertyOp18
 70
     1
102
RTVSPropertyOp19
 70
     1
102
RTVSPropertyOp20
 70
     1
102
RTVSPropertyOp21
 70
     1
102
RTVSPropertyOp22
 70
     1
102
RTVSPropertyOp23
 70
     1
102
RTVSPropertyOp24
 70
     1
102
RTVSPropertyOp25
 70
     1
102
RTVSPropertyOp26
 70
     1
102
RTVSPropertyOp27
 70
     1
102
RTVSPropertyOp28
 70
     1
102
RTVSPropertyOp29
 70
     1
102
RTVSPropertyOp30
 70
     1
102
RTVSPropertyOp31
 70
     1
102
RTVSPropertyOp32
 70
     1
102
RTVSPropertyOp33
 70
     1
102
RTVSPropertyOp34
 70
     1
102
RTVSPropertyOp35
 70
     1
102
RTVSPropertyOp36
 70
     1
102
RTVSPropertyOp37
 70
     1
102
RTVSPropertyOp38
 70
     1
102
RTVSPropertyOp39
 70
     1
102
RTVSPropertyOp40
 70
     1
102
RTVSPropertyOp41
 70
     1
102
RTVSPropertyOp42
 70
     1
102
RTVSPropertyOp43
 70
     1
102
RTVSPropertyOp44
 70
     1
102
RTVSPropertyOp45
 70
     1
102
RTVSPropertyOp46
 70
     1
102
RTVSPropertyOp47
 70
     1
102
RTVSPropertyOp48
 70
     1
102
RTVSPropertyOp49
 70
     1
102
RTVSPropertyOp50
 70
     1
102
RTVSPropertyOp51
 70
     0
102
RTVSPropertyOp52
 70
     0
102
RTVSPropertyOp53
 70
     1
102
RTVSPropertyOp54
 70
     1
102
RTVSPropertyOp55
 70
     1
102
RTVSPropertyOp56
 70
     1
102
RTVSPropertyOp57
 70
     1
102
RTVSPost2010Prop28
280
     0
102
RTVSPost2010PropOp28
 70
     1
102
RTVSPost2010Prop29
280
     1
102
RTVSPost2010PropOp29
 70
     1
102
RTVSPost2010Prop30
280
     1
102
RTVSPost2010PropOp30
 70
     1
102
RTVSPost2010Prop31
280
     0
102
RTVSPost2010PropOp31
 70
     1
102
RTVSPost2010Prop32
280
     0
102
RTVSPost2010PropOp32
 70
     1
102
RTVSPost2010Prop33
280
     0
102
RTVSPost2010PropOp33
 70
     1
102
RTVSPost2010Prop34
280
     0
102
RTVSPost2010PropOp34
 70
     1
102
RTVSPost2010Prop35
280
     0
102
RTVSPost2010PropOp35
 70
     1
102
RTVSPost2010Prop36
280
     0
102
RTVSPost2010PropOp36
 70
     1
102
RTVSPost2010Prop37
 90
       50
102
RTVSPost2010PropOp37
 70
     1
102
RTVSPost2010Prop38
140
0.0
102
RTVSPost2010PropOp38
 70
     1
102
RTVSPost2010Prop39
140
1.0
102
RTVSPost2010PropOp39
 70
     1
102
RTVSPost2010Prop40
 90
        0
102
RTVSPost2010PropOp40
 70
     1
102
RTVSPost2010Prop41ColorIndex
 90
       18
102
RTVSPost2010Prop41ColorRGB
 90
        0
102
RTVSPost2010PropOp41
 70
     1
102
RTVSPost2010Prop42
 90
       50
102
RTVSPost2010PropOp42
 70
     1
102
RTVSPost2010Prop43
 90
        3
102
RTVSPost2010PropOp43
 70
     1
102
RTVSPost2010Prop44ColorIndex
 90
        5
102
RTVSPost2010Prop44ColorRGB
 90
      255
102
RTVSPost2010PropOp44
 70
     1
102
RTVSPost2010Prop45
280
     0
102
RTVSPost2010PropOp45
 70
     1
102
RTVSPost2010Prop46
 90
       50
102
RTVSPost2010PropOp46
 70
     1
102
RTVSPost2010Prop47
 90
       50
102
RTVSPost2010PropOp47
 70
     1
102
RTVSPost2010Prop48
 90
       50
102
RTVSPost2010PropOp48
 70
     1
102
RTVSPost2010Prop49
280
     0
102
RTVSPost2010PropOp49
 70
     1
102
RTVSPost2010Prop50
 90
       50
102
RTVSPost2010PropOp50
 70
     1
102
RTVSPost2010Prop51ColorIndex
 90
      256
102
RTVSPost2010Prop51ColorRGB
 90
-16777216
102
RTVSPost2010PropOp51
 70
     0
102
RTVSPost2010Prop52
140
1.0
102
RTVSPost2010PropOp52
 70
     0
102
RTVSPost2010Prop53
 90
        2
102
RTVSPost2010PropOp53
 70
     1
102
RTVSPost2010Prop54
  1
strokes_ogs.tif
102
RTVSPost2010PropOp54
 70
     1
102
RTVSPost2010Prop55
280
     0
102
RTVSPost2010PropOp55
 70
     1
102
RTVSPost2010Prop56
140
1.0
102
RTVSPost2010PropOp56
 70
     1
102
RTVSPost2010Prop57
140
1.0
102
RTVSPost2010PropOp57
 70
     1
  0
XRECORD
  5
27D7
102
{ACAD_REACTORS
330
27D6
102
}
330
27D6
100
AcDbXrecord
280
     1
102
RTVSPropertyOp0
 70
     1
102
RTVSPropertyOp1
 70
     1
102
RTVSPropertyOp2
 70
     1
102
RTVSPropertyOp3
 70
     1
102
RTVSPropertyOp4
 70
     1
102
RTVSPropertyOp5
 70
     1
102
RTVSPropertyOp6
 70
     1
102
RTVSPropertyOp7
 70
     1
102
RTVSPropertyOp8
 70
     1
102
RTVSPropertyOp9
 70
     1
102
RTVSPropertyOp10
 70
     1
102
RTVSPropertyOp11
 70
     1
102
RTVSPropertyOp12
 70
     1
102
RTVSPropertyOp13
 70
     1
102
RTVSPropertyOp14
 70
     1
102
RTVSPropertyOp15
 70
     1
102
RTVSPropertyOp16
 70
     1
102
RTVSPropertyOp17
 70
     1
102
RTVSPropertyOp18
 70
     1
102
RTVSPropertyOp19
 70
     1
102
RTVSPropertyOp20
 70
     1
102
RTVSPropertyOp21
 70
     1
102
RTVSPropertyOp22
 70
     1
102
RTVSPropertyOp23
 70
     1
102
RTVSPropertyOp24
 70
     1
102
RTVSPropertyOp25
 70
     1
102
RTVSPropertyOp26
 70
     1
102
RTVSPropertyOp27
 70
     1
102
RTVSPropertyOp28
 70
     1
102
RTVSPropertyOp29
 70
     1
102
RTVSPropertyOp30
 70
     1
102
RTVSPropertyOp31
 70
     1
102
RTVSPropertyOp32
 70
     1
102
RTVSPropertyOp33
 70
     1
102
RTVSPropertyOp34
 70
     1
102
RTVSPropertyOp35
 70
     1
102
RTVSPropertyOp36
 70
     1
102
RTVSPropertyOp37
 70
     1
102
RTVSPropertyOp38
 70
     1
102
RTVSPropertyOp39
 70
     1
102
RTVSPropertyOp40
 70
     1
102
RTVSPropertyOp41
 70
     1
102
RTVSPropertyOp42
 70
     1
102
RTVSPropertyOp43
 70
     1
102
RTVSPropertyOp44
 70
     1
102
RTVSPropertyOp45
 70
     1
102
RTVSPropertyOp46
 70
     1
102
RTVSPropertyOp47
 70
     1
102
RTVSPropertyOp48
 70
     1
102
RTVSPropertyOp49
 70
     1
102
RTVSPropertyOp50
 70
     1
102
RTVSPropertyOp51
 70
     0
102
RTVSPropertyOp52
 70
     0
102
RTVSPropertyOp53
 70
     1
102
RTVSPropertyOp54
 70
     1
102
RTVSPropertyOp55
 70
     1
102
RTVSPropertyOp56
 70
     1
102
RTVSPropertyOp57
 70
     1
102
RTVSPost2010Prop28
280
     0
102
RTVSPost2010PropOp28
 70
     1
102
RTVSPost2010Prop29
280
     1
102
RTVSPost2010PropOp29
 70
     1
102
RTVSPost2010Prop30
280
     1
102
RTVSPost2010PropOp30
 70
     1
102
RTVSPost2010Prop31
280
     0
102
RTVSPost2010PropOp31
 70
     1
102
RTVSPost2010Prop32
280
     0
102
RTVSPost2010PropOp32
 70
     1
102
RTVSPost2010Prop33
280
     0
102
RTVSPost2010PropOp33
 70
     1
102
RTVSPost2010Prop34
280
     0
102
RTVSPost2010PropOp34
 70
     1
102
RTVSPost2010Prop35
280
     0
102
RTVSPost2010PropOp35
 70
     1
102
RTVSPost2010Prop36
280
     0
102
RTVSPost2010PropOp36
 70
     1
102
RTVSPost2010Prop37
 90
       50
102
RTVSPost2010PropOp37
 70
     1
102
RTVSPost2010Prop38
140
0.0
102
RTVSPost2010PropOp38
 70
     1
102
RTVSPost2010Prop39
140
1.0
102
RTVSPost2010PropOp39
 70
     1
102
RTVSPost2010Prop40
 90
        0
102
RTVSPost2010PropOp40
 70
     1
102
RTVSPost2010Prop41ColorIndex
 90
       18
102
RTVSPost2010Prop41ColorRGB
 90
        0
102
RTVSPost2010PropOp41
 70
     1
102
RTVSPost2010Prop42
 90
       50
102
RTVSPost2010PropOp42
 70
     1
102
RTVSPost2010Prop43
 90
        3
102
RTVSPost2010PropOp43
 70
     1
102
RTVSPost2010Prop44ColorIndex
 90
        5
102
RTVSPost2010Prop44ColorRGB
 90
      255
102
RTVSPost2010PropOp44
 70
     1
102
RTVSPost2010Prop45
280
     0
102
RTVSPost2010PropOp45
 70
     1
102
RTVSPost2010Prop46
 90
       50
102
RTVSPost2010PropOp46
 70
     1
102
RTVSPost2010Prop47
 90
       50
102
RTVSPost2010PropOp47
 70
     1
102
RTVSPost2010Prop48
 90
       50
102
RTVSPost2010PropOp48
 70
     1
102
RTVSPost2010Prop49
280
     0
102
RTVSPost2010PropOp49
 70
     1
102
RTVSPost2010Prop50
 90
       50
102
RTVSPost2010PropOp50
 70
     1
102
RTVSPost2010Prop51ColorIndex
 90
      256
102
RTVSPost2010Prop51ColorRGB
 90
-16777216
102
RTVSPost2010PropOp51
 70
     0
102
RTVSPost2010Prop52
140
1.0
102
RTVSPost2010PropOp52
 70
     0
102
RTVSPost2010Prop53
 90
        2
102
RTVSPost2010PropOp53
 70
     1
102
RTVSPost2010Prop54
  1
strokes_ogs.tif
102
RTVSPost2010PropOp54
 70
     1
102
RTVSPost2010Prop55
280
     0
102
RTVSPost2010PropOp55
 70
     1
102
RTVSPost2010Prop56
140
1.0
102
RTVSPost2010PropOp56
 70
     1
102
RTVSPost2010Prop57
140
1.0
102
RTVSPost2010PropOp57
 70
     1
  0
XRECORD
  5
27D9
102
{ACAD_REACTORS
330
27D8
102
}
330
27D8
100
AcDbXrecord
280
     1
102
RTVSPropertyOp0
 70
     1
102
RTVSPropertyOp1
 70
     1
102
RTVSPropertyOp2
 70
     1
102
RTVSPropertyOp3
 70
     1
102
RTVSPropertyOp4
 70
     1
102
RTVSPropertyOp5
 70
     1
102
RTVSPropertyOp6
 70
     1
102
RTVSPropertyOp7
 70
     1
102
RTVSPropertyOp8
 70
     1
102
RTVSPropertyOp9
 70
     1
102
RTVSPropertyOp10
 70
     1
102
RTVSPropertyOp11
 70
     1
102
RTVSPropertyOp12
 70
     1
102
RTVSPropertyOp13
 70
     1
102
RTVSPropertyOp14
 70
     1
102
RTVSPropertyOp15
 70
     1
102
RTVSPropertyOp16
 70
     1
102
RTVSPropertyOp17
 70
     1
102
RTVSPropertyOp18
 70
     1
102
RTVSPropertyOp19
 70
     1
102
RTVSPropertyOp20
 70
     1
102
RTVSPropertyOp21
 70
     1
102
RTVSPropertyOp22
 70
     1
102
RTVSPropertyOp23
 70
     1
102
RTVSPropertyOp24
 70
     1
102
RTVSPropertyOp25
 70
     1
102
RTVSPropertyOp26
 70
     1
102
RTVSPropertyOp27
 70
     1
102
RTVSPropertyOp28
 70
     1
102
RTVSPropertyOp29
 70
     1
102
RTVSPropertyOp30
 70
     1
102
RTVSPropertyOp31
 70
     1
102
RTVSPropertyOp32
 70
     1
102
RTVSPropertyOp33
 70
     1
102
RTVSPropertyOp34
 70
     1
102
RTVSPropertyOp35
 70
     1
102
RTVSPropertyOp36
 70
     1
102
RTVSPropertyOp37
 70
     1
102
RTVSPropertyOp38
 70
     1
102
RTVSPropertyOp39
 70
     1
102
RTVSPropertyOp40
 70
     1
102
RTVSPropertyOp41
 70
     1
102
RTVSPropertyOp42
 70
     1
102
RTVSPropertyOp43
 70
     1
102
RTVSPropertyOp44
 70
     1
102
RTVSPropertyOp45
 70
     1
102
RTVSPropertyOp46
 70
     1
102
RTVSPropertyOp47
 70
     1
102
RTVSPropertyOp48
 70
     1
102
RTVSPropertyOp49
 70
     1
102
RTVSPropertyOp50
 70
     1
102
RTVSPropertyOp51
 70
     0
102
RTVSPropertyOp52
 70
     0
102
RTVSPropertyOp53
 70
     1
102
RTVSPropertyOp54
 70
     1
102
RTVSPropertyOp55
 70
     1
102
RTVSPropertyOp56
 70
     1
102
RTVSPropertyOp57
 70
     1
102
RTVSPost2010Prop28
280
     0
102
RTVSPost2010PropOp28
 70
     1
102
RTVSPost2010Prop29
280
     1
102
RTVSPost2010PropOp29
 70
     1
102
RTVSPost2010Prop30
280
     1
102
RTVSPost2010PropOp30
 70
     1
102
RTVSPost2010Prop31
280
     0
102
RTVSPost2010PropOp31
 70
     1
102
RTVSPost2010Prop32
280
     0
102
RTVSPost2010PropOp32
 70
     1
102
RTVSPost2010Prop33
280
     0
102
RTVSPost2010PropOp33
 70
     1
102
RTVSPost2010Prop34
280
     0
102
RTVSPost2010PropOp34
 70
     1
102
RTVSPost2010Prop35
280
     0
102
RTVSPost2010PropOp35
 70
     1
102
RTVSPost2010Prop36
280
     0
102
RTVSPost2010PropOp36
 70
     1
102
RTVSPost2010Prop37
 90
       50
102
RTVSPost2010PropOp37
 70
     1
102
RTVSPost2010Prop38
140
0.0
102
RTVSPost2010PropOp38
 70
     1
102
RTVSPost2010Prop39
140
1.0
102
RTVSPost2010PropOp39
 70
     1
102
RTVSPost2010Prop40
 90
        0
102
RTVSPost2010PropOp40
 70
     1
102
RTVSPost2010Prop41ColorIndex
 90
       18
102
RTVSPost2010Prop41ColorRGB
 90
        0
102
RTVSPost2010PropOp41
 70
     1
102
RTVSPost2010Prop42
 90
       50
102
RTVSPost2010PropOp42
 70
     1
102
RTVSPost2010Prop43
 90
        3
102
RTVSPost2010PropOp43
 70
     1
102
RTVSPost2010Prop44ColorIndex
 90
        5
102
RTVSPost2010Prop44ColorRGB
 90
      255
102
RTVSPost2010PropOp44
 70
     1
102
RTVSPost2010Prop45
280
     0
102
RTVSPost2010PropOp45
 70
     1
102
RTVSPost2010Prop46
 90
       50
102
RTVSPost2010PropOp46
 70
     1
102
RTVSPost2010Prop47
 90
       50
102
RTVSPost2010PropOp47
 70
     1
102
RTVSPost2010Prop48
 90
       50
102
RTVSPost2010PropOp48
 70
     1
102
RTVSPost2010Prop49
280
     0
102
RTVSPost2010PropOp49
 70
     1
102
RTVSPost2010Prop50
 90
       50
102
RTVSPost2010PropOp50
 70
     1
102
RTVSPost2010Prop51ColorIndex
 90
      256
102
RTVSPost2010Prop51ColorRGB
 90
-16777216
102
RTVSPost2010PropOp51
 70
     0
102
RTVSPost2010Prop52
140
1.0
102
RTVSPost2010PropOp52
 70
     0
102
RTVSPost2010Prop53
 90
        2
102
RTVSPost2010PropOp53
 70
     1
102
RTVSPost2010Prop54
  1
strokes_ogs.tif
102
RTVSPost2010PropOp54
 70
     1
102
RTVSPost2010Prop55
280
     0
102
RTVSPost2010PropOp55
 70
     1
102
RTVSPost2010Prop56
140
1.0
102
RTVSPost2010PropOp56
 70
     1
102
RTVSPost2010Prop57
140
1.0
102
RTVSPost2010PropOp57
 70
     1
  0
XRECORD
  5
27DB
102
{ACAD_REACTORS
330
27DA
102
}
330
27DA
100
AcDbXrecord
280
     1
102
RTVSPropertyOp0
 70
     0
102
RTVSPropertyOp1
 70
     0
102
RTVSPropertyOp2
 70
     0
102
RTVSPropertyOp3
 70
     0
102
RTVSPropertyOp4
 70
     0
102
RTVSPropertyOp5
 70
     0
102
RTVSPropertyOp6
 70
     0
102
RTVSPropertyOp7
 70
     0
102
RTVSPropertyOp8
 70
     0
102
RTVSPropertyOp9
 70
     0
102
RTVSPropertyOp10
 70
     0
102
RTVSPropertyOp11
 70
     0
102
RTVSPropertyOp12
 70
     0
102
RTVSPropertyOp13
 70
     0
102
RTVSPropertyOp14
 70
     2
102
RTVSPropertyOp15
 70
     0
102
RTVSPropertyOp16
 70
     0
102
RTVSPropertyOp17
 70
     0
102
RTVSPropertyOp18
 70
     0
102
RTVSPropertyOp19
 70
     0
102
RTVSPropertyOp20
 70
     0
102
RTVSPropertyOp21
 70
     0
102
RTVSPropertyOp22
 70
     0
102
RTVSPropertyOp23
 70
     0
102
RTVSPropertyOp24
 70
     0
102
RTVSPropertyOp25
 70
     0
102
RTVSPropertyOp26
 70
     0
102
RTVSPropertyOp27
 70
     0
102
RTVSPropertyOp28
 70
     0
102
RTVSPropertyOp29
 70
     0
102
RTVSPropertyOp30
 70
     0
102
RTVSPropertyOp31
 70
     0
102
RTVSPropertyOp32
 70
     0
102
RTVSPropertyOp33
 70
     0
102
RTVSPropertyOp34
 70
     0
102
RTVSPropertyOp35
 70
     0
102
RTVSPropertyOp36
 70
     0
102
RTVSPropertyOp37
 70
     0
102
RTVSPropertyOp38
 70
     0
102
RTVSPropertyOp39
 70
     0
102
RTVSPropertyOp40
 70
     0
102
RTVSPropertyOp41
 70
     0
102
RTVSPropertyOp42
 70
     0
102
RTVSPropertyOp43
 70
     0
102
RTVSPropertyOp44
 70
     0
102
RTVSPropertyOp45
 70
     0
102
RTVSPropertyOp46
 70
     0
102
RTVSPropertyOp47
 70
     0
102
RTVSPropertyOp48
 70
     0
102
RTVSPropertyOp49
 70
     0
102
RTVSPropertyOp50
 70
     0
102
RTVSPropertyOp51
 70
     0
102
RTVSPropertyOp52
 70
     0
102
RTVSPropertyOp53
 70
     0
102
RTVSPropertyOp54
 70
     0
102
RTVSPropertyOp55
 70
     0
102
RTVSPropertyOp56
 70
     0
102
RTVSPropertyOp57
 70
     0
102
RTVSPost2010Prop28
280
     0
102
RTVSPost2010PropOp28
 70
     0
102
RTVSPost2010Prop29
280
     1
102
RTVSPost2010PropOp29
 70
     0
102
RTVSPost2010Prop30
280
     1
102
RTVSPost2010PropOp30
 70
     0
102
RTVSPost2010Prop31
280
     0
102
RTVSPost2010PropOp31
 70
     0
102
RTVSPost2010Prop32
280
     0
102
RTVSPost2010PropOp32
 70
     0
102
RTVSPost2010Prop33
280
     0
102
RTVSPost2010PropOp33
 70
     0
102
RTVSPost2010Prop34
280
     0
102
RTVSPost2010PropOp34
 70
     0
102
RTVSPost2010Prop35
280
     0
102
RTVSPost2010PropOp35
 70
     0
102
RTVSPost2010Prop36
280
     0
102
RTVSPost2010PropOp36
 70
     0
102
RTVSPost2010Prop37
 90
       50
102
RTVSPost2010PropOp37
 70
     0
102
RTVSPost2010Prop38
140
0.0
102
RTVSPost2010PropOp38
 70
     0
102
RTVSPost2010Prop39
140
1.0
102
RTVSPost2010PropOp39
 70
     0
102
RTVSPost2010Prop40
 90
        0
102
RTVSPost2010PropOp40
 70
     0
102
RTVSPost2010Prop41ColorIndex
 90
       18
102
RTVSPost2010Prop41ColorRGB
 90
        0
102
RTVSPost2010PropOp41
 70
     0
102
RTVSPost2010Prop42
 90
       50
102
RTVSPost2010PropOp42
 70
     0
102
RTVSPost2010Prop43
 90
        3
102
RTVSPost2010PropOp43
 70
     0
102
RTVSPost2010Prop44ColorIndex
 90
        5
102
RTVSPost2010Prop44ColorRGB
 90
      255
102
RTVSPost2010PropOp44
 70
     0
102
RTVSPost2010Prop45
280
     0
102
RTVSPost2010PropOp45
 70
     0
102
RTVSPost2010Prop46
 90
       50
102
RTVSPost2010PropOp46
 70
     0
102
RTVSPost2010Prop47
 90
       50
102
RTVSPost2010PropOp47
 70
     0
102
RTVSPost2010Prop48
 90
       50
102
RTVSPost2010PropOp48
 70
     0
102
RTVSPost2010Prop49
280
     0
102
RTVSPost2010PropOp49
 70
     0
102
RTVSPost2010Prop50
 90
       50
102
RTVSPost2010PropOp50
 70
     0
102
RTVSPost2010Prop51ColorIndex
 90
      256
102
RTVSPost2010Prop51ColorRGB
 90
-16777216
102
RTVSPost2010PropOp51
 70
     0
102
RTVSPost2010Prop52
140
1.0
102
RTVSPost2010PropOp52
 70
     0
102
RTVSPost2010Prop53
 90
        2
102
RTVSPost2010PropOp53
 70
     0
102
RTVSPost2010Prop54
  1
strokes_ogs.tif
102
RTVSPost2010PropOp54
 70
     0
102
RTVSPost2010Prop55
280
     0
102
RTVSPost2010PropOp55
 70
     0
102
RTVSPost2010Prop56
140
1.0
102
RTVSPost2010PropOp56
 70
     0
102
RTVSPost2010Prop57
140
1.0
102
RTVSPost2010PropOp57
 70
     0
  0
XRECORD
  5
27DD
102
{ACAD_REACTORS
330
27DC
102
}
330
27DC
100
AcDbXrecord
280
     1
102
RTVSPropertyOp0
 70
     1
102
RTVSPropertyOp1
 70
     1
102
RTVSPropertyOp2
 70
     1
102
RTVSPropertyOp3
 70
     1
102
RTVSPropertyOp4
 70
     1
102
RTVSPropertyOp5
 70
     1
102
RTVSPropertyOp6
 70
     1
102
RTVSPropertyOp7
 70
     1
102
RTVSPropertyOp8
 70
     1
102
RTVSPropertyOp9
 70
     1
102
RTVSPropertyOp10
 70
     1
102
RTVSPropertyOp11
 70
     1
102
RTVSPropertyOp12
 70
     1
102
RTVSPropertyOp13
 70
     1
102
RTVSPropertyOp14
 70
     1
102
RTVSPropertyOp15
 70
     1
102
RTVSPropertyOp16
 70
     1
102
RTVSPropertyOp17
 70
     1
102
RTVSPropertyOp18
 70
     1
102
RTVSPropertyOp19
 70
     1
102
RTVSPropertyOp20
 70
     1
102
RTVSPropertyOp21
 70
     1
102
RTVSPropertyOp22
 70
     1
102
RTVSPropertyOp23
 70
     1
102
RTVSPropertyOp24
 70
     1
102
RTVSPropertyOp25
 70
     1
102
RTVSPropertyOp26
 70
     1
102
RTVSPropertyOp27
 70
     1
102
RTVSPropertyOp28
 70
     1
102
RTVSPropertyOp29
 70
     1
102
RTVSPropertyOp30
 70
     1
102
RTVSPropertyOp31
 70
     1
102
RTVSPropertyOp32
 70
     1
102
RTVSPropertyOp33
 70
     1
102
RTVSPropertyOp34
 70
     1
102
RTVSPropertyOp35
 70
     1
102
RTVSPropertyOp36
 70
     1
102
RTVSPropertyOp37
 70
     1
102
RTVSPropertyOp38
 70
     1
102
RTVSPropertyOp39
 70
     1
102
RTVSPropertyOp40
 70
     1
102
RTVSPropertyOp41
 70
     1
102
RTVSPropertyOp42
 70
     1
102
RTVSPropertyOp43
 70
     1
102
RTVSPropertyOp44
 70
     1
102
RTVSPropertyOp45
 70
     1
102
RTVSPropertyOp46
 70
     1
102
RTVSPropertyOp47
 70
     1
102
RTVSPropertyOp48
 70
     1
102
RTVSPropertyOp49
 70
     1
102
RTVSPropertyOp50
 70
     1
102
RTVSPropertyOp51
 70
     0
102
RTVSPropertyOp52
 70
     0
102
RTVSPropertyOp53
 70
     1
102
RTVSPropertyOp54
 70
     1
102
RTVSPropertyOp55
 70
     1
102
RTVSPropertyOp56
 70
     1
102
RTVSPropertyOp57
 70
     1
102
RTVSPost2010Prop28
280
     0
102
RTVSPost2010PropOp28
 70
     1
102
RTVSPost2010Prop29
280
     1
102
RTVSPost2010PropOp29
 70
     1
102
RTVSPost2010Prop30
280
     1
102
RTVSPost2010PropOp30
 70
     1
102
RTVSPost2010Prop31
280
     0
102
RTVSPost2010PropOp31
 70
     1
102
RTVSPost2010Prop32
280
     0
102
RTVSPost2010PropOp32
 70
     1
102
RTVSPost2010Prop33
280
     0
102
RTVSPost2010PropOp33
 70
     1
102
RTVSPost2010Prop34
280
     0
102
RTVSPost2010PropOp34
 70
     1
102
RTVSPost2010Prop35
280
     0
102
RTVSPost2010PropOp35
 70
     1
102
RTVSPost2010Prop36
280
     0
102
RTVSPost2010PropOp36
 70
     1
102
RTVSPost2010Prop37
 90
       50
102
RTVSPost2010PropOp37
 70
     1
102
RTVSPost2010Prop38
140
0.0
102
RTVSPost2010PropOp38
 70
     1
102
RTVSPost2010Prop39
140
1.0
102
RTVSPost2010PropOp39
 70
     1
102
RTVSPost2010Prop40
 90
        0
102
RTVSPost2010PropOp40
 70
     1
102
RTVSPost2010Prop41ColorIndex
 90
       18
102
RTVSPost2010Prop41ColorRGB
 90
        0
102
RTVSPost2010PropOp41
 70
     1
102
RTVSPost2010Prop42
 90
       50
102
RTVSPost2010PropOp42
 70
     1
102
RTVSPost2010Prop43
 90
        3
102
RTVSPost2010PropOp43
 70
     1
102
RTVSPost2010Prop44ColorIndex
 90
        5
102
RTVSPost2010Prop44ColorRGB
 90
      255
102
RTVSPost2010PropOp44
 70
     1
102
RTVSPost2010Prop45
280
     0
102
RTVSPost2010PropOp45
 70
     1
102
RTVSPost2010Prop46
 90
       50
102
RTVSPost2010PropOp46
 70
     1
102
RTVSPost2010Prop47
 90
       50
102
RTVSPost2010PropOp47
 70
     1
102
RTVSPost2010Prop48
 90
       50
102
RTVSPost2010PropOp48
 70
     1
102
RTVSPost2010Prop49
280
     0
102
RTVSPost2010PropOp49
 70
     1
102
RTVSPost2010Prop50
 90
       50
102
RTVSPost2010PropOp50
 70
     1
102
RTVSPost2010Prop51ColorIndex
 90
      256
102
RTVSPost2010Prop51ColorRGB
 90
-16777216
102
RTVSPost2010PropOp51
 70
     0
102
RTVSPost2010Prop52
140
1.0
102
RTVSPost2010PropOp52
 70
     0
102
RTVSPost2010Prop53
 90
        2
102
RTVSPost2010PropOp53
 70
     1
102
RTVSPost2010Prop54
  1
strokes_ogs.tif
102
RTVSPost2010PropOp54
 70
     1
102
RTVSPost2010Prop55
280
     0
102
RTVSPost2010PropOp55
 70
     1
102
RTVSPost2010Prop56
140
1.0
102
RTVSPost2010PropOp56
 70
     1
102
RTVSPost2010Prop57
140
1.0
102
RTVSPost2010PropOp57
 70
     1
  0
XRECORD
  5
27DF
102
{ACAD_REACTORS
330
27DE
102
}
330
27DE
100
AcDbXrecord
280
     1
102
RTVSPropertyOp0
 70
     1
102
RTVSPropertyOp1
 70
     1
102
RTVSPropertyOp2
 70
     1
102
RTVSPropertyOp3
 70
     1
102
RTVSPropertyOp4
 70
     1
102
RTVSPropertyOp5
 70
     1
102
RTVSPropertyOp6
 70
     1
102
RTVSPropertyOp7
 70
     1
102
RTVSPropertyOp8
 70
     1
102
RTVSPropertyOp9
 70
     1
102
RTVSPropertyOp10
 70
     1
102
RTVSPropertyOp11
 70
     1
102
RTVSPropertyOp12
 70
     1
102
RTVSPropertyOp13
 70
     1
102
RTVSPropertyOp14
 70
     1
102
RTVSPropertyOp15
 70
     1
102
RTVSPropertyOp16
 70
     1
102
RTVSPropertyOp17
 70
     1
102
RTVSPropertyOp18
 70
     1
102
RTVSPropertyOp19
 70
     1
102
RTVSPropertyOp20
 70
     1
102
RTVSPropertyOp21
 70
     1
102
RTVSPropertyOp22
 70
     1
102
RTVSPropertyOp23
 70
     1
102
RTVSPropertyOp24
 70
     1
102
RTVSPropertyOp25
 70
     1
102
RTVSPropertyOp26
 70
     1
102
RTVSPropertyOp27
 70
     1
102
RTVSPropertyOp28
 70
     1
102
RTVSPropertyOp29
 70
     1
102
RTVSPropertyOp30
 70
     1
102
RTVSPropertyOp31
 70
     1
102
RTVSPropertyOp32
 70
     1
102
RTVSPropertyOp33
 70
     1
102
RTVSPropertyOp34
 70
     1
102
RTVSPropertyOp35
 70
     1
102
RTVSPropertyOp36
 70
     1
102
RTVSPropertyOp37
 70
     1
102
RTVSPropertyOp38
 70
     1
102
RTVSPropertyOp39
 70
     1
102
RTVSPropertyOp40
 70
     1
102
RTVSPropertyOp41
 70
     1
102
RTVSPropertyOp42
 70
     1
102
RTVSPropertyOp43
 70
     1
102
RTVSPropertyOp44
 70
     1
102
RTVSPropertyOp45
 70
     1
102
RTVSPropertyOp46
 70
     1
102
RTVSPropertyOp47
 70
     1
102
RTVSPropertyOp48
 70
     1
102
RTVSPropertyOp49
 70
     1
102
RTVSPropertyOp50
 70
     1
102
RTVSPropertyOp51
 70
     0
102
RTVSPropertyOp52
 70
     0
102
RTVSPropertyOp53
 70
     1
102
RTVSPropertyOp54
 70
     1
102
RTVSPropertyOp55
 70
     1
102
RTVSPropertyOp56
 70
     1
102
RTVSPropertyOp57
 70
     1
102
RTVSPost2010Prop28
280
     0
102
RTVSPost2010PropOp28
 70
     1
102
RTVSPost2010Prop29
280
     1
102
RTVSPost2010PropOp29
 70
     1
102
RTVSPost2010Prop30
280
     1
102
RTVSPost2010PropOp30
 70
     1
102
RTVSPost2010Prop31
280
     0
102
RTVSPost2010PropOp31
 70
     1
102
RTVSPost2010Prop32
280
     0
102
RTVSPost2010PropOp32
 70
     1
102
RTVSPost2010Prop33
280
     0
102
RTVSPost2010PropOp33
 70
     1
102
RTVSPost2010Prop34
280
     0
102
RTVSPost2010PropOp34
 70
     1
102
RTVSPost2010Prop35
280
     0
102
RTVSPost2010PropOp35
 70
     1
102
RTVSPost2010Prop36
280
     0
102
RTVSPost2010PropOp36
 70
     1
102
RTVSPost2010Prop37
 90
       50
102
RTVSPost2010PropOp37
 70
     1
102
RTVSPost2010Prop38
140
0.0
102
RTVSPost2010PropOp38
 70
     1
102
RTVSPost2010Prop39
140
1.0
102
RTVSPost2010PropOp39
 70
     1
102
RTVSPost2010Prop40
 90
        0
102
RTVSPost2010PropOp40
 70
     1
102
RTVSPost2010Prop41ColorIndex
 90
       18
102
RTVSPost2010Prop41ColorRGB
 90
        0
102
RTVSPost2010PropOp41
 70
     1
102
RTVSPost2010Prop42
 90
       50
102
RTVSPost2010PropOp42
 70
     1
102
RTVSPost2010Prop43
 90
        3
102
RTVSPost2010PropOp43
 70
     1
102
RTVSPost2010Prop44ColorIndex
 90
        5
102
RTVSPost2010Prop44ColorRGB
 90
      255
102
RTVSPost2010PropOp44
 70
     1
102
RTVSPost2010Prop45
280
     0
102
RTVSPost2010PropOp45
 70
     1
102
RTVSPost2010Prop46
 90
       50
102
RTVSPost2010PropOp46
 70
     1
102
RTVSPost2010Prop47
 90
       50
102
RTVSPost2010PropOp47
 70
     1
102
RTVSPost2010Prop48
 90
       50
102
RTVSPost2010PropOp48
 70
     1
102
RTVSPost2010Prop49
280
     0
102
RTVSPost2010PropOp49
 70
     1
102
RTVSPost2010Prop50
 90
       50
102
RTVSPost2010PropOp50
 70
     1
102
RTVSPost2010Prop51ColorIndex
 90
      256
102
RTVSPost2010Prop51ColorRGB
 90
-16777216
102
RTVSPost2010PropOp51
 70
     0
102
RTVSPost2010Prop52
140
1.0
102
RTVSPost2010PropOp52
 70
     0
102
RTVSPost2010Prop53
 90
        2
102
RTVSPost2010PropOp53
 70
     1
102
RTVSPost2010Prop54
  1
strokes_ogs.tif
102
RTVSPost2010PropOp54
 70
     1
102
RTVSPost2010Prop55
280
     0
102
RTVSPost2010PropOp55
 70
     1
102
RTVSPost2010Prop56
140
1.0
102
RTVSPost2010PropOp56
 70
     1
102
RTVSPost2010Prop57
140
1.0
102
RTVSPost2010PropOp57
 70
     1
  0
XRECORD
  5
27E1
102
{ACAD_REACTORS
330
27E0
102
}
330
27E0
100
AcDbXrecord
280
     1
102
RTVSPropertyOp0
 70
     1
102
RTVSPropertyOp1
 70
     1
102
RTVSPropertyOp2
 70
     1
102
RTVSPropertyOp3
 70
     1
102
RTVSPropertyOp4
 70
     1
102
RTVSPropertyOp5
 70
     1
102
RTVSPropertyOp6
 70
     1
102
RTVSPropertyOp7
 70
     1
102
RTVSPropertyOp8
 70
     1
102
RTVSPropertyOp9
 70
     1
102
RTVSPropertyOp10
 70
     1
102
RTVSPropertyOp11
 70
     1
102
RTVSPropertyOp12
 70
     1
102
RTVSPropertyOp13
 70
     1
102
RTVSPropertyOp14
 70
     1
102
RTVSPropertyOp15
 70
     1
102
RTVSPropertyOp16
 70
     1
102
RTVSPropertyOp17
 70
     1
102
RTVSPropertyOp18
 70
     1
102
RTVSPropertyOp19
 70
     1
102
RTVSPropertyOp20
 70
     1
102
RTVSPropertyOp21
 70
     1
102
RTVSPropertyOp22
 70
     1
102
RTVSPropertyOp23
 70
     1
102
RTVSPropertyOp24
 70
     1
102
RTVSPropertyOp25
 70
     1
102
RTVSPropertyOp26
 70
     1
102
RTVSPropertyOp27
 70
     1
102
RTVSPropertyOp28
 70
     1
102
RTVSPropertyOp29
 70
     1
102
RTVSPropertyOp30
 70
     1
102
RTVSPropertyOp31
 70
     1
102
RTVSPropertyOp32
 70
     1
102
RTVSPropertyOp33
 70
     1
102
RTVSPropertyOp34
 70
     1
102
RTVSPropertyOp35
 70
     1
102
RTVSPropertyOp36
 70
     1
102
RTVSPropertyOp37
 70
     1
102
RTVSPropertyOp38
 70
     1
102
RTVSPropertyOp39
 70
     1
102
RTVSPropertyOp40
 70
     1
102
RTVSPropertyOp41
 70
     1
102
RTVSPropertyOp42
 70
     1
102
RTVSPropertyOp43
 70
     1
102
RTVSPropertyOp44
 70
     1
102
RTVSPropertyOp45
 70
     1
102
RTVSPropertyOp46
 70
     1
102
RTVSPropertyOp47
 70
     1
102
RTVSPropertyOp48
 70
     1
102
RTVSPropertyOp49
 70
     1
102
RTVSPropertyOp50
 70
     1
102
RTVSPropertyOp51
 70
     0
102
RTVSPropertyOp52
 70
     0
102
RTVSPropertyOp53
 70
     1
102
RTVSPropertyOp54
 70
     1
102
RTVSPropertyOp55
 70
     1
102
RTVSPropertyOp56
 70
     1
102
RTVSPropertyOp57
 70
     1
102
RTVSPost2010Prop28
280
     0
102
RTVSPost2010PropOp28
 70
     1
102
RTVSPost2010Prop29
280
     1
102
RTVSPost2010PropOp29
 70
     1
102
RTVSPost2010Prop30
280
     1
102
RTVSPost2010PropOp30
 70
     1
102
RTVSPost2010Prop31
280
     0
102
RTVSPost2010PropOp31
 70
     1
102
RTVSPost2010Prop32
280
     0
102
RTVSPost2010PropOp32
 70
     1
102
RTVSPost2010Prop33
280
     0
102
RTVSPost2010PropOp33
 70
     1
102
RTVSPost2010Prop34
280
     0
102
RTVSPost2010PropOp34
 70
     1
102
RTVSPost2010Prop35
280
     0
102
RTVSPost2010PropOp35
 70
     1
102
RTVSPost2010Prop36
280
     0
102
RTVSPost2010PropOp36
 70
     1
102
RTVSPost2010Prop37
 90
       50
102
RTVSPost2010PropOp37
 70
     1
102
RTVSPost2010Prop38
140
0.0
102
RTVSPost2010PropOp38
 70
     1
102
RTVSPost2010Prop39
140
1.0
102
RTVSPost2010PropOp39
 70
     1
102
RTVSPost2010Prop40
 90
        0
102
RTVSPost2010PropOp40
 70
     1
102
RTVSPost2010Prop41ColorIndex
 90
       18
102
RTVSPost2010Prop41ColorRGB
 90
        0
102
RTVSPost2010PropOp41
 70
     1
102
RTVSPost2010Prop42
 90
       50
102
RTVSPost2010PropOp42
 70
     1
102
RTVSPost2010Prop43
 90
        3
102
RTVSPost2010PropOp43
 70
     1
102
RTVSPost2010Prop44ColorIndex
 90
        5
102
RTVSPost2010Prop44ColorRGB
 90
      255
102
RTVSPost2010PropOp44
 70
     1
102
RTVSPost2010Prop45
280
     0
102
RTVSPost2010PropOp45
 70
     1
102
RTVSPost2010Prop46
 90
       50
102
RTVSPost2010PropOp46
 70
     1
102
RTVSPost2010Prop47
 90
       50
102
RTVSPost2010PropOp47
 70
     1
102
RTVSPost2010Prop48
 90
       50
102
RTVSPost2010PropOp48
 70
     1
102
RTVSPost2010Prop49
280
     0
102
RTVSPost2010PropOp49
 70
     1
102
RTVSPost2010Prop50
 90
       50
102
RTVSPost2010PropOp50
 70
     1
102
RTVSPost2010Prop51ColorIndex
 90
      256
102
RTVSPost2010Prop51ColorRGB
 90
-16777216
102
RTVSPost2010PropOp51
 70
     0
102
RTVSPost2010Prop52
140
1.0
102
RTVSPost2010PropOp52
 70
     0
102
RTVSPost2010Prop53
 90
        2
102
RTVSPost2010PropOp53
 70
     1
102
RTVSPost2010Prop54
  1
strokes_ogs.tif
102
RTVSPost2010PropOp54
 70
     1
102
RTVSPost2010Prop55
280
     0
102
RTVSPost2010PropOp55
 70
     1
102
RTVSPost2010Prop56
140
1.0
102
RTVSPost2010PropOp56
 70
     1
102
RTVSPost2010Prop57
140
1.0
102
RTVSPost2010PropOp57
 70
     1
  0
XRECORD
  5
27E3
102
{ACAD_REACTORS
330
27E2
102
}
330
27E2
100
AcDbXrecord
280
     1
102
RTVSPropertyOp0
 70
     1
102
RTVSPropertyOp1
 70
     1
102
RTVSPropertyOp2
 70
     1
102
RTVSPropertyOp3
 70
     1
102
RTVSPropertyOp4
 70
     1
102
RTVSPropertyOp5
 70
     1
102
RTVSPropertyOp6
 70
     1
102
RTVSPropertyOp7
 70
     1
102
RTVSPropertyOp8
 70
     1
102
RTVSPropertyOp9
 70
     1
102
RTVSPropertyOp10
 70
     1
102
RTVSPropertyOp11
 70
     1
102
RTVSPropertyOp12
 70
     1
102
RTVSPropertyOp13
 70
     1
102
RTVSPropertyOp14
 70
     1
102
RTVSPropertyOp15
 70
     1
102
RTVSPropertyOp16
 70
     1
102
RTVSPropertyOp17
 70
     1
102
RTVSPropertyOp18
 70
     1
102
RTVSPropertyOp19
 70
     1
102
RTVSPropertyOp20
 70
     1
102
RTVSPropertyOp21
 70
     1
102
RTVSPropertyOp22
 70
     1
102
RTVSPropertyOp23
 70
     1
102
RTVSPropertyOp24
 70
     1
102
RTVSPropertyOp25
 70
     1
102
RTVSPropertyOp26
 70
     1
102
RTVSPropertyOp27
 70
     1
102
RTVSPropertyOp28
 70
     1
102
RTVSPropertyOp29
 70
     1
102
RTVSPropertyOp30
 70
     1
102
RTVSPropertyOp31
 70
     1
102
RTVSPropertyOp32
 70
     1
102
RTVSPropertyOp33
 70
     1
102
RTVSPropertyOp34
 70
     1
102
RTVSPropertyOp35
 70
     1
102
RTVSPropertyOp36
 70
     1
102
RTVSPropertyOp37
 70
     1
102
RTVSPropertyOp38
 70
     1
102
RTVSPropertyOp39
 70
     1
102
RTVSPropertyOp40
 70
     1
102
RTVSPropertyOp41
 70
     1
102
RTVSPropertyOp42
 70
     1
102
RTVSPropertyOp43
 70
     1
102
RTVSPropertyOp44
 70
     1
102
RTVSPropertyOp45
 70
     1
102
RTVSPropertyOp46
 70
     1
102
RTVSPropertyOp47
 70
     1
102
RTVSPropertyOp48
 70
     1
102
RTVSPropertyOp49
 70
     1
102
RTVSPropertyOp50
 70
     1
102
RTVSPropertyOp51
 70
     0
102
RTVSPropertyOp52
 70
     0
102
RTVSPropertyOp53
 70
     1
102
RTVSPropertyOp54
 70
     1
102
RTVSPropertyOp55
 70
     1
102
RTVSPropertyOp56
 70
     1
102
RTVSPropertyOp57
 70
     1
102
RTVSPost2010Prop28
280
     0
102
RTVSPost2010PropOp28
 70
     1
102
RTVSPost2010Prop29
280
     1
102
RTVSPost2010PropOp29
 70
     1
102
RTVSPost2010Prop30
280
     1
102
RTVSPost2010PropOp30
 70
     1
102
RTVSPost2010Prop31
280
     0
102
RTVSPost2010PropOp31
 70
     1
102
RTVSPost2010Prop32
280
     0
102
RTVSPost2010PropOp32
 70
     1
102
RTVSPost2010Prop33
280
     0
102
RTVSPost2010PropOp33
 70
     1
102
RTVSPost2010Prop34
280
     0
102
RTVSPost2010PropOp34
 70
     1
102
RTVSPost2010Prop35
280
     0
102
RTVSPost2010PropOp35
 70
     1
102
RTVSPost2010Prop36
280
     0
102
RTVSPost2010PropOp36
 70
     1
102
RTVSPost2010Prop37
 90
       50
102
RTVSPost2010PropOp37
 70
     1
102
RTVSPost2010Prop38
140
0.0
102
RTVSPost2010PropOp38
 70
     1
102
RTVSPost2010Prop39
140
1.0
102
RTVSPost2010PropOp39
 70
     1
102
RTVSPost2010Prop40
 90
        0
102
RTVSPost2010PropOp40
 70
     1
102
RTVSPost2010Prop41ColorIndex
 90
       18
102
RTVSPost2010Prop41ColorRGB
 90
        0
102
RTVSPost2010PropOp41
 70
     1
102
RTVSPost2010Prop42
 90
       50
102
RTVSPost2010PropOp42
 70
     1
102
RTVSPost2010Prop43
 90
        3
102
RTVSPost2010PropOp43
 70
     1
102
RTVSPost2010Prop44ColorIndex
 90
        5
102
RTVSPost2010Prop44ColorRGB
 90
      255
102
RTVSPost2010PropOp44
 70
     1
102
RTVSPost2010Prop45
280
     0
102
RTVSPost2010PropOp45
 70
     1
102
RTVSPost2010Prop46
 90
       50
102
RTVSPost2010PropOp46
 70
     1
102
RTVSPost2010Prop47
 90
       50
102
RTVSPost2010PropOp47
 70
     1
102
RTVSPost2010Prop48
 90
       50
102
RTVSPost2010PropOp48
 70
     1
102
RTVSPost2010Prop49
280
     0
102
RTVSPost2010PropOp49
 70
     1
102
RTVSPost2010Prop50
 90
       50
102
RTVSPost2010PropOp50
 70
     1
102
RTVSPost2010Prop51ColorIndex
 90
      256
102
RTVSPost2010Prop51ColorRGB
 90
-16777216
102
RTVSPost2010PropOp51
 70
     0
102
RTVSPost2010Prop52
140
1.0
102
RTVSPost2010PropOp52
 70
     0
102
RTVSPost2010Prop53
 90
        2
102
RTVSPost2010PropOp53
 70
     1
102
RTVSPost2010Prop54
  1
strokes_ogs.tif
102
RTVSPost2010PropOp54
 70
     1
102
RTVSPost2010Prop55
280
     0
102
RTVSPost2010PropOp55
 70
     1
102
RTVSPost2010Prop56
140
1.0
102
RTVSPost2010PropOp56
 70
     1
102
RTVSPost2010Prop57
140
1.0
102
RTVSPost2010PropOp57
 70
     1
  0
XRECORD
  5
27E5
102
{ACAD_REACTORS
330
27E4
102
}
330
27E4
100
AcDbXrecord
280
     1
102
RTVSPropertyOp0
 70
     1
102
RTVSPropertyOp1
 70
     1
102
RTVSPropertyOp2
 70
     1
102
RTVSPropertyOp3
 70
     1
102
RTVSPropertyOp4
 70
     1
102
RTVSPropertyOp5
 70
     1
102
RTVSPropertyOp6
 70
     1
102
RTVSPropertyOp7
 70
     1
102
RTVSPropertyOp8
 70
     1
102
RTVSPropertyOp9
 70
     1
102
RTVSPropertyOp10
 70
     1
102
RTVSPropertyOp11
 70
     1
102
RTVSPropertyOp12
 70
     1
102
RTVSPropertyOp13
 70
     1
102
RTVSPropertyOp14
 70
     1
102
RTVSPropertyOp15
 70
     1
102
RTVSPropertyOp16
 70
     1
102
RTVSPropertyOp17
 70
     1
102
RTVSPropertyOp18
 70
     1
102
RTVSPropertyOp19
 70
     1
102
RTVSPropertyOp20
 70
     1
102
RTVSPropertyOp21
 70
     1
102
RTVSPropertyOp22
 70
     1
102
RTVSPropertyOp23
 70
     1
102
RTVSPropertyOp24
 70
     1
102
RTVSPropertyOp25
 70
     1
102
RTVSPropertyOp26
 70
     1
102
RTVSPropertyOp27
 70
     1
102
RTVSPropertyOp28
 70
     1
102
RTVSPropertyOp29
 70
     1
102
RTVSPropertyOp30
 70
     1
102
RTVSPropertyOp31
 70
     1
102
RTVSPropertyOp32
 70
     1
102
RTVSPropertyOp33
 70
     1
102
RTVSPropertyOp34
 70
     1
102
RTVSPropertyOp35
 70
     1
102
RTVSPropertyOp36
 70
     1
102
RTVSPropertyOp37
 70
     1
102
RTVSPropertyOp38
 70
     1
102
RTVSPropertyOp39
 70
     1
102
RTVSPropertyOp40
 70
     1
102
RTVSPropertyOp41
 70
     1
102
RTVSPropertyOp42
 70
     1
102
RTVSPropertyOp43
 70
     1
102
RTVSPropertyOp44
 70
     1
102
RTVSPropertyOp45
 70
     1
102
RTVSPropertyOp46
 70
     1
102
RTVSPropertyOp47
 70
     1
102
RTVSPropertyOp48
 70
     1
102
RTVSPropertyOp49
 70
     1
102
RTVSPropertyOp50
 70
     1
102
RTVSPropertyOp51
 70
     0
102
RTVSPropertyOp52
 70
     0
102
RTVSPropertyOp53
 70
     1
102
RTVSPropertyOp54
 70
     1
102
RTVSPropertyOp55
 70
     1
102
RTVSPropertyOp56
 70
     1
102
RTVSPropertyOp57
 70
     1
102
RTVSPost2010Prop28
280
     0
102
RTVSPost2010PropOp28
 70
     1
102
RTVSPost2010Prop29
280
     1
102
RTVSPost2010PropOp29
 70
     1
102
RTVSPost2010Prop30
280
     1
102
RTVSPost2010PropOp30
 70
     1
102
RTVSPost2010Prop31
280
     0
102
RTVSPost2010PropOp31
 70
     1
102
RTVSPost2010Prop32
280
     0
102
RTVSPost2010PropOp32
 70
     1
102
RTVSPost2010Prop33
280
     0
102
RTVSPost2010PropOp33
 70
     1
102
RTVSPost2010Prop34
280
     0
102
RTVSPost2010PropOp34
 70
     1
102
RTVSPost2010Prop35
280
     0
102
RTVSPost2010PropOp35
 70
     1
102
RTVSPost2010Prop36
280
     0
102
RTVSPost2010PropOp36
 70
     1
102
RTVSPost2010Prop37
 90
       50
102
RTVSPost2010PropOp37
 70
     1
102
RTVSPost2010Prop38
140
0.0
102
RTVSPost2010PropOp38
 70
     1
102
RTVSPost2010Prop39
140
1.0
102
RTVSPost2010PropOp39
 70
     1
102
RTVSPost2010Prop40
 90
        0
102
RTVSPost2010PropOp40
 70
     1
102
RTVSPost2010Prop41ColorIndex
 90
       18
102
RTVSPost2010Prop41ColorRGB
 90
        0
102
RTVSPost2010PropOp41
 70
     1
102
RTVSPost2010Prop42
 90
       50
102
RTVSPost2010PropOp42
 70
     1
102
RTVSPost2010Prop43
 90
        3
102
RTVSPost2010PropOp43
 70
     1
102
RTVSPost2010Prop44ColorIndex
 90
        5
102
RTVSPost2010Prop44ColorRGB
 90
      255
102
RTVSPost2010PropOp44
 70
     1
102
RTVSPost2010Prop45
280
     0
102
RTVSPost2010PropOp45
 70
     1
102
RTVSPost2010Prop46
 90
       50
102
RTVSPost2010PropOp46
 70
     1
102
RTVSPost2010Prop47
 90
       50
102
RTVSPost2010PropOp47
 70
     1
102
RTVSPost2010Prop48
 90
       50
102
RTVSPost2010PropOp48
 70
     1
102
RTVSPost2010Prop49
280
     0
102
RTVSPost2010PropOp49
 70
     1
102
RTVSPost2010Prop50
 90
       50
102
RTVSPost2010PropOp50
 70
     1
102
RTVSPost2010Prop51ColorIndex
 90
      256
102
RTVSPost2010Prop51ColorRGB
 90
-16777216
102
RTVSPost2010PropOp51
 70
     0
102
RTVSPost2010Prop52
140
1.0
102
RTVSPost2010PropOp52
 70
     0
102
RTVSPost2010Prop53
 90
        2
102
RTVSPost2010PropOp53
 70
     1
102
RTVSPost2010Prop54
  1
strokes_ogs.tif
102
RTVSPost2010PropOp54
 70
     1
102
RTVSPost2010Prop55
280
     0
102
RTVSPost2010PropOp55
 70
     1
102
RTVSPost2010Prop56
140
1.0
102
RTVSPost2010PropOp56
 70
     1
102
RTVSPost2010Prop57
140
1.0
102
RTVSPost2010PropOp57
 70
     1
  0
XRECORD
  5
27E7
102
{ACAD_REACTORS
330
27E6
102
}
330
27E6
100
AcDbXrecord
280
     1
102
RTVSPropertyOp0
 70
     1
102
RTVSPropertyOp1
 70
     1
102
RTVSPropertyOp2
 70
     1
102
RTVSPropertyOp3
 70
     1
102
RTVSPropertyOp4
 70
     1
102
RTVSPropertyOp5
 70
     1
102
RTVSPropertyOp6
 70
     1
102
RTVSPropertyOp7
 70
     1
102
RTVSPropertyOp8
 70
     1
102
RTVSPropertyOp9
 70
     1
102
RTVSPropertyOp10
 70
     1
102
RTVSPropertyOp11
 70
     1
102
RTVSPropertyOp12
 70
     1
102
RTVSPropertyOp13
 70
     1
102
RTVSPropertyOp14
 70
     1
102
RTVSPropertyOp15
 70
     1
102
RTVSPropertyOp16
 70
     1
102
RTVSPropertyOp17
 70
     1
102
RTVSPropertyOp18
 70
     1
102
RTVSPropertyOp19
 70
     1
102
RTVSPropertyOp20
 70
     1
102
RTVSPropertyOp21
 70
     1
102
RTVSPropertyOp22
 70
     1
102
RTVSPropertyOp23
 70
     1
102
RTVSPropertyOp24
 70
     1
102
RTVSPropertyOp25
 70
     1
102
RTVSPropertyOp26
 70
     1
102
RTVSPropertyOp27
 70
     1
102
RTVSPropertyOp28
 70
     1
102
RTVSPropertyOp29
 70
     1
102
RTVSPropertyOp30
 70
     1
102
RTVSPropertyOp31
 70
     1
102
RTVSPropertyOp32
 70
     1
102
RTVSPropertyOp33
 70
     1
102
RTVSPropertyOp34
 70
     1
102
RTVSPropertyOp35
 70
     1
102
RTVSPropertyOp36
 70
     1
102
RTVSPropertyOp37
 70
     1
102
RTVSPropertyOp38
 70
     1
102
RTVSPropertyOp39
 70
     1
102
RTVSPropertyOp40
 70
     1
102
RTVSPropertyOp41
 70
     1
102
RTVSPropertyOp42
 70
     1
102
RTVSPropertyOp43
 70
     1
102
RTVSPropertyOp44
 70
     1
102
RTVSPropertyOp45
 70
     1
102
RTVSPropertyOp46
 70
     1
102
RTVSPropertyOp47
 70
     1
102
RTVSPropertyOp48
 70
     1
102
RTVSPropertyOp49
 70
     1
102
RTVSPropertyOp50
 70
     1
102
RTVSPropertyOp51
 70
     0
102
RTVSPropertyOp52
 70
     0
102
RTVSPropertyOp53
 70
     1
102
RTVSPropertyOp54
 70
     1
102
RTVSPropertyOp55
 70
     1
102
RTVSPropertyOp56
 70
     1
102
RTVSPropertyOp57
 70
     1
102
RTVSPost2010Prop28
280
     0
102
RTVSPost2010PropOp28
 70
     1
102
RTVSPost2010Prop29
280
     1
102
RTVSPost2010PropOp29
 70
     1
102
RTVSPost2010Prop30
280
     1
102
RTVSPost2010PropOp30
 70
     1
102
RTVSPost2010Prop31
280
     0
102
RTVSPost2010PropOp31
 70
     1
102
RTVSPost2010Prop32
280
     0
102
RTVSPost2010PropOp32
 70
     1
102
RTVSPost2010Prop33
280
     0
102
RTVSPost2010PropOp33
 70
     1
102
RTVSPost2010Prop34
280
     0
102
RTVSPost2010PropOp34
 70
     1
102
RTVSPost2010Prop35
280
     0
102
RTVSPost2010PropOp35
 70
     1
102
RTVSPost2010Prop36
280
     0
102
RTVSPost2010PropOp36
 70
     1
102
RTVSPost2010Prop37
 90
       50
102
RTVSPost2010PropOp37
 70
     1
102
RTVSPost2010Prop38
140
0.0
102
RTVSPost2010PropOp38
 70
     1
102
RTVSPost2010Prop39
140
1.0
102
RTVSPost2010PropOp39
 70
     1
102
RTVSPost2010Prop40
 90
        0
102
RTVSPost2010PropOp40
 70
     1
102
RTVSPost2010Prop41ColorIndex
 90
       18
102
RTVSPost2010Prop41ColorRGB
 90
        0
102
RTVSPost2010PropOp41
 70
     1
102
RTVSPost2010Prop42
 90
       50
102
RTVSPost2010PropOp42
 70
     1
102
RTVSPost2010Prop43
 90
        3
102
RTVSPost2010PropOp43
 70
     1
102
RTVSPost2010Prop44ColorIndex
 90
        5
102
RTVSPost2010Prop44ColorRGB
 90
      255
102
RTVSPost2010PropOp44
 70
     1
102
RTVSPost2010Prop45
280
     0
102
RTVSPost2010PropOp45
 70
     1
102
RTVSPost2010Prop46
 90
       50
102
RTVSPost2010PropOp46
 70
     1
102
RTVSPost2010Prop47
 90
       50
102
RTVSPost2010PropOp47
 70
     1
102
RTVSPost2010Prop48
 90
       50
102
RTVSPost2010PropOp48
 70
     1
102
RTVSPost2010Prop49
280
     0
102
RTVSPost2010PropOp49
 70
     1
102
RTVSPost2010Prop50
 90
       50
102
RTVSPost2010PropOp50
 70
     1
102
RTVSPost2010Prop51ColorIndex
 90
      256
102
RTVSPost2010Prop51ColorRGB
 90
-16777216
102
RTVSPost2010PropOp51
 70
     0
102
RTVSPost2010Prop52
140
1.0
102
RTVSPost2010PropOp52
 70
     0
102
RTVSPost2010Prop53
 90
        2
102
RTVSPost2010PropOp53
 70
     1
102
RTVSPost2010Prop54
  1
strokes_ogs.tif
102
RTVSPost2010PropOp54
 70
     1
102
RTVSPost2010Prop55
280
     0
102
RTVSPost2010PropOp55
 70
     1
102
RTVSPost2010Prop56
140
1.0
102
RTVSPost2010PropOp56
 70
     1
102
RTVSPost2010Prop57
140
1.0
102
RTVSPost2010PropOp57
 70
     1
  0
XRECORD
  5
27E9
102
{ACAD_REACTORS
330
27E8
102
}
330
27E8
100
AcDbXrecord
280
     1
102
RTVSPropertyOp0
 70
     0
102
RTVSPropertyOp1
 70
     0
102
RTVSPropertyOp2
 70
     0
102
RTVSPropertyOp3
 70
     0
102
RTVSPropertyOp4
 70
     0
102
RTVSPropertyOp5
 70
     0
102
RTVSPropertyOp6
 70
     0
102
RTVSPropertyOp7
 70
     0
102
RTVSPropertyOp8
 70
     0
102
RTVSPropertyOp9
 70
     0
102
RTVSPropertyOp10
 70
     0
102
RTVSPropertyOp11
 70
     0
102
RTVSPropertyOp12
 70
     0
102
RTVSPropertyOp13
 70
     0
102
RTVSPropertyOp14
 70
     2
102
RTVSPropertyOp15
 70
     0
102
RTVSPropertyOp16
 70
     0
102
RTVSPropertyOp17
 70
     0
102
RTVSPropertyOp18
 70
     0
102
RTVSPropertyOp19
 70
     0
102
RTVSPropertyOp20
 70
     0
102
RTVSPropertyOp21
 70
     0
102
RTVSPropertyOp22
 70
     0
102
RTVSPropertyOp23
 70
     0
102
RTVSPropertyOp24
 70
     0
102
RTVSPropertyOp25
 70
     0
102
RTVSPropertyOp26
 70
     0
102
RTVSPropertyOp27
 70
     0
102
RTVSPropertyOp28
 70
     0
102
RTVSPropertyOp29
 70
     0
102
RTVSPropertyOp30
 70
     0
102
RTVSPropertyOp31
 70
     0
102
RTVSPropertyOp32
 70
     0
102
RTVSPropertyOp33
 70
     0
102
RTVSPropertyOp34
 70
     0
102
RTVSPropertyOp35
 70
     0
102
RTVSPropertyOp36
 70
     0
102
RTVSPropertyOp37
 70
     0
102
RTVSPropertyOp38
 70
     0
102
RTVSPropertyOp39
 70
     0
102
RTVSPropertyOp40
 70
     0
102
RTVSPropertyOp41
 70
     0
102
RTVSPropertyOp42
 70
     0
102
RTVSPropertyOp43
 70
     0
102
RTVSPropertyOp44
 70
     0
102
RTVSPropertyOp45
 70
     0
102
RTVSPropertyOp46
 70
     0
102
RTVSPropertyOp47
 70
     0
102
RTVSPropertyOp48
 70
     0
102
RTVSPropertyOp49
 70
     0
102
RTVSPropertyOp50
 70
     0
102
RTVSPropertyOp51
 70
     0
102
RTVSPropertyOp52
 70
     0
102
RTVSPropertyOp53
 70
     0
102
RTVSPropertyOp54
 70
     0
102
RTVSPropertyOp55
 70
     0
102
RTVSPropertyOp56
 70
     0
102
RTVSPropertyOp57
 70
     0
102
RTVSPost2010Prop28
280
     0
102
RTVSPost2010PropOp28
 70
     0
102
RTVSPost2010Prop29
280
     1
102
RTVSPost2010PropOp29
 70
     0
102
RTVSPost2010Prop30
280
     1
102
RTVSPost2010PropOp30
 70
     0
102
RTVSPost2010Prop31
280
     0
102
RTVSPost2010PropOp31
 70
     0
102
RTVSPost2010Prop32
280
     0
102
RTVSPost2010PropOp32
 70
     0
102
RTVSPost2010Prop33
280
     0
102
RTVSPost2010PropOp33
 70
     0
102
RTVSPost2010Prop34
280
     0
102
RTVSPost2010PropOp34
 70
     0
102
RTVSPost2010Prop35
280
     0
102
RTVSPost2010PropOp35
 70
     0
102
RTVSPost2010Prop36
280
     0
102
RTVSPost2010PropOp36
 70
     0
102
RTVSPost2010Prop37
 90
       50
102
RTVSPost2010PropOp37
 70
     0
102
RTVSPost2010Prop38
140
0.0
102
RTVSPost2010PropOp38
 70
     0
102
RTVSPost2010Prop39
140
1.0
102
RTVSPost2010PropOp39
 70
     0
102
RTVSPost2010Prop40
 90
        0
102
RTVSPost2010PropOp40
 70
     0
102
RTVSPost2010Prop41ColorIndex
 90
       18
102
RTVSPost2010Prop41ColorRGB
 90
        0
102
RTVSPost2010PropOp41
 70
     0
102
RTVSPost2010Prop42
 90
       50
102
RTVSPost2010PropOp42
 70
     0
102
RTVSPost2010Prop43
 90
        3
102
RTVSPost2010PropOp43
 70
     0
102
RTVSPost2010Prop44ColorIndex
 90
        5
102
RTVSPost2010Prop44ColorRGB
 90
      255
102
RTVSPost2010PropOp44
 70
     0
102
RTVSPost2010Prop45
280
     0
102
RTVSPost2010PropOp45
 70
     0
102
RTVSPost2010Prop46
 90
       50
102
RTVSPost2010PropOp46
 70
     0
102
RTVSPost2010Prop47
 90
       50
102
RTVSPost2010PropOp47
 70
     0
102
RTVSPost2010Prop48
 90
       50
102
RTVSPost2010PropOp48
 70
     0
102
RTVSPost2010Prop49
280
     0
102
RTVSPost2010PropOp49
 70
     0
102
RTVSPost2010Prop50
 90
       50
102
RTVSPost2010PropOp50
 70
     0
102
RTVSPost2010Prop51ColorIndex
 90
      256
102
RTVSPost2010Prop51ColorRGB
 90
-16777216
102
RTVSPost2010PropOp51
 70
     0
102
RTVSPost2010Prop52
140
1.0
102
RTVSPost2010PropOp52
 70
     0
102
RTVSPost2010Prop53
 90
        2
102
RTVSPost2010PropOp53
 70
     0
102
RTVSPost2010Prop54
  1
strokes_ogs.tif
102
RTVSPost2010PropOp54
 70
     0
102
RTVSPost2010Prop55
280
     0
102
RTVSPost2010PropOp55
 70
     0
102
RTVSPost2010Prop56
140
1.0
102
RTVSPost2010PropOp56
 70
     0
102
RTVSPost2010Prop57
140
1.0
102
RTVSPost2010PropOp57
 70
     0
  0
XRECORD
  5
27EB
102
{ACAD_REACTORS
330
27EA
102
}
330
27EA
100
AcDbXrecord
280
     1
102
RTVSPropertyOp0
 70
     1
102
RTVSPropertyOp1
 70
     1
102
RTVSPropertyOp2
 70
     1
102
RTVSPropertyOp3
 70
     1
102
RTVSPropertyOp4
 70
     1
102
RTVSPropertyOp5
 70
     1
102
RTVSPropertyOp6
 70
     1
102
RTVSPropertyOp7
 70
     1
102
RTVSPropertyOp8
 70
     1
102
RTVSPropertyOp9
 70
     1
102
RTVSPropertyOp10
 70
     1
102
RTVSPropertyOp11
 70
     1
102
RTVSPropertyOp12
 70
     1
102
RTVSPropertyOp13
 70
     1
102
RTVSPropertyOp14
 70
     1
102
RTVSPropertyOp15
 70
     1
102
RTVSPropertyOp16
 70
     1
102
RTVSPropertyOp17
 70
     1
102
RTVSPropertyOp18
 70
     1
102
RTVSPropertyOp19
 70
     1
102
RTVSPropertyOp20
 70
     1
102
RTVSPropertyOp21
 70
     1
102
RTVSPropertyOp22
 70
     1
102
RTVSPropertyOp23
 70
     1
102
RTVSPropertyOp24
 70
     1
102
RTVSPropertyOp25
 70
     1
102
RTVSPropertyOp26
 70
     1
102
RTVSPropertyOp27
 70
     1
102
RTVSPropertyOp28
 70
     1
102
RTVSPropertyOp29
 70
     1
102
RTVSPropertyOp30
 70
     1
102
RTVSPropertyOp31
 70
     1
102
RTVSPropertyOp32
 70
     1
102
RTVSPropertyOp33
 70
     1
102
RTVSPropertyOp34
 70
     1
102
RTVSPropertyOp35
 70
     1
102
RTVSPropertyOp36
 70
     1
102
RTVSPropertyOp37
 70
     1
102
RTVSPropertyOp38
 70
     1
102
RTVSPropertyOp39
 70
     1
102
RTVSPropertyOp40
 70
     1
102
RTVSPropertyOp41
 70
     1
102
RTVSPropertyOp42
 70
     1
102
RTVSPropertyOp43
 70
     1
102
RTVSPropertyOp44
 70
     1
102
RTVSPropertyOp45
 70
     1
102
RTVSPropertyOp46
 70
     1
102
RTVSPropertyOp47
 70
     1
102
RTVSPropertyOp48
 70
     1
102
RTVSPropertyOp49
 70
     1
102
RTVSPropertyOp50
 70
     1
102
RTVSPropertyOp51
 70
     0
102
RTVSPropertyOp52
 70
     0
102
RTVSPropertyOp53
 70
     1
102
RTVSPropertyOp54
 70
     1
102
RTVSPropertyOp55
 70
     1
102
RTVSPropertyOp56
 70
     1
102
RTVSPropertyOp57
 70
     1
102
RTVSPost2010Prop28
280
     0
102
RTVSPost2010PropOp28
 70
     1
102
RTVSPost2010Prop29
280
     1
102
RTVSPost2010PropOp29
 70
     1
102
RTVSPost2010Prop30
280
     1
102
RTVSPost2010PropOp30
 70
     1
102
RTVSPost2010Prop31
280
     0
102
RTVSPost2010PropOp31
 70
     1
102
RTVSPost2010Prop32
280
     0
102
RTVSPost2010PropOp32
 70
     1
102
RTVSPost2010Prop33
280
     0
102
RTVSPost2010PropOp33
 70
     1
102
RTVSPost2010Prop34
280
     0
102
RTVSPost2010PropOp34
 70
     1
102
RTVSPost2010Prop35
280
     0
102
RTVSPost2010PropOp35
 70
     1
102
RTVSPost2010Prop36
280
     0
102
RTVSPost2010PropOp36
 70
     1
102
RTVSPost2010Prop37
 90
       50
102
RTVSPost2010PropOp37
 70
     1
102
RTVSPost2010Prop38
140
0.0
102
RTVSPost2010PropOp38
 70
     1
102
RTVSPost2010Prop39
140
1.0
102
RTVSPost2010PropOp39
 70
     1
102
RTVSPost2010Prop40
 90
        0
102
RTVSPost2010PropOp40
 70
     1
102
RTVSPost2010Prop41ColorIndex
 90
       18
102
RTVSPost2010Prop41ColorRGB
 90
        0
102
RTVSPost2010PropOp41
 70
     1
102
RTVSPost2010Prop42
 90
       50
102
RTVSPost2010PropOp42
 70
     1
102
RTVSPost2010Prop43
 90
        3
102
RTVSPost2010PropOp43
 70
     1
102
RTVSPost2010Prop44ColorIndex
 90
        5
102
RTVSPost2010Prop44ColorRGB
 90
      255
102
RTVSPost2010PropOp44
 70
     1
102
RTVSPost2010Prop45
280
     0
102
RTVSPost2010PropOp45
 70
     1
102
RTVSPost2010Prop46
 90
       50
102
RTVSPost2010PropOp46
 70
     1
102
RTVSPost2010Prop47
 90
       50
102
RTVSPost2010PropOp47
 70
     1
102
RTVSPost2010Prop48
 90
       50
102
RTVSPost2010PropOp48
 70
     1
102
RTVSPost2010Prop49
280
     0
102
RTVSPost2010PropOp49
 70
     1
102
RTVSPost2010Prop50
 90
       50
102
RTVSPost2010PropOp50
 70
     1
102
RTVSPost2010Prop51ColorIndex
 90
      256
102
RTVSPost2010Prop51ColorRGB
 90
-16777216
102
RTVSPost2010PropOp51
 70
     0
102
RTVSPost2010Prop52
140
1.0
102
RTVSPost2010PropOp52
 70
     0
102
RTVSPost2010Prop53
 90
        2
102
RTVSPost2010PropOp53
 70
     1
102
RTVSPost2010Prop54
  1
strokes_ogs.tif
102
RTVSPost2010PropOp54
 70
     1
102
RTVSPost2010Prop55
280
     0
102
RTVSPost2010PropOp55
 70
     1
102
RTVSPost2010Prop56
140
1.0
102
RTVSPost2010PropOp56
 70
     1
102
RTVSPost2010Prop57
140
1.0
102
RTVSPost2010PropOp57
 70
     1
  0
XRECORD
  5
27ED
102
{ACAD_REACTORS
330
27EC
102
}
330
27EC
100
AcDbXrecord
280
     1
102
RTVSPropertyOp0
 70
     0
102
RTVSPropertyOp1
 70
     0
102
RTVSPropertyOp2
 70
     0
102
RTVSPropertyOp3
 70
     0
102
RTVSPropertyOp4
 70
     0
102
RTVSPropertyOp5
 70
     0
102
RTVSPropertyOp6
 70
     0
102
RTVSPropertyOp7
 70
     0
102
RTVSPropertyOp8
 70
     0
102
RTVSPropertyOp9
 70
     0
102
RTVSPropertyOp10
 70
     0
102
RTVSPropertyOp11
 70
     0
102
RTVSPropertyOp12
 70
     0
102
RTVSPropertyOp13
 70
     0
102
RTVSPropertyOp14
 70
     2
102
RTVSPropertyOp15
 70
     0
102
RTVSPropertyOp16
 70
     0
102
RTVSPropertyOp17
 70
     0
102
RTVSPropertyOp18
 70
     0
102
RTVSPropertyOp19
 70
     0
102
RTVSPropertyOp20
 70
     0
102
RTVSPropertyOp21
 70
     0
102
RTVSPropertyOp22
 70
     0
102
RTVSPropertyOp23
 70
     0
102
RTVSPropertyOp24
 70
     0
102
RTVSPropertyOp25
 70
     0
102
RTVSPropertyOp26
 70
     0
102
RTVSPropertyOp27
 70
     0
102
RTVSPropertyOp28
 70
     0
102
RTVSPropertyOp29
 70
     0
102
RTVSPropertyOp30
 70
     0
102
RTVSPropertyOp31
 70
     0
102
RTVSPropertyOp32
 70
     0
102
RTVSPropertyOp33
 70
     0
102
RTVSPropertyOp34
 70
     0
102
RTVSPropertyOp35
 70
     0
102
RTVSPropertyOp36
 70
     0
102
RTVSPropertyOp37
 70
     0
102
RTVSPropertyOp38
 70
     0
102
RTVSPropertyOp39
 70
     0
102
RTVSPropertyOp40
 70
     0
102
RTVSPropertyOp41
 70
     0
102
RTVSPropertyOp42
 70
     0
102
RTVSPropertyOp43
 70
     0
102
RTVSPropertyOp44
 70
     0
102
RTVSPropertyOp45
 70
     0
102
RTVSPropertyOp46
 70
     0
102
RTVSPropertyOp47
 70
     0
102
RTVSPropertyOp48
 70
     0
102
RTVSPropertyOp49
 70
     0
102
RTVSPropertyOp50
 70
     0
102
RTVSPropertyOp51
 70
     0
102
RTVSPropertyOp52
 70
     0
102
RTVSPropertyOp53
 70
     0
102
RTVSPropertyOp54
 70
     0
102
RTVSPropertyOp55
 70
     0
102
RTVSPropertyOp56
 70
     0
102
RTVSPropertyOp57
 70
     0
102
RTVSPost2010Prop28
280
     0
102
RTVSPost2010PropOp28
 70
     0
102
RTVSPost2010Prop29
280
     1
102
RTVSPost2010PropOp29
 70
     0
102
RTVSPost2010Prop30
280
     1
102
RTVSPost2010PropOp30
 70
     0
102
RTVSPost2010Prop31
280
     0
102
RTVSPost2010PropOp31
 70
     0
102
RTVSPost2010Prop32
280
     0
102
RTVSPost2010PropOp32
 70
     0
102
RTVSPost2010Prop33
280
     0
102
RTVSPost2010PropOp33
 70
     0
102
RTVSPost2010Prop34
280
     0
102
RTVSPost2010PropOp34
 70
     0
102
RTVSPost2010Prop35
280
     0
102
RTVSPost2010PropOp35
 70
     0
102
RTVSPost2010Prop36
280
     0
102
RTVSPost2010PropOp36
 70
     0
102
RTVSPost2010Prop37
 90
       50
102
RTVSPost2010PropOp37
 70
     0
102
RTVSPost2010Prop38
140
0.0
102
RTVSPost2010PropOp38
 70
     0
102
RTVSPost2010Prop39
140
1.0
102
RTVSPost2010PropOp39
 70
     0
102
RTVSPost2010Prop40
 90
        0
102
RTVSPost2010PropOp40
 70
     0
102
RTVSPost2010Prop41ColorIndex
 90
       18
102
RTVSPost2010Prop41ColorRGB
 90
        0
102
RTVSPost2010PropOp41
 70
     0
102
RTVSPost2010Prop42
 90
       50
102
RTVSPost2010PropOp42
 70
     0
102
RTVSPost2010Prop43
 90
        3
102
RTVSPost2010PropOp43
 70
     0
102
RTVSPost2010Prop44ColorIndex
 90
        5
102
RTVSPost2010Prop44ColorRGB
 90
      255
102
RTVSPost2010PropOp44
 70
     0
102
RTVSPost2010Prop45
280
     0
102
RTVSPost2010PropOp45
 70
     0
102
RTVSPost2010Prop46
 90
       50
102
RTVSPost2010PropOp46
 70
     0
102
RTVSPost2010Prop47
 90
       50
102
RTVSPost2010PropOp47
 70
     0
102
RTVSPost2010Prop48
 90
       50
102
RTVSPost2010PropOp48
 70
     0
102
RTVSPost2010Prop49
280
     0
102
RTVSPost2010PropOp49
 70
     0
102
RTVSPost2010Prop50
 90
       50
102
RTVSPost2010PropOp50
 70
     0
102
RTVSPost2010Prop51ColorIndex
 90
      256
102
RTVSPost2010Prop51ColorRGB
 90
-16777216
102
RTVSPost2010PropOp51
 70
     0
102
RTVSPost2010Prop52
140
1.0
102
RTVSPost2010PropOp52
 70
     0
102
RTVSPost2010Prop53
 90
        2
102
RTVSPost2010PropOp53
 70
     0
102
RTVSPost2010Prop54
  1
strokes_ogs.tif
102
RTVSPost2010PropOp54
 70
     0
102
RTVSPost2010Prop55
280
     0
102
RTVSPost2010PropOp55
 70
     0
102
RTVSPost2010Prop56
140
1.0
102
RTVSPost2010PropOp56
 70
     0
102
RTVSPost2010Prop57
140
1.0
102
RTVSPost2010PropOp57
 70
     0
  0
XRECORD
  5
27EF
102
{ACAD_REACTORS
330
27EE
102
}
330
27EE
100
AcDbXrecord
280
     1
102
RTVSPropertyOp0
 70
     1
102
RTVSPropertyOp1
 70
     1
102
RTVSPropertyOp2
 70
     1
102
RTVSPropertyOp3
 70
     1
102
RTVSPropertyOp4
 70
     1
102
RTVSPropertyOp5
 70
     1
102
RTVSPropertyOp6
 70
     1
102
RTVSPropertyOp7
 70
     1
102
RTVSPropertyOp8
 70
     1
102
RTVSPropertyOp9
 70
     1
102
RTVSPropertyOp10
 70
     1
102
RTVSPropertyOp11
 70
     1
102
RTVSPropertyOp12
 70
     1
102
RTVSPropertyOp13
 70
     1
102
RTVSPropertyOp14
 70
     1
102
RTVSPropertyOp15
 70
     1
102
RTVSPropertyOp16
 70
     1
102
RTVSPropertyOp17
 70
     1
102
RTVSPropertyOp18
 70
     1
102
RTVSPropertyOp19
 70
     1
102
RTVSPropertyOp20
 70
     1
102
RTVSPropertyOp21
 70
     1
102
RTVSPropertyOp22
 70
     1
102
RTVSPropertyOp23
 70
     1
102
RTVSPropertyOp24
 70
     1
102
RTVSPropertyOp25
 70
     1
102
RTVSPropertyOp26
 70
     1
102
RTVSPropertyOp27
 70
     1
102
RTVSPropertyOp28
 70
     1
102
RTVSPropertyOp29
 70
     1
102
RTVSPropertyOp30
 70
     1
102
RTVSPropertyOp31
 70
     1
102
RTVSPropertyOp32
 70
     1
102
RTVSPropertyOp33
 70
     1
102
RTVSPropertyOp34
 70
     1
102
RTVSPropertyOp35
 70
     1
102
RTVSPropertyOp36
 70
     1
102
RTVSPropertyOp37
 70
     1
102
RTVSPropertyOp38
 70
     1
102
RTVSPropertyOp39
 70
     1
102
RTVSPropertyOp40
 70
     1
102
RTVSPropertyOp41
 70
     1
102
RTVSPropertyOp42
 70
     1
102
RTVSPropertyOp43
 70
     1
102
RTVSPropertyOp44
 70
     1
102
RTVSPropertyOp45
 70
     1
102
RTVSPropertyOp46
 70
     1
102
RTVSPropertyOp47
 70
     1
102
RTVSPropertyOp48
 70
     1
102
RTVSPropertyOp49
 70
     1
102
RTVSPropertyOp50
 70
     1
102
RTVSPropertyOp51
 70
     0
102
RTVSPropertyOp52
 70
     0
102
RTVSPropertyOp53
 70
     1
102
RTVSPropertyOp54
 70
     1
102
RTVSPropertyOp55
 70
     1
102
RTVSPropertyOp56
 70
     1
102
RTVSPropertyOp57
 70
     1
102
RTVSPost2010Prop28
280
     0
102
RTVSPost2010PropOp28
 70
     1
102
RTVSPost2010Prop29
280
     1
102
RTVSPost2010PropOp29
 70
     1
102
RTVSPost2010Prop30
280
     1
102
RTVSPost2010PropOp30
 70
     1
102
RTVSPost2010Prop31
280
     0
102
RTVSPost2010PropOp31
 70
     1
102
RTVSPost2010Prop32
280
     0
102
RTVSPost2010PropOp32
 70
     1
102
RTVSPost2010Prop33
280
     0
102
RTVSPost2010PropOp33
 70
     1
102
RTVSPost2010Prop34
280
     0
102
RTVSPost2010PropOp34
 70
     1
102
RTVSPost2010Prop35
280
     0
102
RTVSPost2010PropOp35
 70
     1
102
RTVSPost2010Prop36
280
     0
102
RTVSPost2010PropOp36
 70
     1
102
RTVSPost2010Prop37
 90
       50
102
RTVSPost2010PropOp37
 70
     1
102
RTVSPost2010Prop38
140
0.0
102
RTVSPost2010PropOp38
 70
     1
102
RTVSPost2010Prop39
140
1.0
102
RTVSPost2010PropOp39
 70
     1
102
RTVSPost2010Prop40
 90
        0
102
RTVSPost2010PropOp40
 70
     1
102
RTVSPost2010Prop41ColorIndex
 90
       18
102
RTVSPost2010Prop41ColorRGB
 90
        0
102
RTVSPost2010PropOp41
 70
     1
102
RTVSPost2010Prop42
 90
       50
102
RTVSPost2010PropOp42
 70
     1
102
RTVSPost2010Prop43
 90
        3
102
RTVSPost2010PropOp43
 70
     1
102
RTVSPost2010Prop44ColorIndex
 90
        5
102
RTVSPost2010Prop44ColorRGB
 90
      255
102
RTVSPost2010PropOp44
 70
     1
102
RTVSPost2010Prop45
280
     0
102
RTVSPost2010PropOp45
 70
     1
102
RTVSPost2010Prop46
 90
       50
102
RTVSPost2010PropOp46
 70
     1
102
RTVSPost2010Prop47
 90
       50
102
RTVSPost2010PropOp47
 70
     1
102
RTVSPost2010Prop48
 90
       50
102
RTVSPost2010PropOp48
 70
     1
102
RTVSPost2010Prop49
280
     0
102
RTVSPost2010PropOp49
 70
     1
102
RTVSPost2010Prop50
 90
       50
102
RTVSPost2010PropOp50
 70
     1
102
RTVSPost2010Prop51ColorIndex
 90
      256
102
RTVSPost2010Prop51ColorRGB
 90
-16777216
102
RTVSPost2010PropOp51
 70
     0
102
RTVSPost2010Prop52
140
1.0
102
RTVSPost2010PropOp52
 70
     0
102
RTVSPost2010Prop53
 90
        2
102
RTVSPost2010PropOp53
 70
     1
102
RTVSPost2010Prop54
  1
strokes_ogs.tif
102
RTVSPost2010PropOp54
 70
     1
102
RTVSPost2010Prop55
280
     0
102
RTVSPost2010PropOp55
 70
     1
102
RTVSPost2010Prop56
140
1.0
102
RTVSPost2010PropOp56
 70
     1
102
RTVSPost2010Prop57
140
1.0
102
RTVSPost2010PropOp57
 70
     1
  0
XRECORD
  5
27F1
102
{ACAD_REACTORS
330
27F0
102
}
330
27F0
100
AcDbXrecord
280
     1
102
RTVSPropertyOp0
 70
     1
102
RTVSPropertyOp1
 70
     1
102
RTVSPropertyOp2
 70
     1
102
RTVSPropertyOp3
 70
     1
102
RTVSPropertyOp4
 70
     1
102
RTVSPropertyOp5
 70
     1
102
RTVSPropertyOp6
 70
     1
102
RTVSPropertyOp7
 70
     1
102
RTVSPropertyOp8
 70
     1
102
RTVSPropertyOp9
 70
     1
102
RTVSPropertyOp10
 70
     1
102
RTVSPropertyOp11
 70
     1
102
RTVSPropertyOp12
 70
     1
102
RTVSPropertyOp13
 70
     1
102
RTVSPropertyOp14
 70
     1
102
RTVSPropertyOp15
 70
     1
102
RTVSPropertyOp16
 70
     1
102
RTVSPropertyOp17
 70
     1
102
RTVSPropertyOp18
 70
     1
102
RTVSPropertyOp19
 70
     1
102
RTVSPropertyOp20
 70
     1
102
RTVSPropertyOp21
 70
     1
102
RTVSPropertyOp22
 70
     1
102
RTVSPropertyOp23
 70
     1
102
RTVSPropertyOp24
 70
     1
102
RTVSPropertyOp25
 70
     1
102
RTVSPropertyOp26
 70
     1
102
RTVSPropertyOp27
 70
     1
102
RTVSPropertyOp28
 70
     1
102
RTVSPropertyOp29
 70
     1
102
RTVSPropertyOp30
 70
     1
102
RTVSPropertyOp31
 70
     1
102
RTVSPropertyOp32
 70
     1
102
RTVSPropertyOp33
 70
     1
102
RTVSPropertyOp34
 70
     1
102
RTVSPropertyOp35
 70
     1
102
RTVSPropertyOp36
 70
     1
102
RTVSPropertyOp37
 70
     1
102
RTVSPropertyOp38
 70
     1
102
RTVSPropertyOp39
 70
     1
102
RTVSPropertyOp40
 70
     1
102
RTVSPropertyOp41
 70
     1
102
RTVSPropertyOp42
 70
     1
102
RTVSPropertyOp43
 70
     1
102
RTVSPropertyOp44
 70
     1
102
RTVSPropertyOp45
 70
     1
102
RTVSPropertyOp46
 70
     1
102
RTVSPropertyOp47
 70
     1
102
RTVSPropertyOp48
 70
     1
102
RTVSPropertyOp49
 70
     1
102
RTVSPropertyOp50
 70
     1
102
RTVSPropertyOp51
 70
     0
102
RTVSPropertyOp52
 70
     0
102
RTVSPropertyOp53
 70
     1
102
RTVSPropertyOp54
 70
     1
102
RTVSPropertyOp55
 70
     1
102
RTVSPropertyOp56
 70
     1
102
RTVSPropertyOp57
 70
     1
102
RTVSPost2010Prop28
280
     0
102
RTVSPost2010PropOp28
 70
     1
102
RTVSPost2010Prop29
280
     1
102
RTVSPost2010PropOp29
 70
     1
102
RTVSPost2010Prop30
280
     1
102
RTVSPost2010PropOp30
 70
     1
102
RTVSPost2010Prop31
280
     0
102
RTVSPost2010PropOp31
 70
     1
102
RTVSPost2010Prop32
280
     0
102
RTVSPost2010PropOp32
 70
     1
102
RTVSPost2010Prop33
280
     0
102
RTVSPost2010PropOp33
 70
     1
102
RTVSPost2010Prop34
280
     0
102
RTVSPost2010PropOp34
 70
     1
102
RTVSPost2010Prop35
280
     0
102
RTVSPost2010PropOp35
 70
     1
102
RTVSPost2010Prop36
280
     0
102
RTVSPost2010PropOp36
 70
     1
102
RTVSPost2010Prop37
 90
       50
102
RTVSPost2010PropOp37
 70
     1
102
RTVSPost2010Prop38
140
0.0
102
RTVSPost2010PropOp38
 70
     1
102
RTVSPost2010Prop39
140
1.0
102
RTVSPost2010PropOp39
 70
     1
102
RTVSPost2010Prop40
 90
        0
102
RTVSPost2010PropOp40
 70
     1
102
RTVSPost2010Prop41ColorIndex
 90
       18
102
RTVSPost2010Prop41ColorRGB
 90
        0
102
RTVSPost2010PropOp41
 70
     1
102
RTVSPost2010Prop42
 90
       50
102
RTVSPost2010PropOp42
 70
     1
102
RTVSPost2010Prop43
 90
        3
102
RTVSPost2010PropOp43
 70
     1
102
RTVSPost2010Prop44ColorIndex
 90
        5
102
RTVSPost2010Prop44ColorRGB
 90
      255
102
RTVSPost2010PropOp44
 70
     1
102
RTVSPost2010Prop45
280
     0
102
RTVSPost2010PropOp45
 70
     1
102
RTVSPost2010Prop46
 90
       50
102
RTVSPost2010PropOp46
 70
     1
102
RTVSPost2010Prop47
 90
       50
102
RTVSPost2010PropOp47
 70
     1
102
RTVSPost2010Prop48
 90
       50
102
RTVSPost2010PropOp48
 70
     1
102
RTVSPost2010Prop49
280
     0
102
RTVSPost2010PropOp49
 70
     1
102
RTVSPost2010Prop50
 90
       50
102
RTVSPost2010PropOp50
 70
     1
102
RTVSPost2010Prop51ColorIndex
 90
      256
102
RTVSPost2010Prop51ColorRGB
 90
-16777216
102
RTVSPost2010PropOp51
 70
     0
102
RTVSPost2010Prop52
140
1.0
102
RTVSPost2010PropOp52
 70
     0
102
RTVSPost2010Prop53
 90
        2
102
RTVSPost2010PropOp53
 70
     1
102
RTVSPost2010Prop54
  1
strokes_ogs.tif
102
RTVSPost2010PropOp54
 70
     1
102
RTVSPost2010Prop55
280
     0
102
RTVSPost2010PropOp55
 70
     1
102
RTVSPost2010Prop56
140
1.0
102
RTVSPost2010PropOp56
 70
     1
102
RTVSPost2010Prop57
140
1.0
102
RTVSPost2010PropOp57
 70
     1
  0
XRECORD
  5
27F3
102
{ACAD_REACTORS
330
27F2
102
}
330
27F2
100
AcDbXrecord
280
     1
102
RTVSPropertyOp0
 70
     1
102
RTVSPropertyOp1
 70
     1
102
RTVSPropertyOp2
 70
     1
102
RTVSPropertyOp3
 70
     1
102
RTVSPropertyOp4
 70
     1
102
RTVSPropertyOp5
 70
     1
102
RTVSPropertyOp6
 70
     1
102
RTVSPropertyOp7
 70
     1
102
RTVSPropertyOp8
 70
     1
102
RTVSPropertyOp9
 70
     1
102
RTVSPropertyOp10
 70
     1
102
RTVSPropertyOp11
 70
     1
102
RTVSPropertyOp12
 70
     1
102
RTVSPropertyOp13
 70
     1
102
RTVSPropertyOp14
 70
     1
102
RTVSPropertyOp15
 70
     1
102
RTVSPropertyOp16
 70
     1
102
RTVSPropertyOp17
 70
     1
102
RTVSPropertyOp18
 70
     1
102
RTVSPropertyOp19
 70
     1
102
RTVSPropertyOp20
 70
     1
102
RTVSPropertyOp21
 70
     1
102
RTVSPropertyOp22
 70
     1
102
RTVSPropertyOp23
 70
     1
102
RTVSPropertyOp24
 70
     1
102
RTVSPropertyOp25
 70
     1
102
RTVSPropertyOp26
 70
     1
102
RTVSPropertyOp27
 70
     1
102
RTVSPropertyOp28
 70
     1
102
RTVSPropertyOp29
 70
     1
102
RTVSPropertyOp30
 70
     1
102
RTVSPropertyOp31
 70
     1
102
RTVSPropertyOp32
 70
     1
102
RTVSPropertyOp33
 70
     1
102
RTVSPropertyOp34
 70
     1
102
RTVSPropertyOp35
 70
     1
102
RTVSPropertyOp36
 70
     1
102
RTVSPropertyOp37
 70
     1
102
RTVSPropertyOp38
 70
     1
102
RTVSPropertyOp39
 70
     1
102
RTVSPropertyOp40
 70
     1
102
RTVSPropertyOp41
 70
     1
102
RTVSPropertyOp42
 70
     1
102
RTVSPropertyOp43
 70
     1
102
RTVSPropertyOp44
 70
     1
102
RTVSPropertyOp45
 70
     1
102
RTVSPropertyOp46
 70
     1
102
RTVSPropertyOp47
 70
     1
102
RTVSPropertyOp48
 70
     1
102
RTVSPropertyOp49
 70
     1
102
RTVSPropertyOp50
 70
     1
102
RTVSPropertyOp51
 70
     0
102
RTVSPropertyOp52
 70
     0
102
RTVSPropertyOp53
 70
     1
102
RTVSPropertyOp54
 70
     1
102
RTVSPropertyOp55
 70
     1
102
RTVSPropertyOp56
 70
     1
102
RTVSPropertyOp57
 70
     1
102
RTVSPost2010Prop28
280
     0
102
RTVSPost2010PropOp28
 70
     1
102
RTVSPost2010Prop29
280
     1
102
RTVSPost2010PropOp29
 70
     1
102
RTVSPost2010Prop30
280
     1
102
RTVSPost2010PropOp30
 70
     1
102
RTVSPost2010Prop31
280
     0
102
RTVSPost2010PropOp31
 70
     1
102
RTVSPost2010Prop32
280
     0
102
RTVSPost2010PropOp32
 70
     1
102
RTVSPost2010Prop33
280
     0
102
RTVSPost2010PropOp33
 70
     1
102
RTVSPost2010Prop34
280
     0
102
RTVSPost2010PropOp34
 70
     1
102
RTVSPost2010Prop35
280
     0
102
RTVSPost2010PropOp35
 70
     1
102
RTVSPost2010Prop36
280
     0
102
RTVSPost2010PropOp36
 70
     1
102
RTVSPost2010Prop37
 90
       50
102
RTVSPost2010PropOp37
 70
     1
102
RTVSPost2010Prop38
140
0.0
102
RTVSPost2010PropOp38
 70
     1
102
RTVSPost2010Prop39
140
1.0
102
RTVSPost2010PropOp39
 70
     1
102
RTVSPost2010Prop40
 90
        0
102
RTVSPost2010PropOp40
 70
     1
102
RTVSPost2010Prop41ColorIndex
 90
       18
102
RTVSPost2010Prop41ColorRGB
 90
        0
102
RTVSPost2010PropOp41
 70
     1
102
RTVSPost2010Prop42
 90
       50
102
RTVSPost2010PropOp42
 70
     1
102
RTVSPost2010Prop43
 90
        3
102
RTVSPost2010PropOp43
 70
     1
102
RTVSPost2010Prop44ColorIndex
 90
        5
102
RTVSPost2010Prop44ColorRGB
 90
      255
102
RTVSPost2010PropOp44
 70
     1
102
RTVSPost2010Prop45
280
     0
102
RTVSPost2010PropOp45
 70
     1
102
RTVSPost2010Prop46
 90
       50
102
RTVSPost2010PropOp46
 70
     1
102
RTVSPost2010Prop47
 90
       50
102
RTVSPost2010PropOp47
 70
     1
102
RTVSPost2010Prop48
 90
       50
102
RTVSPost2010PropOp48
 70
     1
102
RTVSPost2010Prop49
280
     0
102
RTVSPost2010PropOp49
 70
     1
102
RTVSPost2010Prop50
 90
       50
102
RTVSPost2010PropOp50
 70
     1
102
RTVSPost2010Prop51ColorIndex
 90
      256
102
RTVSPost2010Prop51ColorRGB
 90
-16777216
102
RTVSPost2010PropOp51
 70
     0
102
RTVSPost2010Prop52
140
1.0
102
RTVSPost2010PropOp52
 70
     0
102
RTVSPost2010Prop53
 90
        2
102
RTVSPost2010PropOp53
 70
     1
102
RTVSPost2010Prop54
  1
strokes_ogs.tif
102
RTVSPost2010PropOp54
 70
     1
102
RTVSPost2010Prop55
280
     0
102
RTVSPost2010PropOp55
 70
     1
102
RTVSPost2010Prop56
140
1.0
102
RTVSPost2010PropOp56
 70
     1
102
RTVSPost2010Prop57
140
1.0
102
RTVSPost2010PropOp57
 70
     1
  0
XRECORD
  5
27F5
102
{ACAD_REACTORS
330
27F4
102
}
330
27F4
100
AcDbXrecord
280
     1
102
RTVSPropertyOp0
 70
     1
102
RTVSPropertyOp1
 70
     1
102
RTVSPropertyOp2
 70
     1
102
RTVSPropertyOp3
 70
     1
102
RTVSPropertyOp4
 70
     1
102
RTVSPropertyOp5
 70
     1
102
RTVSPropertyOp6
 70
     1
102
RTVSPropertyOp7
 70
     1
102
RTVSPropertyOp8
 70
     1
102
RTVSPropertyOp9
 70
     1
102
RTVSPropertyOp10
 70
     1
102
RTVSPropertyOp11
 70
     1
102
RTVSPropertyOp12
 70
     1
102
RTVSPropertyOp13
 70
     1
102
RTVSPropertyOp14
 70
     1
102
RTVSPropertyOp15
 70
     1
102
RTVSPropertyOp16
 70
     1
102
RTVSPropertyOp17
 70
     1
102
RTVSPropertyOp18
 70
     1
102
RTVSPropertyOp19
 70
     1
102
RTVSPropertyOp20
 70
     1
102
RTVSPropertyOp21
 70
     1
102
RTVSPropertyOp22
 70
     1
102
RTVSPropertyOp23
 70
     1
102
RTVSPropertyOp24
 70
     1
102
RTVSPropertyOp25
 70
     1
102
RTVSPropertyOp26
 70
     1
102
RTVSPropertyOp27
 70
     1
102
RTVSPropertyOp28
 70
     1
102
RTVSPropertyOp29
 70
     1
102
RTVSPropertyOp30
 70
     1
102
RTVSPropertyOp31
 70
     1
102
RTVSPropertyOp32
 70
     1
102
RTVSPropertyOp33
 70
     1
102
RTVSPropertyOp34
 70
     1
102
RTVSPropertyOp35
 70
     1
102
RTVSPropertyOp36
 70
     1
102
RTVSPropertyOp37
 70
     1
102
RTVSPropertyOp38
 70
     1
102
RTVSPropertyOp39
 70
     1
102
RTVSPropertyOp40
 70
     1
102
RTVSPropertyOp41
 70
     1
102
RTVSPropertyOp42
 70
     1
102
RTVSPropertyOp43
 70
     1
102
RTVSPropertyOp44
 70
     1
102
RTVSPropertyOp45
 70
     1
102
RTVSPropertyOp46
 70
     1
102
RTVSPropertyOp47
 70
     1
102
RTVSPropertyOp48
 70
     1
102
RTVSPropertyOp49
 70
     1
102
RTVSPropertyOp50
 70
     1
102
RTVSPropertyOp51
 70
     0
102
RTVSPropertyOp52
 70
     0
102
RTVSPropertyOp53
 70
     1
102
RTVSPropertyOp54
 70
     1
102
RTVSPropertyOp55
 70
     1
102
RTVSPropertyOp56
 70
     1
102
RTVSPropertyOp57
 70
     1
102
RTVSPost2010Prop28
280
     0
102
RTVSPost2010PropOp28
 70
     1
102
RTVSPost2010Prop29
280
     1
102
RTVSPost2010PropOp29
 70
     1
102
RTVSPost2010Prop30
280
     1
102
RTVSPost2010PropOp30
 70
     1
102
RTVSPost2010Prop31
280
     0
102
RTVSPost2010PropOp31
 70
     1
102
RTVSPost2010Prop32
280
     0
102
RTVSPost2010PropOp32
 70
     1
102
RTVSPost2010Prop33
280
     0
102
RTVSPost2010PropOp33
 70
     1
102
RTVSPost2010Prop34
280
     0
102
RTVSPost2010PropOp34
 70
     1
102
RTVSPost2010Prop35
280
     0
102
RTVSPost2010PropOp35
 70
     1
102
RTVSPost2010Prop36
280
     0
102
RTVSPost2010PropOp36
 70
     1
102
RTVSPost2010Prop37
 90
       50
102
RTVSPost2010PropOp37
 70
     1
102
RTVSPost2010Prop38
140
0.0
102
RTVSPost2010PropOp38
 70
     1
102
RTVSPost2010Prop39
140
1.0
102
RTVSPost2010PropOp39
 70
     1
102
RTVSPost2010Prop40
 90
        0
102
RTVSPost2010PropOp40
 70
     1
102
RTVSPost2010Prop41ColorIndex
 90
       18
102
RTVSPost2010Prop41ColorRGB
 90
        0
102
RTVSPost2010PropOp41
 70
     1
102
RTVSPost2010Prop42
 90
       50
102
RTVSPost2010PropOp42
 70
     1
102
RTVSPost2010Prop43
 90
        3
102
RTVSPost2010PropOp43
 70
     1
102
RTVSPost2010Prop44ColorIndex
 90
        5
102
RTVSPost2010Prop44ColorRGB
 90
      255
102
RTVSPost2010PropOp44
 70
     1
102
RTVSPost2010Prop45
280
     0
102
RTVSPost2010PropOp45
 70
     1
102
RTVSPost2010Prop46
 90
       50
102
RTVSPost2010PropOp46
 70
     1
102
RTVSPost2010Prop47
 90
       50
102
RTVSPost2010PropOp47
 70
     1
102
RTVSPost2010Prop48
 90
       50
102
RTVSPost2010PropOp48
 70
     1
102
RTVSPost2010Prop49
280
     0
102
RTVSPost2010PropOp49
 70
     1
102
RTVSPost2010Prop50
 90
       50
102
RTVSPost2010PropOp50
 70
     1
102
RTVSPost2010Prop51ColorIndex
 90
      256
102
RTVSPost2010Prop51ColorRGB
 90
-16777216
102
RTVSPost2010PropOp51
 70
     0
102
RTVSPost2010Prop52
140
1.0
102
RTVSPost2010PropOp52
 70
     0
102
RTVSPost2010Prop53
 90
        2
102
RTVSPost2010PropOp53
 70
     1
102
RTVSPost2010Prop54
  1
strokes_ogs.tif
102
RTVSPost2010PropOp54
 70
     1
102
RTVSPost2010Prop55
280
     0
102
RTVSPost2010PropOp55
 70
     1
102
RTVSPost2010Prop56
140
1.0
102
RTVSPost2010PropOp56
 70
     1
102
RTVSPost2010Prop57
140
1.0
102
RTVSPost2010PropOp57
 70
     1
  0
XRECORD
  5
27F7
102
{ACAD_REACTORS
330
27F6
102
}
330
27F6
100
AcDbXrecord
280
     1
102
RTVSPropertyOp0
 70
     1
102
RTVSPropertyOp1
 70
     1
102
RTVSPropertyOp2
 70
     1
102
RTVSPropertyOp3
 70
     1
102
RTVSPropertyOp4
 70
     1
102
RTVSPropertyOp5
 70
     1
102
RTVSPropertyOp6
 70
     1
102
RTVSPropertyOp7
 70
     1
102
RTVSPropertyOp8
 70
     1
102
RTVSPropertyOp9
 70
     1
102
RTVSPropertyOp10
 70
     1
102
RTVSPropertyOp11
 70
     1
102
RTVSPropertyOp12
 70
     1
102
RTVSPropertyOp13
 70
     1
102
RTVSPropertyOp14
 70
     1
102
RTVSPropertyOp15
 70
     1
102
RTVSPropertyOp16
 70
     1
102
RTVSPropertyOp17
 70
     1
102
RTVSPropertyOp18
 70
     1
102
RTVSPropertyOp19
 70
     1
102
RTVSPropertyOp20
 70
     1
102
RTVSPropertyOp21
 70
     1
102
RTVSPropertyOp22
 70
     1
102
RTVSPropertyOp23
 70
     1
102
RTVSPropertyOp24
 70
     1
102
RTVSPropertyOp25
 70
     1
102
RTVSPropertyOp26
 70
     1
102
RTVSPropertyOp27
 70
     1
102
RTVSPropertyOp28
 70
     1
102
RTVSPropertyOp29
 70
     1
102
RTVSPropertyOp30
 70
     1
102
RTVSPropertyOp31
 70
     1
102
RTVSPropertyOp32
 70
     1
102
RTVSPropertyOp33
 70
     1
102
RTVSPropertyOp34
 70
     1
102
RTVSPropertyOp35
 70
     1
102
RTVSPropertyOp36
 70
     1
102
RTVSPropertyOp37
 70
     1
102
RTVSPropertyOp38
 70
     1
102
RTVSPropertyOp39
 70
     1
102
RTVSPropertyOp40
 70
     1
102
RTVSPropertyOp41
 70
     1
102
RTVSPropertyOp42
 70
     1
102
RTVSPropertyOp43
 70
     1
102
RTVSPropertyOp44
 70
     1
102
RTVSPropertyOp45
 70
     1
102
RTVSPropertyOp46
 70
     1
102
RTVSPropertyOp47
 70
     1
102
RTVSPropertyOp48
 70
     1
102
RTVSPropertyOp49
 70
     1
102
RTVSPropertyOp50
 70
     1
102
RTVSPropertyOp51
 70
     0
102
RTVSPropertyOp52
 70
     0
102
RTVSPropertyOp53
 70
     1
102
RTVSPropertyOp54
 70
     1
102
RTVSPropertyOp55
 70
     1
102
RTVSPropertyOp56
 70
     1
102
RTVSPropertyOp57
 70
     1
102
RTVSPost2010Prop28
280
     0
102
RTVSPost2010PropOp28
 70
     1
102
RTVSPost2010Prop29
280
     1
102
RTVSPost2010PropOp29
 70
     1
102
RTVSPost2010Prop30
280
     1
102
RTVSPost2010PropOp30
 70
     1
102
RTVSPost2010Prop31
280
     0
102
RTVSPost2010PropOp31
 70
     1
102
RTVSPost2010Prop32
280
     0
102
RTVSPost2010PropOp32
 70
     1
102
RTVSPost2010Prop33
280
     0
102
RTVSPost2010PropOp33
 70
     1
102
RTVSPost2010Prop34
280
     0
102
RTVSPost2010PropOp34
 70
     1
102
RTVSPost2010Prop35
280
     0
102
RTVSPost2010PropOp35
 70
     1
102
RTVSPost2010Prop36
280
     0
102
RTVSPost2010PropOp36
 70
     1
102
RTVSPost2010Prop37
 90
       50
102
RTVSPost2010PropOp37
 70
     1
102
RTVSPost2010Prop38
140
0.0
102
RTVSPost2010PropOp38
 70
     1
102
RTVSPost2010Prop39
140
1.0
102
RTVSPost2010PropOp39
 70
     1
102
RTVSPost2010Prop40
 90
        0
102
RTVSPost2010PropOp40
 70
     1
102
RTVSPost2010Prop41ColorIndex
 90
       18
102
RTVSPost2010Prop41ColorRGB
 90
        0
102
RTVSPost2010PropOp41
 70
     1
102
RTVSPost2010Prop42
 90
       50
102
RTVSPost2010PropOp42
 70
     1
102
RTVSPost2010Prop43
 90
        3
102
RTVSPost2010PropOp43
 70
     1
102
RTVSPost2010Prop44ColorIndex
 90
        5
102
RTVSPost2010Prop44ColorRGB
 90
      255
102
RTVSPost2010PropOp44
 70
     1
102
RTVSPost2010Prop45
280
     0
102
RTVSPost2010PropOp45
 70
     1
102
RTVSPost2010Prop46
 90
       50
102
RTVSPost2010PropOp46
 70
     1
102
RTVSPost2010Prop47
 90
       50
102
RTVSPost2010PropOp47
 70
     1
102
RTVSPost2010Prop48
 90
       50
102
RTVSPost2010PropOp48
 70
     1
102
RTVSPost2010Prop49
280
     0
102
RTVSPost2010PropOp49
 70
     1
102
RTVSPost2010Prop50
 90
       50
102
RTVSPost2010PropOp50
 70
     1
102
RTVSPost2010Prop51ColorIndex
 90
      256
102
RTVSPost2010Prop51ColorRGB
 90
-16777216
102
RTVSPost2010PropOp51
 70
     0
102
RTVSPost2010Prop52
140
1.0
102
RTVSPost2010PropOp52
 70
     0
102
RTVSPost2010Prop53
 90
        2
102
RTVSPost2010PropOp53
 70
     1
102
RTVSPost2010Prop54
  1
strokes_ogs.tif
102
RTVSPost2010PropOp54
 70
     1
102
RTVSPost2010Prop55
280
     0
102
RTVSPost2010PropOp55
 70
     1
102
RTVSPost2010Prop56
140
1.0
102
RTVSPost2010PropOp56
 70
     1
102
RTVSPost2010Prop57
140
1.0
102
RTVSPost2010PropOp57
 70
     1
  0
XRECORD
  5
27F9
102
{ACAD_REACTORS
330
27F8
102
}
330
27F8
100
AcDbXrecord
280
     1
102
RTVSPropertyOp0
 70
     1
102
RTVSPropertyOp1
 70
     1
102
RTVSPropertyOp2
 70
     1
102
RTVSPropertyOp3
 70
     1
102
RTVSPropertyOp4
 70
     1
102
RTVSPropertyOp5
 70
     1
102
RTVSPropertyOp6
 70
     1
102
RTVSPropertyOp7
 70
     1
102
RTVSPropertyOp8
 70
     1
102
RTVSPropertyOp9
 70
     1
102
RTVSPropertyOp10
 70
     1
102
RTVSPropertyOp11
 70
     1
102
RTVSPropertyOp12
 70
     1
102
RTVSPropertyOp13
 70
     1
102
RTVSPropertyOp14
 70
     1
102
RTVSPropertyOp15
 70
     1
102
RTVSPropertyOp16
 70
     1
102
RTVSPropertyOp17
 70
     1
102
RTVSPropertyOp18
 70
     1
102
RTVSPropertyOp19
 70
     1
102
RTVSPropertyOp20
 70
     1
102
RTVSPropertyOp21
 70
     1
102
RTVSPropertyOp22
 70
     1
102
RTVSPropertyOp23
 70
     1
102
RTVSPropertyOp24
 70
     1
102
RTVSPropertyOp25
 70
     1
102
RTVSPropertyOp26
 70
     1
102
RTVSPropertyOp27
 70
     1
102
RTVSPropertyOp28
 70
     1
102
RTVSPropertyOp29
 70
     1
102
RTVSPropertyOp30
 70
     1
102
RTVSPropertyOp31
 70
     1
102
RTVSPropertyOp32
 70
     1
102
RTVSPropertyOp33
 70
     1
102
RTVSPropertyOp34
 70
     1
102
RTVSPropertyOp35
 70
     1
102
RTVSPropertyOp36
 70
     1
102
RTVSPropertyOp37
 70
     1
102
RTVSPropertyOp38
 70
     1
102
RTVSPropertyOp39
 70
     1
102
RTVSPropertyOp40
 70
     1
102
RTVSPropertyOp41
 70
     1
102
RTVSPropertyOp42
 70
     1
102
RTVSPropertyOp43
 70
     1
102
RTVSPropertyOp44
 70
     1
102
RTVSPropertyOp45
 70
     1
102
RTVSPropertyOp46
 70
     1
102
RTVSPropertyOp47
 70
     1
102
RTVSPropertyOp48
 70
     1
102
RTVSPropertyOp49
 70
     1
102
RTVSPropertyOp50
 70
     1
102
RTVSPropertyOp51
 70
     0
102
RTVSPropertyOp52
 70
     0
102
RTVSPropertyOp53
 70
     1
102
RTVSPropertyOp54
 70
     1
102
RTVSPropertyOp55
 70
     1
102
RTVSPropertyOp56
 70
     1
102
RTVSPropertyOp57
 70
     1
102
RTVSPost2010Prop28
280
     0
102
RTVSPost2010PropOp28
 70
     1
102
RTVSPost2010Prop29
280
     1
102
RTVSPost2010PropOp29
 70
     1
102
RTVSPost2010Prop30
280
     1
102
RTVSPost2010PropOp30
 70
     1
102
RTVSPost2010Prop31
280
     0
102
RTVSPost2010PropOp31
 70
     1
102
RTVSPost2010Prop32
280
     0
102
RTVSPost2010PropOp32
 70
     1
102
RTVSPost2010Prop33
280
     0
102
RTVSPost2010PropOp33
 70
     1
102
RTVSPost2010Prop34
280
     0
102
RTVSPost2010PropOp34
 70
     1
102
RTVSPost2010Prop35
280
     0
102
RTVSPost2010PropOp35
 70
     1
102
RTVSPost2010Prop36
280
     0
102
RTVSPost2010PropOp36
 70
     1
102
RTVSPost2010Prop37
 90
       50
102
RTVSPost2010PropOp37
 70
     1
102
RTVSPost2010Prop38
140
0.0
102
RTVSPost2010PropOp38
 70
     1
102
RTVSPost2010Prop39
140
1.0
102
RTVSPost2010PropOp39
 70
     1
102
RTVSPost2010Prop40
 90
        0
102
RTVSPost2010PropOp40
 70
     1
102
RTVSPost2010Prop41ColorIndex
 90
       18
102
RTVSPost2010Prop41ColorRGB
 90
        0
102
RTVSPost2010PropOp41
 70
     1
102
RTVSPost2010Prop42
 90
       50
102
RTVSPost2010PropOp42
 70
     1
102
RTVSPost2010Prop43
 90
        3
102
RTVSPost2010PropOp43
 70
     1
102
RTVSPost2010Prop44ColorIndex
 90
        5
102
RTVSPost2010Prop44ColorRGB
 90
      255
102
RTVSPost2010PropOp44
 70
     1
102
RTVSPost2010Prop45
280
     0
102
RTVSPost2010PropOp45
 70
     1
102
RTVSPost2010Prop46
 90
       50
102
RTVSPost2010PropOp46
 70
     1
102
RTVSPost2010Prop47
 90
       50
102
RTVSPost2010PropOp47
 70
     1
102
RTVSPost2010Prop48
 90
       50
102
RTVSPost2010PropOp48
 70
     1
102
RTVSPost2010Prop49
280
     0
102
RTVSPost2010PropOp49
 70
     1
102
RTVSPost2010Prop50
 90
       50
102
RTVSPost2010PropOp50
 70
     1
102
RTVSPost2010Prop51ColorIndex
 90
      256
102
RTVSPost2010Prop51ColorRGB
 90
-16777216
102
RTVSPost2010PropOp51
 70
     0
102
RTVSPost2010Prop52
140
1.0
102
RTVSPost2010PropOp52
 70
     0
102
RTVSPost2010Prop53
 90
        2
102
RTVSPost2010PropOp53
 70
     1
102
RTVSPost2010Prop54
  1
strokes_ogs.tif
102
RTVSPost2010PropOp54
 70
     1
102
RTVSPost2010Prop55
280
     0
102
RTVSPost2010PropOp55
 70
     1
102
RTVSPost2010Prop56
140
1.0
102
RTVSPost2010PropOp56
 70
     1
102
RTVSPost2010Prop57
140
1.0
102
RTVSPost2010PropOp57
 70
     1
  0
XRECORD
  5
27FB
102
{ACAD_REACTORS
330
27FA
102
}
330
27FA
100
AcDbXrecord
280
     1
102
RTVSPropertyOp0
 70
     1
102
RTVSPropertyOp1
 70
     1
102
RTVSPropertyOp2
 70
     1
102
RTVSPropertyOp3
 70
     1
102
RTVSPropertyOp4
 70
     1
102
RTVSPropertyOp5
 70
     1
102
RTVSPropertyOp6
 70
     1
102
RTVSPropertyOp7
 70
     1
102
RTVSPropertyOp8
 70
     1
102
RTVSPropertyOp9
 70
     1
102
RTVSPropertyOp10
 70
     1
102
RTVSPropertyOp11
 70
     1
102
RTVSPropertyOp12
 70
     1
102
RTVSPropertyOp13
 70
     1
102
RTVSPropertyOp14
 70
     1
102
RTVSPropertyOp15
 70
     1
102
RTVSPropertyOp16
 70
     1
102
RTVSPropertyOp17
 70
     1
102
RTVSPropertyOp18
 70
     1
102
RTVSPropertyOp19
 70
     1
102
RTVSPropertyOp20
 70
     1
102
RTVSPropertyOp21
 70
     1
102
RTVSPropertyOp22
 70
     1
102
RTVSPropertyOp23
 70
     1
102
RTVSPropertyOp24
 70
     1
102
RTVSPropertyOp25
 70
     1
102
RTVSPropertyOp26
 70
     1
102
RTVSPropertyOp27
 70
     1
102
RTVSPropertyOp28
 70
     1
102
RTVSPropertyOp29
 70
     1
102
RTVSPropertyOp30
 70
     1
102
RTVSPropertyOp31
 70
     1
102
RTVSPropertyOp32
 70
     1
102
RTVSPropertyOp33
 70
     1
102
RTVSPropertyOp34
 70
     1
102
RTVSPropertyOp35
 70
     1
102
RTVSPropertyOp36
 70
     1
102
RTVSPropertyOp37
 70
     1
102
RTVSPropertyOp38
 70
     1
102
RTVSPropertyOp39
 70
     1
102
RTVSPropertyOp40
 70
     1
102
RTVSPropertyOp41
 70
     1
102
RTVSPropertyOp42
 70
     1
102
RTVSPropertyOp43
 70
     1
102
RTVSPropertyOp44
 70
     1
102
RTVSPropertyOp45
 70
     1
102
RTVSPropertyOp46
 70
     1
102
RTVSPropertyOp47
 70
     1
102
RTVSPropertyOp48
 70
     1
102
RTVSPropertyOp49
 70
     1
102
RTVSPropertyOp50
 70
     1
102
RTVSPropertyOp51
 70
     0
102
RTVSPropertyOp52
 70
     0
102
RTVSPropertyOp53
 70
     1
102
RTVSPropertyOp54
 70
     1
102
RTVSPropertyOp55
 70
     1
102
RTVSPropertyOp56
 70
     1
102
RTVSPropertyOp57
 70
     1
102
RTVSPost2010Prop28
280
     0
102
RTVSPost2010PropOp28
 70
     1
102
RTVSPost2010Prop29
280
     1
102
RTVSPost2010PropOp29
 70
     1
102
RTVSPost2010Prop30
280
     1
102
RTVSPost2010PropOp30
 70
     1
102
RTVSPost2010Prop31
280
     0
102
RTVSPost2010PropOp31
 70
     1
102
RTVSPost2010Prop32
280
     0
102
RTVSPost2010PropOp32
 70
     1
102
RTVSPost2010Prop33
280
     0
102
RTVSPost2010PropOp33
 70
     1
102
RTVSPost2010Prop34
280
     0
102
RTVSPost2010PropOp34
 70
     1
102
RTVSPost2010Prop35
280
     0
102
RTVSPost2010PropOp35
 70
     1
102
RTVSPost2010Prop36
280
     0
102
RTVSPost2010PropOp36
 70
     1
102
RTVSPost2010Prop37
 90
       50
102
RTVSPost2010PropOp37
 70
     1
102
RTVSPost2010Prop38
140
0.0
102
RTVSPost2010PropOp38
 70
     1
102
RTVSPost2010Prop39
140
1.0
102
RTVSPost2010PropOp39
 70
     1
102
RTVSPost2010Prop40
 90
        0
102
RTVSPost2010PropOp40
 70
     1
102
RTVSPost2010Prop41ColorIndex
 90
       18
102
RTVSPost2010Prop41ColorRGB
 90
        0
102
RTVSPost2010PropOp41
 70
     1
102
RTVSPost2010Prop42
 90
       50
102
RTVSPost2010PropOp42
 70
     1
102
RTVSPost2010Prop43
 90
        3
102
RTVSPost2010PropOp43
 70
     1
102
RTVSPost2010Prop44ColorIndex
 90
        5
102
RTVSPost2010Prop44ColorRGB
 90
      255
102
RTVSPost2010PropOp44
 70
     1
102
RTVSPost2010Prop45
280
     0
102
RTVSPost2010PropOp45
 70
     1
102
RTVSPost2010Prop46
 90
       50
102
RTVSPost2010PropOp46
 70
     1
102
RTVSPost2010Prop47
 90
       50
102
RTVSPost2010PropOp47
 70
     1
102
RTVSPost2010Prop48
 90
       50
102
RTVSPost2010PropOp48
 70
     1
102
RTVSPost2010Prop49
280
     0
102
RTVSPost2010PropOp49
 70
     1
102
RTVSPost2010Prop50
 90
       50
102
RTVSPost2010PropOp50
 70
     1
102
RTVSPost2010Prop51ColorIndex
 90
      256
102
RTVSPost2010Prop51ColorRGB
 90
-16777216
102
RTVSPost2010PropOp51
 70
     0
102
RTVSPost2010Prop52
140
1.0
102
RTVSPost2010PropOp52
 70
     0
102
RTVSPost2010Prop53
 90
        2
102
RTVSPost2010PropOp53
 70
     1
102
RTVSPost2010Prop54
  1
strokes_ogs.tif
102
RTVSPost2010PropOp54
 70
     1
102
RTVSPost2010Prop55
280
     0
102
RTVSPost2010PropOp55
 70
     1
102
RTVSPost2010Prop56
140
1.0
102
RTVSPost2010PropOp56
 70
     1
102
RTVSPost2010Prop57
140
1.0
102
RTVSPost2010PropOp57
 70
     1
  0
XRECORD
  5
27FD
102
{ACAD_REACTORS
330
27FC
102
}
330
27FC
100
AcDbXrecord
280
     1
102
RTVSPropertyOp0
 70
     1
102
RTVSPropertyOp1
 70
     1
102
RTVSPropertyOp2
 70
     1
102
RTVSPropertyOp3
 70
     1
102
RTVSPropertyOp4
 70
     1
102
RTVSPropertyOp5
 70
     1
102
RTVSPropertyOp6
 70
     1
102
RTVSPropertyOp7
 70
     1
102
RTVSPropertyOp8
 70
     1
102
RTVSPropertyOp9
 70
     1
102
RTVSPropertyOp10
 70
     1
102
RTVSPropertyOp11
 70
     1
102
RTVSPropertyOp12
 70
     1
102
RTVSPropertyOp13
 70
     1
102
RTVSPropertyOp14
 70
     1
102
RTVSPropertyOp15
 70
     1
102
RTVSPropertyOp16
 70
     1
102
RTVSPropertyOp17
 70
     1
102
RTVSPropertyOp18
 70
     1
102
RTVSPropertyOp19
 70
     1
102
RTVSPropertyOp20
 70
     1
102
RTVSPropertyOp21
 70
     1
102
RTVSPropertyOp22
 70
     1
102
RTVSPropertyOp23
 70
     1
102
RTVSPropertyOp24
 70
     1
102
RTVSPropertyOp25
 70
     1
102
RTVSPropertyOp26
 70
     1
102
RTVSPropertyOp27
 70
     1
102
RTVSPropertyOp28
 70
     1
102
RTVSPropertyOp29
 70
     1
102
RTVSPropertyOp30
 70
     1
102
RTVSPropertyOp31
 70
     1
102
RTVSPropertyOp32
 70
     1
102
RTVSPropertyOp33
 70
     1
102
RTVSPropertyOp34
 70
     1
102
RTVSPropertyOp35
 70
     1
102
RTVSPropertyOp36
 70
     1
102
RTVSPropertyOp37
 70
     1
102
RTVSPropertyOp38
 70
     1
102
RTVSPropertyOp39
 70
     1
102
RTVSPropertyOp40
 70
     1
102
RTVSPropertyOp41
 70
     1
102
RTVSPropertyOp42
 70
     1
102
RTVSPropertyOp43
 70
     1
102
RTVSPropertyOp44
 70
     1
102
RTVSPropertyOp45
 70
     1
102
RTVSPropertyOp46
 70
     1
102
RTVSPropertyOp47
 70
     1
102
RTVSPropertyOp48
 70
     1
102
RTVSPropertyOp49
 70
     1
102
RTVSPropertyOp50
 70
     1
102
RTVSPropertyOp51
 70
     0
102
RTVSPropertyOp52
 70
     0
102
RTVSPropertyOp53
 70
     1
102
RTVSPropertyOp54
 70
     1
102
RTVSPropertyOp55
 70
     1
102
RTVSPropertyOp56
 70
     1
102
RTVSPropertyOp57
 70
     1
102
RTVSPost2010Prop28
280
     0
102
RTVSPost2010PropOp28
 70
     1
102
RTVSPost2010Prop29
280
     1
102
RTVSPost2010PropOp29
 70
     1
102
RTVSPost2010Prop30
280
     1
102
RTVSPost2010PropOp30
 70
     1
102
RTVSPost2010Prop31
280
     0
102
RTVSPost2010PropOp31
 70
     1
102
RTVSPost2010Prop32
280
     0
102
RTVSPost2010PropOp32
 70
     1
102
RTVSPost2010Prop33
280
     0
102
RTVSPost2010PropOp33
 70
     1
102
RTVSPost2010Prop34
280
     0
102
RTVSPost2010PropOp34
 70
     1
102
RTVSPost2010Prop35
280
     0
102
RTVSPost2010PropOp35
 70
     1
102
RTVSPost2010Prop36
280
     0
102
RTVSPost2010PropOp36
 70
     1
102
RTVSPost2010Prop37
 90
       50
102
RTVSPost2010PropOp37
 70
     1
102
RTVSPost2010Prop38
140
0.0
102
RTVSPost2010PropOp38
 70
     1
102
RTVSPost2010Prop39
140
1.0
102
RTVSPost2010PropOp39
 70
     1
102
RTVSPost2010Prop40
 90
        0
102
RTVSPost2010PropOp40
 70
     1
102
RTVSPost2010Prop41ColorIndex
 90
       18
102
RTVSPost2010Prop41ColorRGB
 90
        0
102
RTVSPost2010PropOp41
 70
     1
102
RTVSPost2010Prop42
 90
       50
102
RTVSPost2010PropOp42
 70
     1
102
RTVSPost2010Prop43
 90
        3
102
RTVSPost2010PropOp43
 70
     1
102
RTVSPost2010Prop44ColorIndex
 90
        5
102
RTVSPost2010Prop44ColorRGB
 90
      255
102
RTVSPost2010PropOp44
 70
     1
102
RTVSPost2010Prop45
280
     0
102
RTVSPost2010PropOp45
 70
     1
102
RTVSPost2010Prop46
 90
       50
102
RTVSPost2010PropOp46
 70
     1
102
RTVSPost2010Prop47
 90
       50
102
RTVSPost2010PropOp47
 70
     1
102
RTVSPost2010Prop48
 90
       50
102
RTVSPost2010PropOp48
 70
     1
102
RTVSPost2010Prop49
280
     0
102
RTVSPost2010PropOp49
 70
     1
102
RTVSPost2010Prop50
 90
       50
102
RTVSPost2010PropOp50
 70
     1
102
RTVSPost2010Prop51ColorIndex
 90
      256
102
RTVSPost2010Prop51ColorRGB
 90
-16777216
102
RTVSPost2010PropOp51
 70
     0
102
RTVSPost2010Prop52
140
1.0
102
RTVSPost2010PropOp52
 70
     0
102
RTVSPost2010Prop53
 90
        2
102
RTVSPost2010PropOp53
 70
     1
102
RTVSPost2010Prop54
  1
strokes_ogs.tif
102
RTVSPost2010PropOp54
 70
     1
102
RTVSPost2010Prop55
280
     0
102
RTVSPost2010PropOp55
 70
     1
102
RTVSPost2010Prop56
140
1.0
102
RTVSPost2010PropOp56
 70
     1
102
RTVSPost2010Prop57
140
1.0
102
RTVSPost2010PropOp57
 70
     1
  0
ENDSEC
  0
EOF
