  0
SECTION
  2
HEADER
  9
$ACADVER
  1
AC1006
  9
$DWGCODEPAGE
  3
ansi_1252
  9
$INSBASE
 10
0.0
 20
0.0
 30
0.0
  9
$EXTMIN
 10
1.931910765785668
 20
-0.9567249261127831
  9
$EXTMAX
 10
42.88088776378283
 20
29.69683152715296
  9
$LIMMIN
 10
0.0
 20
0.0
  9
$LIMMAX
 10
12.0
 20
9.0
  9
$ORTHOMODE
 70
     0
  9
$REGENMODE
 70
     1
  9
$FILLMODE
 70
     1
  9
$QTEXTMODE
 70
     0
  9
$MIRRTEXT
 70
     0
  9
$DRAGMODE
 70
     2
  9
$LTSCALE
 40
1.0
  9
$OSMODE
 70
    37
  9
$ATTMODE
 70
     1
  9
$TEXTSIZE
 40
0.2
  9
$TRACEWID
 40
0.05
  9
$TEXTSTYLE
  7
STANDARD
  9
$CLAYER
  8
WWW_ADITIVOCAD_COM
  9
$CELTYPE
  6
BYLAYER
  9
$CECOLOR
 62
   256
  9
$DIMSCALE
 40
1.0
  9
$DIMASZ
 40
0.18
  9
$DIMEXO
 40
0.0625
  9
$DIMDLI
 40
0.38
  9
$DIMRND
 40
0.0
  9
$DIMDLE
 40
0.0
  9
$DIMEXE
 40
0.18
  9
$DIMTP
 40
0.0
  9
$DIMTM
 40
0.0
  9
$DIMTXT
 40
0.18
  9
$DIMCEN
 40
0.09
  9
$DIMTSZ
 40
0.0
  9
$DIMTOL
 70
     0
  9
$DIMLIM
 70
     0
  9
$DIMTIH
 70
     1
  9
$DIMTOH
 70
     1
  9
$DIMSE1
 70
     0
  9
$DIMSE2
 70
     0
  9
$DIMTAD
 70
     0
  9
$DIMZIN
 70
     0
  9
$DIMBLK
  1

  9
$DIMASO
 70
     1
  9
$DIMSHO
 70
     1
  9
$DIMPOST
  1

  9
$DIMAPOST
  1

  9
$DIMALT
 70
     0
  9
$DIMALTD
 70
     2
  9
$DIMALTF
 40
25.4
  9
$DIMLFAC
 40
1.0
  9
$DIMTOFL
 70
     0
  9
$DIMTVP
 40
0.0
  9
$DIMTIX
 70
     0
  9
$DIMSOXD
 70
     0
  9
$DIMSAH
 70
     0
  9
$DIMBLK1
  1

  9
$DIMBLK2
  1

  9
$LUNITS
 70
     2
  9
$LUPREC
 70
     4
  9
$SKETCHINC
 40
0.1
  9
$FILLETRAD
 40
0.0
  9
$AUNITS
 70
     0
  9
$AUPREC
 70
     0
  9
$MENU
  1
.
  9
$ELEVATION
 40
0.0
  9
$THICKNESS
 40
0.0
  9
$LIMCHECK
 70
     0
  9
$CHAMFERA
 40
0.0
  9
$CHAMFERB
 40
0.0
  9
$SKPOLY
 70
     0
  9
$TDCREATE
 40
2460778.287847222
  9
$TDUPDATE
 40
2461184.965950208
  9
$TDINDWG
 40
0.1768634259
  9
$TDUSRTIMER
 40
0.1768634259
  9
$USRTIMER
 70
     1
  9
$ANGBASE
 50
0.0
  9
$ANGDIR
 70
     0
  9
$PDMODE
 70
     0
  9
$PDSIZE
 40
0.0
  9
$PLINEWID
 40
0.0
  9
$COORDS
 70
     1
  9
$SPLFRAME
 70
     0
  9
$SPLINETYPE
 70
     6
  9
$SPLINESEGS
 70
     8
  9
$ATTDIA
 70
     0
  9
$ATTREQ
 70
     1
  9
$HANDLING
 70
     1
  9
$HANDSEED
  5
3AE0
  9
$SURFTAB1
 70
     6
  9
$SURFTAB2
 70
     6
  9
$SURFTYPE
 70
     6
  9
$SURFU
 70
     6
  9
$SURFV
 70
     6
  9
$UCSNAME
  2

  9
$UCSORG
 10
0.0
 20
0.0
 30
0.0
  9
$UCSXDIR
 10
1.0
 20
0.0
 30
0.0
  9
$UCSYDIR
 10
0.0
 20
1.0
 30
0.0
  9
$USERI1
 70
     0
  9
$USERI2
 70
     0
  9
$USERI3
 70
     0
  9
$USERI4
 70
     0
  9
$USERI5
 70
     0
  9
$USERR1
 40
0.0
  9
$USERR2
 40
0.0
  9
$USERR3
 40
0.0
  9
$USERR4
 40
0.0
  9
$USERR5
 40
0.0
  9
$WORLDVIEW
 70
     1
  0
ENDSEC
  0
SECTION
  2
TABLES
  0
TABLE
  2
VPORT
 70
     1
  0
VPORT
  2
*ACTIVE
 70
     0
 10
0.0
 20
0.0
 11
1.0
 21
1.0
 12
23.51713792009167
 22
9.37984364019127
 13
0.0
 23
0.0
 14
0.5
 24
0.5
 15
0.5
 25
0.5
 16
0.0
 26
0.0
 36
1.0
 17
0.0
 27
0.0
 37
0.0
 40
21.05174275752855
 41
2.543741588156124
 42
50.0
 43
0.0
 44
0.0
 50
0.0
 51
0.0
 71
     0
 72
  1000
 73
     1
 74
     3
 75
     0
 76
     1
 77
     0
 78
     0
  0
ENDTAB
  0
TABLE
  2
LTYPE
 70
     2
  0
LTYPE
  2
CONTINUOUS
 70
     0
  3
Solid line
 72
    65
 73
     0
 40
0.0
  0
LTYPE
  2
HIDDEN2
 70
     0
  3
Hidden (.5x) _ _ _ _ _ _ _ _ _ _ _ _ _ _ _ _ _
 72
    65
 73
     2
 40
0.1875
 49
0.125
 49
-0.0625
  0
ENDTAB
  0
TABLE
  2
LAYER
 70
    17
  0
LAYER
  2
0
 70
     0
 62
     7
  6
CONTINUOUS
  0
LAYER
  2
ARQ-ESQUADRIAS
 70
     0
 62
    53
  6
CONTINUOUS
  0
LAYER
  2
LINHA_04
 70
     0
 62
   190
  6
CONTINUOUS
  0
LAYER
  2
TXT_GERAL
 70
     0
 62
     9
  6
CONTINUOUS
  0
LAYER
  2
TXT_AMBIENTE
 70
     0
 62
     4
  6
CONTINUOUS
  0
LAYER
  2
TEXTO_06
 70
     0
 62
     6
  6
CONTINUOUS
  0
LAYER
  2
DEFPOINTS
 70
     0
 62
     7
  6
CONTINUOUS
  0
LAYER
  2
ARQ-BANHO_COZINHA_SERVIÇO
 70
     0
 62
   150
  6
CONTINUOUS
  0
LAYER
  2
ARQ-LINHA-FINA
 70
     0
 62
     1
  6
CONTINUOUS
  0
LAYER
  2
ARQ-MÓVEIS_E_ELETRO
 70
     0
 62
    16
  6
CONTINUOUS
  0
LAYER
  2
TXT_ÁREA
 70
     0
 62
     8
  6
CONTINUOUS
  0
LAYER
  2
ARQ-PISO
 70
     0
 62
   140
  6
CONTINUOUS
  0
LAYER
  2
ARQ-COTAS
 70
     0
 62
     1
  6
CONTINUOUS
  0
LAYER
  2
TEXTO-AMBIENTES-TITULOS
 70
     0
 62
    22
  6
CONTINUOUS
  0
LAYER
  2
LINHA-FINA
 70
     0
 62
     8
  6
CONTINUOUS
  0
LAYER
  2
ALVENARIA
 70
     0
 62
   141
  6
CONTINUOUS
  0
LAYER
  2
WWW_ADITIVOCAD_COM
 70
     0
 62
    76
  6
CONTINUOUS
  0
ENDTAB
  0
TABLE
  2
STYLE
 70
     5
  0
STYLE
  2
STANDARD
 70
     0
 40
0.0
 41
1.0
 50
0.0
 71
     0
 42
0.2
  3
arial.ttf
  4

  0
STYLE
  2
ARIAL
 70
     0
 40
0.0
 41
1.0
 50
0.0
 71
     0
 42
0.32
  3
arial.ttf
  4

  0
STYLE
  2
TEXTO03
 70
     0
 40
0.0
 41
1.0
 50
0.0
 71
     0
 42
0.25
  3
romans.shx
  4

  0
STYLE
  2
ADITIVOCAD
 70
     0
 40
0.0
 41
1.0
 50
0.0
 71
     0
 42
0.135
  3
ARIALN.TTF
  4

  0
STYLE
  2
ARIAL_BOLD
 70
     0
 40
0.0
 41
1.0
 50
0.0
 71
     0
 42
0.2
  3
arialbd.ttf
  4

  0
ENDTAB
  0
TABLE
  2
VIEW
 70
     0
  0
ENDTAB
  0
TABLE
  2
UCS
 70
     0
  0
ENDTAB
  0
ENDSEC
  0
SECTION
  2
BLOCKS
  0
BLOCK
  8
0
  2
PORTA70
 70
     0
 10
0.0
 20
0.0
 30
0.0
  0
LINE
  5
1781
  8
0
 10
0.0299999999999994
 20
0.0
 30
0.0
 11
0.0299999999999994
 21
0.7000000000000002
 31
0.0
  0
ARC
  5
1782
  8
0
  6
HIDDEN2
 10
0.0
 20
0.0
 30
0.0
 40
0.6999999999999993
 50
0.0
 51
90.0
  0
LINE
  5
1783
  8
0
 10
0.0
 20
0.0
 30
0.0
 11
0.0
 21
0.7000000000000002
 31
0.0
  0
LINE
  5
1784
  8
ARQ-BANHO_COZINHA_SERVIÇO
 10
0.0299999999999994
 20
0.0
 30
0.0
 11
0.0
 21
0.0
 31
0.0
  0
ENDBLK
  8
0
  0
BLOCK
  8
0
  2
PORTA80
 70
     0
 10
0.0
 20
0.0
 30
0.0
  0
LINE
  5
16BD
  8
0
 10
0.0300000000000002
 20
0.0
 30
0.0
 11
0.0300000000000011
 21
0.7994373021069263
 31
0.0
  0
ARC
  5
16BE
  8
0
  6
HIDDEN2
 10
0.0
 20
0.0
 30
0.0
 40
0.8000000000000007
 50
0.0
 51
90.0
  0
LINE
  5
16BF
  8
0
 10
0.0
 20
0.0
 30
0.0
 11
0.0
 21
0.7999999999999998
 31
0.0
  0
LINE
  5
16C0
  8
0
 10
0.0
 20
0.0
 30
0.0
 11
0.0300000000000002
 21
0.0
 31
0.0
  0
ENDBLK
  8
0
  0
BLOCK
  8
0
  2
ADC_WC_BACIA_01-P
 70
     0
 10
0.0
 20
0.0
 30
0.0
  0
POLYLINE
  5
11E7
  8
0
 66
     1
 10
0.0
 20
0.0
 30
0.0
  0
VERTEX
  5
355A
  8
0
 10
0.1071011092931258
 20
0.4347567015749973
 30
0.0
  0
VERTEX
  5
355B
  8
0
 10
0.0915030276743709
 20
0.4546363059395068
 30
0.0
  0
VERTEX
  5
355C
  8
0
 10
0.0721399184286086
 20
0.4710163923861224
 30
0.0
  0
VERTEX
  5
355D
  8
0
 10
0.0498085104627939
 20
0.4832229736845498
 30
0.0
  0
VERTEX
  5
355E
  8
0
 10
0.0254276685126227
 20
0.4907537887540861
 30
0.0
  0
VERTEX
  5
355F
  8
0
 10
0.0000005848501134
 20
0.4932989690719296
 30
0.0
  0
VERTEX
  5
3560
  8
0
 10
-0.025426498812396
 20
0.4907537887540862
 30
0.0
  0
VERTEX
  5
3561
  8
0
 10
-0.0498073407625672
 20
0.4832229736845499
 30
0.0
  0
VERTEX
  5
3562
  8
0
 10
-0.072138748728382
 20
0.4710163923861225
 30
0.0
  0
VERTEX
  5
3563
  8
0
 10
-0.0915018579741442
 20
0.454636305939507
 30
0.0
  0
VERTEX
  5
3564
  8
0
 10
-0.1070999395928993
 20
0.4347567015749974
 30
0.0
  0
SEQEND
  5
3AA6
  8
0
  0
POLYLINE
  5
11E8
  8
0
 66
     1
 10
0.0
 20
0.0
 30
0.0
  0
VERTEX
  5
3565
  8
0
 10
0.1408185232885444
 20
0.2949051531090845
 30
0.0
  0
VERTEX
  5
3566
  8
0
 10
0.1399497221955869
 20
0.343549646253661
 30
0.0
  0
VERTEX
  5
3567
  8
0
 10
0.1285343181836727
 20
0.3908930075625623
 30
0.0
  0
VERTEX
  5
3568
  8
0
 10
0.1070975984164307
 20
0.4347567017905474
 30
0.0
  0
SEQEND
  5
3AA7
  8
0
  0
POLYLINE
  5
11E9
  8
0
 66
     1
 10
0.0
 20
0.0
 30
0.0
  0
VERTEX
  5
3569
  8
0
 10
-0.1408159735595973
 20
0.2949051541806966
 30
0.0
  0
VERTEX
  5
356A
  8
0
 10
-0.1355884031647142
 20
0.268026067383654
 30
0.0
  0
VERTEX
  5
356B
  8
0
 10
-0.1250921258003604
 20
0.2426760537379513
 30
0.0
  0
VERTEX
  5
356C
  8
0
 10
-0.1097350066484214
 20
0.219840166093042
 30
0.0
  0
VERTEX
  5
356D
  8
0
 10
-0.0901137938681463
 20
0.2004057631899823
 30
0.0
  0
VERTEX
  5
356E
  8
0
 10
-0.0669909301086424
 20
0.1851280286047906
 30
0.0
  0
VERTEX
  5
356F
  8
0
 10
-0.0412649254516855
 20
0.1746006257648982
 30
0.0
  0
VERTEX
  5
3570
  8
0
 10
-0.013935443035393
 20
0.1692326293283982
 30
0.0
  0
VERTEX
  5
3571
  8
0
 10
0.0139355459356235
 20
0.1692326293283983
 30
0.0
  0
VERTEX
  5
3572
  8
0
 10
0.041265028351916
 20
0.1746006257648982
 30
0.0
  0
VERTEX
  5
3573
  8
0
 10
0.0669910330088729
 20
0.1851280286047906
 30
0.0
  0
VERTEX
  5
3574
  8
0
 10
0.0901138967683768
 20
0.2004057631899822
 30
0.0
  0
VERTEX
  5
3575
  8
0
 10
0.1097351095486519
 20
0.2198401660930419
 30
0.0
  0
VERTEX
  5
3576
  8
0
 10
0.1250922287005909
 20
0.2426760537379512
 30
0.0
  0
VERTEX
  5
3577
  8
0
 10
0.1355885060649447
 20
0.2680260673836538
 30
0.0
  0
VERTEX
  5
3578
  8
0
 10
0.1408160764598279
 20
0.2949051541806966
 30
0.0
  0
SEQEND
  5
3AA8
  8
0
  0
POLYLINE
  5
11EA
  8
0
 66
     1
 10
0.0
 20
0.0
 30
0.0
  0
VERTEX
  5
3579
  8
0
 10
-0.1070975984164306
 20
0.4347567017905476
 30
0.0
  0
VERTEX
  5
357A
  8
0
 10
-0.1285343181836727
 20
0.3908930075625625
 30
0.0
  0
VERTEX
  5
357B
  8
0
 10
-0.139949722195587
 20
0.3435496462536611
 30
0.0
  0
VERTEX
  5
357C
  8
0
 10
-0.1408185232885444
 20
0.2949051531090846
 30
0.0
  0
SEQEND
  5
3AA9
  8
0
  0
CIRCLE
  5
11EB
  8
0
 10
0.074999517262313
 20
0.1108387455888078
 30
0.0
 40
0.0075000000001637
  0
CIRCLE
  5
11EC
  8
0
 10
-0.0750004827377779
 20
0.1108387455888078
 30
0.0
 40
0.0075000000001637
  0
LINE
  5
11ED
  8
0
 10
-0.0249999999998636
 20
0.0499999999967713
 30
0.0
 11
-0.0249999999998636
 21
0.0
 31
0.0
  0
LINE
  5
11EE
  8
0
 10
0.0250000000000909
 20
0.0499999999967713
 30
0.0
 11
0.0250000000000909
 21
0.0
 31
0.0
  0
POLYLINE
  5
11EF
  8
0
 66
     1
 10
0.0
 20
0.0
 30
0.0
  0
VERTEX
  5
357D
  8
0
 10
0.0432480350264086
 20
0.2951533223146043
 30
0.0
 42
0.7677537222056646
  0
VERTEX
  5
357E
  8
0
 10
-0.0436984751295313
 20
0.2951533230732366
 30
0.0
 42
0.0329997366153656
  0
VERTEX
  5
357F
  8
0
 10
-0.0559751709429293
 20
0.218387980002035
 30
0.0
 42
0.3846653411119064
  0
VERTEX
  5
3580
  8
0
 10
-0.044558315958966
 20
0.2034960621488153
 30
0.0
 42
0.0989127308887573
  0
VERTEX
  5
3581
  8
0
 10
0.0450716976815784
 20
0.2034960621488153
 30
0.0
 42
0.3846653411119365
  0
VERTEX
  5
3582
  8
0
 10
0.0564885526655416
 20
0.218387980002035
 30
0.0
 42
0.0452361418192692
  0
VERTEX
  5
3583
  8
0
 10
0.0432500386200445
 20
0.2951533231999974
 30
0.0
  0
SEQEND
  5
3AAA
  8
0
  0
POLYLINE
  5
11F0
  8
0
 66
     1
 10
0.0
 20
0.0
 30
0.0
 70
     1
  0
VERTEX
  5
3584
  8
0
 10
0.0588022343058583
 20
0.0499999990220203
 30
0.0
 42
0.2667466475122565
  0
VERTEX
  5
3585
  8
0
 10
0.104348475000279
 20
0.0760587628835765
 30
0.0
  0
VERTEX
  5
3586
  8
0
 10
0.1617291354191366
 20
0.1750969077395439
 30
0.0
 42
0.2796954043497268
  0
VERTEX
  5
3587
  8
0
 10
0.1561888536270999
 20
0.4646257758113279
 30
0.0
  0
VERTEX
  5
3588
  8
0
 10
0.1503040996622076
 20
0.4733587754868722
 30
0.0
  0
VERTEX
  5
3589
  8
0
 10
0.1439067298233567
 20
0.4817353644438072
 30
0.0
  0
VERTEX
  5
358A
  8
0
 10
0.1370236677430512
 20
0.4897326301053226
 30
0.0
  0
VERTEX
  5
358B
  8
0
 10
0.1296818370537949
 20
0.4973276598946086
 30
0.0
  0
VERTEX
  5
358C
  8
0
 10
0.1219081613880917
 20
0.5044975412350823
 30
0.0
  0
VERTEX
  5
358D
  8
0
 10
0.1137295643786729
 20
0.51121936154982
 30
0.0
  0
VERTEX
  5
358E
  8
0
 10
0.1051729696582697
 20
0.5174702082621252
 30
0.0
  0
VERTEX
  5
358F
  8
0
 10
0.0962653008589314
 20
0.5232271687951879
 30
0.0
  0
VERTEX
  5
3590
  8
0
 10
0.0870334816136165
 20
0.5284673305721981
 30
0.0
  0
VERTEX
  5
3591
  8
0
 10
0.0775044355546015
 20
0.5331677810164592
 30
0.0
  0
VERTEX
  5
3592
  8
0
 10
0.0677074736679515
 20
0.5372995938596432
 30
0.0
  0
VERTEX
  5
3593
  8
0
 10
0.0576823615492685
 20
0.540827546853734
 30
0.0
  0
VERTEX
  5
3594
  8
0
 10
0.0474647128899051
 20
0.5437519588055011
 30
0.0
  0
VERTEX
  5
3595
  8
0
 10
0.0370893789192905
 20
0.5460762319725063
 30
0.0
  0
VERTEX
  5
3596
  8
0
 10
0.0265912108677639
 20
0.5478037686119706
 30
0.0
  0
VERTEX
  5
3597
  8
0
 10
0.0160050599654369
 20
0.5489379709811146
 30
0.0
  0
VERTEX
  5
3598
  8
0
 10
0.0053657774419662
 20
0.5494822413371594
 30
0.0
  0
VERTEX
  5
3599
  8
0
 10
-0.0052917854723091
 20
0.5494399819375531
 30
0.0
  0
VERTEX
  5
359A
  8
0
 10
-0.0159327775475049
 20
0.5488145950396301
 30
0.0
  0
VERTEX
  5
359B
  8
0
 10
-0.0265223475537368
 20
0.5476094829004978
 30
0.0
  0
VERTEX
  5
359C
  8
0
 10
-0.0370256442608934
 20
0.5458280477776043
 30
0.0
  0
VERTEX
  5
359D
  8
0
 10
-0.0474078164388629
 20
0.5434736919280567
 30
0.0
  0
VERTEX
  5
359E
  8
0
 10
-0.0576340128579886
 20
0.540549817609417
 30
0.0
  0
VERTEX
  5
359F
  8
0
 10
-0.0676693822879315
 20
0.5370598270787923
 30
0.0
  0
VERTEX
  5
35A0
  8
0
 10
-0.07747907349858
 20
0.5330071225935171
 30
0.0
  0
VERTEX
  5
35A1
  8
0
 10
-0.0870282352605045
 20
0.528395106410926
 30
0.0
  0
VERTEX
  5
35A2
  8
0
 10
-0.0962820163431388
 20
0.5232271807882398
 30
0.0
  0
VERTEX
  5
35A3
  8
0
 10
-0.1052055655165987
 20
0.5175067479827931
 30
0.0
  0
VERTEX
  5
35A4
  8
0
 10
-0.1137678546976986
 20
0.5112619975011512
 30
0.0
  0
VERTEX
  5
35A5
  8
0
 10
-0.1219449003388036
 20
0.5045381298866687
 30
0.0
  0
VERTEX
  5
35A6
  8
0
 10
-0.1297120707854447
 20
0.4973606890847577
 30
0.0
  0
VERTEX
  5
35A7
  8
0
 10
-0.1370447328426962
 20
0.4897552041791187
 30
0.0
  0
VERTEX
  5
35A8
  8
0
 10
-0.1439182533151779
 20
0.4817472042533382
 30
0.0
  0
VERTEX
  5
35A9
  8
0
 10
-0.1503079990081915
 20
0.4733622183910029
 30
0.0
  0
VERTEX
  5
35AA
  8
0
 10
-0.1561893367263565
 20
0.4646257756759269
 30
0.0
 42
0.2796890452829781
  0
VERTEX
  5
35AB
  8
0
 10
-0.1617296905965304
 20
0.175096907837883
 30
0.0
  0
VERTEX
  5
35AC
  8
0
 10
-0.1043484749998242
 20
0.0760587628835765
 30
0.0
 42
0.2667466475165246
  0
VERTEX
  5
35AD
  8
0
 10
-0.0588022343056309
 20
0.049999999021793
 30
0.0
  0
SEQEND
  5
3AAB
  8
0
  0
ENDBLK
  8
0
  0
BLOCK
  8
0
  2
BOX-BANHO-80
 70
     0
 10
0.0
 20
0.0
 30
0.0
  0
LINE
  5
17EA
  8
0
 10
0.5415899224519762
 20
0.7999999999999545
 30
0.0
 11
0.5415899224519762
 21
0.834999999999809
 31
0.0
  0
LINE
  5
17EB
  8
0
 10
0.5390899224519217
 20
0.849999999999909
 30
0.0
 11
0.5740899224522309
 21
0.849999999999909
 31
0.0
  0
ARC
  5
17EC
  8
0
 10
0.5390899224519217
 20
0.842499999999859
 30
0.0
 40
0.00750000000005
 50
90.0
 51
270.0
  0
LINE
  5
17ED
  8
0
 10
0.5390899224519217
 20
0.8349999999996953
 30
0.0
 11
0.5740899224522309
 21
0.8349999999995816
 31
0.0
  0
ARC
  5
17EE
  8
0
 10
0.5740899224522309
 20
0.842499999999859
 30
0.0
 40
0.00750000000005
 50
270.0
 51
90.0
  0
LINE
  5
17EF
  8
0
 10
0.5715899224517216
 20
0.834999999999809
 30
0.0
 11
0.571589922451949
 21
0.7999999999999545
 31
0.0
  0
LINE
  5
17F0
  8
0
 10
0.531589922451758
 20
0.842499999999859
 30
0.0
 11
0.5815899224523946
 21
0.842499999999859
 31
0.0
  0
POLYLINE
  5
17F1
  8
0
 66
     1
 10
0.0
 20
0.0
 30
0.0
 70
     1
  0
VERTEX
  5
35AE
  8
0
 10
0.2000000000000455
 20
0.7799999999999727
 30
0.0
  0
VERTEX
  5
35AF
  8
0
 10
0.6000000000001364
 20
0.7799999999999727
 30
0.0
  0
VERTEX
  5
35B0
  8
0
 10
0.6000000000001364
 20
0.7999999999999545
 30
0.0
  0
VERTEX
  5
35B1
  8
0
 10
0.2000000000000455
 20
0.7999999999999545
 30
0.0
  0
SEQEND
  5
3AAC
  8
0
  0
POLYLINE
  5
17F2
  8
0
 66
     1
 10
0.0
 20
0.0
 30
0.0
 70
     1
  0
VERTEX
  5
35B2
  8
0
 10
0.0
 20
0.7599999999999909
 30
0.0
  0
VERTEX
  5
35B3
  8
0
 10
0.4000000000000909
 20
0.7599999999999909
 30
0.0
  0
VERTEX
  5
35B4
  8
0
 10
0.4000000000000909
 20
0.7799999999999727
 30
0.0
  0
VERTEX
  5
35B5
  8
0
 10
0.0
 20
0.7799999999999727
 30
0.0
  0
SEQEND
  5
3AAD
  8
0
  0
POLYLINE
  5
17F3
  8
0
 66
     1
 10
0.0
 20
0.0
 30
0.0
 70
     1
  0
VERTEX
  5
35B6
  8
0
 10
0.7800000000002001
 20
0.1999999999993634
 30
0.0
  0
VERTEX
  5
35B7
  8
0
 10
0.7800000000004275
 20
0.5999999999994543
 30
0.0
  0
VERTEX
  5
35B8
  8
0
 10
0.8000000000004093
 20
0.5999999999994543
 30
0.0
  0
VERTEX
  5
35B9
  8
0
 10
0.8000000000001819
 20
0.1999999999993634
 30
0.0
  0
SEQEND
  5
3AAE
  8
0
  0
POLYLINE
  5
17F4
  8
0
 66
     1
 10
0.0
 20
0.0
 30
0.0
 70
     1
  0
VERTEX
  5
35BA
  8
0
 10
0.7599999999999909
 20
-0.0000000000006821
 30
0.0
  0
VERTEX
  5
35BB
  8
0
 10
0.7600000000004457
 20
0.3999999999994088
 30
0.0
  0
VERTEX
  5
35BC
  8
0
 10
0.7800000000004275
 20
0.3999999999994088
 30
0.0
  0
VERTEX
  5
35BD
  8
0
 10
0.7799999999999727
 20
-0.0000000000006821
 30
0.0
  0
SEQEND
  5
3AAF
  8
0
  0
LINE
  5
17F5
  8
0
 10
0.8000000000004093
 20
0.5999999999994543
 30
0.0
 11
0.8000000000004093
 21
0.7999999999999545
 31
0.0
  0
LINE
  5
17F6
  8
0
 10
0.8000000000004093
 20
0.7999999999999545
 30
0.0
 11
0.6000000000001364
 21
0.7999999999999545
 31
0.0
  0
LINE
  5
17F7
  8
0
 10
0.8000000000004093
 20
0.5415899224512941
 30
0.0
 11
0.8350000000002638
 21
0.5415899224512941
 31
0.0
  0
LINE
  5
17F8
  8
0
 10
0.8500000000003638
 20
0.5390899224512395
 30
0.0
 11
0.8500000000003638
 21
0.5740899224515488
 31
0.0
  0
ARC
  5
17F9
  8
0
 10
0.8425000000004275
 20
0.5390899224512395
 30
0.0
 40
0.00750000000005
 50
179.9999999999544
 51
359.9999999999544
  0
LINE
  5
17FA
  8
0
 10
0.8350000000002638
 20
0.5390899224512395
 30
0.0
 11
0.8350000000000364
 21
0.5740899224515488
 31
0.0
  0
ARC
  5
17FB
  8
0
 10
0.8425000000004275
 20
0.5740899224515488
 30
0.0
 40
0.00750000000005
 50
359.9999999999544
 51
179.9999999999544
  0
LINE
  5
17FC
  8
0
 10
0.8350000000002638
 20
0.5715899224510395
 30
0.0
 11
0.8000000000004093
 21
0.5715899224512668
 31
0.0
  0
LINE
  5
17FD
  8
0
 10
0.8425000000004275
 20
0.5315899224510758
 30
0.0
 11
0.8425000000004275
 21
0.5815899224517125
 31
0.0
  0
ENDBLK
  8
0
  0
BLOCK
  8
0
  2
ADC_TORN_COZ2-P
 70
     0
 10
0.0
 20
0.0
 30
0.0
  0
POLYLINE
  5
13DF
  8
0
  6
BYBLOCK
 66
     1
 10
0.0
 20
0.0
 30
0.0
 70
     1
  0
VERTEX
  5
35BE
  8
0
  6
BYBLOCK
 10
0.1114519766328357
 20
0.0075001967982473
 30
0.0
 42
0.1332561510789247
  0
VERTEX
  5
35BF
  8
0
  6
BYBLOCK
 10
0.1095258094700995
 20
0.0069775691487166
 30
0.0
 42
0.1067562697216326
  0
VERTEX
  5
35C0
  8
0
  6
BYBLOCK
 10
0.1077019766328107
 20
0.0053034976571382
 30
0.0
 42
0.0828275296409895
  0
VERTEX
  5
35C1
  8
0
  6
BYBLOCK
 10
0.1065748390629579
 20
0.0029713479502504
 30
0.0
 42
0.0713517487531432
  0
VERTEX
  5
35C2
  8
0
  6
BYBLOCK
 10
0.1061486757739232
 20
0.0000001967982541
 30
0.0
 42
0.0713517487531746
  0
VERTEX
  5
35C3
  8
0
  6
BYBLOCK
 10
0.1065748390629579
 20
-0.0029709543537706
 30
0.0
 42
0.0828275296409172
  0
VERTEX
  5
35C4
  8
0
  6
BYBLOCK
 10
0.1077019766328107
 20
-0.0053031040606584
 30
0.0
 42
0.1067562697215655
  0
VERTEX
  5
35C5
  8
0
  6
BYBLOCK
 10
0.1095258094700995
 20
-0.0069771755522368
 30
0.0
 42
0.1332561510788154
  0
VERTEX
  5
35C6
  8
0
  6
BYBLOCK
 10
0.1114519766328357
 20
-0.0074998032017675
 30
0.0
 42
0.1332561510789247
  0
VERTEX
  5
35C7
  8
0
  6
BYBLOCK
 10
0.1133781437955435
 20
-0.0069771755522368
 30
0.0
 42
0.1067562697216326
  0
VERTEX
  5
35C8
  8
0
  6
BYBLOCK
 10
0.1152019766328323
 20
-0.0053031040606584
 30
0.0
 42
0.082827529640952
  0
VERTEX
  5
35C9
  8
0
  6
BYBLOCK
 10
0.1163291142027134
 20
-0.0029709543537706
 30
0.0
 42
0.0713517487531327
  0
VERTEX
  5
35CA
  8
0
  6
BYBLOCK
 10
0.1167552774917198
 20
0.0000001967982541
 30
0.0
 42
0.0713517487530382
  0
VERTEX
  5
35CB
  8
0
  6
BYBLOCK
 10
0.1163291142027134
 20
0.0029713479502504
 30
0.0
 42
0.082827529640984
  0
VERTEX
  5
35CC
  8
0
  6
BYBLOCK
 10
0.1152019766328323
 20
0.0053034976571382
 30
0.0
 42
0.106756269721622
  0
VERTEX
  5
35CD
  8
0
  6
BYBLOCK
 10
0.1133781437955435
 20
0.0069775691487166
 30
0.0
 42
0.1332561510787654
  0
SEQEND
  5
3AB0
  8
0
  6
BYBLOCK
  0
POLYLINE
  5
13E0
  8
0
  6
BYBLOCK
 66
     1
 10
0.0
 20
0.0
 30
0.0
  0
VERTEX
  5
35CE
  8
0
  6
BYBLOCK
 10
0.0317286563913655
 20
-0.0142836103576798
 30
0.0
  0
VERTEX
  5
35CF
  8
0
  6
BYBLOCK
 10
0.0317286563913655
 20
-0.0549998032017527
 30
0.0
  0
SEQEND
  5
3AB1
  8
0
  6
BYBLOCK
  0
LINE
  5
13E1
  8
0
  6
BYBLOCK
 10
0.0617286563912813
 20
-0.0449998032017618
 30
0.0
 11
0.0617286563912813
 21
-0.024128646800591
 31
0.0
  0
ARC
  5
13E2
  8
0
  6
BYBLOCK
 10
0.0467286563913234
 20
-0.0549998032017527
 30
0.0
 40
0.015
 50
41.81031489577267
 51
318.1896851042274
  0
ARC
  5
13E3
  8
0
  6
BYBLOCK
 10
0.2167286563913393
 20
-0.0549998032017527
 30
0.0
 40
0.0125
 50
233.1301023539612
 51
126.8698976460388
  0
POLYLINE
  5
13E4
  8
0
  6
BYBLOCK
 66
     1
 10
0.0
 20
0.0
 30
0.0
 70
     1
  0
VERTEX
  5
35D0
  8
0
  6
BYBLOCK
 10
0.0467286936965792
 20
-0.0649998032016867
 30
0.0
 42
-1.000000000000266
  0
VERTEX
  5
35D1
  8
0
  6
BYBLOCK
 10
0.0467286190860676
 20
-0.0449998032018186
 30
0.0
  0
VERTEX
  5
35D2
  8
0
  6
BYBLOCK
 10
0.2167286358177449
 20
-0.0449998032017618
 30
0.0
 42
-0.9999999999997334
  0
VERTEX
  5
35D3
  8
0
  6
BYBLOCK
 10
0.2167286769649337
 20
-0.0649998032017436
 30
0.0
  0
SEQEND
  5
3AB2
  8
0
  6
BYBLOCK
  0
POLYLINE
  5
13E5
  8
0
  6
BYBLOCK
 66
     1
 10
0.0
 20
0.0
 30
0.0
 70
     1
  0
VERTEX
  5
35D4
  8
0
  6
BYBLOCK
 10
0.1039519766328141
 20
-0.0249998032017515
 30
0.0
 42
0.133256151078858
  0
VERTEX
  5
35D5
  8
0
  6
BYBLOCK
 10
0.1103725338418684
 20
-0.023257711036706
 30
0.0
 42
0.1067562697216193
  0
VERTEX
  5
35D6
  8
0
  6
BYBLOCK
 10
0.1164519766328311
 20
-0.0176774727314353
 30
0.0
 42
0.0828275296409975
  0
VERTEX
  5
35D7
  8
0
  6
BYBLOCK
 10
0.1202091018657399
 20
-0.0099036403751427
 30
0.0
 42
0.0713517487531064
  0
VERTEX
  5
35D8
  8
0
  6
BYBLOCK
 10
0.1216296461624751
 20
0.0000001967982541
 30
0.0
 42
0.0713517487531284
  0
VERTEX
  5
35D9
  8
0
  6
BYBLOCK
 10
0.1202091018657399
 20
0.0099040339716225
 30
0.0
 42
0.0828275296409654
  0
VERTEX
  5
35DA
  8
0
  6
BYBLOCK
 10
0.1164519766328311
 20
0.0176778663279151
 30
0.0
 42
0.1067562697216041
  0
VERTEX
  5
35DB
  8
0
  6
BYBLOCK
 10
0.1103725338418684
 20
0.0232581046331859
 30
0.0
 42
0.1332561510788969
  0
VERTEX
  5
35DC
  8
0
  6
BYBLOCK
 10
0.1039519766328141
 20
0.0250001967982314
 30
0.0
 42
0.133256151078858
  0
VERTEX
  5
35DD
  8
0
  6
BYBLOCK
 10
0.0975314194237598
 20
0.0232581046331859
 30
0.0
 42
0.1067562697216193
  0
VERTEX
  5
35DE
  8
0
  6
BYBLOCK
 10
0.0914519766328254
 20
0.0176778663279151
 30
0.0
 42
0.0828275296410104
  0
VERTEX
  5
35DF
  8
0
  6
BYBLOCK
 10
0.0876948513998883
 20
0.0099040339716225
 30
0.0
 42
0.0713517487531411
  0
VERTEX
  5
35E0
  8
0
  6
BYBLOCK
 10
0.0862743071031531
 20
0.0000001967982541
 30
0.0
 42
0.0713517487531222
  0
VERTEX
  5
35E1
  8
0
  6
BYBLOCK
 10
0.0876948513998883
 20
-0.0099036403751427
 30
0.0
 42
0.0828275296409981
  0
VERTEX
  5
35E2
  8
0
  6
BYBLOCK
 10
0.0914519766328254
 20
-0.0176774727314353
 30
0.0
 42
0.1067562697216379
  0
VERTEX
  5
35E3
  8
0
  6
BYBLOCK
 10
0.0975314194237598
 20
-0.023257711036706
 30
0.0
 42
0.1332561510788669
  0
SEQEND
  5
3AB3
  8
0
  6
BYBLOCK
  0
POLYLINE
  5
13E6
  8
0
  6
BYBLOCK
 66
     1
 10
0.0
 20
0.0
 30
0.0
  0
VERTEX
  5
35E4
  8
0
  6
BYBLOCK
 10
0.1039519766328141
 20
0.0250001967982314
 30
0.0
  0
VERTEX
  5
35E5
  8
0
  6
BYBLOCK
 10
0.0663517624036132
 20
0.0250001967982314
 30
0.0
 42
0.133256151078858
  0
VERTEX
  5
35E6
  8
0
  6
BYBLOCK
 10
0.0599312051945589
 20
0.0232581046331859
 30
0.0
 42
0.1067562697216193
  0
VERTEX
  5
35E7
  8
0
  6
BYBLOCK
 10
0.0538517624036245
 20
0.0176778663279151
 30
0.0
 42
0.0828275296410104
  0
VERTEX
  5
35E8
  8
0
  6
BYBLOCK
 10
0.0500946371706874
 20
0.0099040339716225
 30
0.0
 42
0.0713517487531411
  0
VERTEX
  5
35E9
  8
0
  6
BYBLOCK
 10
0.0486740928739522
 20
0.0000001967982541
 30
0.0
 42
0.0713517487531222
  0
VERTEX
  5
35EA
  8
0
  6
BYBLOCK
 10
0.0500946371706874
 20
-0.0099036403751427
 30
0.0
 42
0.0828275296409981
  0
VERTEX
  5
35EB
  8
0
  6
BYBLOCK
 10
0.0538517624036245
 20
-0.0176774727314353
 30
0.0
 42
0.1067562697216379
  0
VERTEX
  5
35EC
  8
0
  6
BYBLOCK
 10
0.0599312051945589
 20
-0.023257711036706
 30
0.0
 42
0.1332561510788669
  0
VERTEX
  5
35ED
  8
0
  6
BYBLOCK
 10
0.0663517624036132
 20
-0.0249998032017515
 30
0.0
  0
VERTEX
  5
35EE
  8
0
  6
BYBLOCK
 10
0.1039519766328141
 20
-0.0249998032017515
 30
0.0
  0
SEQEND
  5
3AB4
  8
0
  6
BYBLOCK
  0
POLYLINE
  5
13E7
  8
0
 66
     1
 10
0.0
 20
0.0
 30
0.0
 70
     1
  0
VERTEX
  5
35EF
  8
0
 10
0.0
 20
-0.0280000000000058
 30
0.0
  0
VERTEX
  5
35F0
  8
0
 10
0.001481644671415
 20
-0.0280000000000058
 30
0.0
 42
0.2679490943120601
  0
VERTEX
  5
35F1
  8
0
 10
0.0066409646564267
 20
-0.0250212664773386
 30
0.0
  0
VERTEX
  5
35F2
  8
0
 10
0.0119149443676321
 20
-0.0158864741860612
 30
0.0
  0
VERTEX
  5
35F3
  8
0
 10
0.0119147148456591
 20
0.0158868677825836
 30
0.0
  0
VERTEX
  5
35F4
  8
0
 10
0.0066409665404876
 20
0.0250212632140432
 30
0.0
 42
0.2679492637908983
  0
VERTEX
  5
35F5
  8
0
 10
0.001481644671415
 20
0.0279999999999916
 30
0.0
  0
VERTEX
  5
35F6
  8
0
 10
0.0
 20
0.0279999999999916
 30
0.0
  0
SEQEND
  5
3AB5
  8
0
  0
LINE
  5
13E8
  8
0
 10
0.0119147247857683
 20
0.0145108319577076
 30
0.0
 11
0.0519323891957129
 21
0.0145108319577076
 31
0.0
  0
LINE
  5
13E9
  8
0
 10
0.0119149327889687
 20
-0.0142836103576798
 30
0.0
 11
0.0518173444644248
 21
-0.0142836103576798
 31
0.0
  0
ENDBLK
  8
0
  0
BLOCK
  8
0
  2
ADC_COZ_PIA_120X55-T
 70
     0
 10
0.0
 20
0.0
 30
0.0
  0
LINE
  5
1416
  8
0
 10
0.6003230341279107
 20
0.2486297188231816
 30
0.0
 11
0.0148338660856098
 21
0.2486297188231958
 31
0.0
  0
LINE
  5
1417
  8
0
 10
-0.0139605762297776
 20
0.2486297188231958
 30
0.0
 11
-0.599676965872078
 21
0.2486297188232101
 31
0.0
  0
CIRCLE
  5
1418
  8
ARQ-LINHA-FINA
 10
0.0033891594006263
 20
-0.0042239793153271
 30
0.0
 40
0.0147074194208928
  0
CIRCLE
  5
1419
  8
ARQ-LINHA-FINA
 10
0.0033891594006263
 20
-0.0042239793153271
 30
0.0
 40
0.0304451264658496
  0
POLYLINE
  5
141A
  8
0
 66
     1
 10
0.0
 20
0.0
 30
0.0
  0
VERTEX
  5
35F7
  8
0
 10
-0.0646767690737988
 20
0.1457760206846785
 30
0.0
  0
VERTEX
  5
35F8
  8
0
 10
-0.171610840599385
 20
0.1457760206846785
 30
0.0
 42
0.414213562373095
  0
VERTEX
  5
35F9
  8
0
 10
-0.1966108405993907
 20
0.1207760206846729
 30
0.0
  0
VERTEX
  5
35FA
  8
0
 10
-0.1966108405993907
 20
-0.1292239793153271
 30
0.0
 42
0.414213562373095
  0
VERTEX
  5
35FB
  8
0
 10
-0.171610840599385
 20
-0.1542239793153328
 30
0.0
  0
VERTEX
  5
35FC
  8
0
 10
0.1783891594006093
 20
-0.1542239793153328
 30
0.0
 42
0.414213562373095
  0
VERTEX
  5
35FD
  8
0
 10
0.203389159400615
 20
-0.1292239793153271
 30
0.0
  0
VERTEX
  5
35FE
  8
0
 10
0.203389159400615
 20
0.1207760206846729
 30
0.0
 42
0.414213562373095
  0
VERTEX
  5
35FF
  8
0
 10
0.1783891594006093
 20
0.1457760206846785
 30
0.0
  0
VERTEX
  5
3600
  8
0
 10
-0.0446767690738739
 20
0.1457760206846785
 30
0.0
  0
SEQEND
  5
3AB6
  8
0
  0
INSERT
  5
141B
  8
ARQ-LINHA-FINA
  2
ADC_TORN_COZ2-P
 10
0.0003230341279163
 20
0.2736297188232015
 30
0.0
 50
270.0
  0
POLYLINE
  5
141C
  8
0
 66
     1
 10
0.0
 20
0.0
 30
0.0
 70
     1
  0
VERTEX
  5
3601
  8
0
 10
-0.599676965872078
 20
-0.2763702811767814
 30
0.0
  0
VERTEX
  5
3602
  8
0
 10
-0.599676965872078
 20
0.2736297188232157
 30
0.0
  0
VERTEX
  5
3603
  8
0
 10
0.6003230341279107
 20
0.2736297188231873
 30
0.0
  0
VERTEX
  5
3604
  8
0
 10
0.6003230341279107
 20
-0.2763702811768098
 30
0.0
  0
SEQEND
  5
3AB7
  8
0
  0
ENDBLK
  8
0
  0
BLOCK
  8
0
  2
ADC_WC_LAV-BANC_CUBA-RD4-8
 70
     0
 10
0.0
 20
0.0
 30
0.0
  0
POLYLINE
  5
15C1
  8
0
 66
     1
 10
0.0
 20
0.0
 30
0.0
 70
     1
  0
VERTEX
  5
3605
  8
0
 10
0.2999999999997272
 20
0.4736225753222243
 30
0.0
  0
VERTEX
  5
3606
  8
0
 10
0.2999999999999545
 20
0.7749999999999773
 30
0.0
 42
0.414213562373299
  0
VERTEX
  5
3607
  8
0
 10
0.2749999999998636
 20
0.7999999999999545
 30
0.0
  0
VERTEX
  5
3608
  8
0
 10
0.0
 20
0.7999999999999545
 30
0.0
  0
VERTEX
  5
3609
  8
0
 10
0.0
 20
0.0
 30
0.0
  0
VERTEX
  5
360A
  8
0
 10
0.7999999999999545
 20
0.0
 30
0.0
  0
VERTEX
  5
360B
  8
0
 10
0.7999999999999545
 20
0.2750000000000909
 30
0.0
 42
0.4142135623729926
  0
VERTEX
  5
360C
  8
0
 10
0.7749999999998636
 20
0.3000000000000682
 30
0.0
  0
VERTEX
  5
360D
  8
0
 10
0.4750908462531243
 20
0.3000000000001819
 30
0.0
 42
0.2833850125497168
  0
SEQEND
  5
3AB8
  8
0
  0
ARC
  5
15C2
  8
0
 10
0.2466774795600486
 20
0.2447520686729376
 30
0.0
 40
0.1599999999999196
 50
233.3080084663995
 51
217.667085147056
  0
CIRCLE
  5
15C3
  8
0
 10
0.2289998100304729
 20
0.2270743991432482
 30
0.0
 40
0.0249795
  0
CIRCLE
  5
15C4
  8
0
 10
0.2289998100304729
 20
0.2270743991432482
 30
0.0
 40
0.0349795
  0
ARC
  5
15C5
  8
0
 10
0.1662729662252787
 20
0.2226702028085583
 30
0.0
 40
0.0861548781976613
 50
297.9124751488172
 51
302.2039176402996
  0
LINE
  5
15C6
  8
0
 10
0.2197638830082269
 20
0.1561057086804567
 30
0.0
 11
0.2214681441348603
 21
0.1583479336535447
 31
0.0
  0
LINE
  5
15C7
  8
0
 10
0.2214681441348603
 20
0.1583479336535447
 30
0.0
 11
0.2228897003847123
 21
0.1608369672774188
 31
0.0
  0
LINE
  5
15C8
  8
0
 10
0.2228897003847123
 20
0.1608369672774188
 30
0.0
 11
0.2239144790937644
 21
0.1635143027028789
 31
0.0
  0
LINE
  5
15C9
  8
0
 10
0.2239144790937644
 20
0.1635143027028789
 30
0.0
 11
0.224429231278009
 21
0.1663135700073326
 31
0.0
  0
LINE
  5
15CA
  8
0
 10
0.224429231278009
 20
0.1663135700073326
 30
0.0
 11
0.2243196941581118
 21
0.1691531379644857
 31
0.0
  0
LINE
  5
15CB
  8
0
 10
0.2243196941581118
 20
0.1691531379644857
 30
0.0
 11
0.223468824534848
 21
0.1719286691457
 31
0.0
  0
LINE
  5
15CC
  8
0
 10
0.2121878416182881
 20
0.1497696729413747
 30
0.0
 11
0.2149013220282541
 21
0.1516394767978682
 31
0.0
  0
LINE
  5
15CD
  8
0
 10
0.2149013220282541
 20
0.1516394767978682
 30
0.0
 11
0.2174527722722814
 21
0.1537392204296566
 31
0.0
  0
LINE
  5
15CE
  8
0
 10
0.2174527722722814
 20
0.1537392204296566
 30
0.0
 11
0.2197638830082269
 21
0.1561057086804567
 31
0.0
  0
LINE
  5
15CF
  8
0
 10
0.1107150786601778
 20
0.0937764726850219
 30
0.0
 11
0.1066342853464448
 21
0.0920162776722009
 31
0.0
  0
LINE
  5
15D0
  8
0
 10
0.1066342853464448
 20
0.0920162776722009
 30
0.0
 11
0.1025309061474218
 21
0.0910938814877227
 31
0.0
  0
LINE
  5
15D1
  8
0
 10
0.1025309061474218
 20
0.0910938814877227
 30
0.0
 11
0.0985717274757008
 21
0.0909159933469255
 31
0.0
  0
LINE
  5
15D2
  8
0
 10
0.0985717274757008
 20
0.0909159933469255
 30
0.0
 11
0.094869293053307
 21
0.0913663984163122
 31
0.0
  0
LINE
  5
15D3
  8
0
 10
0.094869293053307
 20
0.0913663984163122
 30
0.0
 11
0.0914911595589274
 21
0.0923268640279957
 31
0.0
  0
LINE
  5
15D4
  8
0
 10
0.0914911595589274
 20
0.0923268640279957
 30
0.0
 11
0.0884691628816654
 21
0.0936906005006222
 31
0.0
  0
LINE
  5
15D5
  8
0
 10
0.0884691628816654
 20
0.0936906005006222
 30
0.0
 11
0.0858087045062348
 21
0.0953699923418299
 31
0.0
  0
LINE
  5
15D6
  8
0
 10
0.0858087045062348
 20
0.0953699923418299
 30
0.0
 11
0.0834977265242287
 21
0.0973001882110793
 31
0.0
  0
LINE
  5
15D7
  8
0
 10
0.0834977265242287
 20
0.0973001882110793
 30
0.0
 11
0.0815154665758655
 21
0.0994403139114866
 31
0.0
  0
LINE
  5
15D8
  8
0
 10
0.0815154665758655
 20
0.0994403139114866
 30
0.0
 11
0.0798407345084797
 21
0.1017738193767173
 31
0.0
  0
LINE
  5
15D9
  8
0
 10
0.0798407345084797
 20
0.1017738193767173
 30
0.0
 11
0.0784595786094542
 21
0.1043097472670524
 31
0.0
  0
LINE
  5
15DA
  8
0
 10
0.1239258237560534
 20
0.1014355285628881
 30
0.0
 11
0.1237203520495314
 21
0.1056935890128443
 31
0.0
  0
LINE
  5
15DB
  8
0
 10
0.1237203520495314
 20
0.1056935890128443
 30
0.0
 11
0.1244664016148818
 21
0.1099704210009804
 31
0.0
  0
LINE
  5
15DC
  8
0
 10
0.1244664016148818
 20
0.1099704210009804
 30
0.0
 11
0.1262018791487662
 21
0.114057498318175
 31
0.0
  0
LINE
  5
15DD
  8
0
 10
0.1262018791487662
 20
0.114057498318175
 30
0.0
 11
0.1289120020455812
 21
0.1177239090271769
 31
0.0
  0
ARC
  5
15DE
  8
0
 10
1.249230310191706
 20
-1.85131036400162
 30
0.0
 40
2.253451395893058
 50
117.7031692715982
 51
119.9662746871053
  0
ARC
  5
15DF
  8
0
 10
0.2255777445443528
 20
0.095488403280342
 30
0.0
 40
0.0861651340336647
 50
107.7962951286397
 51
112.0872268732853
  0
LINE
  5
15E0
  8
0
 10
0.2089662451244294
 20
0.179261317847704
 30
0.0
 11
0.2117793629704465
 21
0.1791255919119976
 31
0.0
  0
LINE
  5
15E1
  8
0
 10
0.2117793629704465
 20
0.1791255919119976
 30
0.0
 11
0.2145998341256927
 21
0.1786146428396478
 31
0.0
  0
LINE
  5
15E2
  8
0
 10
0.2145998341256927
 20
0.1786146428396478
 30
0.0
 11
0.2173095071079842
 21
0.1776787108367444
 31
0.0
  0
LINE
  5
15E3
  8
0
 10
0.2173095071079842
 20
0.1776787108367444
 30
0.0
 11
0.21978474659727
 21
0.176273699547437
 31
0.0
  0
LINE
  5
15E4
  8
0
 10
0.21978474659727
 20
0.176273699547437
 30
0.0
 11
0.221889574783745
 21
0.1743645457806906
 31
0.0
  0
LINE
  5
15E5
  8
0
 10
0.221889574783745
 20
0.1743645457806906
 30
0.0
 11
0.223468824534848
 21
0.1719286691457
 31
0.0
  0
LINE
  5
15E6
  8
0
 10
0.1992427725838297
 20
0.1775304630722303
 30
0.0
 11
0.2024193190595724
 21
0.1784072185457717
 31
0.0
  0
LINE
  5
15E7
  8
0
 10
0.2024193190595724
 20
0.1784072185457717
 30
0.0
 11
0.2056678545686736
 21
0.1790120580017174
 31
0.0
  0
LINE
  5
15E8
  8
0
 10
0.2056678545686736
 20
0.1790120580017174
 30
0.0
 11
0.2089662451244294
 21
0.179261317847704
 31
0.0
  0
LINE
  5
15E9
  8
0
 10
0.0911240435020773
 20
0.1357895466463788
 30
0.0
 11
0.087152584901105
 21
0.13379491910041
 31
0.0
  0
LINE
  5
15EA
  8
0
 10
0.087152584901105
 20
0.13379491910041
 30
0.0
 11
0.0838083891580936
 21
0.1312444487404036
 31
0.0
  0
LINE
  5
15EB
  8
0
 10
0.0838083891580936
 20
0.1312444487404036
 30
0.0
 11
0.0811272079420178
 21
0.1283258862125649
 31
0.0
  0
LINE
  5
15EC
  8
0
 10
0.0811272079420178
 20
0.1283258862125649
 30
0.0
 11
0.0790923613051291
 21
0.1252001377346232
 31
0.0
  0
LINE
  5
15ED
  8
0
 10
0.0790923613051291
 20
0.1252001377346232
 30
0.0
 11
0.077656698295641
 21
0.1219949619484169
 31
0.0
  0
LINE
  5
15EE
  8
0
 10
0.077656698295641
 20
0.1219949619484169
 30
0.0
 11
0.0767588790217815
 21
0.1188033852793069
 31
0.0
  0
LINE
  5
15EF
  8
0
 10
0.0767588790217815
 20
0.1188033852793069
 30
0.0
 11
0.0763352560943531
 21
0.115685868021842
 31
0.0
  0
LINE
  5
15F0
  8
0
 10
0.0763352560943531
 20
0.115685868021842
 30
0.0
 11
0.0763284059366924
 21
0.1126748458268594
 31
0.0
  0
LINE
  5
15F1
  8
0
 10
0.0763284059366924
 20
0.1126748458268594
 30
0.0
 11
0.076693663167589
 21
0.1097807046900243
 31
0.0
  0
LINE
  5
15F2
  8
0
 10
0.076693663167589
 20
0.1097807046900243
 30
0.0
 11
0.0774047350396359
 21
0.1069978370958324
 31
0.0
  0
LINE
  5
15F3
  8
0
 10
0.0774047350396359
 20
0.1069978370958324
 30
0.0
 11
0.0784595786094542
 21
0.1043097472670524
 31
0.0
  0
LINE
  5
15F4
  8
0
 10
0.1054829079098454
 20
0.1409864567627892
 30
0.0
 11
0.1086127252256119
 21
0.1380919992890313
 31
0.0
  0
LINE
  5
15F5
  8
0
 10
0.1086127252256119
 20
0.1380919992890313
 30
0.0
 11
0.1123685220561583
 21
0.1359144074375536
 31
0.0
  0
LINE
  5
15F6
  8
0
 10
0.1123685220561583
 20
0.1359144074375536
 30
0.0
 11
0.1166149483797199
 21
0.1346167376991616
 31
0.0
  0
LINE
  5
15F7
  8
0
 10
0.1166149483797199
 20
0.1346167376991616
 30
0.0
 11
0.1211655216461622
 21
0.1343360835137446
 31
0.0
  0
LINE
  5
15F8
  8
0
 10
0.2016209925159274
 20
0.1438231932247618
 30
0.0
 11
0.2066039797255144
 21
0.1465382621574918
 31
0.0
  0
ARC
  5
15F9
  8
0
 10
0.0995131488700736
 20
0.1141271883114996
 30
0.0
 40
0.0232300421331683
 50
298.8303222656783
 51
111.1697158812875
  0
ARC
  5
15FA
  8
0
 10
0.1068349989632225
 20
0.1175412014820267
 30
0.0
 40
0.0222211008275007
 50
25.00051784731791
 51
48.6050329234623
  0
ARC
  5
15FB
  8
0
 10
0.1211946127973533
 20
0.1338316486654776
 30
0.0
 40
0.0005052730066402
 50
48.62168174011259
 51
93.30063629900077
  0
LINE
  5
15FC
  8
0
 10
0.1878884945231221
 20
0.1732555115597734
 30
0.0
 11
0.1048968019345011
 21
0.1411229796018461
 31
0.0
  0
LINE
  5
15FD
  8
0
 10
0.1048968019345011
 20
0.1411229796018461
 30
0.0
 11
0.0911240435020773
 21
0.1357895466464925
 31
0.0
  0
ARC
  5
15FE
  8
0
 10
-0.0288568890759962
 20
0.733680147967334
 30
0.0
 40
0.600877969644439
 50
291.1440810864652
 51
291.6858728813831
  0
ARC
  5
15FF
  8
0
 10
0.106837565556134
 20
0.1175422071888761
 30
0.0
 40
0.0222183496765988
 50
1.393482057523587
 51
25.00096457564756
  0
ARC
  5
1600
  8
0
 10
0.1285442176015295
 20
0.1180703702997334
 30
0.0
 40
0.0005052730063964
 50
316.7100067405891
 51
1.378204380076647
  0
LINE
  5
1601
  8
0
 10
0.1236535220768928
 20
0.1008986636666123
 30
0.0
 11
0.1107150786601778
 21
0.0937764726850219
 31
0.0
  0
LINE
  5
1602
  8
0
 10
0.1215286123833721
 20
0.1342107859593398
 30
0.0
 11
0.1846180852223824
 21
0.1636301719294124
 31
0.0
  0
LINE
  5
1603
  8
0
 10
0.1290493444380445
 20
0.1180825230678693
 30
0.0
 11
0.1921390329989663
 21
0.1475014473736564
 31
0.0
  0
POLYLINE
  5
1604
  8
0
 66
     1
 10
0.0
 20
0.0
 30
0.0
  0
VERTEX
  5
360E
  8
0
 10
0.0199999999999818
 20
0.7999999999999545
 30
0.0
  0
VERTEX
  5
360F
  8
0
 10
0.0199999999999818
 20
0.0200000000000955
 30
0.0
  0
VERTEX
  5
3610
  8
0
 10
0.7999999999999545
 20
0.0200000000000955
 30
0.0
  0
SEQEND
  5
3AB9
  8
0
  0
ENDBLK
  8
0
  0
BLOCK
  8
0
  2
ADC_MOB_LAVR10KG-P
 70
     0
 10
0.0
 20
0.0
 30
0.0
  0
POLYLINE
  5
178B
  8
0
 66
     1
 10
0.0
 20
0.0
 30
0.0
 70
     1
  0
VERTEX
  5
3611
  8
0
 10
-0.184443394857027
 20
-0.599032771038992
 30
0.0
 42
-0.4142135623730901
  0
VERTEX
  5
3612
  8
0
 10
-0.2033754673199439
 20
-0.5801006985760608
 30
0.0
  0
VERTEX
  5
3613
  8
0
 10
-0.2033754673198871
 20
-0.2096405696722883
 30
0.0
  0
VERTEX
  5
3614
  8
0
 10
0.2040886776059381
 20
-0.2096405696722883
 30
0.0
  0
VERTEX
  5
3615
  8
0
 10
0.2040886776058812
 20
-0.5801006985760608
 30
0.0
 42
-0.4142135623730961
  0
VERTEX
  5
3616
  8
0
 10
0.1851566051429643
 20
-0.599032771038992
 30
0.0
  0
SEQEND
  5
3ABA
  8
0
  0
POLYLINE
  5
178C
  8
ARQ-LINHA-FINA
 66
     1
 10
0.0
 20
0.0
 30
0.0
 70
     1
  0
VERTEX
  5
3617
  8
ARQ-LINHA-FINA
 10
-0.122763559995974
 20
-0.1011828839679936
 30
0.0
  0
VERTEX
  5
3618
  8
ARQ-LINHA-FINA
 10
0.122763559995974
 20
-0.1011828839679936
 30
0.0
  0
VERTEX
  5
3619
  8
ARQ-LINHA-FINA
 10
0.122763559995974
 20
-0.0274732478757329
 30
0.0
  0
VERTEX
  5
361A
  8
ARQ-LINHA-FINA
 10
-0.122763559995974
 20
-0.0274732478757329
 30
0.0
  0
SEQEND
  5
3ABB
  8
ARQ-LINHA-FINA
  0
CIRCLE
  5
178D
  8
ARQ-LINHA-FINA
 10
-0.0008199049370035
 20
-0.0635293246232322
 30
0.0
 40
0.0237284815718432
  0
LINE
  5
178E
  8
0
 10
0.3000000000000114
 20
-0.1442161410460585
 30
0.0
 11
-0.3000000000000114
 21
-0.1442161410460585
 31
0.0
  0
CIRCLE
  5
178F
  8
ARQ-LINHA-FINA
 10
-0.0755282674857085
 20
-0.0635293246232322
 30
0.0
 40
0.0237284815718432
  0
CIRCLE
  5
1790
  8
ARQ-LINHA-FINA
 10
0.074399361735999
 20
-0.0635293246232322
 30
0.0
 40
0.0237284815718432
  0
CIRCLE
  5
1791
  8
ARQ-LINHA-FINA
 10
0.0029717095248145
 20
-0.4014029059133151
 30
0.0
 40
0.1891405763037199
  0
CIRCLE
  5
1792
  8
ARQ-LINHA-FINA
 10
0.0029717095248145
 20
-0.4014029059133151
 30
0.0
 40
0.1569110029084162
  0
CIRCLE
  5
1793
  8
ARQ-LINHA-FINA
 10
0.0029717095248145
 20
-0.4014029059133151
 30
0.0
 40
0.1504745934467576
  0
CIRCLE
  5
1794
  8
ARQ-LINHA-FINA
 10
0.0029717095248145
 20
-0.4014029059133151
 30
0.0
 40
0.0341136279133159
  0
POLYLINE
  5
1795
  8
0
 66
     1
 10
0.0
 20
0.0
 30
0.0
  0
VERTEX
  5
361B
  8
0
 10
-0.2033754673198871
 20
-0.2096405696722883
 30
0.0
  0
VERTEX
  5
361C
  8
0
 10
-0.2033754673198871
 20
-0.1964405696722906
 30
0.0
  0
VERTEX
  5
361D
  8
0
 10
0.2040886776058812
 20
-0.1964405696723048
 30
0.0
  0
VERTEX
  5
361E
  8
0
 10
0.2040886776058812
 20
-0.2096405696722883
 30
0.0
  0
SEQEND
  5
3ABC
  8
0
  0
POLYLINE
  5
1796
  8
0
 66
     1
 10
0.0
 20
0.0
 30
0.0
 70
     1
  0
VERTEX
  5
361F
  8
0
 10
-0.2800000000000011
 20
-0.6599999999999966
 30
0.0
  0
VERTEX
  5
3620
  8
0
 10
0.2800000000000011
 20
-0.6599999999999966
 30
0.0
 42
0.414213562373095
  0
VERTEX
  5
3621
  8
0
 10
0.3000000000000114
 20
-0.6400000000000006
 30
0.0
  0
VERTEX
  5
3622
  8
0
 10
0.3000000000000114
 20
0.0
 30
0.0
  0
VERTEX
  5
3623
  8
0
 10
-0.3000000000000114
 20
0.0
 30
0.0
  0
VERTEX
  5
3624
  8
0
 10
-0.3000000000000114
 20
-0.6400000000000006
 30
0.0
 42
0.414213562373095
  0
SEQEND
  5
3ABD
  8
0
  0
POLYLINE
  5
1797
  8
ARQ-LINHA-FINA
 66
     1
 10
0.0
 20
0.0
 30
0.0
 70
     1
  0
VERTEX
  5
3625
  8
ARQ-LINHA-FINA
 10
-0.025596711870179
 20
-0.4062679571062233
 30
0.0
 42
0.1441209056076939
  0
VERTEX
  5
3626
  8
ARQ-LINHA-FINA
 10
0.031540130919808
 20
-0.4062679571062233
 30
0.0
 42
-0.8441017997617196
  0
SEQEND
  5
3ABE
  8
ARQ-LINHA-FINA
  0
POLYLINE
  5
1798
  8
ARQ-LINHA-FINA
 66
     1
 10
0.0
 20
0.0
 30
0.0
 70
     1
  0
VERTEX
  5
3627
  8
ARQ-LINHA-FINA
 10
0.031540130919808
 20
-0.3965378547203926
 30
0.0
 42
0.1441209056076939
  0
VERTEX
  5
3628
  8
ARQ-LINHA-FINA
 10
-0.025596711870179
 20
-0.3965378547203926
 30
0.0
 42
-0.8441017997617196
  0
SEQEND
  5
3ABF
  8
ARQ-LINHA-FINA
  0
POLYLINE
  5
1799
  8
ARQ-LINHA-FINA
 66
     1
 10
0.0
 20
0.0
 30
0.0
  0
VERTEX
  5
3629
  8
ARQ-LINHA-FINA
 10
-0.0046708152869144
 20
-0.3681563809233097
 30
0.0
 42
0.3317600470748985
  0
VERTEX
  5
362A
  8
ARQ-LINHA-FINA
 10
-0.0357621533225654
 20
-0.343499517947194
 30
0.0
 42
-0.3755576058845358
  0
VERTEX
  5
362B
  8
ARQ-LINHA-FINA
 10
0.0029717095248145
 20
-0.3672892780000012
 30
0.0
  0
SEQEND
  5
3AC0
  8
ARQ-LINHA-FINA
  0
POLYLINE
  5
179A
  8
ARQ-LINHA-FINA
 66
     1
 10
0.0
 20
0.0
 30
0.0
  0
VERTEX
  5
362C
  8
ARQ-LINHA-FINA
 10
-0.0302748154652193
 20
-0.4090454307250155
 30
0.0
 42
0.3317600470748966
  0
VERTEX
  5
362D
  8
ARQ-LINHA-FINA
 10
-0.0549316784413065
 20
-0.4401367687606381
 30
0.0
 42
-0.3755576058845331
  0
VERTEX
  5
362E
  8
ARQ-LINHA-FINA
 10
-0.0311419183884993
 20
-0.4014029059133151
 30
0.0
  0
SEQEND
  5
3AC1
  8
ARQ-LINHA-FINA
  0
POLYLINE
  5
179B
  8
ARQ-LINHA-FINA
 66
     1
 10
0.0
 20
0.0
 30
0.0
  0
VERTEX
  5
362F
  8
ARQ-LINHA-FINA
 10
0.0099465998937092
 20
-0.4347958769364055
 30
0.0
 42
0.3317600470748984
  0
VERTEX
  5
3630
  8
ARQ-LINHA-FINA
 10
0.0405376922333005
 20
-0.4600707114984317
 30
0.0
 42
-0.3755576058845366
  0
VERTEX
  5
3631
  8
ARQ-LINHA-FINA
 10
0.0022882365535963
 20
-0.435509686384421
 30
0.0
  0
SEQEND
  5
3AC2
  8
ARQ-LINHA-FINA
  0
POLYLINE
  5
179C
  8
ARQ-LINHA-FINA
 66
     1
 10
0.0
 20
0.0
 30
0.0
  0
VERTEX
  5
3632
  8
ARQ-LINHA-FINA
 10
0.036364680547905
 20
-0.394428015544392
 30
0.0
 42
0.3317600470749044
  0
VERTEX
  5
3633
  8
ARQ-LINHA-FINA
 10
0.0616395151099312
 20
-0.3638369232048007
 30
0.0
 42
-0.3755576058845277
  0
VERTEX
  5
3634
  8
ARQ-LINHA-FINA
 10
0.0370784899959347
 20
-0.402086378884519
 30
0.0
  0
SEQEND
  5
3AC3
  8
ARQ-LINHA-FINA
  0
ENDBLK
  8
0
  0
BLOCK
  8
0
  2
ADC_TANQUE_50X50-P
 70
     0
 10
0.0
 20
0.0
 30
0.0
  0
POLYLINE
  5
17B6
  8
0
 66
     1
 10
0.0
 20
0.0
 30
0.0
  0
VERTEX
  5
3635
  8
0
 10
0.1977310081316261
 20
-0.4227612462654662
 30
0.0
  0
VERTEX
  5
3636
  8
0
 10
0.1977276283363689
 20
-0.4227821604522572
 30
0.0
  0
VERTEX
  5
3637
  8
0
 10
0.1977242474520755
 20
-0.4228030721083844
 30
0.0
  0
VERTEX
  5
3638
  8
0
 10
0.1977208640008275
 20
-0.4228239811285228
 30
0.0
  0
VERTEX
  5
3639
  8
0
 10
0.1977174765065357
 20
-0.4228448873969687
 30
0.0
  0
VERTEX
  5
363A
  8
0
 10
0.1977140834949106
 20
-0.4228657907877215
 30
0.0
  0
VERTEX
  5
363B
  8
0
 10
0.197710683493433
 20
-0.4228866911645651
 30
0.0
  0
VERTEX
  5
363C
  8
0
 10
0.1977072750313246
 20
-0.4229075883811495
 30
0.0
  0
VERTEX
  5
363D
  8
0
 10
0.1977038566395198
 20
-0.4229284822810739
 30
0.0
  0
VERTEX
  5
363E
  8
0
 10
0.1977004268506349
 20
-0.422949372697967
 30
0.0
  0
VERTEX
  5
363F
  8
0
 10
0.1976969841989403
 20
-0.4229702594555698
 30
0.0
  0
VERTEX
  5
3640
  8
0
 10
0.1976935272203304
 20
-0.4229911423678178
 30
0.0
  0
VERTEX
  5
3641
  8
0
 10
0.1976900544522946
 20
-0.4230120212389216
 30
0.0
  0
VERTEX
  5
3642
  8
0
 10
0.197686564433888
 20
-0.4230328958634498
 30
0.0
  0
VERTEX
  5
3643
  8
0
 10
0.1976830557057027
 20
-0.4230537660264106
 30
0.0
  0
VERTEX
  5
3644
  8
0
 10
0.1976795268098376
 20
-0.4230746315033334
 30
0.0
  0
VERTEX
  5
3645
  8
0
 10
0.1976759762898699
 20
-0.423095492060351
 30
0.0
  0
VERTEX
  5
3646
  8
0
 10
0.1976724026908259
 20
-0.4231163474542811
 30
0.0
  0
VERTEX
  5
3647
  8
0
 10
0.1976688045591509
 20
-0.4231371974327083
 30
0.0
  0
VERTEX
  5
3648
  8
0
 10
0.1976651804426812
 20
-0.4231580417340665
 30
0.0
  0
VERTEX
  5
3649
  8
0
 10
0.1976615288906141
 20
-0.4231788800877197
 30
0.0
  0
VERTEX
  5
364A
  8
0
 10
0.1976578484534784
 20
-0.4231997122140445
 30
0.0
  0
VERTEX
  5
364B
  8
0
 10
0.1976541376831061
 20
-0.423220537824512
 30
0.0
  0
VERTEX
  5
364C
  8
0
 10
0.1976503951326026
 20
-0.4232413566217699
 30
0.0
  0
VERTEX
  5
364D
  8
0
 10
0.1976466193563172
 20
-0.423262168299723
 30
0.0
  0
VERTEX
  5
364E
  8
0
 10
0.1976428089098142
 20
-0.4232829725436167
 30
0.0
  0
VERTEX
  5
364F
  8
0
 10
0.1976389623498441
 20
-0.4233037690301184
 30
0.0
  0
VERTEX
  5
3650
  8
0
 10
0.1976350782343135
 20
-0.4233245574273985
 30
0.0
  0
VERTEX
  5
3651
  8
0
 10
0.1976311551222562
 20
-0.4233453373952133
 30
0.0
  0
VERTEX
  5
3652
  8
0
 10
0.1976271915738045
 20
-0.4233661085849864
 30
0.0
  0
VERTEX
  5
3653
  8
0
 10
0.1976231861501592
 20
-0.4233868706398907
 30
0.0
  0
VERTEX
  5
3654
  8
0
 10
0.1976191374135605
 20
-0.4234076231949294
 30
0.0
  0
VERTEX
  5
3655
  8
0
 10
0.1976150439272593
 20
-0.4234283658770199
 30
0.0
  0
VERTEX
  5
3656
  8
0
 10
0.1976109042554875
 20
-0.4234490983050734
 30
0.0
  0
VERTEX
  5
3657
  8
0
 10
0.1976067169634288
 20
-0.4234698200900781
 30
0.0
  0
VERTEX
  5
3658
  8
0
 10
0.1976024806171896
 20
-0.4234905308351803
 30
0.0
  0
VERTEX
  5
3659
  8
0
 10
0.1975981937837696
 20
-0.4235112301357674
 30
0.0
  0
VERTEX
  5
365A
  8
0
 10
0.1975938541535267
 20
-0.4235319214370586
 30
0.0
  0
VERTEX
  5
365B
  8
0
 10
0.1975894545468276
 20
-0.4235526295099137
 30
0.0
  0
VERTEX
  5
365C
  8
0
 10
0.1975849890997466
 20
-0.4235733731036098
 30
0.0
  0
VERTEX
  5
365D
  8
0
 10
0.1975804556746435
 20
-0.4235941543994525
 30
0.0
  0
VERTEX
  5
365E
  8
0
 10
0.1975758549510655
 20
-0.4236149631086885
 30
0.0
  0
VERTEX
  5
365F
  8
0
 10
0.1975711895058521
 20
-0.4236357806179759
 30
0.0
  0
VERTEX
  5
3660
  8
0
 10
0.1975664628932402
 20
-0.4236565841348548
 30
0.0
  0
VERTEX
  5
3661
  8
0
 10
0.1975616787249682
 20
-0.4236773508332177
 30
0.0
  0
VERTEX
  5
3662
  8
0
 10
0.1975568397503814
 20
-0.4236980619987794
 30
0.0
  0
VERTEX
  5
3663
  8
0
 10
0.197551946936536
 20
-0.4237187071745484
 30
0.0
  0
VERTEX
  5
3664
  8
0
 10
0.1975469985483044
 20
-0.4237392883062955
 30
0.0
  0
VERTEX
  5
3665
  8
0
 10
0.1975419892284793
 20
-0.4237598238880256
 30
0.0
  0
VERTEX
  5
3666
  8
0
 10
0.1975369099853153
 20
-0.4237803490135144
 30
0.0
  0
VERTEX
  5
3667
  8
0
 10
0.1975317543628098
 20
-0.4238008875914933
 30
0.0
  0
VERTEX
  5
3668
  8
0
 10
0.1975265183612665
 20
-0.4238214528457934
 30
0.0
  0
VERTEX
  5
3669
  8
0
 10
0.1975211985902587
 20
-0.4238420556904278
 30
0.0
  0
VERTEX
  5
366A
  8
0
 10
0.1975157922360075
 20
-0.4238627048892717
 30
0.0
  0
VERTEX
  5
366B
  8
0
 10
0.1975102970369148
 20
-0.4238834071788947
 30
0.0
  0
VERTEX
  5
366C
  8
0
 10
0.1975047112590966
 20
-0.4239041673913947
 30
0.0
  0
VERTEX
  5
366D
  8
0
 10
0.1974990336719158
 20
-0.4239249885772305
 30
0.0
  0
VERTEX
  5
366E
  8
0
 10
0.1974932635235161
 20
-0.4239458721280566
 30
0.0
  0
VERTEX
  5
366F
  8
0
 10
0.1974874005163549
 20
-0.4239668178995544
 30
0.0
  0
VERTEX
  5
3670
  8
0
 10
0.197481444782736
 20
-0.4239878243342673
 30
0.0
  0
VERTEX
  5
3671
  8
0
 10
0.1974753968603434
 20
-0.4240088885844327
 30
0.0
  0
VERTEX
  5
3672
  8
0
 10
0.1974692576677744
 20
-0.4240300066348162
 30
0.0
  0
VERTEX
  5
3673
  8
0
 10
0.1974630284800724
 20
-0.4240511734255442
 30
0.0
  0
VERTEX
  5
3674
  8
0
 10
0.1974567109042604
 20
-0.4240723829749375
 30
0.0
  0
VERTEX
  5
3675
  8
0
 10
0.1974503068548743
 20
-0.4240936285023449
 30
0.0
  0
VERTEX
  5
3676
  8
0
 10
0.1974438185294958
 20
-0.4241149025509758
 30
0.0
  0
VERTEX
  5
3677
  8
0
 10
0.1974372483842856
 20
-0.4241361971107336
 30
0.0
  0
VERTEX
  5
3678
  8
0
 10
0.1974305991095169
 20
-0.4241575037410497
 30
0.0
  0
VERTEX
  5
3679
  8
0
 10
0.197423873605108
 20
-0.4241788136937159
 30
0.0
  0
VERTEX
  5
367A
  8
0
 10
0.1974170749561564
 20
-0.4242001180357182
 30
0.0
  0
VERTEX
  5
367B
  8
0
 10
0.1974102064084711
 20
-0.4242214077720702
 30
0.0
  0
VERTEX
  5
367C
  8
0
 10
0.1974032713441059
 20
-0.4242426739686452
 30
0.0
  0
VERTEX
  5
367D
  8
0
 10
0.1973962732568934
 20
-0.4242639078750117
 30
0.0
  0
VERTEX
  5
367E
  8
0
 10
0.1973892157204414
 20
-0.4242851010263203
 30
0.0
  0
VERTEX
  5
367F
  8
0
 10
0.1973821022959506
 20
-0.4243062450900499
 30
0.0
  0
VERTEX
  5
3680
  8
0
 10
0.1973749365467548
 20
-0.4243273318552651
 30
0.0
  0
VERTEX
  5
3681
  8
0
 10
0.1973677220393305
 20
-0.4243483534237466
 30
0.0
  0
VERTEX
  5
3682
  8
0
 10
0.1973604622878093
 20
-0.4243693023326219
 30
0.0
  0
VERTEX
  5
3683
  8
0
 10
0.1973531606977429
 20
-0.4243901716755129
 30
0.0
  0
VERTEX
  5
3684
  8
0
 10
0.1973458205098668
 20
-0.4244109552236799
 30
0.0
  0
VERTEX
  5
3685
  8
0
 10
0.1973384447438652
 20
-0.4244316475471696
 30
0.0
  0
VERTEX
  5
3686
  8
0
 10
0.1973310361421351
 20
-0.4244522441359604
 30
0.0
  0
VERTEX
  5
3687
  8
0
 10
0.1973235971135512
 20
-0.4244727415211082
 30
0.0
  0
VERTEX
  5
3688
  8
0
 10
0.1973161296772298
 20
-0.4244931373958933
 30
0.0
  0
VERTEX
  5
3689
  8
0
 10
0.1973086354062933
 20
-0.4245134307369657
 30
0.0
  0
VERTEX
  5
368A
  8
0
 10
0.1973011154336279
 20
-0.424533621783865
 30
0.0
  0
VERTEX
  5
368B
  8
0
 10
0.197293570890621
 20
-0.4245537110211644
 30
0.0
  0
VERTEX
  5
368C
  8
0
 10
0.1972860017818899
 20
-0.4245737016858288
 30
0.0
  0
VERTEX
  5
368D
  8
0
 10
0.197278406489483
 20
-0.4245936008023286
 30
0.0
  0
VERTEX
  5
368E
  8
0
 10
0.1972707822742918
 20
-0.424613417937433
 30
0.0
  0
VERTEX
  5
368F
  8
0
 10
0.1972631257954952
 20
-0.4246331639138243
 30
0.0
  0
VERTEX
  5
3690
  8
0
 10
0.1972554336300036
 20
-0.4246528495237174
 30
0.0
  0
VERTEX
  5
3691
  8
0
 10
0.1972477027919037
 20
-0.4246724842424756
 30
0.0
  0
VERTEX
  5
3692
  8
0
 10
0.1972399312519018
 20
-0.4246920749422274
 30
0.0
  0
VERTEX
  5
3693
  8
0
 10
0.1972321184567687
 20
-0.424711624605484
 30
0.0
  0
VERTEX
  5
3694
  8
0
 10
0.1972242658487833
 20
-0.4247311310387559
 30
0.0
  0
VERTEX
  5
3695
  8
0
 10
0.1972163773851776
 20
-0.4247505855861705
 30
0.0
  0
VERTEX
  5
3696
  8
0
 10
0.1972084599098683
 20
-0.4247699722498832
 30
0.0
  0
VERTEX
  5
3697
  8
0
 10
0.1972005204225765
 20
-0.4247892751873544
 30
0.0
  0
VERTEX
  5
3698
  8
0
 10
0.1971925639057485
 20
-0.4248084841485082
 30
0.0
  0
VERTEX
  5
3699
  8
0
 10
0.1971845945120171
 20
-0.424827590966143
 30
0.0
  0
VERTEX
  5
369A
  8
0
 10
0.1971766156516559
 20
-0.4248465892976986
 30
0.0
  0
VERTEX
  5
369B
  8
0
 10
0.1971686300219201
 20
-0.4248654745307116
 30
0.0
  0
VERTEX
  5
369C
  8
0
 10
0.1971606396363901
 20
-0.424884243688271
 30
0.0
  0
VERTEX
  5
369D
  8
0
 10
0.1971526458543136
 20
-0.4249028953344744
 30
0.0
  0
VERTEX
  5
369E
  8
0
 10
0.1971446494099473
 20
-0.4249214294798824
 30
0.0
  0
VERTEX
  5
369F
  8
0
 10
0.1971366504419004
 20
-0.4249398474869752
 30
0.0
  0
VERTEX
  5
36A0
  8
0
 10
0.1971286485224759
 20
-0.4249581519756075
 30
0.0
  0
VERTEX
  5
36A1
  8
0
 10
0.1971206426870136
 20
-0.4249763467284647
 30
0.0
  0
VERTEX
  5
36A2
  8
0
 10
0.1971126314632324
 20
-0.4249944365965182
 30
0.0
  0
VERTEX
  5
36A3
  8
0
 10
0.1971046129005723
 20
-0.4250124274044805
 30
0.0
  0
VERTEX
  5
36A4
  8
0
 10
0.1970965845995372
 20
-0.4250303258562618
 30
0.0
  0
VERTEX
  5
36A5
  8
0
 10
0.1970885437410372
 20
-0.4250481394404244
 30
0.0
  0
VERTEX
  5
36A6
  8
0
 10
0.1970804871157307
 20
-0.4250658763356396
 30
0.0
  0
VERTEX
  5
36A7
  8
0
 10
0.197072411153367
 20
-0.425083545316142
 30
0.0
  0
VERTEX
  5
36A8
  8
0
 10
0.1970643119521286
 20
-0.425101155657186
 30
0.0
  0
VERTEX
  5
36A9
  8
0
 10
0.1970561853079736
 20
-0.4251187170405009
 30
0.0
  0
VERTEX
  5
36AA
  8
0
 10
0.1970480267439782
 20
-0.425136239459747
 30
0.0
  0
VERTEX
  5
36AB
  8
0
 10
0.1970398315396785
 20
-0.42515373312597
 30
0.0
  0
VERTEX
  5
36AC
  8
0
 10
0.1970315947604138
 20
-0.4251712083730584
 30
0.0
  0
VERTEX
  5
36AD
  8
0
 10
0.1970233112866679
 20
-0.4251886755631972
 30
0.0
  0
VERTEX
  5
36AE
  8
0
 10
0.1970149758488568
 20
-0.4252061449882529
 30
0.0
  0
VERTEX
  5
36AF
  8
0
 10
0.1970065832342673
 20
-0.4252236266255972
 30
0.0
  0
VERTEX
  5
36B0
  8
0
 10
0.1969981284752811
 20
-0.4252411298570206
 30
0.0
  0
VERTEX
  5
36B1
  8
0
 10
0.1969896067965494
 20
-0.4252586634309702
 30
0.0
  0
VERTEX
  5
36B2
  8
0
 10
0.1969810136570926
 20
-0.425276235394407
 30
0.0
  0
VERTEX
  5
36B3
  8
0
 10
0.1969723447998657
 20
-0.4252938530200349
 30
0.0
  0
VERTEX
  5
36B4
  8
0
 10
0.1969635963013231
 20
-0.4253115227335297
 30
0.0
  0
VERTEX
  5
36B5
  8
0
 10
0.1969547646209849
 20
-0.4253292500407681
 30
0.0
  0
VERTEX
  5
36B6
  8
0
 10
0.196945846651001
 20
-0.4253470394550555
 30
0.0
  0
VERTEX
  5
36B7
  8
0
 10
0.1969368397657169
 20
-0.4253648944243559
 30
0.0
  0
VERTEX
  5
36B8
  8
0
 10
0.1969277418712389
 20
-0.4253828172585201
 30
0.0
  0
VERTEX
  5
36B9
  8
0
 10
0.1969185514549996
 20
-0.4254008090565145
 30
0.0
  0
VERTEX
  5
36BA
  8
0
 10
0.1969092687771618
 20
-0.4254188675126939
 30
0.0
  0
VERTEX
  5
36BB
  8
0
 10
0.1968999313819242
 20
-0.4254369210437249
 30
0.0
  0
VERTEX
  5
36BC
  8
0
 10
0.1968905999071209
 20
-0.425454855486165
 30
0.0
  0
VERTEX
  5
36BD
  8
0
 10
0.1968813008923079
 20
-0.4254726204269769
 30
0.0
  0
VERTEX
  5
36BE
  8
0
 10
0.1968720308475594
 20
-0.4254902215519975
 30
0.0
  0
VERTEX
  5
36BF
  8
0
 10
0.1968627641924207
 20
-0.425507705800087
 30
0.0
  0
VERTEX
  5
36C0
  8
0
 10
0.1968534611948621
 20
-0.4255251465172811
 30
0.0
  0
VERTEX
  5
36C1
  8
0
 10
0.1968440759102321
 20
-0.4255426286109398
 30
0.0
  0
VERTEX
  5
36C2
  8
0
 10
0.1968345641202108
 20
-0.4255602337038987
 30
0.0
  0
VERTEX
  5
36C3
  8
0
 10
0.1968248912717633
 20
-0.4255780252886187
 30
0.0
  0
VERTEX
  5
36C4
  8
0
 10
0.1968150404160932
 20
-0.4255960338813361
 30
0.0
  0
VERTEX
  5
36C5
  8
0
 10
0.196805020147596
 20
-0.4256142421762142
 30
0.0
  0
VERTEX
  5
36C6
  8
0
 10
0.1967948725427389
 20
-0.4256325701996305
 30
0.0
  0
VERTEX
  5
36C7
  8
0
 10
0.1967846603740162
 20
-0.4256508994547025
 30
0.0
  0
VERTEX
  5
36C8
  8
0
 10
0.1967743983286157
 20
-0.4256692022190666
 30
0.0
  0
VERTEX
  5
36C9
  8
0
 10
0.1967640861943516
 20
-0.4256874788349668
 30
0.0
  0
VERTEX
  5
36CA
  8
0
 10
0.1967537237658422
 20
-0.4257057296259297
 30
0.0
  0
VERTEX
  5
36CB
  8
0
 10
0.1967433108445754
 20
-0.4257239548969582
 30
0.0
  0
VERTEX
  5
36CC
  8
0
 10
0.1967328472389752
 20
-0.4257421549347258
 30
0.0
  0
VERTEX
  5
36CD
  8
0
 10
0.1967223327644674
 20
-0.4257603300077689
 30
0.0
  0
VERTEX
  5
36CE
  8
0
 10
0.196711767243545
 20
-0.4257784803666803
 30
0.0
  0
VERTEX
  5
36CF
  8
0
 10
0.1967011505058348
 20
-0.4257966062443037
 30
0.0
  0
VERTEX
  5
36D0
  8
0
 10
0.1966904823881628
 20
-0.4258147078559251
 30
0.0
  0
VERTEX
  5
36D1
  8
0
 10
0.1966797627346202
 20
-0.4258327853994692
 30
0.0
  0
VERTEX
  5
36D2
  8
0
 10
0.1966689913966293
 20
-0.4258508390556894
 30
0.0
  0
VERTEX
  5
36D3
  8
0
 10
0.1966581682330094
 20
-0.4258688689883636
 30
0.0
  0
VERTEX
  5
36D4
  8
0
 10
0.1966472931100427
 20
-0.4258868753444868
 30
0.0
  0
VERTEX
  5
36D5
  8
0
 10
0.19663636590154
 20
-0.4259048582544646
 30
0.0
  0
VERTEX
  5
36D6
  8
0
 10
0.1966253864889069
 20
-0.4259228178323063
 30
0.0
  0
VERTEX
  5
36D7
  8
0
 10
0.1966143547612093
 20
-0.4259407541758184
 30
0.0
  0
VERTEX
  5
36D8
  8
0
 10
0.1966032706152396
 20
-0.4259586673667989
 30
0.0
  0
VERTEX
  5
36D9
  8
0
 10
0.1965921339555824
 20
-0.4259765574712294
 30
0.0
  0
VERTEX
  5
36DA
  8
0
 10
0.1965809446946803
 20
-0.4259944245394691
 30
0.0
  0
VERTEX
  5
36DB
  8
0
 10
0.1965697027529003
 20
-0.4260122686064481
 30
0.0
  0
VERTEX
  5
36DC
  8
0
 10
0.196558408058599
 20
-0.4260300896918615
 30
0.0
  0
VERTEX
  5
36DD
  8
0
 10
0.1965470605481886
 20
-0.4260478878003614
 30
0.0
  0
VERTEX
  5
36DE
  8
0
 10
0.1965356601662034
 20
-0.4260656629217515
 30
0.0
  0
VERTEX
  5
36DF
  8
0
 10
0.1965242068653647
 20
-0.42608341503118
 30
0.0
  0
VERTEX
  5
36E0
  8
0
 10
0.1965127006066478
 20
-0.426101144089333
 30
0.0
  0
VERTEX
  5
36E1
  8
0
 10
0.1965011413593467
 20
-0.4261188500426282
 30
0.0
  0
VERTEX
  5
36E2
  8
0
 10
0.1964895291011411
 20
-0.4261365328234082
 30
0.0
  0
VERTEX
  5
36E3
  8
0
 10
0.1964778638181612
 20
-0.4261541923501333
 30
0.0
  0
VERTEX
  5
36E4
  8
0
 10
0.1964661455050546
 20
-0.4261718285275761
 30
0.0
  0
VERTEX
  5
36E5
  8
0
 10
0.1964543741650515
 20
-0.4261894412470135
 30
0.0
  0
VERTEX
  5
36E6
  8
0
 10
0.1964425498100307
 20
-0.4262070303864214
 30
0.0
  0
VERTEX
  5
36E7
  8
0
 10
0.1964306724605857
 20
-0.4262245958106673
 30
0.0
  0
VERTEX
  5
36E8
  8
0
 10
0.1964187421460905
 20
-0.426242137371704
 30
0.0
  0
VERTEX
  5
36E9
  8
0
 10
0.1964067589047651
 20
-0.4262596549087628
 30
0.0
  0
VERTEX
  5
36EA
  8
0
 10
0.196394722783742
 20
-0.4262771482485471
 30
0.0
  0
VERTEX
  5
36EB
  8
0
 10
0.1963826338391317
 20
-0.4262946172054258
 30
0.0
  0
VERTEX
  5
36EC
  8
0
 10
0.1963704921360886
 20
-0.4263120615816268
 30
0.0
  0
VERTEX
  5
36ED
  8
0
 10
0.1963582977488772
 20
-0.4263294811674299
 30
0.0
  0
VERTEX
  5
36EE
  8
0
 10
0.1963460507609373
 20
-0.4263468757413609
 30
0.0
  0
VERTEX
  5
36EF
  8
0
 10
0.1963337512649505
 20
-0.4263642450703843
 30
0.0
  0
VERTEX
  5
36F0
  8
0
 10
0.1963213993629059
 20
-0.4263815889100974
 30
0.0
  0
VERTEX
  5
36F1
  8
0
 10
0.196308995166166
 20
-0.4263989070049233
 30
0.0
  0
VERTEX
  5
36F2
  8
0
 10
0.1962965387955325
 20
-0.4264161990883045
 30
0.0
  0
VERTEX
  5
36F3
  8
0
 10
0.1962840303813121
 20
-0.4264334648828955
 30
0.0
  0
VERTEX
  5
36F4
  8
0
 10
0.1962714700633826
 20
-0.426450704100758
 30
0.0
  0
VERTEX
  5
36F5
  8
0
 10
0.1962588579912586
 20
-0.4264679164435524
 30
0.0
  0
VERTEX
  5
36F6
  8
0
 10
0.1962461943241574
 20
-0.4264851016027318
 30
0.0
  0
VERTEX
  5
36F7
  8
0
 10
0.1962334792310653
 20
-0.4265022592597365
 30
0.0
  0
VERTEX
  5
36F8
  8
0
 10
0.1962207128908027
 20
-0.426519389086186
 30
0.0
  0
VERTEX
  5
36F9
  8
0
 10
0.1962078954920905
 20
-0.4265364907440725
 30
0.0
  0
VERTEX
  5
36FA
  8
0
 10
0.1961950272336159
 20
-0.4265535638859554
 30
0.0
  0
VERTEX
  5
36FB
  8
0
 10
0.1961821083240983
 20
-0.4265706081551539
 30
0.0
  0
VERTEX
  5
36FC
  8
0
 10
0.1961691389823551
 20
-0.4265876231859399
 30
0.0
  0
VERTEX
  5
36FD
  8
0
 10
0.1961561194373674
 20
-0.4266046086037329
 30
0.0
  0
VERTEX
  5
36FE
  8
0
 10
0.1961430499283466
 20
-0.4266215640252921
 30
0.0
  0
VERTEX
  5
36FF
  8
0
 10
0.1961299307047991
 20
-0.4266384890589101
 30
0.0
  0
VERTEX
  5
3700
  8
0
 10
0.1961167620265933
 20
-0.4266553833046065
 30
0.0
  0
VERTEX
  5
3701
  8
0
 10
0.196103544164025
 20
-0.4266722463543218
 30
0.0
  0
VERTEX
  5
3702
  8
0
 10
0.1960902773978831
 20
-0.4266890777921094
 30
0.0
  0
VERTEX
  5
3703
  8
0
 10
0.1960769620195158
 20
-0.4267058771943305
 30
0.0
  0
VERTEX
  5
3704
  8
0
 10
0.1960635983308964
 20
-0.4267226441298463
 30
0.0
  0
VERTEX
  5
3705
  8
0
 10
0.1960501866446891
 20
-0.4267393781602126
 30
0.0
  0
VERTEX
  5
3706
  8
0
 10
0.1960367272843149
 20
-0.426756078839872
 30
0.0
  0
VERTEX
  5
3707
  8
0
 10
0.1960232205840175
 20
-0.4267727457163483
 30
0.0
  0
VERTEX
  5
3708
  8
0
 10
0.1960096668889293
 20
-0.4267893783304395
 30
0.0
  0
VERTEX
  5
3709
  8
0
 10
0.1959960665551368
 20
-0.4268059762164102
 30
0.0
  0
VERTEX
  5
370A
  8
0
 10
0.1959824199497474
 20
-0.4268225389021877
 30
0.0
  0
VERTEX
  5
370B
  8
0
 10
0.1959687274509543
 20
-0.4268390659095522
 30
0.0
  0
VERTEX
  5
370C
  8
0
 10
0.1959549894481029
 20
-0.4268555567543325
 30
0.0
  0
VERTEX
  5
370D
  8
0
 10
0.1959412063417565
 20
-0.426872010946598
 30
0.0
  0
VERTEX
  5
370E
  8
0
 10
0.1959273785437625
 20
-0.4268884279908534
 30
0.0
  0
VERTEX
  5
370F
  8
0
 10
0.1959135064773178
 20
-0.4269048073862309
 30
0.0
  0
VERTEX
  5
3710
  8
0
 10
0.195899590577035
 20
-0.4269211486266844
 30
0.0
  0
VERTEX
  5
3711
  8
0
 10
0.1958856312890082
 20
-0.4269374512011823
 30
0.0
  0
VERTEX
  5
3712
  8
0
 10
0.195871629070879
 20
-0.4269537145939016
 30
0.0
  0
VERTEX
  5
3713
  8
0
 10
0.1958575843919018
 20
-0.4269699382844206
 30
0.0
  0
VERTEX
  5
3714
  8
0
 10
0.1958434977330107
 20
-0.4269861217479128
 30
0.0
  0
VERTEX
  5
3715
  8
0
 10
0.1958293695868845
 20
-0.4270022644553401
 30
0.0
  0
VERTEX
  5
3716
  8
0
 10
0.195815200458013
 20
-0.4270183658736463
 30
0.0
  0
VERTEX
  5
3717
  8
0
 10
0.1958009908627627
 20
-0.4270344254659505
 30
0.0
  0
VERTEX
  5
3718
  8
0
 10
0.1957867413294426
 20
-0.42705044269174
 30
0.0
  0
VERTEX
  5
3719
  8
0
 10
0.1957724523983707
 20
-0.4270664170070648
 30
0.0
  0
VERTEX
  5
371A
  8
0
 10
0.1957581246219388
 20
-0.4270823478647297
 30
0.0
  0
VERTEX
  5
371B
  8
0
 10
0.1957437585646796
 20
-0.4270982347144892
 30
0.0
  0
VERTEX
  5
371C
  8
0
 10
0.1957293548033314
 20
-0.4271140770032392
 30
0.0
  0
VERTEX
  5
371D
  8
0
 10
0.1957149139269049
 20
-0.4271298741752118
 30
0.0
  0
VERTEX
  5
371E
  8
0
 10
0.1957004365367487
 20
-0.4271456256721678
 30
0.0
  0
VERTEX
  5
371F
  8
0
 10
0.1956859232466151
 20
-0.4271613309335909
 30
0.0
  0
VERTEX
  5
3720
  8
0
 10
0.1956713746827261
 20
-0.4271769893968806
 30
0.0
  0
VERTEX
  5
3721
  8
0
 10
0.1956567914838394
 20
-0.4271926004975454
 30
0.0
  0
VERTEX
  5
3722
  8
0
 10
0.1956421743013138
 20
-0.4272081636693966
 30
0.0
  0
VERTEX
  5
3723
  8
0
 10
0.1956275237991759
 20
-0.427223678344742
 30
0.0
  0
VERTEX
  5
3724
  8
0
 10
0.1956128406541851
 20
-0.427239143954578
 30
0.0
  0
VERTEX
  5
3725
  8
0
 10
0.1955981255559001
 20
-0.427254559928785
 30
0.0
  0
VERTEX
  5
3726
  8
0
 10
0.1955833792067445
 20
-0.427269925696319
 30
0.0
  0
VERTEX
  5
3727
  8
0
 10
0.1955686023220627
 20
-0.4272852406854157
 30
0.0
  0
VERTEX
  5
3728
  8
0
 10
0.1955537955562373
 20
-0.4273005043971064
 30
0.0
  0
VERTEX
  5
3729
  8
0
 10
0.1955389593203705
 20
-0.4273157165839084
 30
0.0
  0
VERTEX
  5
372A
  8
0
 10
0.1955240939724128
 20
-0.4273308770575156
 30
0.0
  0
VERTEX
  5
372B
  8
0
 10
0.195509199868045
 20
-0.4273459856374138
 30
0.0
  0
VERTEX
  5
372C
  8
0
 10
0.1954942773588782
 20
-0.4273610421521569
 30
0.0
  0
VERTEX
  5
372D
  8
0
 10
0.1954793267906537
 20
-0.4273760464406453
 30
0.0
  0
VERTEX
  5
372E
  8
0
 10
0.1954643485014421
 20
-0.427390998353401
 30
0.0
  0
VERTEX
  5
372F
  8
0
 10
0.1954493428198435
 20
-0.4274058977538462
 30
0.0
  0
VERTEX
  5
3730
  8
0
 10
0.1954343100631869
 20
-0.427420744519579
 30
0.0
  0
VERTEX
  5
3731
  8
0
 10
0.1954192505357303
 20
-0.4274355385436515
 30
0.0
  0
VERTEX
  5
3732
  8
0
 10
0.1954041645268597
 20
-0.4274502797358462
 30
0.0
  0
VERTEX
  5
3733
  8
0
 10
0.1953890523092892
 20
-0.4274649680239523
 30
0.0
  0
VERTEX
  5
3734
  8
0
 10
0.1953739141372609
 20
-0.4274796033550444
 30
0.0
  0
VERTEX
  5
3735
  8
0
 10
0.1953587502447438
 20
-0.4274941856967577
 30
0.0
  0
VERTEX
  5
3736
  8
0
 10
0.1953435608436346
 20
-0.4275087150385659
 30
0.0
  0
VERTEX
  5
3737
  8
0
 10
0.1953283461219564
 20
-0.4275231913930582
 30
0.0
  0
VERTEX
  5
3738
  8
0
 10
0.1953131062420588
 20
-0.4275376147972156
 30
0.0
  0
VERTEX
  5
3739
  8
0
 10
0.1952978413388176
 20
-0.4275519853136886
 30
0.0
  0
VERTEX
  5
373A
  8
0
 10
0.1952825515178342
 20
-0.427566303032074
 30
0.0
  0
VERTEX
  5
373B
  8
0
 10
0.195267236853636
 20
-0.4275805680701914
 30
0.0
  0
VERTEX
  5
373C
  8
0
 10
0.195251897387875
 20
-0.427594780575361
 30
0.0
  0
VERTEX
  5
373D
  8
0
 10
0.1952365331275284
 20
-0.4276089407256796
 30
0.0
  0
VERTEX
  5
373E
  8
0
 10
0.1952211440430979
 20
-0.4276230487312983
 30
0.0
  0
VERTEX
  5
373F
  8
0
 10
0.1952057300668094
 20
-0.4276371048356993
 30
0.0
  0
VERTEX
  5
3740
  8
0
 10
0.1951902911106649
 20
-0.4276511093002631
 30
0.0
  0
VERTEX
  5
3741
  8
0
 10
0.1951748271429028
 20
-0.427665062338092
 30
0.0
  0
VERTEX
  5
3742
  8
0
 10
0.1951593380880138
 20
-0.4276789641945046
 30
0.0
  0
VERTEX
  5
3743
  8
0
 10
0.1951438237900962
 20
-0.427692815176987
 30
0.0
  0
VERTEX
  5
3744
  8
0
 10
0.1951282840216262
 20
-0.4277066156475673
 30
0.0
  0
VERTEX
  5
3745
  8
0
 10
0.1951127184922733
 20
-0.427720366015153
 30
0.0
  0
VERTEX
  5
3746
  8
0
 10
0.1950971268577154
 20
-0.4277340667278667
 30
0.0
  0
VERTEX
  5
3747
  8
0
 10
0.1950815087284543
 20
-0.4277477182653837
 30
0.0
  0
VERTEX
  5
3748
  8
0
 10
0.1950658636786303
 20
-0.4277613211312686
 30
0.0
  0
VERTEX
  5
3749
  8
0
 10
0.1950501912548379
 20
-0.4277748758453118
 30
0.0
  0
VERTEX
  5
374A
  8
0
 10
0.1950344909849413
 20
-0.427788382935867
 30
0.0
  0
VERTEX
  5
374B
  8
0
 10
0.1950187623868883
 20
-0.4278018429321867
 30
0.0
  0
VERTEX
  5
374C
  8
0
 10
0.1950030049775274
 20
-0.4278152563567612
 30
0.0
  0
VERTEX
  5
374D
  8
0
 10
0.1949872182814213
 20
-0.4278286237176525
 30
0.0
  0
VERTEX
  5
374E
  8
0
 10
0.1949714018396633
 20
-0.4278419455008337
 30
0.0
  0
VERTEX
  5
374F
  8
0
 10
0.1949555552186917
 20
-0.4278552221625242
 30
0.0
  0
VERTEX
  5
3750
  8
0
 10
0.1949396780191055
 20
-0.4278684541215275
 30
0.0
  0
VERTEX
  5
3751
  8
0
 10
0.1949237698844795
 20
-0.427881641751567
 30
0.0
  0
VERTEX
  5
3752
  8
0
 10
0.1949078305101792
 20
-0.4278947853736235
 30
0.0
  0
VERTEX
  5
3753
  8
0
 10
0.1948918596521767
 20
-0.4279078852482719
 30
0.0
  0
VERTEX
  5
3754
  8
0
 10
0.1948758571358651
 20
-0.4279209415680179
 30
0.0
  0
VERTEX
  5
3755
  8
0
 10
0.1948598228648743
 20
-0.4279339544496347
 30
0.0
  0
VERTEX
  5
3756
  8
0
 10
0.1948437568298859
 20
-0.4279469239264999
 30
0.0
  0
VERTEX
  5
3757
  8
0
 10
0.1948276591174486
 20
-0.4279598499409325
 30
0.0
  0
VERTEX
  5
3758
  8
0
 10
0.1948115299050164
 20
-0.4279727323494825
 30
0.0
  0
VERTEX
  5
3759
  8
0
 10
0.1947953693257541
 20
-0.4279855710501838
 30
0.0
  0
VERTEX
  5
375A
  8
0
 10
0.1947791774607799
 20
-0.4279983659888905
 30
0.0
  0
VERTEX
  5
375B
  8
0
 10
0.1947629543937479
 20
-0.4280111171077569
 30
0.0
  0
VERTEX
  5
375C
  8
0
 10
0.1947467002115012
 20
-0.4280238243447616
 30
0.0
  0
VERTEX
  5
375D
  8
0
 10
0.194730415004011
 20
-0.4280364876339048
 30
0.0
  0
VERTEX
  5
375E
  8
0
 10
0.1947140988643163
 20
-0.4280491069054065
 30
0.0
  0
VERTEX
  5
375F
  8
0
 10
0.194697751888463
 20
-0.4280616820859041
 30
0.0
  0
VERTEX
  5
3760
  8
0
 10
0.1946813741754431
 20
-0.42807421309865
 30
0.0
  0
VERTEX
  5
3761
  8
0
 10
0.1946649658271341
 20
-0.4280866998637097
 30
0.0
  0
VERTEX
  5
3762
  8
0
 10
0.1946485269482382
 20
-0.4280991422981594
 30
0.0
  0
VERTEX
  5
3763
  8
0
 10
0.1946320576462217
 20
-0.428111540316283
 30
0.0
  0
VERTEX
  5
3764
  8
0
 10
0.1946155580312541
 20
-0.4281238938297711
 30
0.0
  0
VERTEX
  5
3765
  8
0
 10
0.1945990282161475
 20
-0.4281362027479175
 30
0.0
  0
VERTEX
  5
3766
  8
0
 10
0.1945824683162961
 20
-0.4281484669778185
 30
0.0
  0
VERTEX
  5
3767
  8
0
 10
0.194565878449615
 20
-0.428160686424569
 30
0.0
  0
VERTEX
  5
3768
  8
0
 10
0.1945492587364798
 20
-0.4281728609914608
 30
0.0
  0
VERTEX
  5
3769
  8
0
 10
0.1945326092996657
 20
-0.4281849905801804
 30
0.0
  0
VERTEX
  5
376A
  8
0
 10
0.1945159302642874
 20
-0.4281970750910076
 30
0.0
  0
VERTEX
  5
376B
  8
0
 10
0.1944992217577373
 20
-0.4282091144230117
 30
0.0
  0
VERTEX
  5
376C
  8
0
 10
0.1944824839096257
 20
-0.4282211084742498
 30
0.0
  0
VERTEX
  5
376D
  8
0
 10
0.1944657168517197
 20
-0.4282330571419652
 30
0.0
  0
VERTEX
  5
376E
  8
0
 10
0.1944489207178826
 20
-0.4282449603227845
 30
0.0
  0
VERTEX
  5
376F
  8
0
 10
0.1944320956440129
 20
-0.4282568179129153
 30
0.0
  0
VERTEX
  5
3770
  8
0
 10
0.194415241767984
 20
-0.428268629808344
 30
0.0
  0
VERTEX
  5
3771
  8
0
 10
0.1943983592295834
 20
-0.4282803959050341
 30
0.0
  0
VERTEX
  5
3772
  8
0
 10
0.1943814481704516
 20
-0.4282921160991229
 30
0.0
  0
VERTEX
  5
3773
  8
0
 10
0.1943645087340218
 20
-0.4283037902871201
 30
0.0
  0
VERTEX
  5
3774
  8
0
 10
0.1943475410654592
 20
-0.4283154183661053
 30
0.0
  0
VERTEX
  5
3775
  8
0
 10
0.1943305453115997
 20
-0.4283270002339254
 30
0.0
  0
VERTEX
  5
3776
  8
0
 10
0.1943135216208901
 20
-0.4283385357893928
 30
0.0
  0
VERTEX
  5
3777
  8
0
 10
0.1942964701433267
 20
-0.4283500249324831
 30
0.0
  0
VERTEX
  5
3778
  8
0
 10
0.1942793910303945
 20
-0.4283614675645323
 30
0.0
  0
VERTEX
  5
3779
  8
0
 10
0.1942622844350073
 20
-0.4283728635884352
 30
0.0
  0
VERTEX
  5
377A
  8
0
 10
0.1942451505114459
 20
-0.4283842129088423
 30
0.0
  0
VERTEX
  5
377B
  8
0
 10
0.1942279894152984
 20
-0.4283955154323589
 30
0.0
  0
VERTEX
  5
377C
  8
0
 10
0.1942108013033987
 20
-0.4284067710677418
 30
0.0
  0
VERTEX
  5
377D
  8
0
 10
0.1941935863337662
 20
-0.4284179797260966
 30
0.0
  0
VERTEX
  5
377E
  8
0
 10
0.194176344665545
 20
-0.4284291413210771
 30
0.0
  0
VERTEX
  5
377F
  8
0
 10
0.1941590764589431
 20
-0.4284402557690809
 30
0.0
  0
VERTEX
  5
3780
  8
0
 10
0.1941417818751716
 20
-0.428451322989449
 30
0.0
  0
VERTEX
  5
3781
  8
0
 10
0.1941244610763848
 20
-0.4284623429046631
 30
0.0
  0
VERTEX
  5
3782
  8
0
 10
0.1941071142256178
 20
-0.4284733154405421
 30
0.0
  0
VERTEX
  5
3783
  8
0
 10
0.1940897414867277
 20
-0.4284842405264414
 30
0.0
  0
VERTEX
  5
3784
  8
0
 10
0.1940723430243313
 20
-0.4284951180954497
 30
0.0
  0
VERTEX
  5
3785
  8
0
 10
0.1940549190037455
 20
-0.4285059480845872
 30
0.0
  0
VERTEX
  5
3786
  8
0
 10
0.194037469590926
 20
-0.4285167304350032
 30
0.0
  0
VERTEX
  5
3787
  8
0
 10
0.1940199949524067
 20
-0.4285274650921737
 30
0.0
  0
VERTEX
  5
3788
  8
0
 10
0.1940024952552392
 20
-0.4285381520060992
 30
0.0
  0
VERTEX
  5
3789
  8
0
 10
0.1939849706669316
 20
-0.4285487911315027
 30
0.0
  0
VERTEX
  5
378A
  8
0
 10
0.1939674213553881
 20
-0.4285593824280268
 30
0.0
  0
VERTEX
  5
378B
  8
0
 10
0.1939498474888487
 20
-0.4285699258604324
 30
0.0
  0
VERTEX
  5
378C
  8
0
 10
0.1939322492358275
 20
-0.428580421398795
 30
0.0
  0
VERTEX
  5
378D
  8
0
 10
0.1939146267650529
 20
-0.4285908690187047
 30
0.0
  0
VERTEX
  5
378E
  8
0
 10
0.1938969802454064
 20
-0.4286012687014613
 30
0.0
  0
VERTEX
  5
378F
  8
0
 10
0.1938793098458618
 20
-0.4286116204342737
 30
0.0
  0
VERTEX
  5
3790
  8
0
 10
0.193861615735425
 20
-0.4286219242104573
 30
0.0
  0
VERTEX
  5
3791
  8
0
 10
0.1938438980830729
 20
-0.4286321800296317
 30
0.0
  0
VERTEX
  5
3792
  8
0
 10
0.1938261570576924
 20
-0.4286423878979181
 30
0.0
  0
VERTEX
  5
3793
  8
0
 10
0.1938083928280207
 20
-0.4286525478281379
 30
0.0
  0
VERTEX
  5
3794
  8
0
 10
0.1937906055625832
 20
-0.428662659840009
 30
0.0
  0
VERTEX
  5
3795
  8
0
 10
0.193772795429634
 20
-0.4286727239603452
 30
0.0
  0
VERTEX
  5
3796
  8
0
 10
0.1937549625970944
 20
-0.4286827402232526
 30
0.0
  0
VERTEX
  5
3797
  8
0
 10
0.1937371072324927
 20
-0.4286927086703284
 30
0.0
  0
VERTEX
  5
3798
  8
0
 10
0.1937192295029029
 20
-0.4287026293508577
 30
0.0
  0
VERTEX
  5
3799
  8
0
 10
0.1937013295748848
 20
-0.4287125023220115
 30
0.0
  0
VERTEX
  5
379A
  8
0
 10
0.1936834076144224
 20
-0.4287223276490449
 30
0.0
  0
VERTEX
  5
379B
  8
0
 10
0.1936654637868638
 20
-0.4287321054054944
 30
0.0
  0
VERTEX
  5
379C
  8
0
 10
0.1936474982568603
 20
-0.428741835673376
 30
0.0
  0
VERTEX
  5
379D
  8
0
 10
0.1936295111883057
 20
-0.4287515185433822
 30
0.0
  0
VERTEX
  5
379E
  8
0
 10
0.1936115027442752
 20
-0.4287611541150803
 30
0.0
  0
VERTEX
  5
379F
  8
0
 10
0.1935934730869656
 20
-0.4287707424971106
 30
0.0
  0
VERTEX
  5
37A0
  8
0
 10
0.1935754223885707
 20
-0.4287802837997993
 30
0.0
  0
VERTEX
  5
37A1
  8
0
 10
0.1935573509056664
 20
-0.4287897780742482
 30
0.0
  0
VERTEX
  5
37A2
  8
0
 10
0.1935392588542373
 20
-0.428799225372543
 30
0.0
  0
VERTEX
  5
37A3
  8
0
 10
0.1935211463422602
 20
-0.4288086257922511
 30
0.0
  0
VERTEX
  5
37A4
  8
0
 10
0.1935030133970919
 20
-0.4288179794641965
 30
0.0
  0
VERTEX
  5
37A5
  8
0
 10
0.1934848599939438
 20
-0.4288272865395388
 30
0.0
  0
VERTEX
  5
37A6
  8
0
 10
0.1934666860843573
 20
-0.428836547176852
 30
0.0
  0
VERTEX
  5
37A7
  8
0
 10
0.1934484916246783
 20
-0.4288457615292025
 30
0.0
  0
VERTEX
  5
37A8
  8
0
 10
0.193430276604533
 20
-0.4288549297312282
 30
0.0
  0
VERTEX
  5
37A9
  8
0
 10
0.1934120410753015
 20
-0.4288640518862164
 30
0.0
  0
VERTEX
  5
37AA
  8
0
 10
0.1933937851785949
 20
-0.4288731280531833
 30
0.0
  0
VERTEX
  5
37AB
  8
0
 10
0.1933755091747284
 20
-0.4288821582339519
 30
0.0
  0
VERTEX
  5
37AC
  8
0
 10
0.1933572134711973
 20
-0.4288911423602308
 30
0.0
  0
VERTEX
  5
37AD
  8
0
 10
0.1933388986511522
 20
-0.4289000802806926
 30
0.0
  0
VERTEX
  5
37AE
  8
0
 10
0.1933205655018731
 20
-0.4289089717480526
 30
0.0
  0
VERTEX
  5
37AF
  8
0
 10
0.1933022150432455
 20
-0.4289178164061481
 30
0.0
  0
VERTEX
  5
37B0
  8
0
 10
0.1932838485562348
 20
-0.428926613777015
 30
0.0
  0
VERTEX
  5
37B1
  8
0
 10
0.1932654676113614
 20
-0.4289353632479689
 30
0.0
  0
VERTEX
  5
37B2
  8
0
 10
0.1932470740971758
 20
-0.4289440640586819
 30
0.0
  0
VERTEX
  5
37B3
  8
0
 10
0.1932286702487337
 20
-0.4289527152882613
 30
0.0
  0
VERTEX
  5
37B4
  8
0
 10
0.193210258676071
 20
-0.4289613158423294
 30
0.0
  0
VERTEX
  5
37B5
  8
0
 10
0.1931918423926786
 20
-0.428969864440101
 30
0.0
  0
VERTEX
  5
37B6
  8
0
 10
0.1931734248439776
 20
-0.4289783596014617
 30
0.0
  0
VERTEX
  5
37B7
  8
0
 10
0.1931550099357948
 20
-0.4289867996340479
 30
0.0
  0
VERTEX
  5
37B8
  8
0
 10
0.1931366019049835
 20
-0.4289951826968248
 30
0.0
  0
VERTEX
  5
37B9
  8
0
 10
0.1931182036802081
 20
-0.4290035075816336
 30
0.0
  0
VERTEX
  5
37BA
  8
0
 10
0.1930998168935061
 20
-0.4290117736674186
 30
0.0
  0
VERTEX
  5
37BB
  8
0
 10
0.1930814426304195
 20
-0.4290199805457536
 30
0.0
  0
VERTEX
  5
37BC
  8
0
 10
0.1930630814720811
 20
-0.429028128001064
 30
0.0
  0
VERTEX
  5
37BD
  8
0
 10
0.1930447335271122
 20
-0.4290362159958563
 30
0.0
  0
VERTEX
  5
37BE
  8
0
 10
0.1930263984635206
 20
-0.4290442446559465
 30
0.0
  0
VERTEX
  5
37BF
  8
0
 10
0.1930080755405973
 20
-0.4290522142556906
 30
0.0
  0
VERTEX
  5
37C0
  8
0
 10
0.1929897636408152
 20
-0.4290601252032137
 30
0.0
  0
VERTEX
  5
37C1
  8
0
 10
0.1929714613017256
 20
-0.4290679780256381
 30
0.0
  0
VERTEX
  5
37C2
  8
0
 10
0.1929531667478566
 20
-0.4290757733543144
 30
0.0
  0
VERTEX
  5
37C3
  8
0
 10
0.1929348779226101
 20
-0.42908351191005
 30
0.0
  0
VERTEX
  5
37C4
  8
0
 10
0.1929165925201599
 20
-0.4290911944883383
 30
0.0
  0
VERTEX
  5
37C5
  8
0
 10
0.1928983080173492
 20
-0.4290988219445887
 30
0.0
  0
VERTEX
  5
37C6
  8
0
 10
0.1928800217055879
 20
-0.4291063951793554
 30
0.0
  0
VERTEX
  5
37C7
  8
0
 10
0.1928617307227501
 20
-0.4291139151235662
 30
0.0
  0
VERTEX
  5
37C8
  8
0
 10
0.1928434320850724
 20
-0.4291213827237536
 30
0.0
  0
VERTEX
  5
37C9
  8
0
 10
0.1928251227190508
 20
-0.4291287989272827
 30
0.0
  0
VERTEX
  5
37CA
  8
0
 10
0.1928067994933385
 20
-0.4291361646675807
 30
0.0
  0
VERTEX
  5
37CB
  8
0
 10
0.1927884592506435
 20
-0.4291434808493667
 30
0.0
  0
VERTEX
  5
37CC
  8
0
 10
0.1927700988396265
 20
-0.429150748333881
 30
0.0
  0
VERTEX
  5
37CD
  8
0
 10
0.1927517151467978
 20
-0.4291579679241141
 30
0.0
  0
VERTEX
  5
37CE
  8
0
 10
0.1927333051284156
 20
-0.4291651403500363
 30
0.0
  0
VERTEX
  5
37CF
  8
0
 10
0.1927148658423831
 20
-0.4291722662538272
 30
0.0
  0
VERTEX
  5
37D0
  8
0
 10
0.1926963955857194
 20
-0.4291793458151686
 30
0.0
  0
VERTEX
  5
37D1
  8
0
 10
0.1926779009839196
 20
-0.4291863764499197
 30
0.0
  0
VERTEX
  5
37D2
  8
0
 10
0.1926593905124478
 20
-0.4291933549469409
 30
0.0
  0
VERTEX
  5
37D3
  8
0
 10
0.1926408699866211
 20
-0.4292002789458939
 30
0.0
  0
VERTEX
  5
37D4
  8
0
 10
0.1926223428118665
 20
-0.4292071468586771
 30
0.0
  0
VERTEX
  5
37D5
  8
0
 10
0.1926038102635243
 20
-0.4292139577812159
 30
0.0
  0
VERTEX
  5
37D6
  8
0
 10
0.19258527176665
 20
-0.4292207114052561
 30
0.0
  0
VERTEX
  5
37D7
  8
0
 10
0.1925667251758177
 20
-0.4292274079301562
 30
0.0
  0
VERTEX
  5
37D8
  8
0
 10
0.1925481670549226
 20
-0.42923404797468
 30
0.0
  0
VERTEX
  5
37D9
  8
0
 10
0.1925295929569838
 20
-0.429240632488788
 30
0.0
  0
VERTEX
  5
37DA
  8
0
 10
0.192510997703947
 20
-0.4292471626654307
 30
0.0
  0
VERTEX
  5
37DB
  8
0
 10
0.1924923756664874
 20
-0.4292536398523415
 30
0.0
  0
VERTEX
  5
37DC
  8
0
 10
0.192473721043812
 20
-0.4292600654638272
 30
0.0
  0
VERTEX
  5
37DD
  8
0
 10
0.192455028143463
 20
-0.4292664408925622
 30
0.0
  0
VERTEX
  5
37DE
  8
0
 10
0.1924362916611199
 20
-0.4292727674213799
 30
0.0
  0
VERTEX
  5
37DF
  8
0
 10
0.1924175069604029
 20
-0.4292790461350658
 30
0.0
  0
VERTEX
  5
37E0
  8
0
 10
0.192398670352675
 20
-0.429285277832149
 30
0.0
  0
VERTEX
  5
37E1
  8
0
 10
0.1923797793768451
 20
-0.429291462936695
 30
0.0
  0
VERTEX
  5
37E2
  8
0
 10
0.1923608330791708
 20
-0.4292976014100986
 30
0.0
  0
VERTEX
  5
37E3
  8
0
 10
0.1923418322930609
 20
-0.4293036926628755
 30
0.0
  0
VERTEX
  5
37E4
  8
0
 10
0.1923227799188784
 20
-0.4293097354664551
 30
0.0
  0
VERTEX
  5
37E5
  8
0
 10
0.1923036812037431
 20
-0.4293157278649727
 30
0.0
  0
VERTEX
  5
37E6
  8
0
 10
0.1922845440213342
 20
-0.4293216670870618
 30
0.0
  0
VERTEX
  5
37E7
  8
0
 10
0.1922653791516934
 20
-0.4293275494576471
 30
0.0
  0
VERTEX
  5
37E8
  8
0
 10
0.1922461998501571
 20
-0.4293333705767401
 30
0.0
  0
VERTEX
  5
37E9
  8
0
 10
0.192227012800868
 20
-0.429339128716015
 30
0.0
  0
VERTEX
  5
37EA
  8
0
 10
0.1922078188299263
 20
-0.4293448244980977
 30
0.0
  0
VERTEX
  5
37EB
  8
0
 10
0.192188618683771
 20
-0.4293504586992261
 30
0.0
  0
VERTEX
  5
37EC
  8
0
 10
0.1921694131565329
 20
-0.4293560321912747
 30
0.0
  0
VERTEX
  5
37ED
  8
0
 10
0.1921502030853125
 20
-0.4293615459335728
 30
0.0
  0
VERTEX
  5
37EE
  8
0
 10
0.1921309893454571
 20
-0.4293670009647214
 30
0.0
  0
VERTEX
  5
37EF
  8
0
 10
0.1921117728458398
 20
-0.4293723983944118
 30
0.0
  0
VERTEX
  5
37F0
  8
0
 10
0.1920925545241367
 20
-0.4293777393952431
 30
0.0
  0
VERTEX
  5
37F1
  8
0
 10
0.1920733353421054
 20
-0.4293830251945394
 30
0.0
  0
VERTEX
  5
37F2
  8
0
 10
0.1920541162808622
 20
-0.4293882570661675
 30
0.0
  0
VERTEX
  5
37F3
  8
0
 10
0.1920348983361608
 20
-0.4293934363223549
 30
0.0
  0
VERTEX
  5
37F4
  8
0
 10
0.1920156825136698
 20
-0.4293985643055082
 30
0.0
  0
VERTEX
  5
37F5
  8
0
 10
0.1919964698242508
 20
-0.4294036423800289
 30
0.0
  0
VERTEX
  5
37F6
  8
0
 10
0.1919772612792362
 20
-0.4294086719241327
 30
0.0
  0
VERTEX
  5
37F7
  8
0
 10
0.1919580578857073
 20
-0.4294136543216668
 30
0.0
  0
VERTEX
  5
37F8
  8
0
 10
0.191938860641772
 20
-0.429418590953927
 30
0.0
  0
VERTEX
  5
37F9
  8
0
 10
0.1919196705318432
 20
-0.4294234831914761
 30
0.0
  0
VERTEX
  5
37FA
  8
0
 10
0.1919004885219161
 20
-0.4294283323859612
 30
0.0
  0
VERTEX
  5
37FB
  8
0
 10
0.1918813155548466
 20
-0.4294331398619314
 30
0.0
  0
VERTEX
  5
37FC
  8
0
 10
0.1918621525456292
 20
-0.4294379069086556
 30
0.0
  0
VERTEX
  5
37FD
  8
0
 10
0.1918430003766747
 20
-0.4294426347719402
 30
0.0
  0
VERTEX
  5
37FE
  8
0
 10
0.1918238598930884
 20
-0.4294473246459468
 30
0.0
  0
VERTEX
  5
37FF
  8
0
 10
0.191804734499181
 20
-0.4294519770594035
 30
0.0
  0
VERTEX
  5
3800
  8
0
 10
0.1917857691816048
 20
-0.4294565595374313
 30
0.0
  0
VERTEX
  5
3801
  8
0
 10
0.1917672415174008
 20
-0.4294610088920399
 30
0.0
  0
VERTEX
  5
3802
  8
0
 10
0.1917492962317492
 20
-0.4294652930957492
 30
0.0
  0
VERTEX
  5
3803
  8
0
 10
0.1917319511958661
 20
-0.4294694098286517
 30
0.0
  0
VERTEX
  5
3804
  8
0
 10
0.1917151277214868
 20
-0.4294733793637715
 30
0.0
  0
VERTEX
  5
3805
  8
0
 10
0.191698680855351
 20
-0.4294772374524239
 30
0.0
  0
VERTEX
  5
3806
  8
0
 10
0.1916824296736862
 20
-0.4294810282095737
 30
0.0
  0
VERTEX
  5
3807
  8
0
 10
0.1916661875766926
 20
-0.429484796999195
 30
0.0
  0
VERTEX
  5
3808
  8
0
 10
0.1916497925830271
 20
-0.4294885833196295
 30
0.0
  0
VERTEX
  5
3809
  8
0
 10
0.1916331376242871
 20
-0.4294924136889463
 30
0.0
  0
VERTEX
  5
380A
  8
0
 10
0.1916162008394961
 20
-0.4294962945303005
 30
0.0
  0
VERTEX
  5
380B
  8
0
 10
0.1915990758695864
 20
-0.4295002050572923
 30
0.0
  0
VERTEX
  5
380C
  8
0
 10
0.191582003689015
 20
-0.4295040903549565
 30
0.0
  0
VERTEX
  5
380D
  8
0
 10
0.1915652987605702
 20
-0.4295078807858034
 30
0.0
  0
VERTEX
  5
380E
  8
0
 10
0.1915491250127453
 20
-0.4295115410057125
 30
0.0
  0
VERTEX
  5
380F
  8
0
 10
0.1915334819222091
 20
-0.429515072124975
 30
0.0
  0
VERTEX
  5
3810
  8
0
 10
0.1915182454152831
 20
-0.4295185026310807
 30
0.0
  0
VERTEX
  5
3811
  8
0
 10
0.1915032088202524
 20
-0.4295218793020999
 30
0.0
  0
VERTEX
  5
3812
  8
0
 10
0.1914881238196778
 20
-0.4295252581200665
 30
0.0
  0
VERTEX
  5
3813
  8
0
 10
0.1914727414027073
 20
-0.4295286951843596
 30
0.0
  0
VERTEX
  5
3814
  8
0
 10
0.1914568528173873
 20
-0.4295322376250856
 30
0.0
  0
VERTEX
  5
3815
  8
0
 10
0.191440330522975
 20
-0.429535914516461
 30
0.0
  0
VERTEX
  5
3816
  8
0
 10
0.1914231691422488
 20
-0.4295397277901938
 30
0.0
  0
VERTEX
  5
3817
  8
0
 10
0.1914055264138212
 20
-0.4295436431488667
 30
0.0
  0
VERTEX
  5
3818
  8
0
 10
0.1862914068486375
 20
-0.4309704465443586
 30
0.0
  0
VERTEX
  5
3819
  8
0
 10
0.1497237275834813
 20
-0.4399975897526359
 30
0.0
  0
VERTEX
  5
381A
  8
0
 10
0.1126544263421967
 20
-0.4470879787253521
 30
0.0
  0
VERTEX
  5
381B
  8
0
 10
0.075238393898193
 20
-0.4522039906814055
 30
0.0
  0
VERTEX
  5
381C
  8
0
 10
0.0376338259692433
 20
-0.4553245963076408
 30
0.0
  0
VERTEX
  5
381D
  8
0
 10
0.0000000000001477
 20
-0.4564456468780098
 30
0.0
  0
VERTEX
  5
381E
  8
0
 10
-0.0376338259689637
 20
-0.4553245963076651
 30
0.0
  0
VERTEX
  5
381F
  8
0
 10
-0.0752383938979112
 20
-0.4522039906814474
 30
0.0
  0
VERTEX
  5
3820
  8
0
 10
-0.1126544263419024
 20
-0.4470879787254134
 30
0.0
  0
VERTEX
  5
3821
  8
0
 10
-0.1497237275831581
 20
-0.439997589752736
 30
0.0
  0
VERTEX
  5
3822
  8
0
 10
-0.1862914068482396
 20
-0.43097044654455
 30
0.0
  0
VERTEX
  5
3823
  8
0
 10
-0.1914055264137046
 20
-0.429543643148967
 30
0.0
  0
VERTEX
  5
3824
  8
0
 10
-0.1914231691421772
 20
-0.4295397277902583
 30
0.0
  0
VERTEX
  5
3825
  8
0
 10
-0.191440330522934
 20
-0.4295359145165007
 30
0.0
  0
VERTEX
  5
3826
  8
0
 10
-0.1914568528173667
 20
-0.4295322376251089
 30
0.0
  0
VERTEX
  5
3827
  8
0
 10
-0.1914727414026998
 20
-0.4295286951843724
 30
0.0
  0
VERTEX
  5
3828
  8
0
 10
-0.1914881238196787
 20
-0.429525258120073
 30
0.0
  0
VERTEX
  5
3829
  8
0
 10
-0.1915032088202586
 20
-0.4295218793021029
 30
0.0
  0
VERTEX
  5
382A
  8
0
 10
-0.1915182454152927
 20
-0.4295185026310818
 30
0.0
  0
VERTEX
  5
382B
  8
0
 10
-0.1915334819222209
 20
-0.4295150721249754
 30
0.0
  0
VERTEX
  5
382C
  8
0
 10
-0.1915491250127583
 20
-0.4295115410057125
 30
0.0
  0
VERTEX
  5
382D
  8
0
 10
-0.191565298760584
 20
-0.4295078807858033
 30
0.0
  0
VERTEX
  5
382E
  8
0
 10
-0.1915820036890291
 20
-0.4295040903549565
 30
0.0
  0
VERTEX
  5
382F
  8
0
 10
-0.1915990758696005
 20
-0.4295002050572923
 30
0.0
  0
VERTEX
  5
3830
  8
0
 10
-0.1916162008395101
 20
-0.4294962945303006
 30
0.0
  0
VERTEX
  5
3831
  8
0
 10
-0.1916331376243007
 20
-0.4294924136889462
 30
0.0
  0
VERTEX
  5
3832
  8
0
 10
-0.1916497925830397
 20
-0.4294885833196295
 30
0.0
  0
VERTEX
  5
3833
  8
0
 10
-0.191666187576704
 20
-0.429484796999195
 30
0.0
  0
VERTEX
  5
3834
  8
0
 10
-0.1916824296736961
 20
-0.4294810282095738
 30
0.0
  0
VERTEX
  5
3835
  8
0
 10
-0.1916986808553591
 20
-0.4294772374524239
 30
0.0
  0
VERTEX
  5
3836
  8
0
 10
-0.1917151277214935
 20
-0.4294733793637714
 30
0.0
  0
VERTEX
  5
3837
  8
0
 10
-0.1917319511958717
 20
-0.4294694098286516
 30
0.0
  0
VERTEX
  5
3838
  8
0
 10
-0.1917492962317545
 20
-0.4294652930957493
 30
0.0
  0
VERTEX
  5
3839
  8
0
 10
-0.1917672415174063
 20
-0.42946100889204
 30
0.0
  0
VERTEX
  5
383A
  8
0
 10
-0.1917857691816112
 20
-0.4294565595374314
 30
0.0
  0
VERTEX
  5
383B
  8
0
 10
-0.1918047344991886
 20
-0.4294519770594036
 30
0.0
  0
VERTEX
  5
383C
  8
0
 10
-0.1918238598930973
 20
-0.429447324645947
 30
0.0
  0
VERTEX
  5
383D
  8
0
 10
-0.1918430003766847
 20
-0.4294426347719403
 30
0.0
  0
VERTEX
  5
383E
  8
0
 10
-0.1918621525456401
 20
-0.4294379069086556
 30
0.0
  0
VERTEX
  5
383F
  8
0
 10
-0.1918813155548581
 20
-0.4294331398619314
 30
0.0
  0
VERTEX
  5
3840
  8
0
 10
-0.1919004885219281
 20
-0.429428332385961
 30
0.0
  0
VERTEX
  5
3841
  8
0
 10
-0.1919196705318557
 20
-0.4294234831914761
 30
0.0
  0
VERTEX
  5
3842
  8
0
 10
-0.191938860641785
 20
-0.429418590953927
 30
0.0
  0
VERTEX
  5
3843
  8
0
 10
-0.1919580578857205
 20
-0.4294136543216668
 30
0.0
  0
VERTEX
  5
3844
  8
0
 10
-0.1919772612792497
 20
-0.4294086719241328
 30
0.0
  0
VERTEX
  5
3845
  8
0
 10
-0.1919964698242645
 20
-0.4294036423800289
 30
0.0
  0
VERTEX
  5
3846
  8
0
 10
-0.1920156825136837
 20
-0.4293985643055082
 30
0.0
  0
VERTEX
  5
3847
  8
0
 10
-0.1920348983361747
 20
-0.4293934363223551
 30
0.0
  0
VERTEX
  5
3848
  8
0
 10
-0.1920541162808761
 20
-0.4293882570661673
 30
0.0
  0
VERTEX
  5
3849
  8
0
 10
-0.1920733353421195
 20
-0.4293830251945395
 30
0.0
  0
VERTEX
  5
384A
  8
0
 10
-0.1920925545241508
 20
-0.4293777393952432
 30
0.0
  0
VERTEX
  5
384B
  8
0
 10
-0.1921117728458538
 20
-0.4293723983944119
 30
0.0
  0
VERTEX
  5
384C
  8
0
 10
-0.1921309893454712
 20
-0.4293670009647214
 30
0.0
  0
VERTEX
  5
384D
  8
0
 10
-0.1921502030853265
 20
-0.4293615459335727
 30
0.0
  0
VERTEX
  5
384E
  8
0
 10
-0.192169413156547
 20
-0.4293560321912748
 30
0.0
  0
VERTEX
  5
384F
  8
0
 10
-0.1921886186837851
 20
-0.4293504586992262
 30
0.0
  0
VERTEX
  5
3850
  8
0
 10
-0.1922078188299404
 20
-0.4293448244980978
 30
0.0
  0
VERTEX
  5
3851
  8
0
 10
-0.1922270128008821
 20
-0.429339128716015
 30
0.0
  0
VERTEX
  5
3852
  8
0
 10
-0.1922461998501712
 20
-0.4293333705767402
 30
0.0
  0
VERTEX
  5
3853
  8
0
 10
-0.1922653791517075
 20
-0.4293275494576472
 30
0.0
  0
VERTEX
  5
3854
  8
0
 10
-0.1922845440213483
 20
-0.4293216670870619
 30
0.0
  0
VERTEX
  5
3855
  8
0
 10
-0.1923036812037572
 20
-0.4293157278649726
 30
0.0
  0
VERTEX
  5
3856
  8
0
 10
-0.1923227799188925
 20
-0.4293097354664551
 30
0.0
  0
VERTEX
  5
3857
  8
0
 10
-0.192341832293075
 20
-0.4293036926628755
 30
0.0
  0
VERTEX
  5
3858
  8
0
 10
-0.1923608330791849
 20
-0.4292976014100987
 30
0.0
  0
VERTEX
  5
3859
  8
0
 10
-0.1923797793768592
 20
-0.4292914629366951
 30
0.0
  0
VERTEX
  5
385A
  8
0
 10
-0.192398670352689
 20
-0.4292852778321489
 30
0.0
  0
VERTEX
  5
385B
  8
0
 10
-0.192417506960417
 20
-0.4292790461350658
 30
0.0
  0
VERTEX
  5
385C
  8
0
 10
-0.192436291661134
 20
-0.4292727674213801
 30
0.0
  0
VERTEX
  5
385D
  8
0
 10
-0.1924550281434771
 20
-0.4292664408925623
 30
0.0
  0
VERTEX
  5
385E
  8
0
 10
-0.1924737210438261
 20
-0.4292600654638273
 30
0.0
  0
VERTEX
  5
385F
  8
0
 10
-0.1924923756665014
 20
-0.4292536398523416
 30
0.0
  0
VERTEX
  5
3860
  8
0
 10
-0.1925109977039611
 20
-0.4292471626654309
 30
0.0
  0
VERTEX
  5
3861
  8
0
 10
-0.1925295929569979
 20
-0.4292406324887879
 30
0.0
  0
VERTEX
  5
3862
  8
0
 10
-0.1925481670549367
 20
-0.4292340479746801
 30
0.0
  0
VERTEX
  5
3863
  8
0
 10
-0.1925667251758317
 20
-0.4292274079301563
 30
0.0
  0
VERTEX
  5
3864
  8
0
 10
-0.1925852717666641
 20
-0.4292207114052562
 30
0.0
  0
VERTEX
  5
3865
  8
0
 10
-0.1926038102635384
 20
-0.429213957781216
 30
0.0
  0
VERTEX
  5
3866
  8
0
 10
-0.1926223428118807
 20
-0.4292071468586771
 30
0.0
  0
VERTEX
  5
3867
  8
0
 10
-0.1926408699866352
 20
-0.4292002789458941
 30
0.0
  0
VERTEX
  5
3868
  8
0
 10
-0.1926593905124619
 20
-0.4291933549469409
 30
0.0
  0
VERTEX
  5
3869
  8
0
 10
-0.1926779009839337
 20
-0.4291863764499199
 30
0.0
  0
VERTEX
  5
386A
  8
0
 10
-0.1926963955857335
 20
-0.4291793458151686
 30
0.0
  0
VERTEX
  5
386B
  8
0
 10
-0.1927148658423972
 20
-0.4291722662538273
 30
0.0
  0
VERTEX
  5
386C
  8
0
 10
-0.1927333051284297
 20
-0.4291651403500363
 30
0.0
  0
VERTEX
  5
386D
  8
0
 10
-0.1927517151468119
 20
-0.4291579679241141
 30
0.0
  0
VERTEX
  5
386E
  8
0
 10
-0.1927700988396406
 20
-0.4291507483338809
 30
0.0
  0
VERTEX
  5
386F
  8
0
 10
-0.1927884592506576
 20
-0.4291434808493667
 30
0.0
  0
VERTEX
  5
3870
  8
0
 10
-0.1928067994933526
 20
-0.4291361646675807
 30
0.0
  0
VERTEX
  5
3871
  8
0
 10
-0.1928251227190649
 20
-0.4291287989272827
 30
0.0
  0
VERTEX
  5
3872
  8
0
 10
-0.1928434320850865
 20
-0.4291213827237538
 30
0.0
  0
VERTEX
  5
3873
  8
0
 10
-0.1928617307227642
 20
-0.4291139151235663
 30
0.0
  0
VERTEX
  5
3874
  8
0
 10
-0.192880021705602
 20
-0.4291063951793554
 30
0.0
  0
VERTEX
  5
3875
  8
0
 10
-0.1928983080173634
 20
-0.4290988219445889
 30
0.0
  0
VERTEX
  5
3876
  8
0
 10
-0.192916592520174
 20
-0.4290911944883385
 30
0.0
  0
VERTEX
  5
3877
  8
0
 10
-0.1929348779226241
 20
-0.42908351191005
 30
0.0
  0
VERTEX
  5
3878
  8
0
 10
-0.1929531667478706
 20
-0.4290757733543145
 30
0.0
  0
VERTEX
  5
3879
  8
0
 10
-0.1929714613017397
 20
-0.4290679780256381
 30
0.0
  0
VERTEX
  5
387A
  8
0
 10
-0.1929897636408293
 20
-0.4290601252032138
 30
0.0
  0
VERTEX
  5
387B
  8
0
 10
-0.1930080755406115
 20
-0.4290522142556908
 30
0.0
  0
VERTEX
  5
387C
  8
0
 10
-0.1930263984635346
 20
-0.4290442446559466
 30
0.0
  0
VERTEX
  5
387D
  8
0
 10
-0.1930447335271263
 20
-0.4290362159958563
 30
0.0
  0
VERTEX
  5
387E
  8
0
 10
-0.1930630814720952
 20
-0.4290281280010642
 30
0.0
  0
VERTEX
  5
387F
  8
0
 10
-0.1930814426304336
 20
-0.4290199805457536
 30
0.0
  0
VERTEX
  5
3880
  8
0
 10
-0.1930998168935202
 20
-0.4290117736674187
 30
0.0
  0
VERTEX
  5
3881
  8
0
 10
-0.1931182036802222
 20
-0.4290035075816337
 30
0.0
  0
VERTEX
  5
3882
  8
0
 10
-0.1931366019049976
 20
-0.4289951826968248
 30
0.0
  0
VERTEX
  5
3883
  8
0
 10
-0.1931550099358088
 20
-0.4289867996340479
 30
0.0
  0
VERTEX
  5
3884
  8
0
 10
-0.1931734248439917
 20
-0.4289783596014617
 30
0.0
  0
VERTEX
  5
3885
  8
0
 10
-0.1931918423926926
 20
-0.4289698644401009
 30
0.0
  0
VERTEX
  5
3886
  8
0
 10
-0.193210258676085
 20
-0.4289613158423294
 30
0.0
  0
VERTEX
  5
3887
  8
0
 10
-0.1932286702487478
 20
-0.4289527152882613
 30
0.0
  0
VERTEX
  5
3888
  8
0
 10
-0.1932470740971899
 20
-0.4289440640586818
 30
0.0
  0
VERTEX
  5
3889
  8
0
 10
-0.1932654676113754
 20
-0.4289353632479689
 30
0.0
  0
VERTEX
  5
388A
  8
0
 10
-0.1932838485562489
 20
-0.4289266137770151
 30
0.0
  0
VERTEX
  5
388B
  8
0
 10
-0.1933022150432596
 20
-0.4289178164061481
 30
0.0
  0
VERTEX
  5
388C
  8
0
 10
-0.1933205655018872
 20
-0.4289089717480528
 30
0.0
  0
VERTEX
  5
388D
  8
0
 10
-0.1933388986511662
 20
-0.4289000802806927
 30
0.0
  0
VERTEX
  5
388E
  8
0
 10
-0.1933572134712114
 20
-0.4288911423602308
 30
0.0
  0
VERTEX
  5
388F
  8
0
 10
-0.1933755091747425
 20
-0.4288821582339521
 30
0.0
  0
VERTEX
  5
3890
  8
0
 10
-0.1933937851786089
 20
-0.4288731280531834
 30
0.0
  0
VERTEX
  5
3891
  8
0
 10
-0.1934120410753156
 20
-0.4288640518862166
 30
0.0
  0
VERTEX
  5
3892
  8
0
 10
-0.1934302766045469
 20
-0.4288549297312282
 30
0.0
  0
VERTEX
  5
3893
  8
0
 10
-0.1934484916246924
 20
-0.4288457615292026
 30
0.0
  0
VERTEX
  5
3894
  8
0
 10
-0.1934666860843713
 20
-0.4288365471768522
 30
0.0
  0
VERTEX
  5
3895
  8
0
 10
-0.1934848599939576
 20
-0.4288272865395388
 30
0.0
  0
VERTEX
  5
3896
  8
0
 10
-0.1935030133971056
 20
-0.4288179794641965
 30
0.0
  0
VERTEX
  5
3897
  8
0
 10
-0.1935211463422738
 20
-0.4288086257922511
 30
0.0
  0
VERTEX
  5
3898
  8
0
 10
-0.1935392588542509
 20
-0.4287992253725431
 30
0.0
  0
VERTEX
  5
3899
  8
0
 10
-0.19355735090568
 20
-0.4287897780742483
 30
0.0
  0
VERTEX
  5
389A
  8
0
 10
-0.193575422388584
 20
-0.4287802837997993
 30
0.0
  0
VERTEX
  5
389B
  8
0
 10
-0.1935934730869787
 20
-0.4287707424971105
 30
0.0
  0
VERTEX
  5
389C
  8
0
 10
-0.1936115027442881
 20
-0.4287611541150804
 30
0.0
  0
VERTEX
  5
389D
  8
0
 10
-0.1936295111883183
 20
-0.4287515185433821
 30
0.0
  0
VERTEX
  5
389E
  8
0
 10
-0.1936474982568728
 20
-0.4287418356733761
 30
0.0
  0
VERTEX
  5
389F
  8
0
 10
-0.1936654637868759
 20
-0.4287321054054944
 30
0.0
  0
VERTEX
  5
38A0
  8
0
 10
-0.1936834076144343
 20
-0.4287223276490449
 30
0.0
  0
VERTEX
  5
38A1
  8
0
 10
-0.1937013295748964
 20
-0.4287125023220116
 30
0.0
  0
VERTEX
  5
38A2
  8
0
 10
-0.1937192295029142
 20
-0.4287026293508576
 30
0.0
  0
VERTEX
  5
38A3
  8
0
 10
-0.1937371072325037
 20
-0.4286927086703286
 30
0.0
  0
VERTEX
  5
38A4
  8
0
 10
-0.1937549625971051
 20
-0.4286827402232527
 30
0.0
  0
VERTEX
  5
38A5
  8
0
 10
-0.1937727954296445
 20
-0.4286727239603453
 30
0.0
  0
VERTEX
  5
38A6
  8
0
 10
-0.1937906055625934
 20
-0.428662659840009
 30
0.0
  0
VERTEX
  5
38A7
  8
0
 10
-0.1938083928280306
 20
-0.4286525478281378
 30
0.0
  0
VERTEX
  5
38A8
  8
0
 10
-0.1938261570577021
 20
-0.4286423878979183
 30
0.0
  0
VERTEX
  5
38A9
  8
0
 10
-0.1938438980830823
 20
-0.4286321800296317
 30
0.0
  0
VERTEX
  5
38AA
  8
0
 10
-0.1938616157354342
 20
-0.4286219242104574
 30
0.0
  0
VERTEX
  5
38AB
  8
0
 10
-0.1938793098458708
 20
-0.4286116204342738
 30
0.0
  0
VERTEX
  5
38AC
  8
0
 10
-0.1938969802454151
 20
-0.4286012687014613
 30
0.0
  0
VERTEX
  5
38AD
  8
0
 10
-0.1939146267650615
 20
-0.4285908690187047
 30
0.0
  0
VERTEX
  5
38AE
  8
0
 10
-0.1939322492358359
 20
-0.4285804213987952
 30
0.0
  0
VERTEX
  5
38AF
  8
0
 10
-0.1939498474888569
 20
-0.4285699258604323
 30
0.0
  0
VERTEX
  5
38B0
  8
0
 10
-0.1939674213553962
 20
-0.4285593824280268
 30
0.0
  0
VERTEX
  5
38B1
  8
0
 10
-0.1939849706669394
 20
-0.4285487911315026
 30
0.0
  0
VERTEX
  5
38B2
  8
0
 10
-0.194002495255247
 20
-0.4285381520060992
 30
0.0
  0
VERTEX
  5
38B3
  8
0
 10
-0.1940199949524144
 20
-0.4285274650921737
 30
0.0
  0
VERTEX
  5
38B4
  8
0
 10
-0.1940374695909337
 20
-0.4285167304350033
 30
0.0
  0
VERTEX
  5
38B5
  8
0
 10
-0.194054919003753
 20
-0.4285059480845873
 30
0.0
  0
VERTEX
  5
38B6
  8
0
 10
-0.1940723430243387
 20
-0.4284951180954497
 30
0.0
  0
VERTEX
  5
38B7
  8
0
 10
-0.194089741486735
 20
-0.4284842405264414
 30
0.0
  0
VERTEX
  5
38B8
  8
0
 10
-0.1941071142256251
 20
-0.4284733154405421
 30
0.0
  0
VERTEX
  5
38B9
  8
0
 10
-0.1941244610763921
 20
-0.4284623429046632
 30
0.0
  0
VERTEX
  5
38BA
  8
0
 10
-0.194141781875179
 20
-0.4284513229894493
 30
0.0
  0
VERTEX
  5
38BB
  8
0
 10
-0.1941590764589503
 20
-0.4284402557690808
 30
0.0
  0
VERTEX
  5
38BC
  8
0
 10
-0.1941763446655522
 20
-0.4284291413210769
 30
0.0
  0
VERTEX
  5
38BD
  8
0
 10
-0.1941935863337735
 20
-0.4284179797260967
 30
0.0
  0
VERTEX
  5
38BE
  8
0
 10
-0.194210801303406
 20
-0.4284067710677417
 30
0.0
  0
VERTEX
  5
38BF
  8
0
 10
-0.1942279894153057
 20
-0.428395515432359
 30
0.0
  0
VERTEX
  5
38C0
  8
0
 10
-0.1942451505114532
 20
-0.4283842129088423
 30
0.0
  0
VERTEX
  5
38C1
  8
0
 10
-0.1942622844350146
 20
-0.428372863588435
 30
0.0
  0
VERTEX
  5
38C2
  8
0
 10
-0.1942793910304019
 20
-0.4283614675645323
 30
0.0
  0
VERTEX
  5
38C3
  8
0
 10
-0.194296470143334
 20
-0.4283500249324833
 30
0.0
  0
VERTEX
  5
38C4
  8
0
 10
-0.1943135216208976
 20
-0.4283385357893931
 30
0.0
  0
VERTEX
  5
38C5
  8
0
 10
-0.1943305453116072
 20
-0.4283270002339254
 30
0.0
  0
VERTEX
  5
38C6
  8
0
 10
-0.1943475410654666
 20
-0.4283154183661054
 30
0.0
  0
VERTEX
  5
38C7
  8
0
 10
-0.1943645087340293
 20
-0.4283037902871202
 30
0.0
  0
VERTEX
  5
38C8
  8
0
 10
-0.194381448170459
 20
-0.4282921160991229
 30
0.0
  0
VERTEX
  5
38C9
  8
0
 10
-0.1943983592295909
 20
-0.4282803959050341
 30
0.0
  0
VERTEX
  5
38CA
  8
0
 10
-0.1944152417679915
 20
-0.4282686298083441
 30
0.0
  0
VERTEX
  5
38CB
  8
0
 10
-0.1944320956440203
 20
-0.4282568179129152
 30
0.0
  0
VERTEX
  5
38CC
  8
0
 10
-0.1944489207178901
 20
-0.4282449603227846
 30
0.0
  0
VERTEX
  5
38CD
  8
0
 10
-0.1944657168517272
 20
-0.4282330571419652
 30
0.0
  0
VERTEX
  5
38CE
  8
0
 10
-0.1944824839096332
 20
-0.4282211084742498
 30
0.0
  0
VERTEX
  5
38CF
  8
0
 10
-0.1944992217577447
 20
-0.4282091144230116
 30
0.0
  0
VERTEX
  5
38D0
  8
0
 10
-0.1945159302642947
 20
-0.4281970750910076
 30
0.0
  0
VERTEX
  5
38D1
  8
0
 10
-0.1945326092996731
 20
-0.4281849905801804
 30
0.0
  0
VERTEX
  5
38D2
  8
0
 10
-0.1945492587364871
 20
-0.4281728609914607
 30
0.0
  0
VERTEX
  5
38D3
  8
0
 10
-0.1945658784496223
 20
-0.4281606864245691
 30
0.0
  0
VERTEX
  5
38D4
  8
0
 10
-0.1945824683163034
 20
-0.4281484669778187
 30
0.0
  0
VERTEX
  5
38D5
  8
0
 10
-0.1945990282161549
 20
-0.4281362027479176
 30
0.0
  0
VERTEX
  5
38D6
  8
0
 10
-0.1946155580312613
 20
-0.428123893829771
 30
0.0
  0
VERTEX
  5
38D7
  8
0
 10
-0.194632057646229
 20
-0.428111540316283
 30
0.0
  0
VERTEX
  5
38D8
  8
0
 10
-0.1946485269482455
 20
-0.4280991422981594
 30
0.0
  0
VERTEX
  5
38D9
  8
0
 10
-0.1946649658271414
 20
-0.4280866998637098
 30
0.0
  0
VERTEX
  5
38DA
  8
0
 10
-0.1946813741754504
 20
-0.42807421309865
 30
0.0
  0
VERTEX
  5
38DB
  8
0
 10
-0.1946977518884704
 20
-0.4280616820859041
 30
0.0
  0
VERTEX
  5
38DC
  8
0
 10
-0.1947140988643237
 20
-0.4280491069054064
 30
0.0
  0
VERTEX
  5
38DD
  8
0
 10
-0.1947304150040185
 20
-0.4280364876339048
 30
0.0
  0
VERTEX
  5
38DE
  8
0
 10
-0.1947467002115089
 20
-0.4280238243447616
 30
0.0
  0
VERTEX
  5
38DF
  8
0
 10
-0.1947629543937558
 20
-0.428011117107757
 30
0.0
  0
VERTEX
  5
38E0
  8
0
 10
-0.194779177460788
 20
-0.4279983659888905
 30
0.0
  0
VERTEX
  5
38E1
  8
0
 10
-0.1947953693257624
 20
-0.4279855710501838
 30
0.0
  0
VERTEX
  5
38E2
  8
0
 10
-0.1948115299050249
 20
-0.4279727323494825
 30
0.0
  0
VERTEX
  5
38E3
  8
0
 10
-0.1948276591174575
 20
-0.4279598499409324
 30
0.0
  0
VERTEX
  5
38E4
  8
0
 10
-0.1948437568298953
 20
-0.4279469239265
 30
0.0
  0
VERTEX
  5
38E5
  8
0
 10
-0.1948598228648841
 20
-0.4279339544496346
 30
0.0
  0
VERTEX
  5
38E6
  8
0
 10
-0.1948758571358754
 20
-0.4279209415680179
 30
0.0
  0
VERTEX
  5
38E7
  8
0
 10
-0.1948918596521874
 20
-0.4279078852482719
 30
0.0
  0
VERTEX
  5
38E8
  8
0
 10
-0.1949078305101904
 20
-0.4278947853736236
 30
0.0
  0
VERTEX
  5
38E9
  8
0
 10
-0.1949237698844911
 20
-0.427881641751567
 30
0.0
  0
VERTEX
  5
38EA
  8
0
 10
-0.1949396780191175
 20
-0.4278684541215276
 30
0.0
  0
VERTEX
  5
38EB
  8
0
 10
-0.1949555552187041
 20
-0.4278552221625243
 30
0.0
  0
VERTEX
  5
38EC
  8
0
 10
-0.1949714018396761
 20
-0.4278419455008337
 30
0.0
  0
VERTEX
  5
38ED
  8
0
 10
-0.1949872182814344
 20
-0.4278286237176525
 30
0.0
  0
VERTEX
  5
38EE
  8
0
 10
-0.1950030049775407
 20
-0.4278152563567612
 30
0.0
  0
VERTEX
  5
38EF
  8
0
 10
-0.1950187623869018
 20
-0.4278018429321869
 30
0.0
  0
VERTEX
  5
38F0
  8
0
 10
-0.195034490984955
 20
-0.427788382935867
 30
0.0
  0
VERTEX
  5
38F1
  8
0
 10
-0.1950501912548518
 20
-0.4277748758453117
 30
0.0
  0
VERTEX
  5
38F2
  8
0
 10
-0.1950658636786443
 20
-0.4277613211312686
 30
0.0
  0
VERTEX
  5
38F3
  8
0
 10
-0.1950815087284683
 20
-0.4277477182653837
 30
0.0
  0
VERTEX
  5
38F4
  8
0
 10
-0.1950971268577296
 20
-0.4277340667278668
 30
0.0
  0
VERTEX
  5
38F5
  8
0
 10
-0.1951127184922875
 20
-0.427720366015153
 30
0.0
  0
VERTEX
  5
38F6
  8
0
 10
-0.1951282840216403
 20
-0.4277066156475673
 30
0.0
  0
VERTEX
  5
38F7
  8
0
 10
-0.1951438237901104
 20
-0.4276928151769869
 30
0.0
  0
VERTEX
  5
38F8
  8
0
 10
-0.195159338088028
 20
-0.4276789641945046
 30
0.0
  0
VERTEX
  5
38F9
  8
0
 10
-0.195174827142917
 20
-0.4276650623380921
 30
0.0
  0
VERTEX
  5
38FA
  8
0
 10
-0.1951902911106791
 20
-0.427651109300263
 30
0.0
  0
VERTEX
  5
38FB
  8
0
 10
-0.1952057300668235
 20
-0.4276371048356993
 30
0.0
  0
VERTEX
  5
38FC
  8
0
 10
-0.1952211440431122
 20
-0.4276230487312982
 30
0.0
  0
VERTEX
  5
38FD
  8
0
 10
-0.1952365331275426
 20
-0.4276089407256796
 30
0.0
  0
VERTEX
  5
38FE
  8
0
 10
-0.1952518973878893
 20
-0.427594780575361
 30
0.0
  0
VERTEX
  5
38FF
  8
0
 10
-0.1952672368536502
 20
-0.4275805680701915
 30
0.0
  0
VERTEX
  5
3900
  8
0
 10
-0.1952825515178485
 20
-0.427566303032074
 30
0.0
  0
VERTEX
  5
3901
  8
0
 10
-0.1952978413388319
 20
-0.4275519853136886
 30
0.0
  0
VERTEX
  5
3902
  8
0
 10
-0.1953131062420731
 20
-0.4275376147972156
 30
0.0
  0
VERTEX
  5
3903
  8
0
 10
-0.1953283461219707
 20
-0.4275231913930582
 30
0.0
  0
VERTEX
  5
3904
  8
0
 10
-0.1953435608436489
 20
-0.427508715038566
 30
0.0
  0
VERTEX
  5
3905
  8
0
 10
-0.1953587502447581
 20
-0.4274941856967576
 30
0.0
  0
VERTEX
  5
3906
  8
0
 10
-0.1953739141372751
 20
-0.4274796033550445
 30
0.0
  0
VERTEX
  5
3907
  8
0
 10
-0.1953890523093035
 20
-0.4274649680239525
 30
0.0
  0
VERTEX
  5
3908
  8
0
 10
-0.195404164526874
 20
-0.4274502797358462
 30
0.0
  0
VERTEX
  5
3909
  8
0
 10
-0.1954192505357446
 20
-0.4274355385436516
 30
0.0
  0
VERTEX
  5
390A
  8
0
 10
-0.1954343100632012
 20
-0.427420744519579
 30
0.0
  0
VERTEX
  5
390B
  8
0
 10
-0.1954493428198577
 20
-0.427405897753846
 30
0.0
  0
VERTEX
  5
390C
  8
0
 10
-0.1954643485014563
 20
-0.427390998353401
 30
0.0
  0
VERTEX
  5
390D
  8
0
 10
-0.1954793267906679
 20
-0.4273760464406452
 30
0.0
  0
VERTEX
  5
390E
  8
0
 10
-0.1954942773588925
 20
-0.4273610421521569
 30
0.0
  0
VERTEX
  5
390F
  8
0
 10
-0.1955091998680592
 20
-0.4273459856374137
 30
0.0
  0
VERTEX
  5
3910
  8
0
 10
-0.195524093972427
 20
-0.4273308770575155
 30
0.0
  0
VERTEX
  5
3911
  8
0
 10
-0.1955389593203848
 20
-0.4273157165839084
 30
0.0
  0
VERTEX
  5
3912
  8
0
 10
-0.1955537955562515
 20
-0.4273005043971064
 30
0.0
  0
VERTEX
  5
3913
  8
0
 10
-0.195568602322077
 20
-0.4272852406854156
 30
0.0
  0
VERTEX
  5
3914
  8
0
 10
-0.1955833792067588
 20
-0.427269925696319
 30
0.0
  0
VERTEX
  5
3915
  8
0
 10
-0.1955981255559144
 20
-0.4272545599287851
 30
0.0
  0
VERTEX
  5
3916
  8
0
 10
-0.1956128406541993
 20
-0.4272391439545781
 30
0.0
  0
VERTEX
  5
3917
  8
0
 10
-0.1956275237991901
 20
-0.4272236783447419
 30
0.0
  0
VERTEX
  5
3918
  8
0
 10
-0.195642174301328
 20
-0.4272081636693967
 30
0.0
  0
VERTEX
  5
3919
  8
0
 10
-0.1956567914838536
 20
-0.4271926004975454
 30
0.0
  0
VERTEX
  5
391A
  8
0
 10
-0.1956713746827404
 20
-0.4271769893968807
 30
0.0
  0
VERTEX
  5
391B
  8
0
 10
-0.1956859232466293
 20
-0.4271613309335909
 30
0.0
  0
VERTEX
  5
391C
  8
0
 10
-0.1957004365367629
 20
-0.4271456256721677
 30
0.0
  0
VERTEX
  5
391D
  8
0
 10
-0.1957149139269191
 20
-0.4271298741752116
 30
0.0
  0
VERTEX
  5
391E
  8
0
 10
-0.1957293548033456
 20
-0.4271140770032392
 30
0.0
  0
VERTEX
  5
391F
  8
0
 10
-0.1957437585646938
 20
-0.4270982347144892
 30
0.0
  0
VERTEX
  5
3920
  8
0
 10
-0.195758124621953
 20
-0.4270823478647296
 30
0.0
  0
VERTEX
  5
3921
  8
0
 10
-0.1957724523983848
 20
-0.4270664170070646
 30
0.0
  0
VERTEX
  5
3922
  8
0
 10
-0.1957867413294568
 20
-0.42705044269174
 30
0.0
  0
VERTEX
  5
3923
  8
0
 10
-0.1958009908627769
 20
-0.4270344254659503
 30
0.0
  0
VERTEX
  5
3924
  8
0
 10
-0.1958152004580272
 20
-0.4270183658736463
 30
0.0
  0
VERTEX
  5
3925
  8
0
 10
-0.1958293695868988
 20
-0.4270022644553401
 30
0.0
  0
VERTEX
  5
3926
  8
0
 10
-0.1958434977330249
 20
-0.4269861217479127
 30
0.0
  0
VERTEX
  5
3927
  8
0
 10
-0.195857584391916
 20
-0.4269699382844205
 30
0.0
  0
VERTEX
  5
3928
  8
0
 10
-0.1958716290708931
 20
-0.4269537145939015
 30
0.0
  0
VERTEX
  5
3929
  8
0
 10
-0.1958856312890223
 20
-0.4269374512011821
 30
0.0
  0
VERTEX
  5
392A
  8
0
 10
-0.1958995905770491
 20
-0.4269211486266843
 30
0.0
  0
VERTEX
  5
392B
  8
0
 10
-0.1959135064773319
 20
-0.426904807386231
 30
0.0
  0
VERTEX
  5
392C
  8
0
 10
-0.1959273785437765
 20
-0.4268884279908533
 30
0.0
  0
VERTEX
  5
392D
  8
0
 10
-0.1959412063417705
 20
-0.4268720109465979
 30
0.0
  0
VERTEX
  5
392E
  8
0
 10
-0.1959549894481168
 20
-0.4268555567543323
 30
0.0
  0
VERTEX
  5
392F
  8
0
 10
-0.1959687274509682
 20
-0.4268390659095522
 30
0.0
  0
VERTEX
  5
3930
  8
0
 10
-0.1959824199497614
 20
-0.4268225389021877
 30
0.0
  0
VERTEX
  5
3931
  8
0
 10
-0.1959960665551508
 20
-0.4268059762164104
 30
0.0
  0
VERTEX
  5
3932
  8
0
 10
-0.1960096668889431
 20
-0.4267893783304394
 30
0.0
  0
VERTEX
  5
3933
  8
0
 10
-0.1960232205840313
 20
-0.4267727457163484
 30
0.0
  0
VERTEX
  5
3934
  8
0
 10
-0.1960367272843286
 20
-0.4267560788398719
 30
0.0
  0
VERTEX
  5
3935
  8
0
 10
-0.1960501866447028
 20
-0.4267393781602125
 30
0.0
  0
VERTEX
  5
3936
  8
0
 10
-0.19606359833091
 20
-0.4267226441298462
 30
0.0
  0
VERTEX
  5
3937
  8
0
 10
-0.1960769620195294
 20
-0.4267058771943305
 30
0.0
  0
VERTEX
  5
3938
  8
0
 10
-0.1960902773978966
 20
-0.4266890777921094
 30
0.0
  0
VERTEX
  5
3939
  8
0
 10
-0.1961035441640383
 20
-0.4266722463543217
 30
0.0
  0
VERTEX
  5
393A
  8
0
 10
-0.1961167620266066
 20
-0.4266553833046065
 30
0.0
  0
VERTEX
  5
393B
  8
0
 10
-0.1961299307048122
 20
-0.4266384890589101
 30
0.0
  0
VERTEX
  5
393C
  8
0
 10
-0.1961430499283596
 20
-0.4266215640252921
 30
0.0
  0
VERTEX
  5
393D
  8
0
 10
-0.1961561194373804
 20
-0.4266046086037328
 30
0.0
  0
VERTEX
  5
393E
  8
0
 10
-0.1961691389823679
 20
-0.4265876231859398
 30
0.0
  0
VERTEX
  5
393F
  8
0
 10
-0.196182108324111
 20
-0.4265706081551537
 30
0.0
  0
VERTEX
  5
3940
  8
0
 10
-0.1961950272336286
 20
-0.4265535638859552
 30
0.0
  0
VERTEX
  5
3941
  8
0
 10
-0.196207895492103
 20
-0.4265364907440725
 30
0.0
  0
VERTEX
  5
3942
  8
0
 10
-0.1962207128908151
 20
-0.4265193890861859
 30
0.0
  0
VERTEX
  5
3943
  8
0
 10
-0.1962334792310775
 20
-0.4265022592597364
 30
0.0
  0
VERTEX
  5
3944
  8
0
 10
-0.1962461943241696
 20
-0.4264851016027318
 30
0.0
  0
VERTEX
  5
3945
  8
0
 10
-0.1962588579912705
 20
-0.4264679164435521
 30
0.0
  0
VERTEX
  5
3946
  8
0
 10
-0.1962714700633944
 20
-0.4264507041007579
 30
0.0
  0
VERTEX
  5
3947
  8
0
 10
-0.1962840303813238
 20
-0.4264334648828956
 30
0.0
  0
VERTEX
  5
3948
  8
0
 10
-0.1962965387955441
 20
-0.4264161990883044
 30
0.0
  0
VERTEX
  5
3949
  8
0
 10
-0.1963089951661776
 20
-0.4263989070049233
 30
0.0
  0
VERTEX
  5
394A
  8
0
 10
-0.1963213993629172
 20
-0.4263815889100973
 30
0.0
  0
VERTEX
  5
394B
  8
0
 10
-0.1963337512649616
 20
-0.4263642450703841
 30
0.0
  0
VERTEX
  5
394C
  8
0
 10
-0.1963460507609482
 20
-0.4263468757413607
 30
0.0
  0
VERTEX
  5
394D
  8
0
 10
-0.196358297748888
 20
-0.4263294811674298
 30
0.0
  0
VERTEX
  5
394E
  8
0
 10
-0.1963704921360993
 20
-0.4263120615816267
 30
0.0
  0
VERTEX
  5
394F
  8
0
 10
-0.1963826338391422
 20
-0.4262946172054257
 30
0.0
  0
VERTEX
  5
3950
  8
0
 10
-0.1963947227837523
 20
-0.4262771482485469
 30
0.0
  0
VERTEX
  5
3951
  8
0
 10
-0.1964067589047752
 20
-0.4262596549087626
 30
0.0
  0
VERTEX
  5
3952
  8
0
 10
-0.1964187421461004
 20
-0.4262421373717039
 30
0.0
  0
VERTEX
  5
3953
  8
0
 10
-0.1964306724605956
 20
-0.4262245958106672
 30
0.0
  0
VERTEX
  5
3954
  8
0
 10
-0.1964425498100404
 20
-0.4262070303864214
 30
0.0
  0
VERTEX
  5
3955
  8
0
 10
-0.1964543741650611
 20
-0.4261894412470134
 30
0.0
  0
VERTEX
  5
3956
  8
0
 10
-0.1964661455050641
 20
-0.4261718285275759
 30
0.0
  0
VERTEX
  5
3957
  8
0
 10
-0.1964778638181705
 20
-0.4261541923501332
 30
0.0
  0
VERTEX
  5
3958
  8
0
 10
-0.1964895291011502
 20
-0.426136532823408
 30
0.0
  0
VERTEX
  5
3959
  8
0
 10
-0.1965011413593556
 20
-0.426118850042628
 30
0.0
  0
VERTEX
  5
395A
  8
0
 10
-0.1965127006066567
 20
-0.4261011440893329
 30
0.0
  0
VERTEX
  5
395B
  8
0
 10
-0.1965242068653734
 20
-0.4260834150311799
 30
0.0
  0
VERTEX
  5
395C
  8
0
 10
-0.1965356601662119
 20
-0.4260656629217512
 30
0.0
  0
VERTEX
  5
395D
  8
0
 10
-0.1965470605481971
 20
-0.4260478878003612
 30
0.0
  0
VERTEX
  5
395E
  8
0
 10
-0.1965584080586074
 20
-0.4260300896918614
 30
0.0
  0
VERTEX
  5
395F
  8
0
 10
-0.1965697027529086
 20
-0.426012268606448
 30
0.0
  0
VERTEX
  5
3960
  8
0
 10
-0.1965809446946885
 20
-0.4259944245394688
 30
0.0
  0
VERTEX
  5
3961
  8
0
 10
-0.1965921339555905
 20
-0.4259765574712292
 30
0.0
  0
VERTEX
  5
3962
  8
0
 10
-0.1966032706152477
 20
-0.4259586673667988
 30
0.0
  0
VERTEX
  5
3963
  8
0
 10
-0.1966143547612174
 20
-0.4259407541758183
 30
0.0
  0
VERTEX
  5
3964
  8
0
 10
-0.196625386488915
 20
-0.425922817832306
 30
0.0
  0
VERTEX
  5
3965
  8
0
 10
-0.1966363659015481
 20
-0.4259048582544643
 30
0.0
  0
VERTEX
  5
3966
  8
0
 10
-0.1966472931100508
 20
-0.4258868753444867
 30
0.0
  0
VERTEX
  5
3967
  8
0
 10
-0.1966581682330176
 20
-0.4258688689883634
 30
0.0
  0
VERTEX
  5
3968
  8
0
 10
-0.1966689913966375
 20
-0.4258508390556892
 30
0.0
  0
VERTEX
  5
3969
  8
0
 10
-0.1966797627346284
 20
-0.4258327853994689
 30
0.0
  0
VERTEX
  5
396A
  8
0
 10
-0.1966904823881712
 20
-0.425814707855925
 30
0.0
  0
VERTEX
  5
396B
  8
0
 10
-0.1967011505058434
 20
-0.4257966062443034
 30
0.0
  0
VERTEX
  5
396C
  8
0
 10
-0.1967117672435537
 20
-0.4257784803666801
 30
0.0
  0
VERTEX
  5
396D
  8
0
 10
-0.1967223327644763
 20
-0.4257603300077687
 30
0.0
  0
VERTEX
  5
396E
  8
0
 10
-0.1967328472389844
 20
-0.4257421549347257
 30
0.0
  0
VERTEX
  5
396F
  8
0
 10
-0.1967433108445849
 20
-0.4257239548969581
 30
0.0
  0
VERTEX
  5
3970
  8
0
 10
-0.1967537237658519
 20
-0.4257057296259295
 30
0.0
  0
VERTEX
  5
3971
  8
0
 10
-0.1967640861943618
 20
-0.4256874788349667
 30
0.0
  0
VERTEX
  5
3972
  8
0
 10
-0.1967743983286262
 20
-0.4256692022190665
 30
0.0
  0
VERTEX
  5
3973
  8
0
 10
-0.1967846603740271
 20
-0.4256508994547024
 30
0.0
  0
VERTEX
  5
3974
  8
0
 10
-0.1967948725427504
 20
-0.4256325701996304
 30
0.0
  0
VERTEX
  5
3975
  8
0
 10
-0.196805020147608
 20
-0.4256142421762141
 30
0.0
  0
VERTEX
  5
3976
  8
0
 10
-0.1968150404161057
 20
-0.425596033881336
 30
0.0
  0
VERTEX
  5
3977
  8
0
 10
-0.1968248912717762
 20
-0.4255780252886184
 30
0.0
  0
VERTEX
  5
3978
  8
0
 10
-0.1968345641202242
 20
-0.4255602337038986
 30
0.0
  0
VERTEX
  5
3979
  8
0
 10
-0.1968440759102457
 20
-0.4255426286109397
 30
0.0
  0
VERTEX
  5
397A
  8
0
 10
-0.1968534611948758
 20
-0.4255251465172809
 30
0.0
  0
VERTEX
  5
397B
  8
0
 10
-0.1968627641924345
 20
-0.4255077058000868
 30
0.0
  0
VERTEX
  5
397C
  8
0
 10
-0.1968720308475731
 20
-0.4254902215519971
 30
0.0
  0
VERTEX
  5
397D
  8
0
 10
-0.1968813008923214
 20
-0.4254726204269768
 30
0.0
  0
VERTEX
  5
397E
  8
0
 10
-0.196890599907134
 20
-0.4254548554861649
 30
0.0
  0
VERTEX
  5
397F
  8
0
 10
-0.1968999313819366
 20
-0.4254369210437248
 30
0.0
  0
VERTEX
  5
3980
  8
0
 10
-0.196909268777173
 20
-0.4254188675126939
 30
0.0
  0
VERTEX
  5
3981
  8
0
 10
-0.1969185514550093
 20
-0.4254008090565143
 30
0.0
  0
VERTEX
  5
3982
  8
0
 10
-0.1969277418712471
 20
-0.42538281725852
 30
0.0
  0
VERTEX
  5
3983
  8
0
 10
-0.196936839765724
 20
-0.4253648944243558
 30
0.0
  0
VERTEX
  5
3984
  8
0
 10
-0.1969458466510077
 20
-0.4253470394550553
 30
0.0
  0
VERTEX
  5
3985
  8
0
 10
-0.196954764620992
 20
-0.4253292500407678
 30
0.0
  0
VERTEX
  5
3986
  8
0
 10
-0.1969635963013312
 20
-0.4253115227335296
 30
0.0
  0
VERTEX
  5
3987
  8
0
 10
-0.1969723447998751
 20
-0.4252938530200347
 30
0.0
  0
VERTEX
  5
3988
  8
0
 10
-0.1969810136571036
 20
-0.4252762353944067
 30
0.0
  0
VERTEX
  5
3989
  8
0
 10
-0.1969896067965619
 20
-0.42525866343097
 30
0.0
  0
VERTEX
  5
398A
  8
0
 10
-0.1969981284752946
 20
-0.4252411298570204
 30
0.0
  0
VERTEX
  5
398B
  8
0
 10
-0.1970065832342814
 20
-0.4252236266255972
 30
0.0
  0
VERTEX
  5
398C
  8
0
 10
-0.1970149758488711
 20
-0.4252061449882528
 30
0.0
  0
VERTEX
  5
398D
  8
0
 10
-0.1970233112866822
 20
-0.4251886755631971
 30
0.0
  0
VERTEX
  5
398E
  8
0
 10
-0.1970315947604279
 20
-0.4251712083730582
 30
0.0
  0
VERTEX
  5
398F
  8
0
 10
-0.1970398315396927
 20
-0.4251537331259699
 30
0.0
  0
VERTEX
  5
3990
  8
0
 10
-0.1970480267439922
 20
-0.4251362394597468
 30
0.0
  0
VERTEX
  5
3991
  8
0
 10
-0.1970561853079873
 20
-0.4251187170405007
 30
0.0
  0
VERTEX
  5
3992
  8
0
 10
-0.1970643119521419
 20
-0.4251011556571858
 30
0.0
  0
VERTEX
  5
3993
  8
0
 10
-0.1970724111533797
 20
-0.4250835453161417
 30
0.0
  0
VERTEX
  5
3994
  8
0
 10
-0.1970804871157427
 20
-0.4250658763356392
 30
0.0
  0
VERTEX
  5
3995
  8
0
 10
-0.1970885437410486
 20
-0.4250481394404241
 30
0.0
  0
VERTEX
  5
3996
  8
0
 10
-0.197096584599548
 20
-0.4250303258562616
 30
0.0
  0
VERTEX
  5
3997
  8
0
 10
-0.1971046129005823
 20
-0.4250124274044803
 30
0.0
  0
VERTEX
  5
3998
  8
0
 10
-0.1971126314632417
 20
-0.424994436596518
 30
0.0
  0
VERTEX
  5
3999
  8
0
 10
-0.1971206426870223
 20
-0.4249763467284645
 30
0.0
  0
VERTEX
  5
399A
  8
0
 10
-0.1971286485224842
 20
-0.4249581519756072
 30
0.0
  0
VERTEX
  5
399B
  8
0
 10
-0.1971366504419085
 20
-0.424939847486975
 30
0.0
  0
VERTEX
  5
399C
  8
0
 10
-0.1971446494099552
 20
-0.4249214294798822
 30
0.0
  0
VERTEX
  5
399D
  8
0
 10
-0.1971526458543215
 20
-0.4249028953344741
 30
0.0
  0
VERTEX
  5
399E
  8
0
 10
-0.1971606396363983
 20
-0.4248842436882709
 30
0.0
  0
VERTEX
  5
399F
  8
0
 10
-0.1971686300219286
 20
-0.4248654745307113
 30
0.0
  0
VERTEX
  5
39A0
  8
0
 10
-0.197176615651665
 20
-0.4248465892976983
 30
0.0
  0
VERTEX
  5
39A1
  8
0
 10
-0.1971845945120271
 20
-0.4248275909661429
 30
0.0
  0
VERTEX
  5
39A2
  8
0
 10
-0.1971925639057591
 20
-0.424808484148508
 30
0.0
  0
VERTEX
  5
39A3
  8
0
 10
-0.197200520422588
 20
-0.4247892751873543
 30
0.0
  0
VERTEX
  5
39A4
  8
0
 10
-0.1972084599098805
 20
-0.4247699722498829
 30
0.0
  0
VERTEX
  5
39A5
  8
0
 10
-0.1972163773851906
 20
-0.4247505855861704
 30
0.0
  0
VERTEX
  5
39A6
  8
0
 10
-0.1972242658487969
 20
-0.4247311310387558
 30
0.0
  0
VERTEX
  5
39A7
  8
0
 10
-0.1972321184567825
 20
-0.4247116246054837
 30
0.0
  0
VERTEX
  5
39A8
  8
0
 10
-0.1972399312519158
 20
-0.4246920749422272
 30
0.0
  0
VERTEX
  5
39A9
  8
0
 10
-0.1972477027919178
 20
-0.4246724842424753
 30
0.0
  0
VERTEX
  5
39AA
  8
0
 10
-0.1972554336300178
 20
-0.4246528495237173
 30
0.0
  0
VERTEX
  5
39AB
  8
0
 10
-0.1972631257955092
 20
-0.4246331639138241
 30
0.0
  0
VERTEX
  5
39AC
  8
0
 10
-0.1972707822743057
 20
-0.4246134179374325
 30
0.0
  0
VERTEX
  5
39AD
  8
0
 10
-0.1972784064894967
 20
-0.4245936008023285
 30
0.0
  0
VERTEX
  5
39AE
  8
0
 10
-0.1972860017819032
 20
-0.4245737016858285
 30
0.0
  0
VERTEX
  5
39AF
  8
0
 10
-0.1972935708906335
 20
-0.4245537110211643
 30
0.0
  0
VERTEX
  5
39B0
  8
0
 10
-0.1973011154336394
 20
-0.4245336217838647
 30
0.0
  0
VERTEX
  5
39B1
  8
0
 10
-0.1973086354063035
 20
-0.4245134307369655
 30
0.0
  0
VERTEX
  5
39B2
  8
0
 10
-0.1973161296772384
 20
-0.4244931373958931
 30
0.0
  0
VERTEX
  5
39B3
  8
0
 10
-0.1973235971135586
 20
-0.424472741521108
 30
0.0
  0
VERTEX
  5
39B4
  8
0
 10
-0.1973310361421419
 20
-0.4244522441359601
 30
0.0
  0
VERTEX
  5
39B5
  8
0
 10
-0.1973384447438721
 20
-0.4244316475471693
 30
0.0
  0
VERTEX
  5
39B6
  8
0
 10
-0.1973458205098746
 20
-0.4244109552236796
 30
0.0
  0
VERTEX
  5
39B7
  8
0
 10
-0.1973531606977521
 20
-0.4243901716755126
 30
0.0
  0
VERTEX
  5
39B8
  8
0
 10
-0.19736046228782
 20
-0.4243693023326217
 30
0.0
  0
VERTEX
  5
39B9
  8
0
 10
-0.1973677220393426
 20
-0.4243483534237463
 30
0.0
  0
VERTEX
  5
39BA
  8
0
 10
-0.197374936546768
 20
-0.4243273318552648
 30
0.0
  0
VERTEX
  5
39BB
  8
0
 10
-0.1973821022959646
 20
-0.4243062450900495
 30
0.0
  0
VERTEX
  5
39BC
  8
0
 10
-0.1973892157204557
 20
-0.42428510102632
 30
0.0
  0
VERTEX
  5
39BD
  8
0
 10
-0.1973962732569076
 20
-0.4242639078750113
 30
0.0
  0
VERTEX
  5
39BE
  8
0
 10
-0.1974032713441202
 20
-0.424242673968645
 30
0.0
  0
VERTEX
  5
39BF
  8
0
 10
-0.1974102064084853
 20
-0.4242214077720699
 30
0.0
  0
VERTEX
  5
39C0
  8
0
 10
-0.1974170749561704
 20
-0.4242001180357179
 30
0.0
  0
VERTEX
  5
39C1
  8
0
 10
-0.1974238736051218
 20
-0.4241788136937156
 30
0.0
  0
VERTEX
  5
39C2
  8
0
 10
-0.1974305991095301
 20
-0.4241575037410493
 30
0.0
  0
VERTEX
  5
39C3
  8
0
 10
-0.1974372483842984
 20
-0.4241361971107333
 30
0.0
  0
VERTEX
  5
39C4
  8
0
 10
-0.197443818529508
 20
-0.4241149025509754
 30
0.0
  0
VERTEX
  5
39C5
  8
0
 10
-0.1974503068548859
 20
-0.4240936285023446
 30
0.0
  0
VERTEX
  5
39C6
  8
0
 10
-0.1974567109042712
 20
-0.4240723829749373
 30
0.0
  0
VERTEX
  5
39C7
  8
0
 10
-0.1974630284800824
 20
-0.4240511734255439
 30
0.0
  0
VERTEX
  5
39C8
  8
0
 10
-0.1974692576677838
 20
-0.4240300066348159
 30
0.0
  0
VERTEX
  5
39C9
  8
0
 10
-0.1974753968603521
 20
-0.4240088885844325
 30
0.0
  0
VERTEX
  5
39CA
  8
0
 10
-0.197481444782744
 20
-0.4239878243342669
 30
0.0
  0
VERTEX
  5
39CB
  8
0
 10
-0.1974874005163625
 20
-0.4239668178995541
 30
0.0
  0
VERTEX
  5
39CC
  8
0
 10
-0.1974932635235234
 20
-0.4239458721280563
 30
0.0
  0
VERTEX
  5
39CD
  8
0
 10
-0.1974990336719228
 20
-0.4239249885772303
 30
0.0
  0
VERTEX
  5
39CE
  8
0
 10
-0.1975047112591034
 20
-0.4239041673913944
 30
0.0
  0
VERTEX
  5
39CF
  8
0
 10
-0.1975102970369217
 20
-0.4238834071788944
 30
0.0
  0
VERTEX
  5
39D0
  8
0
 10
-0.1975157922360144
 20
-0.4238627048892714
 30
0.0
  0
VERTEX
  5
39D1
  8
0
 10
-0.1975211985902656
 20
-0.4238420556904274
 30
0.0
  0
VERTEX
  5
39D2
  8
0
 10
-0.1975265183612734
 20
-0.4238214528457929
 30
0.0
  0
VERTEX
  5
39D3
  8
0
 10
-0.1975317543628167
 20
-0.423800887591493
 30
0.0
  0
VERTEX
  5
39D4
  8
0
 10
-0.1975369099853221
 20
-0.4237803490135142
 30
0.0
  0
VERTEX
  5
39D5
  8
0
 10
-0.1975419892284856
 20
-0.4237598238880255
 30
0.0
  0
VERTEX
  5
39D6
  8
0
 10
-0.1975469985483098
 20
-0.4237392883062952
 30
0.0
  0
VERTEX
  5
39D7
  8
0
 10
-0.197551946936541
 20
-0.423718707174548
 30
0.0
  0
VERTEX
  5
39D8
  8
0
 10
-0.1975568397503863
 20
-0.4236980619987792
 30
0.0
  0
VERTEX
  5
39D9
  8
0
 10
-0.1975616787249739
 20
-0.4236773508332173
 30
0.0
  0
VERTEX
  5
39DA
  8
0
 10
-0.197566462893247
 20
-0.4236565841348545
 30
0.0
  0
VERTEX
  5
39DB
  8
0
 10
-0.1975711895058606
 20
-0.4236357806179755
 30
0.0
  0
VERTEX
  5
39DC
  8
0
 10
-0.1975758549510757
 20
-0.4236149631086883
 30
0.0
  0
VERTEX
  5
39DD
  8
0
 10
-0.1975804556746554
 20
-0.4235941543994524
 30
0.0
  0
VERTEX
  5
39DE
  8
0
 10
-0.1975849890997597
 20
-0.4235733731036095
 30
0.0
  0
VERTEX
  5
39DF
  8
0
 10
-0.1975894545468414
 20
-0.4235526295099133
 30
0.0
  0
VERTEX
  5
39E0
  8
0
 10
-0.197593854153541
 20
-0.4235319214370584
 30
0.0
  0
VERTEX
  5
39E1
  8
0
 10
-0.1975981937837839
 20
-0.423511230135767
 30
0.0
  0
VERTEX
  5
39E2
  8
0
 10
-0.1976024806172038
 20
-0.42349053083518
 30
0.0
  0
VERTEX
  5
39E3
  8
0
 10
-0.1976067169634431
 20
-0.4234698200900777
 30
0.0
  0
VERTEX
  5
39E4
  8
0
 10
-0.1976109042555018
 20
-0.423449098305073
 30
0.0
  0
VERTEX
  5
39E5
  8
0
 10
-0.1976150439272736
 20
-0.4234283658770195
 30
0.0
  0
VERTEX
  5
39E6
  8
0
 10
-0.1976191374135748
 20
-0.4234076231949291
 30
0.0
  0
VERTEX
  5
39E7
  8
0
 10
-0.1976231861501734
 20
-0.4233868706398902
 30
0.0
  0
VERTEX
  5
39E8
  8
0
 10
-0.1976271915738187
 20
-0.4233661085849861
 30
0.0
  0
VERTEX
  5
39E9
  8
0
 10
-0.1976311551222704
 20
-0.423345337395213
 30
0.0
  0
VERTEX
  5
39EA
  8
0
 10
-0.1976350782343275
 20
-0.4233245574273982
 30
0.0
  0
VERTEX
  5
39EB
  8
0
 10
-0.197638962349858
 20
-0.423303769030118
 30
0.0
  0
VERTEX
  5
39EC
  8
0
 10
-0.197642808909828
 20
-0.4232829725436164
 30
0.0
  0
VERTEX
  5
39ED
  8
0
 10
-0.1976466193563308
 20
-0.4232621682997225
 30
0.0
  0
VERTEX
  5
39EE
  8
0
 10
-0.1976503951326161
 20
-0.4232413566217695
 30
0.0
  0
VERTEX
  5
39EF
  8
0
 10
-0.1976541376831195
 20
-0.4232205378245117
 30
0.0
  0
VERTEX
  5
39F0
  8
0
 10
-0.1976578484534914
 20
-0.4231997122140441
 30
0.0
  0
VERTEX
  5
39F1
  8
0
 10
-0.1976615288906267
 20
-0.4231788800877193
 30
0.0
  0
VERTEX
  5
39F2
  8
0
 10
-0.1976651804426936
 20
-0.4231580417340662
 30
0.0
  0
VERTEX
  5
39F3
  8
0
 10
-0.1976688045591629
 20
-0.4231371974327079
 30
0.0
  0
VERTEX
  5
39F4
  8
0
 10
-0.1976724026908375
 20
-0.4231163474542807
 30
0.0
  0
VERTEX
  5
39F5
  8
0
 10
-0.1976759762898812
 20
-0.4230954920603507
 30
0.0
  0
VERTEX
  5
39F6
  8
0
 10
-0.1976795268098483
 20
-0.423074631503333
 30
0.0
  0
VERTEX
  5
39F7
  8
0
 10
-0.197683055705713
 20
-0.4230537660264103
 30
0.0
  0
VERTEX
  5
39F8
  8
0
 10
-0.197686564433898
 20
-0.4230328958634494
 30
0.0
  0
VERTEX
  5
39F9
  8
0
 10
-0.1976900544523041
 20
-0.4230120212389212
 30
0.0
  0
VERTEX
  5
39FA
  8
0
 10
-0.1976935272203395
 20
-0.4229911423678174
 30
0.0
  0
VERTEX
  5
39FB
  8
0
 10
-0.1976969841989492
 20
-0.4229702594555695
 30
0.0
  0
VERTEX
  5
39FC
  8
0
 10
-0.1977004268506436
 20
-0.4229493726979666
 30
0.0
  0
VERTEX
  5
39FD
  8
0
 10
-0.1977038566395283
 20
-0.4229284822810735
 30
0.0
  0
VERTEX
  5
39FE
  8
0
 10
-0.1977072750313331
 20
-0.4229075883811493
 30
0.0
  0
VERTEX
  5
39FF
  8
0
 10
-0.1977106834934415
 20
-0.4228866911645648
 30
0.0
  0
VERTEX
  5
3A00
  8
0
 10
-0.1977140834949195
 20
-0.4228657907877213
 30
0.0
  0
VERTEX
  5
3A01
  8
0
 10
-0.1977174765065451
 20
-0.4228448873969683
 30
0.0
  0
VERTEX
  5
3A02
  8
0
 10
-0.1977208640008375
 20
-0.4228239811285223
 30
0.0
  0
VERTEX
  5
3A03
  8
0
 10
-0.1977242474520866
 20
-0.4228030721083839
 30
0.0
  0
VERTEX
  5
3A04
  8
0
 10
-0.1977276283363815
 20
-0.4227821604522569
 30
0.0
  0
VERTEX
  5
3A05
  8
0
 10
-0.1977310081316404
 20
-0.4227612462654662
 30
0.0
  0
SEQEND
  5
3AC4
  8
0
  0
LINE
  5
17B7
  8
0
 10
0.2010249044435142
 20
-0.3840673590395909
 30
0.0
 11
0.1977355043841698
 21
-0.4227084281217088
 31
0.0
  0
LINE
  5
17B8
  8
0
 10
-0.2010249044435284
 20
-0.3840673590395909
 30
0.0
 11
-0.197735504384184
 21
-0.4227084281217088
 31
0.0
  0
CIRCLE
  5
17B9
  8
ARQ-LINHA-FINA
 10
0.0
 20
-0.1351454667715757
 30
0.0
 40
0.0260003364870158
  0
CIRCLE
  5
17BA
  8
0
 10
0.0
 20
-0.1351454667715757
 30
0.0
 40
0.0367509245325408
  0
LINE
  5
17BB
  8
ARQ-LINHA-FINA
 10
0.0
 20
-0.1866832316786002
 30
0.0
 11
0.0
 21
-0.0836077018645511
 31
0.0
  0
LINE
  5
17BC
  8
ARQ-LINHA-FINA
 10
-0.0515377649070246
 20
-0.1351454667715757
 30
0.0
 11
0.0515377649070246
 21
-0.1351454667715757
 31
0.0
  0
POLYLINE
  5
17BD
  8
0
 66
     1
 10
0.0
 20
0.0
 30
0.0
 70
     1
  0
VERTEX
  5
3A06
  8
0
 10
-0.2354155963045201
 20
-0.4535832004332434
 30
0.0
 42
0.1860501518574484
  0
VERTEX
  5
3A07
  8
0
 10
0.2353877490609904
 20
-0.453981516869689
 30
0.0
 42
0.3071573381244809
  0
VERTEX
  5
3A08
  8
0
 10
0.2448438154239341
 20
-0.4403862785413111
 30
0.0
  0
VERTEX
  5
3A09
  8
0
 10
0.25
 20
0.0
 30
0.0
  0
VERTEX
  5
3A0A
  8
0
 10
-0.25
 20
0.0
 30
0.0
  0
VERTEX
  5
3A0B
  8
0
 10
-0.2448483739419771
 20
-0.4399969385630129
 30
0.0
 42
0.3066944706143181
  0
SEQEND
  5
3AC5
  8
0
  0
POLYLINE
  5
17BE
  8
0
 66
     1
 10
0.0
 20
0.0
 30
0.0
  0
VERTEX
  5
3A0C
  8
0
 10
-0.20102888541048
 20
-0.384014482403245
 30
0.0
 42
-0.0454063819149037
  0
VERTEX
  5
3A0D
  8
0
 10
-0.1892707690569182
 20
-0.0787065683776405
 30
0.0
 42
-0.376846058960592
  0
VERTEX
  5
3A0E
  8
0
 10
-0.1526476426498533
 20
-0.0465352648877513
 30
0.0
  0
VERTEX
  5
3A0F
  8
0
 10
0.1526720856615782
 20
-0.0465352648877513
 30
0.0
 42
-0.38055090661675
  0
VERTEX
  5
3A10
  8
0
 10
0.1893538251286486
 20
-0.0791816148148143
 30
0.0
 42
-0.0390207378868206
  0
VERTEX
  5
3A11
  8
0
 10
0.2010288854104658
 20
-0.3840144824032592
 30
0.0
  0
SEQEND
  5
3AC6
  8
0
  0
POLYLINE
  5
17BF
  8
ARQ-LINHA-FINA
 66
     1
 10
0.0
 20
0.0
 30
0.0
  0
VERTEX
  5
3A12
  8
ARQ-LINHA-FINA
 10
-0.1762107097284513
 20
-0.2668779023118475
 30
0.0
  0
VERTEX
  5
3A13
  8
ARQ-LINHA-FINA
 10
-0.1838221117918835
 20
-0.4168899045849912
 30
0.0
 42
0.3559332810509354
  0
VERTEX
  5
3A14
  8
ARQ-LINHA-FINA
 10
-0.1779599307666899
 20
-0.4248761221217023
 30
0.0
 42
0.0633320891477681
  0
VERTEX
  5
3A15
  8
ARQ-LINHA-FINA
 10
0.0
 20
-0.4476342582537143
 30
0.0
 42
0.0633320891477681
  0
VERTEX
  5
3A16
  8
ARQ-LINHA-FINA
 10
0.1779599307655815
 20
-0.4248761221220008
 30
0.0
 42
0.3559332810509393
  0
VERTEX
  5
3A17
  8
ARQ-LINHA-FINA
 10
0.1838221117918692
 20
-0.4168899045849912
 30
0.0
  0
VERTEX
  5
3A18
  8
ARQ-LINHA-FINA
 10
0.1762107097284371
 20
-0.2668779023118475
 30
0.0
  0
SEQEND
  5
3AC7
  8
ARQ-LINHA-FINA
  0
POLYLINE
  5
17C0
  8
ARQ-LINHA-FINA
 66
     1
 10
0.0
 20
0.0
 30
0.0
  0
VERTEX
  5
3A19
  8
ARQ-LINHA-FINA
 10
-0.1824478700677901
 20
-0.3898051768408521
 30
0.0
 42
0.3565018916838343
  0
VERTEX
  5
3A1A
  8
ARQ-LINHA-FINA
 10
-0.1765703680180764
 20
-0.397795350231533
 30
0.0
 42
0.0628254979003082
  0
VERTEX
  5
3A1B
  8
ARQ-LINHA-FINA
 10
0.0
 20
-0.4201947044086438
 30
0.0
 42
0.0628254979003147
  0
VERTEX
  5
3A1C
  8
ARQ-LINHA-FINA
 10
0.1765703680189716
 20
-0.3977953502311919
 30
0.0
 42
0.356501891683831
  0
VERTEX
  5
3A1D
  8
ARQ-LINHA-FINA
 10
0.1824478700677759
 20
-0.3898051768408521
 30
0.0
  0
SEQEND
  5
3AC8
  8
ARQ-LINHA-FINA
  0
POLYLINE
  5
17C1
  8
ARQ-LINHA-FINA
 66
     1
 10
0.0
 20
0.0
 30
0.0
  0
VERTEX
  5
3A1E
  8
ARQ-LINHA-FINA
 10
-0.1810734802615599
 20
-0.3627175305680339
 30
0.0
 42
0.3570704730865119
  0
VERTEX
  5
3A1F
  8
ARQ-LINHA-FINA
 10
-0.1751806555393358
 20
-0.3707116272738489
 30
0.0
 42
0.0623191469694078
  0
VERTEX
  5
3A20
  8
ARQ-LINHA-FINA
 10
-0.0000000000000142
 20
-0.3927551505635876
 30
0.0
 42
0.0623191469694107
  0
VERTEX
  5
3A21
  8
ARQ-LINHA-FINA
 10
0.1751806555392363
 20
-0.3707116272738347
 30
0.0
 42
0.3570704730865125
  0
VERTEX
  5
3A22
  8
ARQ-LINHA-FINA
 10
0.1810734802615457
 20
-0.3627175305680339
 30
0.0
  0
SEQEND
  5
3AC9
  8
ARQ-LINHA-FINA
  0
POLYLINE
  5
17C2
  8
ARQ-LINHA-FINA
 66
     1
 10
0.0
 20
0.0
 30
0.0
  0
VERTEX
  5
3A23
  8
ARQ-LINHA-FINA
 10
-0.1796989425547366
 20
-0.3356269693440481
 30
0.0
 42
0.3576390280088472
  0
VERTEX
  5
3A24
  8
ARQ-LINHA-FINA
 10
-0.1737907935101788
 20
-0.3436249568674015
 30
0.0
 42
0.0618130337387561
  0
VERTEX
  5
3A25
  8
ARQ-LINHA-FINA
 10
-0.0000000000000142
 20
-0.3653155967185171
 30
0.0
 42
0.0618130337387628
  0
VERTEX
  5
3A26
  8
ARQ-LINHA-FINA
 10
0.1737907935097951
 20
-0.3436249568674441
 30
0.0
 42
0.3576390280088436
  0
VERTEX
  5
3A27
  8
ARQ-LINHA-FINA
 10
0.1796989425547366
 20
-0.3356269693440481
 30
0.0
  0
SEQEND
  5
3ACA
  8
ARQ-LINHA-FINA
  0
POLYLINE
  5
17C3
  8
ARQ-LINHA-FINA
 66
     1
 10
0.0
 20
0.0
 30
0.0
  0
VERTEX
  5
3A28
  8
ARQ-LINHA-FINA
 10
-0.1783242571267039
 20
-0.3085334967042144
 30
0.0
 42
0.3582075591924629
  0
VERTEX
  5
3A29
  8
ARQ-LINHA-FINA
 10
-0.1724007821129305
 20
-0.316535342586576
 30
0.0
 42
0.061307155603684
  0
VERTEX
  5
3A2A
  8
ARQ-LINHA-FINA
 10
-0.0000000000000142
 20
-0.3378760428734608
 30
0.0
 42
0.0613071556036837
  0
VERTEX
  5
3A2B
  8
ARQ-LINHA-FINA
 10
0.1724007821134137
 20
-0.3165353425863628
 30
0.0
 42
0.3582075591924671
  0
VERTEX
  5
3A2C
  8
ARQ-LINHA-FINA
 10
0.1783242571266896
 20
-0.3085334967042144
 30
0.0
  0
SEQEND
  5
3ACB
  8
ARQ-LINHA-FINA
  0
POLYLINE
  5
17C4
  8
ARQ-LINHA-FINA
 66
     1
 10
0.0
 20
0.0
 30
0.0
  0
VERTEX
  5
3A2D
  8
ARQ-LINHA-FINA
 10
-0.1769494241546283
 20
-0.2814371161410207
 30
0.0
 42
0.3587760693757913
  0
VERTEX
  5
3A2E
  8
ARQ-LINHA-FINA
 10
-0.1710106215266904
 20
-0.2894427879627983
 30
0.0
 42
0.0608015099666365
  0
VERTEX
  5
3A2F
  8
ARQ-LINHA-FINA
 10
-0.0000000000000142
 20
-0.3104364890285041
 30
0.0
 42
0.0608015099666399
  0
VERTEX
  5
3A30
  8
ARQ-LINHA-FINA
 10
0.1710106215258662
 20
-0.2894427879630399
 30
0.0
 42
0.3587760693757914
  0
VERTEX
  5
3A31
  8
ARQ-LINHA-FINA
 10
0.1769494241546141
 20
-0.2814371161410207
 30
0.0
  0
SEQEND
  5
3ACC
  8
ARQ-LINHA-FINA
  0
POLYLINE
  5
17C5
  8
0
 66
     1
 10
0.0
 20
0.0
 30
0.0
  0
VERTEX
  5
3A32
  8
0
 10
-0.2019151507048491
 20
-0.2555469333444904
 30
0.0
 42
0.1072880041304896
  0
VERTEX
  5
3A33
  8
0
 10
0.0
 20
-0.2992191105810065
 30
0.0
 42
0.1072880041304842
  0
VERTEX
  5
3A34
  8
0
 10
0.2019151507048349
 20
-0.2555469333444904
 30
0.0
  0
SEQEND
  5
3ACD
  8
0
  0
ENDBLK
  8
0
  0
BLOCK
  8
0
  2
ADC_CHUVEIRO
 70
     0
 10
0.0
 20
0.0
 30
0.0
  0
LINE
  5
17CD
  8
0
 10
0.3949820305226837
 20
0.0150000000000077
 30
0.0
 11
0.0300000000000011
 21
0.0150000000000077
 31
0.0
  0
LINE
  5
17CE
  8
0
 10
0.0000000000000142
 20
0.0450000000000088
 30
0.0
 11
-0.0000000000000142
 21
-0.0450000000000017
 31
0.0
  0
LINE
  5
17CF
  8
0
 10
0.0300000000000011
 20
-0.0149999999999935
 30
0.0
 11
0.3952534250157242
 21
-0.0149999999999935
 31
0.0
  0
ARC
  5
17D0
  8
0
 10
0.4939821889179825
 20
0.0008943756771274
 30
0.0
 40
0.1
 50
189.1455934147513
 51
171.891028909501
  0
CIRCLE
  5
17D1
  8
0
 10
0.4939821889179825
 20
0.0008943756771274
 30
0.0
 40
0.07
  0
LINE
  5
17D2
  8
0
 10
-0.0000000000000142
 20
-0.0450000000000017
 30
0.0
 11
0.0300000000000011
 21
-0.0149999999999935
 31
0.0
  0
LINE
  5
17D3
  8
0
 10
0.0300000000000011
 20
-0.0149999999999935
 30
0.0
 11
0.0300000000000011
 21
0.0150000000000077
 31
0.0
  0
LINE
  5
17D4
  8
0
 10
0.0300000000000011
 20
0.0150000000000077
 30
0.0
 11
0.0000000000000142
 21
0.0450000000000088
 31
0.0
  0
ENDBLK
  8
0
  0
BLOCK
  8
0
  2
ADC_MOB_FOG_CKT4B
 70
     0
 10
0.0
 20
0.0
 30
0.0
  0
CIRCLE
  5
192E
  8
ARQ-LINHA-FINA
 10
0.2199999999999989
 20
-0.3758340152232336
 30
0.0
 40
0.0273149562481229
  0
ARC
  5
192F
  8
ARQ-LINHA-FINA
 10
0.2199999999999989
 20
-0.3758340152232336
 30
0.0
 40
0.0204862171860922
 50
233.3208500255903
 51
36.67914997440972
  0
ARC
  5
1930
  8
ARQ-LINHA-FINA
 10
0.2199999999999989
 20
-0.3758340152232336
 30
0.0
 40
0.0204862171860922
 50
53.32085002562987
 51
216.6791499743701
  0
POLYLINE
  5
1931
  8
0
 66
     1
 10
0.0
 20
0.0
 30
0.0
 70
     1
  0
VERTEX
  5
3A35
  8
0
 10
-0.2750000000000057
 20
-0.4500000000000028
 30
0.0
  0
VERTEX
  5
3A36
  8
0
 10
0.2749999999999915
 20
-0.4500000000000028
 30
0.0
  0
VERTEX
  5
3A37
  8
0
 10
0.2749999999999915
 20
0.0
 30
0.0
  0
VERTEX
  5
3A38
  8
0
 10
-0.2750000000000057
 20
0.0
 30
0.0
  0
SEQEND
  5
3ACE
  8
0
  0
POLYLINE
  5
1932
  8
0
 66
     1
 10
0.0
 20
0.0
 30
0.0
 70
     1
  0
VERTEX
  5
3A39
  8
0
 10
0.1950000000000074
 20
-0.4349999999999739
 30
0.0
  0
VERTEX
  5
3A3A
  8
0
 10
0.2449999999999903
 20
-0.4350000000000023
 30
0.0
 42
0.414213562373223
  0
VERTEX
  5
3A3B
  8
0
 10
0.2599999999999909
 20
-0.4200000000000017
 30
0.0
  0
VERTEX
  5
3A3C
  8
0
 10
0.2599999999999909
 20
-0.0300000000000011
 30
0.0
 42
0.414213562372967
  0
VERTEX
  5
3A3D
  8
0
 10
0.2449999999999903
 20
-0.0150000000000006
 30
0.0
  0
VERTEX
  5
3A3E
  8
0
 10
0.1950000000000074
 20
-0.0149999999999721
 30
0.0
 42
0.4142135623731991
  0
VERTEX
  5
3A3F
  8
0
 10
0.1800000000000068
 20
-0.0299999999999727
 30
0.0
  0
VERTEX
  5
3A40
  8
0
 10
0.1800000000000068
 20
-0.4199999999999733
 30
0.0
 42
0.414213562372991
  0
SEQEND
  5
3ACF
  8
0
  0
ARC
  5
1933
  8
ARQ-LINHA-FINA
 10
0.0577499975110243
 20
-0.1165172202717315
 30
0.0
 40
0.0749999973004892
 50
94.27356734472923
 51
175.7264320366017
  0
ARC
  5
1934
  8
0
 10
0.0577499975110243
 20
-0.1165172202717315
 30
0.0
 40
0.0812499970755299
 50
94.21993286652236
 51
175.7800677345619
  0
ARC
  5
1935
  8
ARQ-LINHA-FINA
 10
-0.0195190406070367
 20
-0.1165172202717315
 30
0.0
 40
0.0102309558452199
 50
142.346037306586
 51
217.6539626934141
  0
POLYLINE
  5
1936
  8
ARQ-LINHA-FINA
 66
     1
 10
0.0
 20
0.0
 30
0.0
  0
VERTEX
  5
3A41
  8
ARQ-LINHA-FINA
 10
-0.0276190332014323
 20
-0.1102672211241185
 30
0.0
  0
VERTEX
  5
3A42
  8
ARQ-LINHA-FINA
 10
0.0223809736176861
 20
-0.1133922215503134
 30
0.0
  0
SEQEND
  5
3AD0
  8
ARQ-LINHA-FINA
  0
LINE
  5
1937
  8
ARQ-LINHA-FINA
 10
0.1431190282234525
 20
-0.1227672211241213
 30
0.0
 11
0.0931190486808759
 21
-0.1196422206979264
 31
0.0
  0
LINE
  5
1938
  8
ARQ-LINHA-FINA
 10
0.1431190282234525
 20
-0.1102672211241185
 30
0.0
 11
0.0931190486808759
 21
-0.1133922215503134
 31
0.0
  0
ARC
  5
1939
  8
ARQ-LINHA-FINA
 10
0.0952950089487388
 20
-0.1165172202717315
 30
0.0
 40
0.0038079526919213
 50
124.8499935942102
 51
235.1500064057898
  0
ARC
  5
193A
  8
ARQ-LINHA-FINA
 10
0.1350190356290568
 20
-0.1165172202717315
 30
0.0
 40
0.0102309558452199
 50
322.346037306586
 51
37.65396269341405
  0
ARC
  5
193B
  8
ARQ-LINHA-FINA
 10
0.0577499975110243
 20
-0.0392481795965125
 30
0.0
 40
0.0102309558452199
 50
52.34603684552312
 51
127.6539631544769
  0
ARC
  5
193C
  8
ARQ-LINHA-FINA
 10
0.0577499975110243
 20
-0.0789722020148389
 30
0.0
 40
0.0038079526919213
 50
214.8499928607895
 51
325.1500071392104
  0
LINE
  5
193D
  8
ARQ-LINHA-FINA
 10
0.0514999830203351
 20
-0.0311481827401394
 30
0.0
 11
0.0546250039039364
 21
-0.0811481801829643
 31
0.0
  0
LINE
  5
193E
  8
ARQ-LINHA-FINA
 10
0.064000012001685
 20
-0.0311481827401394
 30
0.0
 11
0.0608749911180553
 21
-0.0811481801829643
 31
0.0
  0
LINE
  5
193F
  8
ARQ-LINHA-FINA
 10
0.0514999830203351
 20
-0.2018862595081004
 30
0.0
 11
0.0546250039039364
 21
-0.15188626121288
 31
0.0
  0
LINE
  5
1940
  8
ARQ-LINHA-FINA
 10
0.064000012001685
 20
-0.2018862595081004
 30
0.0
 11
0.0608749911180553
 21
-0.15188626121288
 31
0.0
  0
ARC
  5
1941
  8
ARQ-LINHA-FINA
 10
0.0577499975110243
 20
-0.1540622385286099
 30
0.0
 40
0.0038079526919213
 50
34.84999286078956
 51
145.1500071392105
  0
ARC
  5
1942
  8
ARQ-LINHA-FINA
 10
0.0577499975110243
 20
-0.1937862609469363
 30
0.0
 40
0.0102309558452199
 50
232.3460368455231
 51
307.6539631544769
  0
CIRCLE
  5
1943
  8
0
 10
0.0577499975110243
 20
-0.1165172202717315
 30
0.0
 40
0.0312499988752038
  0
ARC
  5
1944
  8
0
 10
0.0577499975110243
 20
-0.1165172202717315
 30
0.0
 40
0.0812499970755299
 50
184.2199322654373
 51
265.7800671334776
  0
ARC
  5
1945
  8
ARQ-LINHA-FINA
 10
0.0577499975110243
 20
-0.1165172202717315
 30
0.0
 40
0.0749999973004892
 50
184.2735679633984
 51
265.7264326552692
  0
ARC
  5
1946
  8
ARQ-LINHA-FINA
 10
0.0577499975110243
 20
-0.1165172202717315
 30
0.0
 40
0.0749999973004892
 50
4.273567963398363
 51
85.72643265526916
  0
ARC
  5
1947
  8
0
 10
0.0577499975110243
 20
-0.1165172202717315
 30
0.0
 40
0.0812499970755299
 50
4.219932265438088
 51
85.78006713347767
  0
ARC
  5
1948
  8
ARQ-LINHA-FINA
 10
0.0577499975110243
 20
-0.1165172202717315
 30
0.0
 40
0.0749999973004892
 50
274.2735673447292
 51
355.7264320366016
  0
ARC
  5
1949
  8
0
 10
0.0577499975110243
 20
-0.1165172202717315
 30
0.0
 40
0.0812499970755299
 50
274.2199328665223
 51
355.780067734562
  0
POLYLINE
  5
194A
  8
ARQ-LINHA-FINA
 66
     1
 10
0.0
 20
0.0
 30
0.0
  0
VERTEX
  5
3A43
  8
ARQ-LINHA-FINA
 10
-0.0276190332014323
 20
-0.1227672211241213
 30
0.0
  0
VERTEX
  5
3A44
  8
ARQ-LINHA-FINA
 10
0.0223809638951025
 20
-0.1196422201473695
 30
0.0
 42
0.5222320301389749
  0
VERTEX
  5
3A45
  8
ARQ-LINHA-FINA
 10
0.0223809638610817
 20
-0.113392220940554
 30
0.0
  0
SEQEND
  5
3AD1
  8
ARQ-LINHA-FINA
  0
POLYLINE
  5
194B
  8
ARQ-LINHA-FINA
 66
     1
 10
0.0
 20
0.0
 30
0.0
 70
     1
  0
VERTEX
  5
3A46
  8
ARQ-LINHA-FINA
 10
-0.0250000000000057
 20
-0.2150000000000034
 30
0.0
  0
VERTEX
  5
3A47
  8
ARQ-LINHA-FINA
 10
0.144999999999996
 20
-0.2150000000000034
 30
0.0
 42
0.414213562373095
  0
VERTEX
  5
3A48
  8
ARQ-LINHA-FINA
 10
0.1599999999999966
 20
-0.2000000000000028
 30
0.0
  0
VERTEX
  5
3A49
  8
ARQ-LINHA-FINA
 10
0.1599999999999966
 20
-0.0300000000000011
 30
0.0
 42
0.414213562373095
  0
VERTEX
  5
3A4A
  8
ARQ-LINHA-FINA
 10
0.144999999999996
 20
-0.0150000000000006
 30
0.0
  0
VERTEX
  5
3A4B
  8
ARQ-LINHA-FINA
 10
-0.0250000000000057
 20
-0.0150000000000006
 30
0.0
 42
0.414213562373095
  0
VERTEX
  5
3A4C
  8
ARQ-LINHA-FINA
 10
-0.0400000000000063
 20
-0.0300000000000011
 30
0.0
  0
VERTEX
  5
3A4D
  8
ARQ-LINHA-FINA
 10
-0.0400000000000063
 20
-0.2000000000000028
 30
0.0
 42
0.414213562373095
  0
SEQEND
  5
3AD2
  8
ARQ-LINHA-FINA
  0
ARC
  5
194C
  8
ARQ-LINHA-FINA
 10
0.0577499975110243
 20
-0.3365172202717304
 30
0.0
 40
0.0749999973004892
 50
94.27356734472923
 51
175.7264320366017
  0
ARC
  5
194D
  8
0
 10
0.0577499975110243
 20
-0.3365172202717304
 30
0.0
 40
0.0812499970755299
 50
94.21993286652236
 51
175.7800677345619
  0
ARC
  5
194E
  8
ARQ-LINHA-FINA
 10
-0.0195190406070367
 20
-0.3365172202717304
 30
0.0
 40
0.0102309558452199
 50
142.346037306586
 51
217.6539626934141
  0
POLYLINE
  5
194F
  8
ARQ-LINHA-FINA
 66
     1
 10
0.0
 20
0.0
 30
0.0
  0
VERTEX
  5
3A4E
  8
ARQ-LINHA-FINA
 10
-0.0276190332014323
 20
-0.3302672211241173
 30
0.0
  0
VERTEX
  5
3A4F
  8
ARQ-LINHA-FINA
 10
0.0223809736176861
 20
-0.3333922215503122
 30
0.0
  0
SEQEND
  5
3AD3
  8
ARQ-LINHA-FINA
  0
LINE
  5
1950
  8
ARQ-LINHA-FINA
 10
0.1431190282234525
 20
-0.3427672211241202
 30
0.0
 11
0.0931190486808759
 21
-0.3396422206979253
 31
0.0
  0
LINE
  5
1951
  8
ARQ-LINHA-FINA
 10
0.1431190282234525
 20
-0.3302672211241173
 30
0.0
 11
0.0931190486808759
 21
-0.3333922215503122
 31
0.0
  0
ARC
  5
1952
  8
ARQ-LINHA-FINA
 10
0.0952950089487388
 20
-0.3365172202717304
 30
0.0
 40
0.0038079526919213
 50
124.8499935942102
 51
235.1500064057898
  0
ARC
  5
1953
  8
ARQ-LINHA-FINA
 10
0.1350190356290568
 20
-0.3365172202717304
 30
0.0
 40
0.0102309558452199
 50
322.346037306586
 51
37.65396269341405
  0
ARC
  5
1954
  8
ARQ-LINHA-FINA
 10
0.0577499975110243
 20
-0.2592481795965114
 30
0.0
 40
0.0102309558452199
 50
52.34603684552312
 51
127.6539631544769
  0
ARC
  5
1955
  8
ARQ-LINHA-FINA
 10
0.0577499975110243
 20
-0.2989722020148378
 30
0.0
 40
0.0038079526919213
 50
214.8499928607895
 51
325.1500071392104
  0
LINE
  5
1956
  8
ARQ-LINHA-FINA
 10
0.0514999830203351
 20
-0.2511481827401383
 30
0.0
 11
0.0546250039039364
 21
-0.3011481801829632
 31
0.0
  0
LINE
  5
1957
  8
ARQ-LINHA-FINA
 10
0.064000012001685
 20
-0.2511481827401383
 30
0.0
 11
0.0608749911180553
 21
-0.3011481801829632
 31
0.0
  0
LINE
  5
1958
  8
ARQ-LINHA-FINA
 10
0.0514999830203351
 20
-0.4218862595080992
 30
0.0
 11
0.0546250039039364
 21
-0.3718862612128788
 31
0.0
  0
LINE
  5
1959
  8
ARQ-LINHA-FINA
 10
0.064000012001685
 20
-0.4218862595080992
 30
0.0
 11
0.0608749911180553
 21
-0.3718862612128788
 31
0.0
  0
ARC
  5
195A
  8
ARQ-LINHA-FINA
 10
0.0577499975110243
 20
-0.3740622385286088
 30
0.0
 40
0.0038079526919213
 50
34.84999286078956
 51
145.1500071392105
  0
ARC
  5
195B
  8
ARQ-LINHA-FINA
 10
0.0577499975110243
 20
-0.4137862609469352
 30
0.0
 40
0.0102309558452199
 50
232.3460368455231
 51
307.6539631544769
  0
CIRCLE
  5
195C
  8
0
 10
0.0577499975110243
 20
-0.3365172202717304
 30
0.0
 40
0.0312499988752038
  0
ARC
  5
195D
  8
0
 10
0.0577499975110243
 20
-0.3365172202717304
 30
0.0
 40
0.0812499970755299
 50
184.2199322654373
 51
265.7800671334776
  0
ARC
  5
195E
  8
ARQ-LINHA-FINA
 10
0.0577499975110243
 20
-0.3365172202717304
 30
0.0
 40
0.0749999973004892
 50
184.2735679633984
 51
265.7264326552692
  0
ARC
  5
195F
  8
ARQ-LINHA-FINA
 10
0.0577499975110243
 20
-0.3365172202717304
 30
0.0
 40
0.0749999973004892
 50
4.273567963398363
 51
85.72643265526916
  0
ARC
  5
1960
  8
0
 10
0.0577499975110243
 20
-0.3365172202717304
 30
0.0
 40
0.0812499970755299
 50
4.219932265438088
 51
85.78006713347767
  0
ARC
  5
1961
  8
ARQ-LINHA-FINA
 10
0.0577499975110243
 20
-0.3365172202717304
 30
0.0
 40
0.0749999973004892
 50
274.2735673447292
 51
355.7264320366016
  0
ARC
  5
1962
  8
0
 10
0.0577499975110243
 20
-0.3365172202717304
 30
0.0
 40
0.0812499970755299
 50
274.2199328665223
 51
355.780067734562
  0
POLYLINE
  5
1963
  8
ARQ-LINHA-FINA
 66
     1
 10
0.0
 20
0.0
 30
0.0
  0
VERTEX
  5
3A50
  8
ARQ-LINHA-FINA
 10
-0.0276190332014323
 20
-0.3427672211241202
 30
0.0
  0
VERTEX
  5
3A51
  8
ARQ-LINHA-FINA
 10
0.0223809638951025
 20
-0.3396422201473683
 30
0.0
 42
0.5222320301389749
  0
VERTEX
  5
3A52
  8
ARQ-LINHA-FINA
 10
0.0223809638610817
 20
-0.3333922209405529
 30
0.0
  0
SEQEND
  5
3AD4
  8
ARQ-LINHA-FINA
  0
POLYLINE
  5
1964
  8
ARQ-LINHA-FINA
 66
     1
 10
0.0
 20
0.0
 30
0.0
 70
     1
  0
VERTEX
  5
3A53
  8
ARQ-LINHA-FINA
 10
-0.0250000000000057
 20
-0.4350000000000023
 30
0.0
  0
VERTEX
  5
3A54
  8
ARQ-LINHA-FINA
 10
0.144999999999996
 20
-0.4350000000000023
 30
0.0
 42
0.414213562373095
  0
VERTEX
  5
3A55
  8
ARQ-LINHA-FINA
 10
0.1599999999999966
 20
-0.4200000000000017
 30
0.0
  0
VERTEX
  5
3A56
  8
ARQ-LINHA-FINA
 10
0.1599999999999966
 20
-0.25
 30
0.0
 42
0.414213562373095
  0
VERTEX
  5
3A57
  8
ARQ-LINHA-FINA
 10
0.144999999999996
 20
-0.2349999999999994
 30
0.0
  0
VERTEX
  5
3A58
  8
ARQ-LINHA-FINA
 10
-0.0250000000000057
 20
-0.2349999999999994
 30
0.0
 42
0.414213562373095
  0
VERTEX
  5
3A59
  8
ARQ-LINHA-FINA
 10
-0.0400000000000063
 20
-0.25
 30
0.0
  0
VERTEX
  5
3A5A
  8
ARQ-LINHA-FINA
 10
-0.0400000000000063
 20
-0.4200000000000017
 30
0.0
 42
0.414213562373095
  0
SEQEND
  5
3AD5
  8
ARQ-LINHA-FINA
  0
ARC
  5
1965
  8
ARQ-LINHA-FINA
 10
-0.1622500024889746
 20
-0.1165172202717315
 30
0.0
 40
0.0749999973004892
 50
94.27356734472923
 51
175.7264320366017
  0
ARC
  5
1966
  8
0
 10
-0.1622500024889746
 20
-0.1165172202717315
 30
0.0
 40
0.0812499970755299
 50
94.21993286652236
 51
175.7800677345619
  0
ARC
  5
1967
  8
ARQ-LINHA-FINA
 10
-0.2395190406070355
 20
-0.1165172202717315
 30
0.0
 40
0.0102309558452199
 50
142.346037306586
 51
217.6539626934141
  0
POLYLINE
  5
1968
  8
ARQ-LINHA-FINA
 66
     1
 10
0.0
 20
0.0
 30
0.0
  0
VERTEX
  5
3A5B
  8
ARQ-LINHA-FINA
 10
-0.2476190332014312
 20
-0.1102672211241185
 30
0.0
  0
VERTEX
  5
3A5C
  8
ARQ-LINHA-FINA
 10
-0.1976190263823128
 20
-0.1133922215503134
 30
0.0
  0
SEQEND
  5
3AD6
  8
ARQ-LINHA-FINA
  0
LINE
  5
1969
  8
ARQ-LINHA-FINA
 10
-0.0768809717765464
 20
-0.1227672211241213
 30
0.0
 11
-0.1268809513191229
 21
-0.1196422206979264
 31
0.0
  0
LINE
  5
196A
  8
ARQ-LINHA-FINA
 10
-0.0768809717765464
 20
-0.1102672211241185
 30
0.0
 11
-0.1268809513191229
 21
-0.1133922215503134
 31
0.0
  0
ARC
  5
196B
  8
ARQ-LINHA-FINA
 10
-0.1247049910512601
 20
-0.1165172202717315
 30
0.0
 40
0.0038079526919213
 50
124.8499935942102
 51
235.1500064057898
  0
ARC
  5
196C
  8
ARQ-LINHA-FINA
 10
-0.084980964370942
 20
-0.1165172202717315
 30
0.0
 40
0.0102309558452199
 50
322.346037306586
 51
37.65396269341405
  0
ARC
  5
196D
  8
ARQ-LINHA-FINA
 10
-0.1622500024889746
 20
-0.0392481795965125
 30
0.0
 40
0.0102309558452199
 50
52.34603684552312
 51
127.6539631544769
  0
ARC
  5
196E
  8
ARQ-LINHA-FINA
 10
-0.1622500024889746
 20
-0.0789722020148389
 30
0.0
 40
0.0038079526919213
 50
214.8499928607895
 51
325.1500071392104
  0
LINE
  5
196F
  8
ARQ-LINHA-FINA
 10
-0.1685000169796638
 20
-0.0311481827401394
 30
0.0
 11
-0.1653749960960624
 21
-0.0811481801829643
 31
0.0
  0
LINE
  5
1970
  8
ARQ-LINHA-FINA
 10
-0.1559999879983138
 20
-0.0311481827401394
 30
0.0
 11
-0.1591250088819436
 21
-0.0811481801829643
 31
0.0
  0
LINE
  5
1971
  8
ARQ-LINHA-FINA
 10
-0.1685000169796638
 20
-0.2018862595081004
 30
0.0
 11
-0.1653749960960624
 21
-0.15188626121288
 31
0.0
  0
LINE
  5
1972
  8
ARQ-LINHA-FINA
 10
-0.1559999879983138
 20
-0.2018862595081004
 30
0.0
 11
-0.1591250088819436
 21
-0.15188626121288
 31
0.0
  0
ARC
  5
1973
  8
ARQ-LINHA-FINA
 10
-0.1622500024889746
 20
-0.1540622385286099
 30
0.0
 40
0.0038079526919213
 50
34.84999286078956
 51
145.1500071392105
  0
ARC
  5
1974
  8
ARQ-LINHA-FINA
 10
-0.1622500024889746
 20
-0.1937862609469363
 30
0.0
 40
0.0102309558452199
 50
232.3460368455231
 51
307.6539631544769
  0
CIRCLE
  5
1975
  8
0
 10
-0.1622500024889746
 20
-0.1165172202717315
 30
0.0
 40
0.0312499988752038
  0
ARC
  5
1976
  8
0
 10
-0.1622500024889746
 20
-0.1165172202717315
 30
0.0
 40
0.0812499970755299
 50
184.2199322654373
 51
265.7800671334776
  0
ARC
  5
1977
  8
ARQ-LINHA-FINA
 10
-0.1622500024889746
 20
-0.1165172202717315
 30
0.0
 40
0.0749999973004892
 50
184.2735679633984
 51
265.7264326552692
  0
ARC
  5
1978
  8
ARQ-LINHA-FINA
 10
-0.1622500024889746
 20
-0.1165172202717315
 30
0.0
 40
0.0749999973004892
 50
4.273567963398363
 51
85.72643265526916
  0
ARC
  5
1979
  8
0
 10
-0.1622500024889746
 20
-0.1165172202717315
 30
0.0
 40
0.0812499970755299
 50
4.219932265438088
 51
85.78006713347767
  0
ARC
  5
197A
  8
ARQ-LINHA-FINA
 10
-0.1622500024889746
 20
-0.1165172202717315
 30
0.0
 40
0.0749999973004892
 50
274.2735673447292
 51
355.7264320366016
  0
ARC
  5
197B
  8
0
 10
-0.1622500024889746
 20
-0.1165172202717315
 30
0.0
 40
0.0812499970755299
 50
274.2199328665223
 51
355.780067734562
  0
POLYLINE
  5
197C
  8
ARQ-LINHA-FINA
 66
     1
 10
0.0
 20
0.0
 30
0.0
  0
VERTEX
  5
3A5D
  8
ARQ-LINHA-FINA
 10
-0.2476190332014312
 20
-0.1227672211241213
 30
0.0
  0
VERTEX
  5
3A5E
  8
ARQ-LINHA-FINA
 10
-0.1976190361048964
 20
-0.1196422201473695
 30
0.0
 42
0.5222320301389749
  0
VERTEX
  5
3A5F
  8
ARQ-LINHA-FINA
 10
-0.1976190361389172
 20
-0.113392220940554
 30
0.0
  0
SEQEND
  5
3AD7
  8
ARQ-LINHA-FINA
  0
POLYLINE
  5
197D
  8
ARQ-LINHA-FINA
 66
     1
 10
0.0
 20
0.0
 30
0.0
 70
     1
  0
VERTEX
  5
3A60
  8
ARQ-LINHA-FINA
 10
-0.2450000000000045
 20
-0.2150000000000034
 30
0.0
  0
VERTEX
  5
3A61
  8
ARQ-LINHA-FINA
 10
-0.0750000000000028
 20
-0.2150000000000034
 30
0.0
 42
0.414213562373095
  0
VERTEX
  5
3A62
  8
ARQ-LINHA-FINA
 10
-0.0600000000000023
 20
-0.2000000000000028
 30
0.0
  0
VERTEX
  5
3A63
  8
ARQ-LINHA-FINA
 10
-0.0600000000000023
 20
-0.0300000000000011
 30
0.0
 42
0.414213562373095
  0
VERTEX
  5
3A64
  8
ARQ-LINHA-FINA
 10
-0.0750000000000028
 20
-0.0150000000000006
 30
0.0
  0
VERTEX
  5
3A65
  8
ARQ-LINHA-FINA
 10
-0.2450000000000045
 20
-0.0150000000000006
 30
0.0
 42
0.414213562373095
  0
VERTEX
  5
3A66
  8
ARQ-LINHA-FINA
 10
-0.2600000000000051
 20
-0.0300000000000011
 30
0.0
  0
VERTEX
  5
3A67
  8
ARQ-LINHA-FINA
 10
-0.2600000000000051
 20
-0.2000000000000028
 30
0.0
 42
0.414213562373095
  0
SEQEND
  5
3AD8
  8
ARQ-LINHA-FINA
  0
ARC
  5
197E
  8
ARQ-LINHA-FINA
 10
-0.1622500024889746
 20
-0.3365172202717304
 30
0.0
 40
0.0749999973004892
 50
94.27356734472923
 51
175.7264320366017
  0
ARC
  5
197F
  8
0
 10
-0.1622500024889746
 20
-0.3365172202717304
 30
0.0
 40
0.0812499970755299
 50
94.21993286652236
 51
175.7800677345619
  0
ARC
  5
1980
  8
ARQ-LINHA-FINA
 10
-0.2395190406070355
 20
-0.3365172202717304
 30
0.0
 40
0.0102309558452199
 50
142.346037306586
 51
217.6539626934141
  0
POLYLINE
  5
1981
  8
ARQ-LINHA-FINA
 66
     1
 10
0.0
 20
0.0
 30
0.0
  0
VERTEX
  5
3A68
  8
ARQ-LINHA-FINA
 10
-0.2476190332014312
 20
-0.3302672211241173
 30
0.0
  0
VERTEX
  5
3A69
  8
ARQ-LINHA-FINA
 10
-0.1976190263823128
 20
-0.3333922215503122
 30
0.0
  0
SEQEND
  5
3AD9
  8
ARQ-LINHA-FINA
  0
LINE
  5
1982
  8
ARQ-LINHA-FINA
 10
-0.0768809717765464
 20
-0.3427672211241202
 30
0.0
 11
-0.1268809513191229
 21
-0.3396422206979253
 31
0.0
  0
LINE
  5
1983
  8
ARQ-LINHA-FINA
 10
-0.0768809717765464
 20
-0.3302672211241173
 30
0.0
 11
-0.1268809513191229
 21
-0.3333922215503122
 31
0.0
  0
ARC
  5
1984
  8
ARQ-LINHA-FINA
 10
-0.1247049910512601
 20
-0.3365172202717304
 30
0.0
 40
0.0038079526919213
 50
124.8499935942102
 51
235.1500064057898
  0
ARC
  5
1985
  8
ARQ-LINHA-FINA
 10
-0.084980964370942
 20
-0.3365172202717304
 30
0.0
 40
0.0102309558452199
 50
322.346037306586
 51
37.65396269341405
  0
ARC
  5
1986
  8
ARQ-LINHA-FINA
 10
-0.1622500024889746
 20
-0.2592481795965114
 30
0.0
 40
0.0102309558452199
 50
52.34603684552312
 51
127.6539631544769
  0
ARC
  5
1987
  8
ARQ-LINHA-FINA
 10
-0.1622500024889746
 20
-0.2989722020148378
 30
0.0
 40
0.0038079526919213
 50
214.8499928607895
 51
325.1500071392104
  0
LINE
  5
1988
  8
ARQ-LINHA-FINA
 10
-0.1685000169796638
 20
-0.2511481827401383
 30
0.0
 11
-0.1653749960960624
 21
-0.3011481801829632
 31
0.0
  0
LINE
  5
1989
  8
ARQ-LINHA-FINA
 10
-0.1559999879983138
 20
-0.2511481827401383
 30
0.0
 11
-0.1591250088819436
 21
-0.3011481801829632
 31
0.0
  0
LINE
  5
198A
  8
ARQ-LINHA-FINA
 10
-0.1685000169796638
 20
-0.4218862595080992
 30
0.0
 11
-0.1653749960960624
 21
-0.3718862612128788
 31
0.0
  0
LINE
  5
198B
  8
ARQ-LINHA-FINA
 10
-0.1559999879983138
 20
-0.4218862595080992
 30
0.0
 11
-0.1591250088819436
 21
-0.3718862612128788
 31
0.0
  0
ARC
  5
198C
  8
ARQ-LINHA-FINA
 10
-0.1622500024889746
 20
-0.3740622385286088
 30
0.0
 40
0.0038079526919213
 50
34.84999286078956
 51
145.1500071392105
  0
ARC
  5
198D
  8
ARQ-LINHA-FINA
 10
-0.1622500024889746
 20
-0.4137862609469352
 30
0.0
 40
0.0102309558452199
 50
232.3460368455231
 51
307.6539631544769
  0
CIRCLE
  5
198E
  8
0
 10
-0.1622500024889746
 20
-0.3365172202717304
 30
0.0
 40
0.0312499988752038
  0
ARC
  5
198F
  8
0
 10
-0.1622500024889746
 20
-0.3365172202717304
 30
0.0
 40
0.0812499970755299
 50
184.2199322654373
 51
265.7800671334776
  0
ARC
  5
1990
  8
ARQ-LINHA-FINA
 10
-0.1622500024889746
 20
-0.3365172202717304
 30
0.0
 40
0.0749999973004892
 50
184.2735679633984
 51
265.7264326552692
  0
ARC
  5
1991
  8
ARQ-LINHA-FINA
 10
-0.1622500024889746
 20
-0.3365172202717304
 30
0.0
 40
0.0749999973004892
 50
4.273567963398363
 51
85.72643265526916
  0
ARC
  5
1992
  8
0
 10
-0.1622500024889746
 20
-0.3365172202717304
 30
0.0
 40
0.0812499970755299
 50
4.219932265438088
 51
85.78006713347767
  0
ARC
  5
1993
  8
ARQ-LINHA-FINA
 10
-0.1622500024889746
 20
-0.3365172202717304
 30
0.0
 40
0.0749999973004892
 50
274.2735673447292
 51
355.7264320366016
  0
ARC
  5
1994
  8
0
 10
-0.1622500024889746
 20
-0.3365172202717304
 30
0.0
 40
0.0812499970755299
 50
274.2199328665223
 51
355.780067734562
  0
POLYLINE
  5
1995
  8
ARQ-LINHA-FINA
 66
     1
 10
0.0
 20
0.0
 30
0.0
  0
VERTEX
  5
3A6A
  8
ARQ-LINHA-FINA
 10
-0.2476190332014312
 20
-0.3427672211241202
 30
0.0
  0
VERTEX
  5
3A6B
  8
ARQ-LINHA-FINA
 10
-0.1976190361048964
 20
-0.3396422201473683
 30
0.0
 42
0.5222320301389749
  0
VERTEX
  5
3A6C
  8
ARQ-LINHA-FINA
 10
-0.1976190361389172
 20
-0.3333922209405529
 30
0.0
  0
SEQEND
  5
3ADA
  8
ARQ-LINHA-FINA
  0
POLYLINE
  5
1996
  8
ARQ-LINHA-FINA
 66
     1
 10
0.0
 20
0.0
 30
0.0
 70
     1
  0
VERTEX
  5
3A6D
  8
ARQ-LINHA-FINA
 10
-0.2450000000000045
 20
-0.4350000000000023
 30
0.0
  0
VERTEX
  5
3A6E
  8
ARQ-LINHA-FINA
 10
-0.0750000000000028
 20
-0.4350000000000023
 30
0.0
 42
0.414213562373095
  0
VERTEX
  5
3A6F
  8
ARQ-LINHA-FINA
 10
-0.0600000000000023
 20
-0.4200000000000017
 30
0.0
  0
VERTEX
  5
3A70
  8
ARQ-LINHA-FINA
 10
-0.0600000000000023
 20
-0.25
 30
0.0
 42
0.414213562373095
  0
VERTEX
  5
3A71
  8
ARQ-LINHA-FINA
 10
-0.0750000000000028
 20
-0.2349999999999994
 30
0.0
  0
VERTEX
  5
3A72
  8
ARQ-LINHA-FINA
 10
-0.2450000000000045
 20
-0.2349999999999994
 30
0.0
 42
0.414213562373095
  0
VERTEX
  5
3A73
  8
ARQ-LINHA-FINA
 10
-0.2600000000000051
 20
-0.25
 30
0.0
  0
VERTEX
  5
3A74
  8
ARQ-LINHA-FINA
 10
-0.2600000000000051
 20
-0.4200000000000017
 30
0.0
 42
0.414213562373095
  0
SEQEND
  5
3ADB
  8
ARQ-LINHA-FINA
  0
CIRCLE
  5
1997
  8
ARQ-LINHA-FINA
 10
0.2199999999999989
 20
-0.3036543873802486
 30
0.0
 40
0.0273149562481229
  0
ARC
  5
1998
  8
ARQ-LINHA-FINA
 10
0.2199999999999989
 20
-0.3036543873802486
 30
0.0
 40
0.0204862171860922
 50
233.3208500255903
 51
36.67914997440972
  0
ARC
  5
1999
  8
ARQ-LINHA-FINA
 10
0.2199999999999989
 20
-0.3036543873802486
 30
0.0
 40
0.0204862171860922
 50
53.32085002562987
 51
216.6791499743701
  0
LINE
  5
199A
  8
ARQ-LINHA-FINA
 10
0.2077628994647682
 20
-0.3200841915509329
 30
0.0
 11
0.2364298041706832
 21
-0.291417286845018
 31
0.0
  0
LINE
  5
199B
  8
ARQ-LINHA-FINA
 10
0.203570195829343
 20
-0.3158914879154793
 30
0.0
 11
0.2322371005352295
 21
-0.2872245832095643
 31
0.0
  0
LINE
  5
199C
  8
ARQ-LINHA-FINA
 10
0.2077628994647682
 20
-0.3200841915509045
 30
0.0
 11
0.203570195829343
 21
-0.3158914879154793
 31
0.0
  0
LINE
  5
199D
  8
ARQ-LINHA-FINA
 10
0.2322371005352295
 20
-0.2872245832095643
 30
0.0
 11
0.2364298041706689
 21
-0.291417286845018
 31
0.0
  0
LINE
  5
199E
  8
ARQ-LINHA-FINA
 10
0.2343334523529563
 20
-0.2893209350272912
 30
0.0
 11
0.2056665476470556
 21
-0.3179878397331919
 31
0.0
  0
LINE
  5
199F
  8
ARQ-LINHA-FINA
 10
0.2077628994647398
 20
-0.3922638193939179
 30
0.0
 11
0.2364298041706547
 21
-0.3635969146880029
 31
0.0
  0
LINE
  5
19A0
  8
ARQ-LINHA-FINA
 10
0.2035701958293146
 20
-0.3880711157584642
 30
0.0
 11
0.2322371005352011
 21
-0.3594042110525493
 31
0.0
  0
LINE
  5
19A1
  8
ARQ-LINHA-FINA
 10
0.2077628994647398
 20
-0.3922638193938894
 30
0.0
 11
0.2035701958293146
 21
-0.3880711157584642
 31
0.0
  0
LINE
  5
19A2
  8
ARQ-LINHA-FINA
 10
0.2322371005352011
 20
-0.3594042110525493
 30
0.0
 11
0.2364298041706405
 21
-0.3635969146880029
 31
0.0
  0
LINE
  5
19A3
  8
ARQ-LINHA-FINA
 10
0.2343334523529279
 20
-0.3615005628702761
 30
0.0
 11
0.2056665476470272
 21
-0.3901674675761768
 31
0.0
  0
CIRCLE
  5
19A4
  8
ARQ-LINHA-FINA
 10
0.2199999999999989
 20
-0.2314747595372637
 30
0.0
 40
0.0273149562481229
  0
ARC
  5
19A5
  8
ARQ-LINHA-FINA
 10
0.2199999999999989
 20
-0.2314747595372637
 30
0.0
 40
0.0204862171860922
 50
233.3208500255903
 51
36.67914997440972
  0
ARC
  5
19A6
  8
ARQ-LINHA-FINA
 10
0.2199999999999989
 20
-0.2314747595372637
 30
0.0
 40
0.0204862171860922
 50
53.32085002562987
 51
216.6791499743701
  0
LINE
  5
19A7
  8
ARQ-LINHA-FINA
 10
0.2077628994647682
 20
-0.247904563707948
 30
0.0
 11
0.2364298041706832
 21
-0.2192376590020331
 31
0.0
  0
LINE
  5
19A8
  8
ARQ-LINHA-FINA
 10
0.203570195829343
 20
-0.2437118600724943
 30
0.0
 11
0.2322371005352295
 21
-0.2150449553665794
 31
0.0
  0
LINE
  5
19A9
  8
ARQ-LINHA-FINA
 10
0.2077628994647682
 20
-0.2479045637079196
 30
0.0
 11
0.203570195829343
 21
-0.2437118600724943
 31
0.0
  0
LINE
  5
19AA
  8
ARQ-LINHA-FINA
 10
0.2322371005352295
 20
-0.2150449553665794
 30
0.0
 11
0.2364298041706689
 21
-0.2192376590020331
 31
0.0
  0
LINE
  5
19AB
  8
ARQ-LINHA-FINA
 10
0.2343334523529563
 20
-0.2171413071843062
 30
0.0
 11
0.2056665476470556
 21
-0.245808211890207
 31
0.0
  0
CIRCLE
  5
19AC
  8
ARQ-LINHA-FINA
 10
0.2199999999999989
 20
-0.1592951316942788
 30
0.0
 40
0.0273149562481229
  0
ARC
  5
19AD
  8
ARQ-LINHA-FINA
 10
0.2199999999999989
 20
-0.1592951316942788
 30
0.0
 40
0.0204862171860922
 50
233.3208500255903
 51
36.67914997440972
  0
ARC
  5
19AE
  8
ARQ-LINHA-FINA
 10
0.2199999999999989
 20
-0.1592951316942788
 30
0.0
 40
0.0204862171860922
 50
53.32085002562987
 51
216.6791499743701
  0
LINE
  5
19AF
  8
ARQ-LINHA-FINA
 10
0.2077628994647682
 20
-0.1757249358649631
 30
0.0
 11
0.2364298041706832
 21
-0.1470580311590481
 31
0.0
  0
LINE
  5
19B0
  8
ARQ-LINHA-FINA
 10
0.203570195829343
 20
-0.1715322322295094
 30
0.0
 11
0.2322371005352295
 21
-0.1428653275235945
 31
0.0
  0
LINE
  5
19B1
  8
ARQ-LINHA-FINA
 10
0.2077628994647682
 20
-0.1757249358649347
 30
0.0
 11
0.203570195829343
 21
-0.1715322322295094
 31
0.0
  0
LINE
  5
19B2
  8
ARQ-LINHA-FINA
 10
0.2322371005352295
 20
-0.1428653275235945
 30
0.0
 11
0.2364298041706689
 21
-0.1470580311590481
 31
0.0
  0
LINE
  5
19B3
  8
ARQ-LINHA-FINA
 10
0.2343334523529563
 20
-0.1449616793413213
 30
0.0
 11
0.2056665476470556
 21
-0.173628584047222
 31
0.0
  0
ENDBLK
  8
0
  0
BLOCK
  8
0
  2
ADC_MCOZ_01
 70
     0
 10
0.0
 20
0.0
 30
0.0
  0
POLYLINE
  5
19BB
  8
0
 66
     1
 10
0.0
 20
0.0
 30
0.0
 70
     1
  0
VERTEX
  5
3A75
  8
0
 10
0.2258578643762696
 20
-0.0500000000000025
 30
0.0
 42
-0.4142135623730951
  0
VERTEX
  5
3A76
  8
0
 10
0.2399999999999984
 20
-0.0641421356237331
 30
0.0
  0
VERTEX
  5
3A77
  8
0
 10
0.2399999999999984
 20
-0.5700000000000003
 30
0.0
  0
VERTEX
  5
3A78
  8
0
 10
-0.2400000000000002
 20
-0.5700000000000003
 30
0.0
  0
VERTEX
  5
3A79
  8
0
 10
-0.2400000000000002
 20
-0.0641421356237313
 30
0.0
 42
-0.4142135623730961
  0
VERTEX
  5
3A7A
  8
0
 10
-0.2258578643762696
 20
-0.0500000000000007
 30
0.0
  0
SEQEND
  5
3ADC
  8
0
  0
POLYLINE
  5
19BC
  8
0
 66
     1
 10
0.0
 20
0.0
 30
0.0
 70
     1
  0
VERTEX
  5
3A7B
  8
0
 10
-0.2400000000000002
 20
-0.5899999999999999
 30
0.0
  0
VERTEX
  5
3A7C
  8
0
 10
-0.2400000000000002
 20
-0.6058578643762704
 30
0.0
 42
0.414213562373095
  0
VERTEX
  5
3A7D
  8
0
 10
-0.2258578643762696
 20
-0.620000000000001
 30
0.0
  0
VERTEX
  5
3A7E
  8
0
 10
0.2258578643762696
 20
-0.6199999999999992
 30
0.0
 42
0.4142135623730951
  0
VERTEX
  5
3A7F
  8
0
 10
0.2399999999999984
 20
-0.6058578643762687
 30
0.0
  0
VERTEX
  5
3A80
  8
0
 10
0.2399999999999984
 20
-0.5899999999999999
 30
0.0
  0
SEQEND
  5
3ADD
  8
0
  0
LINE
  5
19BD
  8
0
 10
-0.2219169834700008
 20
-0.5700000000000003
 30
0.0
 11
-0.2219169834700008
 21
-0.5899999999999999
 31
0.0
  0
LINE
  5
19BE
  8
0
 10
0.221916983469999
 20
-0.5700000000000003
 30
0.0
 11
0.221916983469999
 21
-0.5899999999999999
 31
0.0
  0
POLYLINE
  5
19BF
  8
0
 66
     1
 10
0.0
 20
0.0
 30
0.0
  0
VERTEX
  5
3A81
  8
0
 10
-0.1798019609728154
 20
-0.0500000000000007
 30
0.0
  0
VERTEX
  5
3A82
  8
0
 10
-0.1718019609728145
 20
-0.0100000000000016
 30
0.0
  0
VERTEX
  5
3A83
  8
0
 10
0.1718019609728128
 20
-0.009999999999998
 30
0.0
  0
VERTEX
  5
3A84
  8
0
 10
0.1798019609728136
 20
-0.0500000000000025
 30
0.0
  0
SEQEND
  5
3ADE
  8
0
  0
POLYLINE
  5
19C0
  8
0
 66
     1
 10
0.0
 20
0.0
 30
0.0
  0
VERTEX
  5
3A85
  8
0
 10
-0.1900000000000013
 20
-0.0500000000000007
 30
0.0
  0
VERTEX
  5
3A86
  8
0
 10
-0.1799999999999997
 20
0.0
 30
0.0
  0
VERTEX
  5
3A87
  8
0
 10
0.1799999999999997
 20
0.0
 30
0.0
  0
VERTEX
  5
3A88
  8
0
 10
0.1899999999999995
 20
-0.0500000000000007
 30
0.0
  0
SEQEND
  5
3ADF
  8
0
  0
ENDBLK
  8
0
  0
BLOCK
  8
0
  2
*D62
 70
     1
 10
0.0
 20
0.0
 30
0.0
  0
LINE
  5
33BF
  8
ARQ-COTAS
 62
     0
 10
7.49849819778159
 20
4.97235093940856
 30
0.0
 11
7.84794342860889
 21
4.97235093940856
 31
0.0
  0
LINE
  5
33C0
  8
ARQ-COTAS
 62
     0
 10
7.498498197781576
 20
17.72235093940861
 30
0.0
 11
7.847943428608888
 21
17.72235093940861
 31
0.0
  0
LINE
  5
33C1
  8
ARQ-COTAS
 62
     0
 10
7.747943428608891
 20
5.07235093940856
 30
0.0
 11
7.747943428608889
 21
11.20629364063642
 31
0.0
  0
LINE
  5
33C2
  8
ARQ-COTAS
 62
     0
 10
7.747943428608888
 20
17.62235093940861
 30
0.0
 11
7.747943428608889
 21
11.48840823818076
 31
0.0
  0
SOLID
  5
33C3
  8
ARQ-COTAS
 62
     0
 10
7.731276761942224
 20
5.07235093940856
 30
0.0
 11
7.764610095275557
 21
5.07235093940856
 31
0.0
 12
7.747943428608891
 22
4.97235093940856
 32
0.0
 13
7.747943428608891
 23
4.97235093940856
 33
0.0
  0
SOLID
  5
33C4
  8
ARQ-COTAS
 62
     0
 10
7.731276761942222
 20
17.62235093940861
 30
0.0
 11
7.764610095275555
 21
17.62235093940861
 31
0.0
 12
7.747943428608888
 22
17.72235093940861
 32
0.0
 13
7.747943428608888
 23
17.72235093940861
 33
0.0
  0
TEXT
  5
33C5
  8
ARQ-COTAS
  6
CONTINUOUS
 62
     0
 10
7.5574672381327
 20
11.29735093940858
 30
0.0
 40
0.1
  1
12.75
  0
POINT
  5
33C6
  8
DEFPOINTS
 62
     0
 10
7.43599819778159
 20
4.97235093940856
 30
0.0
  0
POINT
  5
33C7
  8
DEFPOINTS
 62
     0
 10
7.435998197781576
 20
17.72235093940861
 30
0.0
  0
POINT
  5
33C8
  8
DEFPOINTS
 62
     0
 10
7.747943428608888
 20
17.72235093940861
 30
0.0
  0
ENDBLK
  8
0
  0
BLOCK
  8
0
  2
*D63
 70
     1
 10
0.0
 20
0.0
 30
0.0
  0
LINE
  5
33C9
  8
ARQ-COTAS
 62
     0
 10
2.435998197781586
 20
4.909850939408573
 30
0.0
 11
2.435998197781586
 21
4.40268937089993
 31
0.0
  0
LINE
  5
33CA
  8
ARQ-COTAS
 62
     0
 10
7.435998197781586
 20
4.90985093940858
 30
0.0
 11
7.435998197781586
 21
4.40268937089993
 31
0.0
  0
LINE
  5
33CB
  8
ARQ-COTAS
 62
     0
 10
2.535998197781586
 20
4.50268937089993
 30
0.0
 11
4.716291512924833
 21
4.50268937089993
 31
0.0
  0
LINE
  5
33CC
  8
ARQ-COTAS
 62
     0
 10
7.335998197781587
 20
4.50268937089993
 30
0.0
 11
5.155704882638339
 21
4.50268937089993
 31
0.0
  0
SOLID
  5
33CD
  8
ARQ-COTAS
 62
     0
 10
2.535998197781586
 20
4.519356037566596
 30
0.0
 11
2.535998197781586
 21
4.486022704233263
 31
0.0
 12
2.435998197781586
 22
4.50268937089993
 32
0.0
 13
2.435998197781586
 23
4.50268937089993
 33
0.0
  0
SOLID
  5
33CE
  8
ARQ-COTAS
 62
     0
 10
7.335998197781587
 20
4.519356037566596
 30
0.0
 11
7.335998197781587
 21
4.486022704233263
 31
0.0
 12
7.435998197781586
 22
4.50268937089993
 32
0.0
 13
7.435998197781586
 23
4.50268937089993
 33
0.0
  0
TEXT
  5
33CF
  8
ARQ-COTAS
  6
CONTINUOUS
 62
     0
 10
4.783617245400634
 20
4.45268937089993
 30
0.0
 40
0.1
  1
5.00
  0
POINT
  5
33D0
  8
DEFPOINTS
 62
     0
 10
2.435998197781586
 20
4.972350939408573
 30
0.0
  0
POINT
  5
33D1
  8
DEFPOINTS
 62
     0
 10
7.435998197781586
 20
4.97235093940858
 30
0.0
  0
POINT
  5
33D2
  8
DEFPOINTS
 62
     0
 10
7.435998197781586
 20
4.50268937089993
 30
0.0
  0
ENDBLK
  8
0
  0
BLOCK
  8
0
  2
*D65
 70
     1
 10
0.0
 20
0.0
 30
0.0
  0
LINE
  5
33D3
  8
ARQ-COTAS
 62
     0
 10
3.935998197781572
 20
17.78485093940861
 30
0.0
 11
3.935998197781572
 21
18.31690483137088
 31
0.0
  0
LINE
  5
33D4
  8
ARQ-COTAS
 62
     0
 10
7.435998197781572
 20
17.78485093940861
 30
0.0
 11
7.435998197781572
 21
18.31690483137088
 31
0.0
  0
LINE
  5
33D5
  8
ARQ-COTAS
 62
     0
 10
4.035998197781572
 20
18.21690483137088
 30
0.0
 11
5.466325619336825
 21
18.21690483137088
 31
0.0
  0
LINE
  5
33D6
  8
ARQ-COTAS
 62
     0
 10
7.335998197781572
 20
18.21690483137088
 30
0.0
 11
5.905670776226319
 21
18.21690483137088
 31
0.0
  0
SOLID
  5
33D7
  8
ARQ-COTAS
 62
     0
 10
4.035998197781572
 20
18.23357149803754
 30
0.0
 11
4.035998197781572
 21
18.20023816470421
 31
0.0
 12
3.935998197781572
 22
18.21690483137088
 32
0.0
 13
3.935998197781572
 23
18.21690483137088
 33
0.0
  0
SOLID
  5
33D8
  8
ARQ-COTAS
 62
     0
 10
7.335998197781572
 20
18.23357149803754
 30
0.0
 11
7.335998197781572
 21
18.20023816470421
 31
0.0
 12
7.435998197781572
 22
18.21690483137088
 32
0.0
 13
7.435998197781572
 23
18.21690483137088
 33
0.0
  0
TEXT
  5
33D9
  8
ARQ-COTAS
  6
CONTINUOUS
 62
     0
 10
5.533617245400619
 20
18.16690483137087
 30
0.0
 40
0.1
  1
3.50
  0
POINT
  5
33DA
  8
DEFPOINTS
 62
     0
 10
3.935998197781572
 20
17.72235093940861
 30
0.0
  0
POINT
  5
33DB
  8
DEFPOINTS
 62
     0
 10
7.435998197781572
 20
17.72235093940861
 30
0.0
  0
POINT
  5
33DC
  8
DEFPOINTS
 62
     0
 10
7.435998197781572
 20
18.21690483137088
 30
0.0
  0
ENDBLK
  8
0
  0
BLOCK
  8
0
  2
*D67
 70
     1
 10
0.0
 20
0.0
 30
0.0
  0
LINE
  5
33DD
  8
ARQ-COTAS
 62
     0
 10
2.373498197781573
 20
7.472350939408569
 30
0.0
 11
2.011515131406402
 21
7.472350939408569
 31
0.0
  0
LINE
  5
33DE
  8
ARQ-COTAS
 62
     0
 10
2.373498197781573
 20
17.72235093940862
 30
0.0
 11
2.0115151314064
 21
17.72235093940862
 31
0.0
  0
LINE
  5
33DF
  8
ARQ-COTAS
 62
     0
 10
2.111515131406402
 20
7.572350939408569
 30
0.0
 11
2.111515131406402
 21
12.45629364063642
 31
0.0
  0
LINE
  5
33E0
  8
ARQ-COTAS
 62
     0
 10
2.1115151314064
 20
17.62235093940862
 30
0.0
 11
2.111515131406402
 21
12.73840823818076
 31
0.0
  0
SOLID
  5
33E1
  8
ARQ-COTAS
 62
     0
 10
2.094848464739736
 20
7.572350939408569
 30
0.0
 11
2.128181798073069
 21
7.572350939408569
 31
0.0
 12
2.111515131406402
 22
7.472350939408569
 32
0.0
 13
2.111515131406402
 23
7.472350939408569
 33
0.0
  0
SOLID
  5
33E2
  8
ARQ-COTAS
 62
     0
 10
2.094848464739734
 20
17.62235093940862
 30
0.0
 11
2.128181798073067
 21
17.62235093940862
 31
0.0
 12
2.1115151314064
 22
17.72235093940862
 32
0.0
 13
2.1115151314064
 23
17.72235093940862
 33
0.0
  0
TEXT
  5
33E3
  8
ARQ-COTAS
  6
CONTINUOUS
 62
     0
 10
1.921038940930214
 20
12.54735093940859
 30
0.0
 40
0.1
  1
10.25
  0
POINT
  5
33E4
  8
DEFPOINTS
 62
     0
 10
2.435998197781573
 20
7.472350939408569
 30
0.0
  0
POINT
  5
33E5
  8
DEFPOINTS
 62
     0
 10
2.435998197781573
 20
17.72235093940862
 30
0.0
  0
POINT
  5
33E6
  8
DEFPOINTS
 62
     0
 10
2.1115151314064
 20
17.72235093940862
 30
0.0
  0
ENDBLK
  8
0
  0
BLOCK
  8
0
  2
*X68
 70
     1
 10
0.0
 20
0.0
 30
0.0
  0
LINE
  5
349C
  8
ARQ-PISO
  6
CONTINUOUS
 10
3.935998197781667
 20
11.27235093940854
 30
0.0
 11
4.71645216352681
 21
11.27235093940854
 31
0.0
  0
LINE
  5
349D
  8
ARQ-PISO
  6
CONTINUOUS
 10
5.316452163526833
 20
11.27235093940854
 30
0.0
 11
6.235998197781544
 21
11.27235093940854
 31
0.0
  0
LINE
  5
349E
  8
ARQ-PISO
  6
CONTINUOUS
 10
3.935998197781648
 20
10.77235093940854
 30
0.0
 11
4.279381812230959
 21
10.77235093940854
 31
0.0
  0
LINE
  5
349F
  8
ARQ-PISO
  6
CONTINUOUS
 10
5.074913872258243
 20
10.77235093940854
 30
0.0
 11
5.568440626676481
 21
10.77235093940854
 31
0.0
  0
LINE
  5
34A0
  8
ARQ-PISO
  6
CONTINUOUS
 10
5.57010282112604
 20
10.77235093940854
 30
0.0
 11
6.235998197781583
 21
10.77235093940854
 31
0.0
  0
LINE
  5
34A1
  8
ARQ-PISO
  6
CONTINUOUS
 10
4.235998197781583
 20
10.27235093940856
 30
0.0
 11
4.235998197781583
 21
11.77235093940857
 31
0.0
  0
LINE
  5
34A2
  8
ARQ-PISO
  6
CONTINUOUS
 10
4.735998197781583
 20
10.27235093940856
 30
0.0
 11
4.735998197781583
 21
10.53490756737016
 31
0.0
  0
LINE
  5
34A3
  8
ARQ-PISO
  6
CONTINUOUS
 10
4.735998197781583
 20
10.94485337949067
 30
0.0
 11
4.735998197781583
 21
11.11239565113189
 31
0.0
  0
LINE
  5
34A4
  8
ARQ-PISO
  6
CONTINUOUS
 10
5.235998197781583
 20
10.27235093940855
 30
0.0
 11
5.235998197781583
 21
10.33985093940857
 31
0.0
  0
LINE
  5
34A5
  8
ARQ-PISO
  6
CONTINUOUS
 10
5.235998197781583
 20
10.47485093940857
 30
0.0
 11
5.235998197781583
 21
11.11235093940857
 31
0.0
  0
LINE
  5
34A6
  8
ARQ-PISO
  6
CONTINUOUS
 10
5.735998197781583
 20
10.27235093940855
 30
0.0
 11
5.735998197781583
 21
10.33235093940855
 31
0.0
  0
LINE
  5
34A7
  8
ARQ-PISO
  6
CONTINUOUS
 10
5.735998197781583
 20
10.36235093940855
 30
0.0
 11
5.735998197781583
 21
10.39913311101098
 31
0.0
  0
LINE
  5
34A8
  8
ARQ-PISO
  6
CONTINUOUS
 10
5.735998197781583
 20
10.53413311101098
 30
0.0
 11
5.735998197781583
 21
10.9519429994802
 31
0.0
  0
LINE
  5
34A9
  8
ARQ-PISO
  6
CONTINUOUS
 10
5.735998197781583
 20
10.95217431140714
 30
0.0
 11
5.735998197781583
 21
11.31803647865822
 31
0.0
  0
ENDBLK
  8
0
  0
BLOCK
  8
0
  2
*X69
 70
     1
 10
0.0
 20
0.0
 30
0.0
  0
LINE
  5
34AB
  8
ARQ-PISO
  6
CONTINUOUS
 10
4.085998197781493
 20
13.07235093940857
 30
0.0
 11
4.561198072474975
 21
13.07235093940857
 31
0.0
  0
LINE
  5
34AC
  8
ARQ-PISO
  6
CONTINUOUS
 10
4.598865051812274
 20
13.07235093940857
 30
0.0
 11
4.865998197781423
 21
13.07235093940857
 31
0.0
  0
LINE
  5
34AD
  8
ARQ-PISO
  6
CONTINUOUS
 10
4.885998197781404
 20
13.07235093940857
 30
0.0
 11
5.662103162064141
 21
13.07235093940857
 31
0.0
  0
LINE
  5
34AE
  8
ARQ-PISO
  6
CONTINUOUS
 10
5.664790792042846
 20
13.07235093940857
 30
0.0
 11
6.235998197781481
 21
13.07235093940857
 31
0.0
  0
LINE
  5
34AF
  8
ARQ-PISO
  6
CONTINUOUS
 10
4.085998197781549
 20
12.57235093940857
 30
0.0
 11
5.053504679953278
 21
12.57235093940857
 31
0.0
  0
LINE
  5
34B0
  8
ARQ-PISO
  6
CONTINUOUS
 10
5.745523779544001
 20
12.57235093940857
 30
0.0
 11
5.935998197781369
 21
12.57235093940857
 31
0.0
  0
LINE
  5
34B1
  8
ARQ-PISO
  6
CONTINUOUS
 10
4.085998197781549
 20
12.07235093940857
 30
0.0
 11
5.435998197781529
 21
12.07235093940857
 31
0.0
  0
LINE
  5
34B2
  8
ARQ-PISO
  6
CONTINUOUS
 10
4.235998197781527
 20
11.92235093940856
 30
0.0
 11
4.235998197781527
 21
12.200154204442
 31
0.0
  0
LINE
  5
34B3
  8
ARQ-PISO
  6
CONTINUOUS
 10
4.235998197781527
 20
12.4945316272996
 30
0.0
 11
4.235998197781527
 21
12.79235093940842
 31
0.0
  0
LINE
  5
34B4
  8
ARQ-PISO
  6
CONTINUOUS
 10
4.235998197781527
 20
12.8123509394084
 30
0.0
 11
4.235998197781527
 21
13.15425801783706
 31
0.0
  0
LINE
  5
34B5
  8
ARQ-PISO
  6
CONTINUOUS
 10
4.235998197781527
 20
13.18425801783706
 30
0.0
 11
4.235998197781527
 21
13.57235093940857
 31
0.0
  0
LINE
  5
34B6
  8
ARQ-PISO
  6
CONTINUOUS
 10
4.735998197781527
 20
11.92235093940856
 30
0.0
 11
4.735998197781527
 21
12.77235093940816
 31
0.0
  0
LINE
  5
34B7
  8
ARQ-PISO
  6
CONTINUOUS
 10
4.735998197781527
 20
12.77235093940816
 30
0.0
 11
4.735998197781527
 21
13.57235093940857
 31
0.0
  0
LINE
  5
34B8
  8
ARQ-PISO
  6
CONTINUOUS
 10
5.235998197781527
 20
11.92235093940856
 30
0.0
 11
5.235998197781527
 21
12.52974488223702
 31
0.0
  0
LINE
  5
34B9
  8
ARQ-PISO
  6
CONTINUOUS
 10
5.235998197781527
 20
12.88367241056136
 30
0.0
 11
5.235998197781527
 21
13.57235093940857
 31
0.0
  0
LINE
  5
34BA
  8
ARQ-PISO
  6
CONTINUOUS
 10
5.735998197781527
 20
12.22235093940773
 30
0.0
 11
5.735998197781527
 21
12.52974488223702
 31
0.0
  0
LINE
  5
34BB
  8
ARQ-PISO
  6
CONTINUOUS
 10
5.735998197781527
 20
12.68301909778955
 30
0.0
 11
5.735998197781527
 21
12.98515301829729
 31
0.0
  0
LINE
  5
34BC
  8
ARQ-PISO
  6
CONTINUOUS
 10
5.735998197781527
 20
12.98616850244464
 30
0.0
 11
5.735998197781527
 21
13.26476991776553
 31
0.0
  0
LINE
  5
34BD
  8
ARQ-PISO
  6
CONTINUOUS
 10
5.735998197781527
 20
13.39976991776553
 30
0.0
 11
5.735998197781527
 21
13.44235093940854
 31
0.0
  0
LINE
  5
34BE
  8
ARQ-PISO
  6
CONTINUOUS
 10
5.735998197781527
 20
13.47235093940854
 30
0.0
 11
5.735998197781527
 21
13.57235093940857
 31
0.0
  0
LINE
  5
34BF
  8
ARQ-PISO
  6
CONTINUOUS
 10
6.235998197781527
 20
12.72235093940794
 30
0.0
 11
6.235998197781527
 21
12.77235093940855
 31
0.0
  0
LINE
  5
34C0
  8
ARQ-PISO
  6
CONTINUOUS
 10
6.235998197781527
 20
12.77235093940854
 30
0.0
 11
6.235998197781527
 21
13.26476991776553
 31
0.0
  0
LINE
  5
34C1
  8
ARQ-PISO
  6
CONTINUOUS
 10
6.235998197781527
 20
13.39976991776553
 30
0.0
 11
6.235998197781527
 21
13.44235093940854
 31
0.0
  0
LINE
  5
34C2
  8
ARQ-PISO
  6
CONTINUOUS
 10
6.235998197781527
 20
13.47235093940854
 30
0.0
 11
6.235998197781527
 21
13.57235093940857
 31
0.0
  0
ENDBLK
  8
0
  0
BLOCK
  8
0
  2
*X70
 70
     1
 10
0.0
 20
0.0
 30
0.0
  0
LINE
  5
34C4
  8
ARQ-PISO
  6
CONTINUOUS
 10
10.91448496462687
 20
13.07235093940857
 30
0.0
 11
11.38968483932035
 21
13.07235093940857
 31
0.0
  0
LINE
  5
34C5
  8
ARQ-PISO
  6
CONTINUOUS
 10
11.42735181865764
 20
13.07235093940857
 30
0.0
 11
11.6944849646268
 21
13.07235093940857
 31
0.0
  0
LINE
  5
34C6
  8
ARQ-PISO
  6
CONTINUOUS
 10
11.71448496462678
 20
13.07235093940857
 30
0.0
 11
12.49058992890951
 21
13.07235093940857
 31
0.0
  0
LINE
  5
34C7
  8
ARQ-PISO
  6
CONTINUOUS
 10
12.49327755888822
 20
13.07235093940857
 30
0.0
 11
13.06448496462685
 21
13.07235093940857
 31
0.0
  0
LINE
  5
34C8
  8
ARQ-PISO
  6
CONTINUOUS
 10
10.91448496462692
 20
12.57235093940857
 30
0.0
 11
11.88199144679865
 21
12.57235093940857
 31
0.0
  0
LINE
  5
34C9
  8
ARQ-PISO
  6
CONTINUOUS
 10
12.57401054638937
 20
12.57235093940857
 30
0.0
 11
12.76448496462674
 21
12.57235093940857
 31
0.0
  0
LINE
  5
34CA
  8
ARQ-PISO
  6
CONTINUOUS
 10
10.91448496462692
 20
12.07235093940857
 30
0.0
 11
12.2644849646269
 21
12.07235093940857
 31
0.0
  0
LINE
  5
34CB
  8
ARQ-PISO
  6
CONTINUOUS
 10
11.0644849646269
 20
11.92235093940856
 30
0.0
 11
11.0644849646269
 21
12.200154204442
 31
0.0
  0
LINE
  5
34CC
  8
ARQ-PISO
  6
CONTINUOUS
 10
11.0644849646269
 20
12.4945316272996
 30
0.0
 11
11.0644849646269
 21
12.79235093940842
 31
0.0
  0
LINE
  5
34CD
  8
ARQ-PISO
  6
CONTINUOUS
 10
11.0644849646269
 20
12.8123509394084
 30
0.0
 11
11.0644849646269
 21
13.15425801783706
 31
0.0
  0
LINE
  5
34CE
  8
ARQ-PISO
  6
CONTINUOUS
 10
11.0644849646269
 20
13.18425801783706
 30
0.0
 11
11.0644849646269
 21
13.57235093940857
 31
0.0
  0
LINE
  5
34CF
  8
ARQ-PISO
  6
CONTINUOUS
 10
11.5644849646269
 20
11.92235093940856
 30
0.0
 11
11.5644849646269
 21
12.77235093940816
 31
0.0
  0
LINE
  5
34D0
  8
ARQ-PISO
  6
CONTINUOUS
 10
11.5644849646269
 20
12.77235093940816
 30
0.0
 11
11.5644849646269
 21
13.57235093940857
 31
0.0
  0
LINE
  5
34D1
  8
ARQ-PISO
  6
CONTINUOUS
 10
12.0644849646269
 20
11.92235093940856
 30
0.0
 11
12.0644849646269
 21
12.52974488223702
 31
0.0
  0
LINE
  5
34D2
  8
ARQ-PISO
  6
CONTINUOUS
 10
12.0644849646269
 20
12.88367241056136
 30
0.0
 11
12.0644849646269
 21
13.57235093940857
 31
0.0
  0
LINE
  5
34D3
  8
ARQ-PISO
  6
CONTINUOUS
 10
12.5644849646269
 20
12.22235093940773
 30
0.0
 11
12.5644849646269
 21
12.52974488223702
 31
0.0
  0
LINE
  5
34D4
  8
ARQ-PISO
  6
CONTINUOUS
 10
12.5644849646269
 20
12.68301909778955
 30
0.0
 11
12.5644849646269
 21
12.98515301829729
 31
0.0
  0
LINE
  5
34D5
  8
ARQ-PISO
  6
CONTINUOUS
 10
12.5644849646269
 20
12.98616850244464
 30
0.0
 11
12.5644849646269
 21
13.26476991776553
 31
0.0
  0
LINE
  5
34D6
  8
ARQ-PISO
  6
CONTINUOUS
 10
12.5644849646269
 20
13.39976991776553
 30
0.0
 11
12.5644849646269
 21
13.44235093940854
 31
0.0
  0
LINE
  5
34D7
  8
ARQ-PISO
  6
CONTINUOUS
 10
12.5644849646269
 20
13.47235093940854
 30
0.0
 11
12.5644849646269
 21
13.57235093940857
 31
0.0
  0
LINE
  5
34D8
  8
ARQ-PISO
  6
CONTINUOUS
 10
13.0644849646269
 20
12.72235093940794
 30
0.0
 11
13.0644849646269
 21
12.77235093940855
 31
0.0
  0
LINE
  5
34D9
  8
ARQ-PISO
  6
CONTINUOUS
 10
13.0644849646269
 20
12.77235093940854
 30
0.0
 11
13.0644849646269
 21
13.26476991776553
 31
0.0
  0
LINE
  5
34DA
  8
ARQ-PISO
  6
CONTINUOUS
 10
13.0644849646269
 20
13.39976991776553
 30
0.0
 11
13.0644849646269
 21
13.44235093940854
 31
0.0
  0
LINE
  5
34DB
  8
ARQ-PISO
  6
CONTINUOUS
 10
13.0644849646269
 20
13.47235093940854
 30
0.0
 11
13.0644849646269
 21
13.57235093940857
 31
0.0
  0
ENDBLK
  8
0
  0
BLOCK
  8
0
  2
*X71
 70
     1
 10
0.0
 20
0.0
 30
0.0
  0
LINE
  5
34E1
  8
ARQ-PISO
  6
CONTINUOUS
 10
10.76448496462704
 20
11.27235093940854
 30
0.0
 11
11.54493893037218
 21
11.27235093940854
 31
0.0
  0
LINE
  5
34E2
  8
ARQ-PISO
  6
CONTINUOUS
 10
12.14493893037221
 20
11.27235093940854
 30
0.0
 11
13.06448496462692
 21
11.27235093940854
 31
0.0
  0
LINE
  5
34E3
  8
ARQ-PISO
  6
CONTINUOUS
 10
10.76448496462702
 20
10.77235093940854
 30
0.0
 11
11.10786857907633
 21
10.77235093940854
 31
0.0
  0
LINE
  5
34E4
  8
ARQ-PISO
  6
CONTINUOUS
 10
11.90340063910362
 20
10.77235093940854
 30
0.0
 11
12.39692739352185
 21
10.77235093940854
 31
0.0
  0
LINE
  5
34E5
  8
ARQ-PISO
  6
CONTINUOUS
 10
12.39858958797141
 20
10.77235093940854
 30
0.0
 11
13.06448496462696
 21
10.77235093940854
 31
0.0
  0
LINE
  5
34E6
  8
ARQ-PISO
  6
CONTINUOUS
 10
11.06448496462696
 20
10.27235093940856
 30
0.0
 11
11.06448496462696
 21
11.77235093940857
 31
0.0
  0
LINE
  5
34E7
  8
ARQ-PISO
  6
CONTINUOUS
 10
11.56448496462696
 20
10.27235093940856
 30
0.0
 11
11.56448496462696
 21
10.53490756737016
 31
0.0
  0
LINE
  5
34E8
  8
ARQ-PISO
  6
CONTINUOUS
 10
11.56448496462696
 20
10.94485337949067
 30
0.0
 11
11.56448496462696
 21
11.11239565113189
 31
0.0
  0
LINE
  5
34E9
  8
ARQ-PISO
  6
CONTINUOUS
 10
12.06448496462696
 20
10.27235093940855
 30
0.0
 11
12.06448496462696
 21
10.33985093940857
 31
0.0
  0
LINE
  5
34EA
  8
ARQ-PISO
  6
CONTINUOUS
 10
12.06448496462696
 20
10.47485093940857
 30
0.0
 11
12.06448496462696
 21
11.11235093940857
 31
0.0
  0
LINE
  5
34EB
  8
ARQ-PISO
  6
CONTINUOUS
 10
12.56448496462696
 20
10.27235093940855
 30
0.0
 11
12.56448496462696
 21
10.33235093940855
 31
0.0
  0
LINE
  5
34EC
  8
ARQ-PISO
  6
CONTINUOUS
 10
12.56448496462696
 20
10.36235093940855
 30
0.0
 11
12.56448496462696
 21
10.39913311101098
 31
0.0
  0
LINE
  5
34ED
  8
ARQ-PISO
  6
CONTINUOUS
 10
12.56448496462696
 20
10.53413311101098
 30
0.0
 11
12.56448496462696
 21
10.9519429994802
 31
0.0
  0
LINE
  5
34EE
  8
ARQ-PISO
  6
CONTINUOUS
 10
12.56448496462696
 20
10.95217431140714
 30
0.0
 11
12.56448496462696
 21
11.31803647865822
 31
0.0
  0
ENDBLK
  8
0
  0
BLOCK
  8
0
  2
*X72
 70
     1
 10
0.0
 20
0.0
 30
0.0
  0
LINE
  5
34F0
  8
ARQ-PISO
  6
CONTINUOUS
 10
15.36448496462674
 20
13.07235093940857
 30
0.0
 11
15.93569237036538
 21
13.07235093940857
 31
0.0
  0
LINE
  5
34F1
  8
ARQ-PISO
  6
CONTINUOUS
 10
15.93838000034408
 20
13.07235093940857
 30
0.0
 11
16.71448496462682
 21
13.07235093940857
 31
0.0
  0
LINE
  5
34F2
  8
ARQ-PISO
  6
CONTINUOUS
 10
16.7344849646268
 20
13.07235093940857
 30
0.0
 11
17.00161811059595
 21
13.07235093940857
 31
0.0
  0
LINE
  5
34F3
  8
ARQ-PISO
  6
CONTINUOUS
 10
17.03928508993325
 20
13.07235093940857
 30
0.0
 11
17.51448496462673
 21
13.07235093940857
 31
0.0
  0
LINE
  5
34F4
  8
ARQ-PISO
  6
CONTINUOUS
 10
15.66448496462686
 20
12.57235093940857
 30
0.0
 11
15.85495938286422
 21
12.57235093940857
 31
0.0
  0
LINE
  5
34F5
  8
ARQ-PISO
  6
CONTINUOUS
 10
16.54697848245495
 20
12.57235093940857
 30
0.0
 11
17.51448496462667
 21
12.57235093940857
 31
0.0
  0
LINE
  5
34F6
  8
ARQ-PISO
  6
CONTINUOUS
 10
16.16448496462669
 20
12.07235093940857
 30
0.0
 11
17.51448496462667
 21
12.07235093940857
 31
0.0
  0
LINE
  5
34F7
  8
ARQ-PISO
  6
CONTINUOUS
 10
15.5644849646269
 20
12.72235093940794
 30
0.0
 11
15.5644849646269
 21
12.80400512850517
 31
0.0
  0
LINE
  5
34F8
  8
ARQ-PISO
  6
CONTINUOUS
 10
15.5644849646269
 20
12.804851521289
 30
0.0
 11
15.5644849646269
 21
13.26476991776553
 31
0.0
  0
LINE
  5
34F9
  8
ARQ-PISO
  6
CONTINUOUS
 10
15.5644849646269
 20
13.39976991776553
 30
0.0
 11
15.5644849646269
 21
13.44235093940854
 31
0.0
  0
LINE
  5
34FA
  8
ARQ-PISO
  6
CONTINUOUS
 10
15.5644849646269
 20
13.47235093940854
 30
0.0
 11
15.5644849646269
 21
13.57235093940857
 31
0.0
  0
LINE
  5
34FB
  8
ARQ-PISO
  6
CONTINUOUS
 10
16.0644849646269
 20
12.22235093940789
 30
0.0
 11
16.0644849646269
 21
12.52974488223702
 31
0.0
  0
LINE
  5
34FC
  8
ARQ-PISO
  6
CONTINUOUS
 10
16.0644849646269
 20
12.88367241056136
 30
0.0
 11
16.0644849646269
 21
13.57235093940857
 31
0.0
  0
LINE
  5
34FD
  8
ARQ-PISO
  6
CONTINUOUS
 10
16.5644849646269
 20
11.92235093940856
 30
0.0
 11
16.5644849646269
 21
13.57235093940857
 31
0.0
  0
LINE
  5
34FE
  8
ARQ-PISO
  6
CONTINUOUS
 10
17.0644849646269
 20
11.92235093940856
 30
0.0
 11
17.0644849646269
 21
12.1836529851625
 31
0.0
  0
LINE
  5
34FF
  8
ARQ-PISO
  6
CONTINUOUS
 10
17.0644849646269
 20
12.51102904406144
 30
0.0
 11
17.0644849646269
 21
12.77235093940824
 31
0.0
  0
LINE
  5
3500
  8
ARQ-PISO
  6
CONTINUOUS
 10
17.0644849646269
 20
12.79235093940822
 30
0.0
 11
17.0644849646269
 21
13.08044114516794
 31
0.0
  0
LINE
  5
3501
  8
ARQ-PISO
  6
CONTINUOUS
 10
17.0644849646269
 20
13.25987207982356
 30
0.0
 11
17.0644849646269
 21
13.57235093940857
 31
0.0
  0
ENDBLK
  8
0
  0
BLOCK
  8
0
  2
*X73
 70
     1
 10
0.0
 20
0.0
 30
0.0
  0
LINE
  5
3507
  8
ARQ-PISO
  6
CONTINUOUS
 10
15.36448496462668
 20
11.27235093940854
 30
0.0
 11
16.28403099888139
 21
11.27235093940854
 31
0.0
  0
LINE
  5
3508
  8
ARQ-PISO
  6
CONTINUOUS
 10
16.88403099888141
 20
11.27235093940854
 30
0.0
 11
17.66448496462656
 21
11.27235093940854
 31
0.0
  0
LINE
  5
3509
  8
ARQ-PISO
  6
CONTINUOUS
 10
15.36448496462664
 20
10.77235093940854
 30
0.0
 11
16.03038034128218
 21
10.77235093940854
 31
0.0
  0
LINE
  5
350A
  8
ARQ-PISO
  6
CONTINUOUS
 10
16.03204253573174
 20
10.77235093940854
 30
0.0
 11
16.52556929014998
 21
10.77235093940854
 31
0.0
  0
LINE
  5
350B
  8
ARQ-PISO
  6
CONTINUOUS
 10
17.32110135017727
 20
10.77235093940854
 30
0.0
 11
17.66448496462658
 21
10.77235093940854
 31
0.0
  0
LINE
  5
350C
  8
ARQ-PISO
  6
CONTINUOUS
 10
15.56448496462696
 20
10.27235093940854
 30
0.0
 11
15.56448496462696
 21
10.33235093940855
 31
0.0
  0
LINE
  5
350D
  8
ARQ-PISO
  6
CONTINUOUS
 10
15.56448496462696
 20
10.36235093940855
 30
0.0
 11
15.56448496462696
 21
10.39913311101098
 31
0.0
  0
LINE
  5
350E
  8
ARQ-PISO
  6
CONTINUOUS
 10
15.56448496462696
 20
10.53413311101098
 30
0.0
 11
15.56448496462696
 21
11.10362535372955
 31
0.0
  0
LINE
  5
350F
  8
ARQ-PISO
  6
CONTINUOUS
 10
15.56448496462696
 20
11.10365382875956
 30
0.0
 11
15.56448496462696
 21
11.28091372495929
 31
0.0
  0
LINE
  5
3510
  8
ARQ-PISO
  6
CONTINUOUS
 10
16.06448496462696
 20
10.27235093940855
 30
0.0
 11
16.06448496462696
 21
10.33235093940855
 31
0.0
  0
LINE
  5
3511
  8
ARQ-PISO
  6
CONTINUOUS
 10
16.06448496462696
 20
10.36235093940855
 30
0.0
 11
16.06448496462696
 21
10.39913311101098
 31
0.0
  0
LINE
  5
3512
  8
ARQ-PISO
  6
CONTINUOUS
 10
16.06448496462696
 20
10.53413311101098
 30
0.0
 11
16.06448496462696
 21
10.71165542398676
 31
0.0
  0
LINE
  5
3513
  8
ARQ-PISO
  6
CONTINUOUS
 10
16.06448496462696
 20
10.71232205198715
 30
0.0
 11
16.06448496462696
 21
11.77235093940857
 31
0.0
  0
LINE
  5
3514
  8
ARQ-PISO
  6
CONTINUOUS
 10
16.56448496462696
 20
10.27235093940855
 30
0.0
 11
16.56448496462696
 21
10.33985093940857
 31
0.0
  0
LINE
  5
3515
  8
ARQ-PISO
  6
CONTINUOUS
 10
16.56448496462696
 20
10.47485093940857
 30
0.0
 11
16.56448496462696
 21
10.65447138767621
 31
0.0
  0
LINE
  5
3516
  8
ARQ-PISO
  6
CONTINUOUS
 10
16.56448496462696
 20
10.94485337949067
 30
0.0
 11
16.56448496462696
 21
11.11235093940857
 31
0.0
  0
LINE
  5
3517
  8
ARQ-PISO
  6
CONTINUOUS
 10
17.06448496462696
 20
10.27235093940856
 30
0.0
 11
17.06448496462696
 21
10.53490756737016
 31
0.0
  0
LINE
  5
3518
  8
ARQ-PISO
  6
CONTINUOUS
 10
17.06448496462696
 20
10.94485337949067
 30
0.0
 11
17.06448496462696
 21
11.77235093940857
 31
0.0
  0
LINE
  5
3519
  8
ARQ-PISO
  6
CONTINUOUS
 10
17.56448496462696
 20
10.27235093940857
 30
0.0
 11
17.56448496462696
 21
11.4038377634128
 31
0.0
  0
LINE
  5
351A
  8
ARQ-PISO
  6
CONTINUOUS
 10
17.56448496462696
 20
11.71026633484137
 30
0.0
 11
17.56448496462696
 21
11.77235093940857
 31
0.0
  0
ENDBLK
  8
0
  0
BLOCK
  8
0
  2
*U74
 70
     1
 10
0.0
 20
0.0
 30
0.0
  0
SOLID
  5
352E
  8
0
  6
CONTINUOUS
 10
9.763115196809196
 20
1.561964032714654
 30
0.0
 11
9.763115196809196
 21
1.761964032714646
 31
0.0
 12
14.7631151968092
 22
1.561964032715075
 32
0.0
 13
14.7631151968092
 23
1.561964032715075
 33
0.0
  0
SOLID
  5
352F
  8
0
  6
CONTINUOUS
 10
14.7631151968092
 20
1.561964032715075
 30
0.0
 11
9.763115196809196
 21
1.761964032714646
 31
0.0
 12
14.7631151968092
 22
1.761964032715051
 32
0.0
 13
14.7631151968092
 23
1.761964032715051
 33
0.0
  0
ENDBLK
  8
0
  0
BLOCK
  8
0
  2
*U75
 70
     1
 10
0.0
 20
0.0
 30
0.0
  0
SOLID
  5
3531
  8
0
  6
CONTINUOUS
 10
4.763115196809224
 20
1.761964032714221
 30
0.0
 11
4.763115196809224
 21
1.96196403271421
 31
0.0
 12
5.263115196809224
 22
1.761964032714264
 32
0.0
 13
5.263115196809224
 23
1.761964032714264
 33
0.0
  0
SOLID
  5
3532
  8
0
  6
CONTINUOUS
 10
5.263115196809224
 20
1.761964032714264
 30
0.0
 11
4.763115196809224
 21
1.96196403271421
 31
0.0
 12
5.263115196809224
 22
1.961964032714252
 32
0.0
 13
5.263115196809224
 23
1.961964032714252
 33
0.0
  0
SOLID
  5
3533
  8
0
  6
CONTINUOUS
 10
5.263115196809224
 20
1.561964032714275
 30
0.0
 11
5.263115196809224
 21
1.761964032714264
 31
0.0
 12
5.763115196809224
 22
1.561964032714317
 32
0.0
 13
5.763115196809224
 23
1.561964032714317
 33
0.0
  0
SOLID
  5
3534
  8
0
  6
CONTINUOUS
 10
5.763115196809224
 20
1.561964032714317
 30
0.0
 11
5.263115196809224
 21
1.761964032714264
 31
0.0
 12
5.763115196809224
 22
1.761964032714306
 32
0.0
 13
5.763115196809224
 23
1.761964032714306
 33
0.0
  0
SOLID
  5
3535
  8
0
  6
CONTINUOUS
 10
5.763115196809224
 20
1.761964032714306
 30
0.0
 11
5.763115196809224
 21
1.961964032714294
 31
0.0
 12
6.763115196809224
 22
1.761964032714391
 32
0.0
 13
6.763115196809224
 23
1.761964032714391
 33
0.0
  0
SOLID
  5
3536
  8
0
  6
CONTINUOUS
 10
6.763115196809224
 20
1.761964032714391
 30
0.0
 11
5.763115196809224
 21
1.961964032714294
 31
0.0
 12
6.763115196809224
 22
1.961964032714378
 32
0.0
 13
6.763115196809224
 23
1.961964032714378
 33
0.0
  0
SOLID
  5
3537
  8
0
  6
CONTINUOUS
 10
6.763115196809224
 20
1.561964032714401
 30
0.0
 11
6.763115196809224
 21
1.761964032714391
 31
0.0
 12
7.763115196809224
 22
1.561964032714485
 32
0.0
 13
7.763115196809224
 23
1.561964032714485
 33
0.0
  0
SOLID
  5
3538
  8
0
  6
CONTINUOUS
 10
7.763115196809224
 20
1.561964032714485
 30
0.0
 11
6.763115196809224
 21
1.761964032714391
 31
0.0
 12
7.763115196809224
 22
1.761964032714475
 32
0.0
 13
7.763115196809224
 23
1.761964032714475
 33
0.0
  0
SOLID
  5
3539
  8
0
  6
CONTINUOUS
 10
7.763115196809224
 20
1.761964032714475
 30
0.0
 11
7.763115196809224
 21
1.961964032714463
 31
0.0
 12
9.763115196809196
 22
1.761964032714644
 32
0.0
 13
9.763115196809196
 23
1.761964032714644
 33
0.0
  0
SOLID
  5
353A
  8
0
  6
CONTINUOUS
 10
9.763115196809196
 20
1.761964032714644
 30
0.0
 11
7.763115196809224
 21
1.961964032714463
 31
0.0
 12
9.763115196809196
 22
1.961964032714631
 32
0.0
 13
9.763115196809196
 23
1.961964032714631
 33
0.0
  0
ENDBLK
  8
0
  0
BLOCK
  8
0
  2
*X76
 70
     1
 10
0.0
 20
0.0
 30
0.0
  0
TEXT
  5
353C
  8
0
  6
CONTINUOUS
 62
     6
 10
2.474046307332102
 20
22.55482405898666
 30
0.0
 40
0.0760510847496953
  1
Isenção de Responsabilidade
  7
ARIAL
  0
TEXT
  5
353D
  8
0
  6
CONTINUOUS
 62
     6
 10
2.474046307332102
 20
22.30132044315435
 30
0.0
 40
0.0760510847496953
  1
Este desenho foi disponibilizado como um modelo e pode ser utilizado
  7
ARIAL
  0
TEXT
  5
353E
  8
0
  6
CONTINUOUS
 62
     6
 10
2.474046307332102
 20
22.17456863523819
 30
0.0
 40
0.0760510847496953
  1
livremente em estudos, pesquisas acadêmicas e como base para projetos
  7
ARIAL
  0
TEXT
  5
353F
  8
0
  6
CONTINUOUS
 62
     6
 10
2.474046307332102
 20
22.04781682732203
 30
0.0
 40
0.0760510847496953
  1
comerciais oferecidos ao cliente final.
  7
ARIAL
  0
TEXT
  5
3540
  8
0
  6
CONTINUOUS
 62
     6
 10
2.474046307332102
 20
21.79431321148972
 30
0.0
 40
0.0760510847496953
  1
Contudo, é importante destacar que este não é um projeto finalizado para
  7
ARIAL
  0
TEXT
  5
3541
  8
0
  6
CONTINUOUS
 62
     6
 10
2.474046307332102
 20
21.66756140357356
 30
0.0
 40
0.0760510847496953
  1
ser impresso e vendido diretamente ao cliente. Ele requer análise e
  7
ARIAL
  0
TEXT
  5
3542
  8
0
  6
CONTINUOUS
 62
     6
 10
2.474046307332102
 20
21.5408095956574
 30
0.0
 40
0.0760510847496953
  1
ajustes feitos por um profissional qualificado.
  7
ARIAL
  0
TEXT
  5
3543
  8
0
  6
CONTINUOUS
 62
     6
 10
2.474046307332102
 20
21.28730597982509
 30
0.0
 40
0.0760510847496953
  1
Não há garantias, implícitas ou explícitas, quanto à precisão do projeto
  7
ARIAL
  0
TEXT
  5
3544
  8
0
  6
CONTINUOUS
 62
     6
 10
2.474046307332102
 20
21.16055417190893
 30
0.0
 40
0.0760510847496953
  1
modelo. A responsabilidade pela sua utilização recai sobre o usuário,
  7
ARIAL
  0
TEXT
  5
3545
  8
0
  6
CONTINUOUS
 62
     6
 10
2.474046307332102
 20
21.03380236399277
 30
0.0
 40
0.0760510847496953
  1
incluindo a verificação de conformidade com normas, códigos de obras e
  7
ARIAL
  0
TEXT
  5
3546
  8
0
  6
CONTINUOUS
 62
     6
 10
2.474046307332102
 20
20.90705055607662
 30
0.0
 40
0.0760510847496953
  1
outras exigências aplicáveis.
  7
ARIAL
  0
TEXT
  5
3547
  8
0
  6
CONTINUOUS
 62
     6
 10
2.474046307332102
 20
20.6535469402443
 30
0.0
 40
0.0760510847496953
  1
Para trabalhos acadêmicos, caso seja necessário referenciar a autoria,
  7
ARIAL
  0
TEXT
  5
3548
  8
0
  6
CONTINUOUS
 62
     6
 10
2.474046307332102
 20
20.52679513232814
 30
0.0
 40
0.0760510847496953
  1
utilize o link pelo qual obteve o projeto no site www.aditivocad.com
  7
ARIAL
  0
ENDBLK
  8
0
  0
ENDSEC
  0
SECTION
  2
ENTITIES
  0
LINE
  5
A6E
  8
LINHA_04
 10
2.585998197781549
 20
7.472350939408566
 30
0.0
 11
2.585998197781507
 21
4.972350939408573
 31
0.0
  0
LINE
  5
A6F
  8
ARQ-PISO
 10
2.435998197781572
 20
17.72235093940861
 30
0.0
 11
2.435998197781572
 21
7.472350939408566
 31
0.0
  0
LINE
  5
A77
  8
LINHA_04
 10
3.935998197781572
 20
10.27235093940858
 30
0.0
 11
3.935998197781572
 21
10.12235093940858
 31
0.0
  0
LINE
  5
A7D
  8
ARQ-ESQUADRIAS
 10
6.585998197781528
 20
4.972350939408544
 30
0.0
 11
4.785998197781574
 21
4.972350939408544
 31
0.0
  0
LINE
  5
A7E
  8
ARQ-ESQUADRIAS
 10
6.585998197781528
 20
5.032350939408545
 30
0.0
 11
4.785998197781574
 21
5.032350939408545
 31
0.0
  0
LINE
  5
A7F
  8
ARQ-ESQUADRIAS
 10
6.585998197781528
 20
5.122350939408578
 30
0.0
 11
4.785998197781574
 21
5.122350939408578
 31
0.0
  0
LINE
  5
A80
  8
ARQ-ESQUADRIAS
 10
6.585998197781528
 20
5.062350939408578
 30
0.0
 11
4.785998197781574
 21
5.062350939408578
 31
0.0
  0
LINE
  5
A83
  8
LINHA_04
 10
7.285998197781552
 20
5.12235093940855
 30
0.0
 11
7.285998197781467
 21
13.57235093940857
 31
0.0
  0
LINE
  5
A84
  8
LINHA_04
 10
6.585998197781528
 20
4.972350939408544
 30
0.0
 11
7.435998197781586
 21
4.972350939408559
 31
0.0
  0
LINE
  5
A85
  8
LINHA_04
 10
6.585998197781528
 20
5.122350939408578
 30
0.0
 11
7.285998197781552
 21
5.12235093940855
 31
0.0
  0
LINE
  5
A86
  8
LINHA_04
 10
6.585998197781528
 20
5.12235093940855
 30
0.0
 11
6.585998197781528
 21
4.972350939408544
 31
0.0
  0
LINE
  5
A8B
  8
LINHA_04
 10
2.435998197781586
 20
4.972350939408573
 30
0.0
 11
2.585998197781507
 21
4.972350939408559
 31
0.0
  0
LINE
  5
A8C
  8
LINHA_04
 10
3.935998197781529
 20
4.972350939408543
 30
0.0
 11
4.785998197781574
 21
4.972350939408544
 31
0.0
  0
LINE
  5
A8D
  8
LINHA_04
 10
4.085998197781564
 20
5.122350939408577
 30
0.0
 11
4.785998197781574
 21
5.122350939408578
 31
0.0
  0
LINE
  5
A8E
  8
LINHA_04
 10
4.785998197781574
 20
5.12235093940855
 30
0.0
 11
4.785998197781574
 21
4.972350939408544
 31
0.0
  0
TEXT
  5
A9C
  8
TXT_AMBIENTE
 10
5.171706489239199
 20
6.885216827385115
 30
0.0
 40
0.15
  1
Sala
  7
ARIAL
  0
LINE
  5
A9E
  8
ARQ-ESQUADRIAS
 10
3.935998197781572
 20
10.12235093940858
 30
0.0
 11
3.935998197781572
 21
8.622350939408566
 31
0.0
  0
LINE
  5
A9F
  8
ARQ-ESQUADRIAS
 10
3.995998197781574
 20
10.12235093940858
 30
0.0
 11
3.995998197781574
 21
8.622350939408566
 31
0.0
  0
LINE
  5
AA0
  8
ARQ-ESQUADRIAS
 10
4.085998197781549
 20
10.12235093940858
 30
0.0
 11
4.085998197781549
 21
8.622350939408566
 31
0.0
  0
LINE
  5
AA1
  8
ARQ-ESQUADRIAS
 10
4.025998197781547
 20
10.12235093940858
 30
0.0
 11
4.025998197781547
 21
8.622350939408566
 31
0.0
  0
INSERT
  5
AA4
  8
ARQ-ESQUADRIAS
  2
PORTA80
 10
4.085998197781549
 20
5.231185400079013
 30
0.0
 41
-1.0
 50
270.0
  0
LINE
  5
AA5
  8
ARQ-ESQUADRIAS
 10
3.935998197781572
 20
5.231185400079013
 30
0.0
 11
3.935998197781572
 21
6.031185400078996
 31
0.0
  0
TEXT
  5
AA8
  8
TXT_GERAL
 10
4.125207325912028
 20
5.337300914171481
 30
0.0
 40
0.09
  1
0.80x2.10
  7
TEXTO03
 72
     4
 11
4.461635897340599
 21
5.382300914171481
 31
0.0
  0
LINE
  5
AAA
  8
LINHA_04
 10
4.085998197781549
 20
5.231185400079013
 30
0.0
 11
4.085998197781549
 21
5.122350939408577
 31
0.0
  0
LINE
  5
AAB
  8
LINHA_04
 10
3.935998197781572
 20
5.231185400079013
 30
0.0
 11
3.935998197781572
 21
4.972350939408571
 31
0.0
  0
LINE
  5
AAC
  8
LINHA_04
 10
3.935998197781572
 20
5.231185400079013
 30
0.0
 11
4.085998197781549
 21
5.231185400079013
 31
0.0
  0
LINE
  5
AB2
  8
LINHA_04
 10
3.935998197781572
 20
6.031185400078996
 30
0.0
 11
4.085998197781549
 21
6.031185400078996
 31
0.0
  0
LINE
  5
AB3
  8
LINHA_04
 10
4.085998197781549
 20
8.622350939408566
 30
0.0
 11
3.935998197781572
 21
8.622350939408566
 31
0.0
  0
LINE
  5
AB4
  8
LINHA_04
 10
3.935998197781572
 20
8.622350939408566
 30
0.0
 11
3.935998197781572
 21
6.031185400078996
 31
0.0
  0
LINE
  5
AB5
  8
LINHA_04
 10
4.085998197781549
 20
8.622350939408566
 30
0.0
 11
4.085998197781549
 21
6.031185400078996
 31
0.0
  0
LINE
  5
AB9
  8
LINHA_04
 10
2.435998197781572
 20
7.472350939408566
 30
0.0
 11
2.585998197781549
 21
7.472350939408566
 31
0.0
  0
LINE
  5
ABE
  8
LINHA_04
 10
4.085998197781549
 20
10.12235093940858
 30
0.0
 11
3.935998197781572
 21
10.12235093940858
 31
0.0
  0
LINE
  5
ABF
  8
LINHA_04
 10
4.085998197781549
 20
10.12235093940858
 30
0.0
 11
4.085998197781549
 21
10.12235093940858
 31
0.0
  0
LINE
  5
AEC
  8
LINHA_04
 10
2.435998197781586
 20
4.972350939408587
 30
0.0
 11
2.435998197781572
 21
7.472350939408566
 31
0.0
  0
LINE
  5
AED
  8
LINHA_04
 10
7.435998197781586
 20
4.972350939408559
 30
0.0
 11
7.435998197781572
 21
17.72235093940861
 31
0.0
  0
LINE
  5
B0B
  8
ARQ-PISO
 10
2.585998197781507
 20
4.972350939408573
 30
0.0
 11
3.935998197781529
 21
4.972350939408571
 31
0.0
  0
LINE
  5
CCF
  8
0
 10
2.585998197781549
 20
7.472350939408566
 30
0.0
 11
3.935998197781572
 21
7.472350939408566
 31
0.0
  0
TEXT
  5
CD0
  8
TXT_AMBIENTE
 10
2.742462638084902
 20
6.560126359985832
 30
0.0
 40
0.15
  1
Varanda
  7
ARIAL
  0
TEXT
  5
E9B
  8
TXT_GERAL
 10
3.865059275401852
 20
9.001928463932614
 30
0.0
 40
0.125
  1
1.50x1.10
 50
90.0
  7
ARIAL
 72
     4
 11
3.803369302686981
 21
9.385455066933979
 31
0.0
  0
TEXT
  5
E9C
  8
TXT_GERAL
 10
5.343141054924408
 20
4.825545879689468
 30
0.0
 40
0.09
  1
1.80x1.10
  7
TEXTO03
 72
     4
 11
5.685998197781551
 21
4.870545879689468
 31
0.0
  0
LINE
  5
108D
  8
LINHA_04
 10
7.285998197781538
 20
13.72235093940857
 30
0.0
 11
7.285998197781538
 21
17.5723509394086
 31
0.0
  0
LINE
  5
1092
  8
LINHA_04
 10
3.935998197781572
 20
14.63102879340066
 30
0.0
 11
3.935998197781572
 21
13.4871105284327
 31
0.0
  0
LINE
  5
1093
  8
LINHA_04
 10
3.935998197781515
 20
12.8871105284327
 30
0.0
 11
3.935998197781572
 21
11.77235093940858
 31
0.0
  0
LINE
  5
1094
  8
LINHA_04
 10
4.085998197781549
 20
11.92235093940856
 30
0.0
 11
4.085998197781549
 21
12.8871105284327
 31
0.0
  0
LINE
  5
1095
  8
LINHA_04
 10
4.085998197781549
 20
13.4871105284327
 30
0.0
 11
4.085998197781549
 21
13.57235093940857
 31
0.0
  0
LINE
  5
1097
  8
LINHA_04
 10
3.935998197781572
 20
11.77235093940858
 30
0.0
 11
6.235998197781527
 21
11.77235093940858
 31
0.0
  0
LINE
  5
1098
  8
LINHA_04
 10
4.085998197781549
 20
11.92235093940856
 30
0.0
 11
6.235998197781583
 21
11.92235093940857
 31
0.0
  0
LINE
  5
109C
  8
LINHA_04
 10
6.385998197781447
 20
13.57235093940854
 30
0.0
 11
6.385998197781461
 21
13.47235093940854
 31
0.0
  0
LINE
  5
109D
  8
LINHA_04
 10
6.385998197781518
 20
12.77235093940855
 30
0.0
 11
6.385998197781504
 21
11.13235093940816
 31
0.0
  0
LINE
  5
109E
  8
LINHA_04
 10
6.235998197781527
 20
13.57235093940857
 30
0.0
 11
6.235998197781484
 21
13.44235093940854
 31
0.0
  0
LINE
  5
109F
  8
LINHA_04
 10
6.235998197781541
 20
12.77235093940855
 30
0.0
 11
6.235998197781583
 21
11.9223509394086
 31
0.0
  0
LINE
  5
10A0
  8
ARQ-ESQUADRIAS
 10
3.935998197781572
 20
10.2723509394086
 30
0.0
 11
3.935998197781629
 21
11.77235093940858
 31
0.0
  0
LINE
  5
10A3
  8
LINHA_04
 10
4.085998197781606
 20
17.57235093940863
 30
0.0
 11
7.285998197781538
 21
17.5723509394086
 31
0.0
  0
LINE
  5
10A4
  8
LINHA_04
 10
3.935998197781572
 20
17.72235093940861
 30
0.0
 11
7.435998197781572
 21
17.72235093940861
 31
0.0
  0
TEXT
  5
10A5
  8
TXT_AMBIENTE
 10
5.302136556070337
 20
15.51939363679914
 30
0.0
 40
0.15
  1
Quarto
  7
ARIAL
  0
LINE
  5
10A6
  8
LINHA_04
 10
4.085998197781549
 20
13.57235093940857
 30
0.0
 11
6.235998197781527
 21
13.57235093940857
 31
0.0
  0
LINE
  5
10A7
  8
LINHA_04
 10
6.385998197781504
 20
13.57235093940857
 30
0.0
 11
6.435998197781515
 21
13.57235093940857
 31
0.0
  0
LINE
  5
10A8
  8
LINHA_04
 10
7.235998197781527
 20
13.57235093940857
 30
0.0
 11
7.285998197781538
 21
13.57235093940857
 31
0.0
  0
LINE
  5
10A9
  8
LINHA_04
 10
4.085998197781549
 20
13.7223509394086
 30
0.0
 11
6.435998197781515
 21
13.72235093940857
 31
0.0
  0
LINE
  5
10AA
  8
LINHA_04
 10
7.205998197781554
 20
13.72235093940857
 30
0.0
 11
7.285998197781538
 21
13.72235093940857
 31
0.0
  0
LINE
  5
10AB
  8
ARQ-ESQUADRIAS
 10
3.935998197781572
 20
16.23102879340065
 30
0.0
 11
3.935998197781572
 21
14.63102879340066
 31
0.0
  0
LINE
  5
10AC
  8
ARQ-ESQUADRIAS
 10
3.995998197781574
 20
16.23102879340065
 30
0.0
 11
3.995998197781574
 21
14.63102879340066
 31
0.0
  0
LINE
  5
10AD
  8
ARQ-ESQUADRIAS
 10
4.085998197781549
 20
16.23102879340065
 30
0.0
 11
4.085998197781549
 21
14.63102879340066
 31
0.0
  0
LINE
  5
10AE
  8
ARQ-ESQUADRIAS
 10
4.025998197781547
 20
16.23102879340065
 30
0.0
 11
4.025998197781547
 21
14.63102879340066
 31
0.0
  0
LINE
  5
10B0
  8
LINHA_04
 10
4.085998197781549
 20
14.63102879340066
 30
0.0
 11
3.935998197781572
 21
14.63102879340066
 31
0.0
  0
LINE
  5
10B1
  8
LINHA_04
 10
4.085998197781549
 20
14.63102879340066
 30
0.0
 11
4.085998197781549
 21
13.7223509394086
 31
0.0
  0
TEXT
  5
10B2
  8
TXT_GERAL
 10
3.854846934807297
 20
15.0798203590093
 30
0.0
 40
0.09
  1
1.60x1.10
 50
90.0
  7
TEXTO03
 72
     4
 11
3.809846934807297
 21
15.42267750186645
 31
0.0
  0
LINE
  5
10B3
  8
LINHA_04
 10
3.935998197781572
 20
17.72235093940861
 30
0.0
 11
3.935998197781572
 21
16.23102879340065
 31
0.0
  0
LINE
  5
10B4
  8
LINHA_04
 10
4.085998197781549
 20
17.57235093940863
 30
0.0
 11
4.085998197781549
 21
16.23102879340065
 31
0.0
  0
LINE
  5
10B5
  8
LINHA_04
 10
4.085998197781549
 20
16.23102879340065
 30
0.0
 11
3.935998197781572
 21
16.23102879340065
 31
0.0
  0
LINE
  5
10B6
  8
LINHA_04
 10
4.085998197781493
 20
12.8871105284327
 30
0.0
 11
4.085998197781493
 21
12.8871105284327
 31
0.0
  0
INSERT
  5
10B8
  8
ARQ-ESQUADRIAS
  2
PORTA70
 10
6.235998197781484
 20
13.47235093940854
 30
0.0
 41
-1.0
 50
90.0
  0
LINE
  5
10BA
  8
LINHA_04
 10
6.235998197781484
 20
12.77235093940855
 30
0.0
 11
6.385998197781461
 21
12.77235093940855
 31
0.0
  0
TEXT
  5
10BB
  8
TXT_GERAL
 10
5.662987983399956
 20
13.28726991776553
 30
0.0
 40
0.09
  1
0.70x2.10
  7
TEXTO03
 72
     4
 11
5.999416554828528
 21
13.33226991776553
 31
0.0
  0
LINE
  5
10BC
  8
LINHA_04
 10
6.235998197781484
 20
13.47235093940854
 30
0.0
 11
6.385998197781518
 21
13.47235093940854
 31
0.0
  0
LINE
  5
10BD
  8
ARQ-ESQUADRIAS
 10
3.935998197781515
 20
12.8871105284327
 30
0.0
 11
3.935998197781515
 21
13.4871105284327
 31
0.0
  0
LINE
  5
10BE
  8
ARQ-ESQUADRIAS
 10
3.995998197781518
 20
12.8871105284327
 30
0.0
 11
3.995998197781518
 21
13.4871105284327
 31
0.0
  0
LINE
  5
10BF
  8
ARQ-ESQUADRIAS
 10
4.085998197781493
 20
12.8871105284327
 30
0.0
 11
4.085998197781493
 21
13.4871105284327
 31
0.0
  0
LINE
  5
10C0
  8
ARQ-ESQUADRIAS
 10
4.02599819778149
 20
12.8871105284327
 30
0.0
 11
4.02599819778149
 21
13.4871105284327
 31
0.0
  0
LINE
  5
10C1
  8
LINHA_04
 10
4.085998197781493
 20
12.8871105284327
 30
0.0
 11
3.935998197781515
 21
12.8871105284327
 31
0.0
  0
TEXT
  5
10C3
  8
TXT_GERAL
 10
3.862441504694145
 20
12.8313440875072
 30
0.0
 40
0.09
  1
0.60x0.60
 50
90.0
  7
TEXTO03
 72
     4
 11
3.817441504694145
 21
13.16777265893577
 31
0.0
  0
LINE
  5
10C4
  8
LINHA_04
 10
4.085998197781493
 20
13.4871105284327
 30
0.0
 11
3.935998197781572
 21
13.4871105284327
 31
0.0
  0
LINE
  5
10C5
  8
ARQ-PISO
 10
6.385998197781461
 20
12.77235093940855
 30
0.0
 11
6.385998197781518
 21
13.47235093940854
 31
0.0
  0
INSERT
  5
10C6
  8
ARQ-ESQUADRIAS
  2
PORTA80
 10
7.235998197781527
 20
13.72235093940857
 30
0.0
 41
-1.0
  0
LINE
  5
10C7
  8
LINHA_04
 10
7.235998197781527
 20
13.57235093940859
 30
0.0
 11
7.235998197781527
 21
13.72235093940857
 31
0.0
  0
LINE
  5
10C8
  8
LINHA_04
 10
6.435998197781515
 20
13.57235093940859
 30
0.0
 11
6.435998197781515
 21
13.72235093940857
 31
0.0
  0
TEXT
  5
10CA
  8
TXT_GERAL
 10
7.153907732561455
 20
13.73346012121407
 30
0.0
 40
0.09
  1
0.80x2.10
 50
90.0
  7
TEXTO03
 72
     4
 11
7.108907732561455
 21
14.06988869264264
 31
0.0
  0
LINE
  5
154C
  8
LINHA_04
 10
6.23599819778147
 20
11.77235093940816
 30
0.0
 11
6.235998197781491
 21
11.13235093940816
 31
0.0
  0
LINE
  5
154D
  8
LINHA_04
 10
6.235998197781527
 20
10.32235093940814
 30
0.0
 11
6.235998197781527
 21
10.27235093940815
 31
0.0
  0
LINE
  5
154E
  8
LINHA_04
 10
3.935998197781572
 20
10.27235093940817
 30
0.0
 11
6.235998197781527
 21
10.27235093940815
 31
0.0
  0
LINE
  5
154F
  8
LINHA_04
 10
6.385998197781504
 20
10.32235093940819
 30
0.0
 11
6.385998197781504
 21
10.12235093940814
 31
0.0
  0
INSERT
  5
1550
  8
ARQ-BANHO_COZINHA_SERVIÇO
  2
ADC_COZ_PIA_120X55-T
 10
4.685675163653627
 20
9.848721220584952
 30
0.0
  0
LINE
  5
1551
  8
LINHA_04
 10
6.235998197781527
 20
11.13235093940816
 30
0.0
 11
6.385998197781504
 21
11.13235093940816
 31
0.0
  0
LINE
  5
1552
  8
LINHA_04
 10
6.235998197781527
 20
10.32235093940814
 30
0.0
 11
6.385998197781561
 21
10.32235093940819
 31
0.0
  0
INSERT
  5
1553
  8
ARQ-ESQUADRIAS
  2
PORTA80
 10
6.235998197781527
 20
10.33235093940815
 30
0.0
 50
90.00000000000001
  0
TEXT
  5
1554
  8
TXT_GERAL
 10
5.499850975299493
 20
10.42163311101058
 30
0.0
 40
0.09
  1
0.80x2.10
  7
TEXTO03
 72
     4
 11
5.836279546728065
 21
10.46663311101058
 31
0.0
  0
LINE
  5
1555
  8
ARQ-BANHO_COZINHA_SERVIÇO
 10
5.285998197781538
 20
9.572350939408143
 30
0.0
 11
6.385998197781504
 21
9.57235093940814
 31
0.0
  0
LINE
  5
1556
  8
ARQ-BANHO_COZINHA_SERVIÇO
 10
6.385998197781504
 20
9.57235093940814
 30
0.0
 11
6.385998197781511
 21
10.12235093940814
 31
0.0
  0
LINE
  5
1557
  8
ARQ-BANHO_COZINHA_SERVIÇO
 10
5.285998197781538
 20
10.09735093940813
 30
0.0
 11
6.385998197781511
 21
10.09735093940812
 31
0.0
  0
LINE
  5
1558
  8
LINHA_04
 10
4.085998197781549
 20
10.12235093940817
 30
0.0
 11
6.385998197781504
 21
10.12235093940814
 31
0.0
  0
LINE
  5
1559
  8
LINHA_04
 10
6.385998197781504
 20
10.32235093940819
 30
0.0
 11
6.385998197781504
 21
10.12235093940858
 31
0.0
  0
TEXT
  5
191A
  8
TEXTO_06
 10
2.560355556047213
 20
3.878237663188274
 30
0.0
 40
0.25
  1
PLANTA BAIXA
  7
ARIAL
  0
TEXT
  5
191B
  8
TXT_GERAL
 10
2.560355556047213
 20
3.607262614105666
 30
0.0
 40
0.150992120146832
  1
Área total: 48,60m²
  7
ARIAL
  0
INSERT
  5
19D6
  8
ARQ-MÓVEIS_E_ELETRO
  2
ADC_MCOZ_01
 10
4.130385741065517
 20
8.382350939408568
 30
0.0
 50
89.99999999999999
  0
POLYLINE
  5
19D7
  8
ARQ-BANHO_COZINHA_SERVIÇO
 66
     1
 10
0.0
 20
0.0
 30
0.0
  0
VERTEX
  5
3497
  8
ARQ-BANHO_COZINHA_SERVIÇO
 10
4.085998197781564
 20
7.772350939408577
 30
0.0
  0
VERTEX
  5
3498
  8
ARQ-BANHO_COZINHA_SERVIÇO
 10
5.785998197781524
 20
7.772350939408579
 30
0.0
  0
VERTEX
  5
3499
  8
ARQ-BANHO_COZINHA_SERVIÇO
 10
5.785998197781524
 20
8.122350939408578
 30
0.0
  0
VERTEX
  5
349A
  8
ARQ-BANHO_COZINHA_SERVIÇO
 10
4.085998197781564
 20
8.122350939408577
 30
0.0
  0
SEQEND
  5
3A9B
  8
ARQ-BANHO_COZINHA_SERVIÇO
  0
LINE
  5
19DC
  8
LINHA_04
 10
4.085998197781564
 20
7.772350939408577
 30
0.0
 11
4.785998197781566
 21
7.772350939408579
 31
0.0
  0
TEXT
  5
1A7C
  8
TXT_AMBIENTE
 10
5.171706489239199
 20
8.769905435272769
 30
0.0
 40
0.15
  1
Cozinha
  7
ARIAL
  0
TEXT
  5
1AD6
  8
TXT_ÁREA
 10
2.736751510651715
 20
6.379357789551108
 30
0.0
 40
0.1
  1
A=3.38m2
  0
TEXT
  5
1AD8
  8
TXT_ÁREA
 10
5.156028885955976
 20
6.691961515829014
 30
0.0
 40
0.1
  1
A=8.48m2
  0
TEXT
  5
1ADA
  8
TXT_ÁREA
 10
5.174268182921224
 20
8.605426090777044
 30
0.0
 40
0.1
  1
A=7.52m2
  0
INSERT
  5
1B8B
  8
ARQ-MÓVEIS_E_ELETRO
  2
ADC_MOB_FOG_CKT4B
 10
6.081347709627508
 20
10.05455950892326
 30
0.0
  0
LINE
  5
1B8C
  8
ARQ-BANHO_COZINHA_SERVIÇO
 10
5.763148979303111
 20
10.09735093940854
 30
0.0
 11
5.763148979303111
 21
9.572350939408551
 31
0.0
  0
TEXT
  5
1BE1
  8
TXT_ÁREA
 10
5.317794259344112
 20
15.34132543667845
 30
0.0
 40
0.1
  1
A=12.32m2
  0
LINE
  5
1BE5
  8
ARQ-PISO
 10
6.235998197781456
 20
12.77235093940856
 30
0.0
 11
6.235998197781512
 21
13.47235093940855
 31
0.0
  0
LINE
  5
1BE7
  8
ARQ-PISO
 10
6.385998197781554
 20
10.32235093940853
 30
0.0
 11
6.385998197781504
 21
11.1323509394085
 31
0.0
  0
LINE
  5
1BE8
  8
ARQ-PISO
 10
6.23599819778152
 20
10.32235093940848
 30
0.0
 11
6.23599819778152
 21
11.1323509394085
 31
0.0
  0
DIMENSION
  5
1C72
  8
ARQ-COTAS
  2
*D62
 10
7.747943428608888
 20
17.72235093940861
 30
0.0
 11
7.747943428608891
 21
11.34735093940858
 31
0.0
 70
    32
 13
7.435998197781586
 23
4.972350939408559
 33
0.0
 14
7.435998197781572
 24
17.72235093940861
 34
0.0
 50
90.0
  0
DIMENSION
  5
1C8C
  8
ARQ-COTAS
  2
*D63
 10
7.435998197781586
 20
4.50268937089993
 30
0.0
 11
4.935998197781586
 21
4.50268937089993
 31
0.0
 70
    32
 13
2.435998197781586
 23
4.972350939408573
 33
0.0
 14
7.435998197781586
 24
4.97235093940858
 34
0.0
  0
DIMENSION
  5
1CC0
  8
ARQ-COTAS
  2
*D65
 10
7.435998197781572
 20
18.21690483137088
 30
0.0
 11
5.685998197781572
 21
18.21690483137088
 31
0.0
 70
    32
 13
3.935998197781572
 23
17.72235093940861
 33
0.0
 14
7.435998197781572
 24
17.72235093940861
 34
0.0
  0
DIMENSION
  5
1CE8
  8
ARQ-COTAS
  2
*D67
 10
2.1115151314064
 20
17.72235093940862
 30
0.0
 11
2.111515131406405
 21
12.59735093940859
 31
0.0
 70
    32
 13
2.435998197781572
 23
7.472350939408566
 33
0.0
 14
2.435998197781572
 24
17.72235093940861
 34
0.0
 50
90.0
  0
TEXT
  5
1E2E
  8
TXT_AMBIENTE
 10
5.08885352571285
 20
12.69555849514526
 30
0.0
 40
0.15
  1
Banho
  7
ARIAL
  0
INSERT
  5
1E2F
  8
ARQ-BANHO_COZINHA_SERVIÇO
  2
ADC_WC_BACIA_01-P
 10
4.08599819778145
 20
12.3473427086462
 30
0.0
 50
270.0
  0
INSERT
  5
1E30
  8
ARQ-BANHO_COZINHA_SERVIÇO
  2
BOX-BANHO-80
 10
4.08599819778145
 20
13.57235093940857
 30
0.0
 50
270.0
  0
INSERT
  5
1E31
  8
ARQ-BANHO_COZINHA_SERVIÇO
  2
ADC_WC_LAV-BANC_CUBA-RD4-8
 10
6.235998197781484
 20
11.92235093940799
 30
0.0
 50
90.0
  0
INSERT
  5
1E32
  8
ARQ-BANHO_COZINHA_SERVIÇO
  2
ADC_CHUVEIRO
 10
4.08599819778145
 20
13.16925801783705
 30
0.0
  0
TEXT
  5
1E33
  8
TXT_ÁREA
 10
5.079255021017403
 20
12.55706411825339
 30
0.0
 40
0.1
  1
A=3.55m2
  0
INSERT
  5
21B2
  8
ARQ-PISO
  2
*X68
 10
0.0
 20
0.0
 30
0.0
  0
TEXT
  5
21B3
  8
TXT_AMBIENTE
 10
4.327778810866704
 20
10.74389839995452
 30
0.0
 40
0.15
  1
Serviço
  7
ARIAL
  0
INSERT
  5
21B4
  8
ARQ-MÓVEIS_E_ELETRO
  2
ADC_MOB_LAVR10KG-P
 10
5.016452163526822
 20
11.77235093940857
 30
0.0
  0
INSERT
  5
21B5
  8
ARQ-BANHO_COZINHA_SERVIÇO
  2
ADC_TANQUE_50X50-P
 10
5.968839447718423
 20
11.77235093940857
 30
0.0
  0
TEXT
  5
21B6
  8
TXT_ÁREA
 10
4.350249326029058
 20
10.56222680338653
 30
0.0
 40
0.1
  1
A=3.45m2
  0
INSERT
  5
23AC
  8
ARQ-PISO
  2
*X69
 10
0.0
 20
0.0
 30
0.0
  0
TEXT
  5
2499
  8
TXT_GERAL
  6
CONTINUOUS
 10
3.890333735311627
 20
6.223522825019213
 30
0.0
 40
0.09
  1
2.50
 50
90.0
  7
TEXTO03
  0
TEXT
  5
249A
  8
TXT_GERAL
  6
CONTINUOUS
 10
6.657538419828632
 20
5.16375410749038
 30
0.0
 40
0.09
  1
3.20
  7
TEXTO03
  0
TEXT
  5
249B
  8
TXT_GERAL
  6
CONTINUOUS
 10
3.104569626352961
 20
5.062350939408571
 30
0.0
 40
0.09
  1
1.35
  7
TEXTO03
  0
TEXT
  5
249C
  8
TXT_GERAL
  6
CONTINUOUS
 10
4.206806334564417
 20
6.632037429170771
 30
0.0
 40
0.09
  1
2.65
 50
90.0
  7
TEXTO03
  0
TEXT
  5
249D
  8
TXT_GERAL
  6
CONTINUOUS
 10
3.029569626353001
 20
7.555265731278649
 30
0.0
 40
0.09
  1
1.50
  7
TEXTO03
  0
TEXT
  5
249E
  8
TXT_GERAL
  6
CONTINUOUS
 10
6.145998197781465
 20
11.21536481214935
 30
0.0
 40
0.09
  1
1.50
 50
90.0
  7
TEXTO03
  0
TEXT
  5
249F
  8
TXT_GERAL
  6
CONTINUOUS
 10
4.692035265556703
 20
10.36235093940858
 30
0.0
 40
0.09
  1
2.30
  7
TEXTO03
  0
TEXT
  5
24A0
  8
TXT_GERAL
  6
CONTINUOUS
 10
5.535998197781544
 20
13.8123509394086
 30
0.0
 40
0.09
  1
3.20
  7
TEXTO03
  0
TEXT
  5
24A1
  8
TXT_GERAL
  6
CONTINUOUS
 10
4.263828686890459
 20
16.51304056730302
 30
0.0
 40
0.09
  1
3.85
 50
90.0
  7
TEXTO03
  0
TEXT
  5
24A2
  8
TXT_GERAL
  6
CONTINUOUS
 10
5.010998197781595
 20
12.0123509394086
 30
0.0
 40
0.09
  1
2.15
  7
TEXTO03
  0
TEXT
  5
24A4
  8
TXT_GERAL
  6
CONTINUOUS
 10
4.224340254255848
 20
8.693512366876277
 30
0.0
 40
0.09
  1
2.35
 50
90.0
  7
TEXTO03
  0
LINE
  5
2521
  8
ARQ-PISO
 10
2.555998197781577
 20
17.72235093940861
 30
0.0
 11
2.555998197781577
 21
7.472350939408566
 31
0.0
  0
TEXT
  5
26DE
  8
TXT_GERAL
  6
CONTINUOUS
 10
10.718820502157
 20
6.223522825019213
 30
0.0
 40
0.09
  1
2.50
 50
90.0
  7
TEXTO03
  0
LINE
  5
26DF
  8
LINHA_04
 10
9.364484964626925
 20
7.472350939408566
 30
0.0
 11
9.364484964626882
 21
4.972350939408573
 31
0.0
  0
LINE
  5
26E0
  8
ARQ-PISO
 10
9.214484964626948
 20
17.72235093940861
 30
0.0
 11
9.214484964626948
 21
7.472350939408566
 31
0.0
  0
LINE
  5
26E1
  8
ARQ-PISO
 10
9.334484964626952
 20
17.72235093940861
 30
0.0
 11
9.334484964626952
 21
7.472350939408566
 31
0.0
  0
LINE
  5
26E2
  8
LINHA_04
 10
10.76448496462694
 20
10.27235093940858
 30
0.0
 11
10.76448496462694
 21
10.12235093940858
 31
0.0
  0
LINE
  5
26E3
  8
ARQ-ESQUADRIAS
 10
13.4144849646269
 20
4.972350939408544
 30
0.0
 11
11.61448496462695
 21
4.972350939408544
 31
0.0
  0
LINE
  5
26E4
  8
ARQ-ESQUADRIAS
 10
13.4144849646269
 20
5.032350939408545
 30
0.0
 11
11.61448496462695
 21
5.032350939408545
 31
0.0
  0
LINE
  5
26E5
  8
ARQ-ESQUADRIAS
 10
13.4144849646269
 20
5.122350939408578
 30
0.0
 11
11.61448496462695
 21
5.122350939408578
 31
0.0
  0
LINE
  5
26E6
  8
ARQ-ESQUADRIAS
 10
13.4144849646269
 20
5.062350939408578
 30
0.0
 11
11.61448496462695
 21
5.062350939408578
 31
0.0
  0
TEXT
  5
26E7
  8
TXT_GERAL
  6
CONTINUOUS
 10
13.486025186674
 20
5.16375410749038
 30
0.0
 40
0.09
  1
3.20
  7
TEXTO03
  0
LINE
  5
26E8
  8
LINHA_04
 10
14.11448496462693
 20
5.12235093940855
 30
0.0
 11
14.11448496462684
 21
13.57235093940857
 31
0.0
  0
LINE
  5
26E9
  8
LINHA_04
 10
13.4144849646269
 20
4.972350939408544
 30
0.0
 11
14.21448496462693
 21
4.972350939408559
 31
0.0
  0
LINE
  5
26EA
  8
LINHA_04
 10
13.4144849646269
 20
5.122350939408578
 30
0.0
 11
14.11448496462693
 21
5.12235093940855
 31
0.0
  0
LINE
  5
26EB
  8
LINHA_04
 10
13.4144849646269
 20
5.12235093940855
 30
0.0
 11
13.4144849646269
 21
4.972350939408544
 31
0.0
  0
LINE
  5
26EC
  8
LINHA_04
 10
9.214484964626962
 20
4.972350939408573
 30
0.0
 11
9.364484964626882
 21
4.972350939408559
 31
0.0
  0
LINE
  5
26ED
  8
LINHA_04
 10
10.7644849646269
 20
4.972350939408543
 30
0.0
 11
11.61448496462695
 21
4.972350939408544
 31
0.0
  0
LINE
  5
26EE
  8
LINHA_04
 10
10.91448496462694
 20
5.122350939408577
 30
0.0
 11
11.61448496462695
 21
5.122350939408578
 31
0.0
  0
LINE
  5
26EF
  8
LINHA_04
 10
10.91448496462694
 20
7.772350939408577
 30
0.0
 11
11.61448496462694
 21
7.772350939408579
 31
0.0
  0
LINE
  5
26F0
  8
LINHA_04
 10
11.61448496462695
 20
5.12235093940855
 30
0.0
 11
11.61448496462695
 21
4.972350939408544
 31
0.0
  0
TEXT
  5
26F1
  8
TXT_GERAL
  6
CONTINUOUS
 10
9.933056393198335
 20
5.062350939408571
 30
0.0
 40
0.09
  1
1.40
  7
TEXTO03
  0
TEXT
  5
26F2
  8
TXT_AMBIENTE
 10
12.00019325608457
 20
6.885216827385115
 30
0.0
 40
0.15
  1
Sala
  7
ARIAL
  0
LINE
  5
26F3
  8
ARQ-ESQUADRIAS
 10
10.76448496462694
 20
10.12235093940858
 30
0.0
 11
10.76448496462694
 21
8.622350939408566
 31
0.0
  0
LINE
  5
26F4
  8
ARQ-ESQUADRIAS
 10
10.82448496462695
 20
10.12235093940858
 30
0.0
 11
10.82448496462695
 21
8.622350939408566
 31
0.0
  0
LINE
  5
26F5
  8
ARQ-ESQUADRIAS
 10
10.91448496462692
 20
10.12235093940858
 30
0.0
 11
10.91448496462692
 21
8.622350939408566
 31
0.0
  0
LINE
  5
26F6
  8
ARQ-ESQUADRIAS
 10
10.85448496462692
 20
10.12235093940858
 30
0.0
 11
10.85448496462692
 21
8.622350939408566
 31
0.0
  0
TEXT
  5
26F7
  8
TXT_GERAL
  6
CONTINUOUS
 10
11.03529310140979
 20
6.63203742917077
 30
0.0
 40
0.09
  1
2.65
 50
90.0
  7
TEXTO03
  0
INSERT
  5
26F8
  8
ARQ-ESQUADRIAS
  2
PORTA80
 10
10.91448496462692
 20
5.231185400079013
 30
0.0
 41
-1.0
 50
270.0
  0
LINE
  5
26F9
  8
ARQ-ESQUADRIAS
 10
10.76448496462694
 20
5.231185400079013
 30
0.0
 11
10.76448496462694
 21
6.031185400078996
 31
0.0
  0
TEXT
  5
26FA
  8
TXT_GERAL
 10
10.9536940927574
 20
5.337300914171481
 30
0.0
 40
0.09
  1
0.80x2.10
  7
TEXTO03
 72
     4
 11
11.29012266418597
 21
5.382300914171481
 31
0.0
  0
LINE
  5
26FB
  8
LINHA_04
 10
10.91448496462692
 20
5.231185400079013
 30
0.0
 11
10.91448496462692
 21
5.122350939408577
 31
0.0
  0
LINE
  5
26FC
  8
LINHA_04
 10
10.76448496462694
 20
5.231185400079013
 30
0.0
 11
10.76448496462694
 21
4.972350939408571
 31
0.0
  0
LINE
  5
26FD
  8
LINHA_04
 10
10.76448496462694
 20
5.231185400079013
 30
0.0
 11
10.91448496462692
 21
5.231185400079013
 31
0.0
  0
LINE
  5
26FE
  8
LINHA_04
 10
10.76448496462694
 20
6.031185400078996
 30
0.0
 11
10.91448496462692
 21
6.031185400078996
 31
0.0
  0
LINE
  5
26FF
  8
LINHA_04
 10
10.91448496462692
 20
8.622350939408566
 30
0.0
 11
10.76448496462694
 21
8.622350939408566
 31
0.0
  0
LINE
  5
2700
  8
LINHA_04
 10
10.76448496462694
 20
8.622350939408566
 30
0.0
 11
10.76448496462694
 21
6.031185400078996
 31
0.0
  0
LINE
  5
2701
  8
LINHA_04
 10
10.91448496462692
 20
8.622350939408566
 30
0.0
 11
10.91448496462692
 21
6.031185400078996
 31
0.0
  0
LINE
  5
2702
  8
LINHA_04
 10
9.214484964626948
 20
7.472350939408566
 30
0.0
 11
9.364484964626925
 21
7.472350939408566
 31
0.0
  0
LINE
  5
2703
  8
LINHA_04
 10
10.91448496462692
 20
10.12235093940858
 30
0.0
 11
10.76448496462694
 21
10.12235093940858
 31
0.0
  0
LINE
  5
2704
  8
LINHA_04
 10
10.91448496462692
 20
10.12235093940858
 30
0.0
 11
10.91448496462692
 21
10.12235093940858
 31
0.0
  0
TEXT
  5
2705
  8
TXT_GERAL
  6
CONTINUOUS
 10
9.858056393198375
 20
7.496215131911239
 30
0.0
 40
0.09
  1
1.55
  7
TEXTO03
  0
LINE
  5
2706
  8
LINHA_04
 10
9.214484964626962
 20
4.972350939408587
 30
0.0
 11
9.214484964626948
 21
7.472350939408566
 31
0.0
  0
LINE
  5
2708
  8
ARQ-PISO
 10
9.364484964626882
 20
4.972350939408573
 30
0.0
 11
10.7644849646269
 21
4.972350939408571
 31
0.0
  0
LINE
  5
270A
  8
0
 10
9.364484964626925
 20
7.472350939408566
 30
0.0
 11
10.76448496462694
 21
7.472350939408566
 31
0.0
  0
TEXT
  5
270B
  8
TXT_AMBIENTE
 10
9.520949404930278
 20
6.560126359985832
 30
0.0
 40
0.15
  1
Varanda
  7
ARIAL
  0
TEXT
  5
270D
  8
TXT_GERAL
 10
10.69354604224722
 20
9.001928463932614
 30
0.0
 40
0.125
  1
1.50x1.10
 50
90.0
  7
ARIAL
 72
     4
 11
10.63185606953235
 21
9.385455066933979
 31
0.0
  0
TEXT
  5
270E
  8
TXT_GERAL
 10
12.17162782176978
 20
4.825545879689468
 30
0.0
 40
0.09
  1
1.80x1.10
  7
TEXTO03
 72
     4
 11
12.51448496462692
 21
4.870545879689468
 31
0.0
  0
TEXT
  5
270F
  8
TXT_GERAL
  6
CONTINUOUS
 10
12.97448496462684
 20
11.21536481214935
 30
0.0
 40
0.09
  1
1.50
 50
90.0
  7
TEXTO03
  0
LINE
  5
2710
  8
LINHA_04
 10
14.11448496462691
 20
13.72235093940857
 30
0.0
 11
14.11448496462691
 21
17.5723509394086
 31
0.0
  0
LINE
  5
2711
  8
LINHA_04
 10
10.76448496462694
 20
14.63102879340066
 30
0.0
 11
10.76448496462694
 21
13.4871105284327
 31
0.0
  0
LINE
  5
2712
  8
LINHA_04
 10
10.76448496462689
 20
12.8871105284327
 30
0.0
 11
10.76448496462694
 21
11.77235093940858
 31
0.0
  0
INSERT
  5
2713
  8
ARQ-PISO
  2
*X70
 10
0.0
 20
0.0
 30
0.0
  0
LINE
  5
2714
  8
LINHA_04
 10
10.91448496462692
 20
11.92235093940856
 30
0.0
 11
10.91448496462692
 21
12.8871105284327
 31
0.0
  0
LINE
  5
2715
  8
LINHA_04
 10
10.91448496462692
 20
13.4871105284327
 30
0.0
 11
10.91448496462692
 21
13.57235093940857
 31
0.0
  0
TEXT
  5
2716
  8
TXT_GERAL
  6
CONTINUOUS
 10
11.8939846471981
 20
10.36235093940858
 30
0.0
 40
0.09
  1
2.30
  7
TEXTO03
  0
LINE
  5
2717
  8
LINHA_04
 10
10.76448496462694
 20
11.77235093940858
 30
0.0
 11
13.0644849646269
 21
11.77235093940858
 31
0.0
  0
LINE
  5
2718
  8
LINHA_04
 10
10.91448496462692
 20
11.92235093940856
 30
0.0
 11
13.06448496462696
 21
11.92235093940857
 31
0.0
  0
LINE
  5
2719
  8
LINHA_04
 10
13.21448496462682
 20
13.57235093940854
 30
0.0
 11
13.21448496462683
 21
13.47235093940854
 31
0.0
  0
LINE
  5
271A
  8
LINHA_04
 10
13.21448496462689
 20
12.77235093940855
 30
0.0
 11
13.21448496462688
 21
11.13235093940816
 31
0.0
  0
LINE
  5
271B
  8
LINHA_04
 10
13.21448496462688
 20
10.32235093940819
 30
0.0
 11
13.21448496462688
 21
10.12235093940858
 31
0.0
  0
LINE
  5
271C
  8
LINHA_04
 10
13.0644849646269
 20
13.57235093940857
 30
0.0
 11
13.06448496462686
 21
13.44235093940854
 31
0.0
  0
LINE
  5
271D
  8
LINHA_04
 10
13.06448496462691
 20
12.77235093940855
 30
0.0
 11
13.06448496462696
 21
11.9223509394086
 31
0.0
  0
LINE
  5
271E
  8
ARQ-ESQUADRIAS
 10
10.76448496462694
 20
10.2723509394086
 30
0.0
 11
10.764484964627
 21
11.77235093940858
 31
0.0
  0
TEXT
  5
271F
  8
TXT_GERAL
  6
CONTINUOUS
 10
12.36448496462692
 20
13.8123509394086
 30
0.0
 40
0.09
  1
3.20
  7
TEXTO03
  0
LINE
  5
2720
  8
LINHA_04
 10
10.91448496462698
 20
17.57235093940863
 30
0.0
 11
14.11448496462691
 21
17.5723509394086
 31
0.0
  0
LINE
  5
2721
  8
LINHA_04
 10
10.76448496462694
 20
17.72235093940861
 30
0.0
 11
14.2144849646268
 21
17.72235093940861
 31
0.0
  0
TEXT
  5
2722
  8
TXT_AMBIENTE
 10
12.13062332291571
 20
15.51939363679914
 30
0.0
 40
0.15
  1
Quarto
  7
ARIAL
  0
LINE
  5
2723
  8
LINHA_04
 10
10.91448496462692
 20
13.57235093940857
 30
0.0
 11
13.0644849646269
 21
13.57235093940857
 31
0.0
  0
LINE
  5
2724
  8
LINHA_04
 10
13.21448496462688
 20
13.57235093940857
 30
0.0
 11
13.26448496462689
 21
13.57235093940857
 31
0.0
  0
LINE
  5
2725
  8
LINHA_04
 10
14.0644849646269
 20
13.57235093940857
 30
0.0
 11
14.11448496462691
 21
13.57235093940857
 31
0.0
  0
LINE
  5
2726
  8
LINHA_04
 10
10.91448496462692
 20
13.7223509394086
 30
0.0
 11
13.26448496462689
 21
13.72235093940857
 31
0.0
  0
LINE
  5
2727
  8
LINHA_04
 10
14.03448496462693
 20
13.72235093940857
 30
0.0
 11
14.11448496462691
 21
13.72235093940857
 31
0.0
  0
LINE
  5
2728
  8
ARQ-ESQUADRIAS
 10
10.76448496462694
 20
16.23102879340065
 30
0.0
 11
10.76448496462694
 21
14.63102879340066
 31
0.0
  0
LINE
  5
2729
  8
ARQ-ESQUADRIAS
 10
10.82448496462695
 20
16.23102879340065
 30
0.0
 11
10.82448496462695
 21
14.63102879340066
 31
0.0
  0
LINE
  5
272A
  8
ARQ-ESQUADRIAS
 10
10.91448496462692
 20
16.23102879340065
 30
0.0
 11
10.91448496462692
 21
14.63102879340066
 31
0.0
  0
LINE
  5
272B
  8
ARQ-ESQUADRIAS
 10
10.85448496462692
 20
16.23102879340065
 30
0.0
 11
10.85448496462692
 21
14.63102879340066
 31
0.0
  0
TEXT
  5
272C
  8
TXT_GERAL
  6
CONTINUOUS
 10
11.09231545373583
 20
16.51304056730302
 30
0.0
 40
0.09
  1
3.85
 50
90.0
  7
TEXTO03
  0
LINE
  5
272D
  8
LINHA_04
 10
10.91448496462692
 20
14.63102879340066
 30
0.0
 11
10.76448496462694
 21
14.63102879340066
 31
0.0
  0
LINE
  5
272E
  8
LINHA_04
 10
10.91448496462692
 20
14.63102879340066
 30
0.0
 11
10.91448496462692
 21
13.7223509394086
 31
0.0
  0
TEXT
  5
272F
  8
TXT_GERAL
 10
10.68333370165267
 20
15.0798203590093
 30
0.0
 40
0.09
  1
1.60x1.10
 50
90.0
  7
TEXTO03
 72
     4
 11
10.63833370165267
 21
15.42267750186645
 31
0.0
  0
LINE
  5
2730
  8
LINHA_04
 10
10.76448496462694
 20
17.72235093940861
 30
0.0
 11
10.76448496462694
 21
16.23102879340065
 31
0.0
  0
LINE
  5
2731
  8
LINHA_04
 10
10.91448496462692
 20
17.57235093940863
 30
0.0
 11
10.91448496462692
 21
16.23102879340065
 31
0.0
  0
LINE
  5
2732
  8
LINHA_04
 10
10.91448496462692
 20
16.23102879340065
 30
0.0
 11
10.76448496462694
 21
16.23102879340065
 31
0.0
  0
LINE
  5
2733
  8
LINHA_04
 10
10.91448496462687
 20
12.8871105284327
 30
0.0
 11
10.91448496462687
 21
12.8871105284327
 31
0.0
  0
INSERT
  5
2734
  8
ARQ-ESQUADRIAS
  2
PORTA70
 10
13.06448496462686
 20
13.47235093940854
 30
0.0
 41
-1.0
 50
90.0
  0
TEXT
  5
2735
  8
TXT_GERAL
  6
CONTINUOUS
 10
11.83948496462697
 20
12.0123509394086
 30
0.0
 40
0.09
  1
2.15
  7
TEXTO03
  0
LINE
  5
2736
  8
LINHA_04
 10
13.06448496462686
 20
12.77235093940855
 30
0.0
 11
13.21448496462683
 21
12.77235093940855
 31
0.0
  0
TEXT
  5
2737
  8
TXT_GERAL
 10
12.49147475024533
 20
13.28726991776553
 30
0.0
 40
0.09
  1
0.70x2.10
  7
TEXTO03
 72
     4
 11
12.8279033216739
 21
13.33226991776553
 31
0.0
  0
LINE
  5
2738
  8
LINHA_04
 10
13.06448496462686
 20
13.47235093940854
 30
0.0
 11
13.21448496462689
 21
13.47235093940854
 31
0.0
  0
LINE
  5
2739
  8
ARQ-ESQUADRIAS
 10
10.76448496462689
 20
12.8871105284327
 30
0.0
 11
10.76448496462689
 21
13.4871105284327
 31
0.0
  0
LINE
  5
273A
  8
ARQ-ESQUADRIAS
 10
10.82448496462689
 20
12.8871105284327
 30
0.0
 11
10.82448496462689
 21
13.4871105284327
 31
0.0
  0
LINE
  5
273B
  8
ARQ-ESQUADRIAS
 10
10.91448496462687
 20
12.8871105284327
 30
0.0
 11
10.91448496462687
 21
13.4871105284327
 31
0.0
  0
LINE
  5
273C
  8
ARQ-ESQUADRIAS
 10
10.85448496462686
 20
12.8871105284327
 30
0.0
 11
10.85448496462686
 21
13.4871105284327
 31
0.0
  0
LINE
  5
273D
  8
LINHA_04
 10
10.91448496462687
 20
12.8871105284327
 30
0.0
 11
10.76448496462689
 21
12.8871105284327
 31
0.0
  0
TEXT
  5
273E
  8
TXT_GERAL
 10
10.69092827153952
 20
12.8313440875072
 30
0.0
 40
0.09
  1
0.60x0.60
 50
90.0
  7
TEXTO03
 72
     4
 11
10.64592827153952
 21
13.16777265893577
 31
0.0
  0
LINE
  5
273F
  8
LINHA_04
 10
10.91448496462687
 20
13.4871105284327
 30
0.0
 11
10.76448496462694
 21
13.4871105284327
 31
0.0
  0
LINE
  5
2740
  8
ARQ-PISO
 10
13.21448496462683
 20
12.77235093940855
 30
0.0
 11
13.21448496462689
 21
13.47235093940854
 31
0.0
  0
LINE
  5
2741
  8
ARQ-PISO
 10
13.06448496462683
 20
12.77235093940856
 30
0.0
 11
13.06448496462689
 21
13.47235093940855
 31
0.0
  0
INSERT
  5
2742
  8
ARQ-ESQUADRIAS
  2
PORTA80
 10
14.0644849646269
 20
13.72235093940857
 30
0.0
 41
-1.0
  0
LINE
  5
2743
  8
LINHA_04
 10
14.0644849646269
 20
13.57235093940859
 30
0.0
 11
14.0644849646269
 21
13.72235093940857
 31
0.0
  0
LINE
  5
2744
  8
LINHA_04
 10
13.26448496462689
 20
13.57235093940859
 30
0.0
 11
13.26448496462689
 21
13.72235093940857
 31
0.0
  0
TEXT
  5
2745
  8
TXT_GERAL
 10
13.98239449940683
 20
13.73346012121407
 30
0.0
 40
0.09
  1
0.80x2.10
 50
90.0
  7
TEXTO03
 72
     4
 11
13.93739449940683
 21
14.06988869264264
 31
0.0
  0
LINE
  5
2751
  8
LINHA_04
 10
13.06448496462684
 20
11.77235093940816
 30
0.0
 11
13.06448496462686
 21
11.13235093940816
 31
0.0
  0
LINE
  5
2752
  8
LINHA_04
 10
13.0644849646269
 20
10.32235093940814
 30
0.0
 11
13.0644849646269
 21
10.27235093940815
 31
0.0
  0
LINE
  5
2753
  8
LINHA_04
 10
10.76448496462694
 20
10.27235093940817
 30
0.0
 11
13.0644849646269
 21
10.27235093940815
 31
0.0
  0
LINE
  5
2754
  8
LINHA_04
 10
13.21448496462688
 20
10.32235093940819
 30
0.0
 11
13.21448496462688
 21
10.12235093940814
 31
0.0
  0
INSERT
  5
2755
  8
ARQ-BANHO_COZINHA_SERVIÇO
  2
ADC_COZ_PIA_120X55-T
 10
11.514161930499
 20
9.848721220584952
 30
0.0
  0
LINE
  5
2756
  8
LINHA_04
 10
13.0644849646269
 20
11.13235093940816
 30
0.0
 11
13.21448496462688
 21
11.13235093940816
 31
0.0
  0
LINE
  5
2757
  8
LINHA_04
 10
13.0644849646269
 20
10.32235093940814
 30
0.0
 11
13.21448496462693
 21
10.32235093940819
 31
0.0
  0
INSERT
  5
2758
  8
ARQ-ESQUADRIAS
  2
PORTA80
 10
13.0644849646269
 20
10.33235093940815
 30
0.0
 50
90.00000000000001
  0
TEXT
  5
2759
  8
TXT_GERAL
 10
12.32833774214487
 20
10.42163311101058
 30
0.0
 40
0.09
  1
0.80x2.10
  7
TEXTO03
 72
     4
 11
12.66476631357344
 21
10.46663311101058
 31
0.0
  0
LINE
  5
275A
  8
ARQ-BANHO_COZINHA_SERVIÇO
 10
12.11448496462691
 20
9.572350939408143
 30
0.0
 11
13.21448496462688
 21
9.57235093940814
 31
0.0
  0
LINE
  5
275B
  8
ARQ-BANHO_COZINHA_SERVIÇO
 10
13.21448496462688
 20
9.57235093940814
 30
0.0
 11
13.21448496462688
 21
10.12235093940814
 31
0.0
  0
LINE
  5
275C
  8
ARQ-BANHO_COZINHA_SERVIÇO
 10
12.11448496462691
 20
10.09735093940813
 30
0.0
 11
13.21448496462688
 21
10.09735093940812
 31
0.0
  0
LINE
  5
275D
  8
LINHA_04
 10
10.91448496462692
 20
10.12235093940817
 30
0.0
 11
13.21448496462688
 21
10.12235093940814
 31
0.0
  0
TEXT
  5
2769
  8
TEXTO_06
 10
9.388842322892586
 20
3.878237663188274
 30
0.0
 40
0.25
  1
PLANTA BAIXA
  7
ARIAL
  0
TEXT
  5
276A
  8
TXT_GERAL
 10
9.388842322892586
 20
3.607262614105666
 30
0.0
 40
0.150992120146832
  1
Opção de construção Geminada
  7
ARIAL
  0
INSERT
  5
276E
  8
ARQ-MÓVEIS_E_ELETRO
  2
ADC_MCOZ_01
 10
10.95887250791089
 20
8.382350939408568
 30
0.0
 50
89.99999999999999
  0
POLYLINE
  5
276F
  8
ARQ-BANHO_COZINHA_SERVIÇO
 66
     1
 10
0.0
 20
0.0
 30
0.0
  0
VERTEX
  5
34DC
  8
ARQ-BANHO_COZINHA_SERVIÇO
 10
10.91448496462694
 20
7.772350939408577
 30
0.0
  0
VERTEX
  5
34DD
  8
ARQ-BANHO_COZINHA_SERVIÇO
 10
12.6144849646269
 20
7.772350939408579
 30
0.0
  0
VERTEX
  5
34DE
  8
ARQ-BANHO_COZINHA_SERVIÇO
 10
12.6144849646269
 20
8.122350939408578
 30
0.0
  0
VERTEX
  5
34DF
  8
ARQ-BANHO_COZINHA_SERVIÇO
 10
10.91448496462694
 20
8.122350939408577
 30
0.0
  0
SEQEND
  5
3A9C
  8
ARQ-BANHO_COZINHA_SERVIÇO
  0
TEXT
  5
2776
  8
TXT_AMBIENTE
 10
12.00019325608457
 20
8.769905435272769
 30
0.0
 40
0.15
  1
Cozinha
  7
ARIAL
  0
TEXT
  5
2777
  8
TXT_ÁREA
 10
9.51523827749709
 20
6.379357789551108
 30
0.0
 40
0.1
  1
A=3.50m2
  0
TEXT
  5
2778
  8
TXT_ÁREA
 10
11.98451565280135
 20
6.691961515829014
 30
0.0
 40
0.1
  1
A=8.48m2
  0
TEXT
  5
2779
  8
TXT_ÁREA
 10
12.0027549497666
 20
8.605426090777044
 30
0.0
 40
0.1
  1
A=7.52m2
  0
INSERT
  5
277A
  8
ARQ-MÓVEIS_E_ELETRO
  2
ADC_MOB_FOG_CKT4B
 10
12.90983447647288
 20
10.05455950892326
 30
0.0
  0
LINE
  5
277B
  8
ARQ-BANHO_COZINHA_SERVIÇO
 10
12.59163574614848
 20
10.09735093940854
 30
0.0
 11
12.59163574614848
 21
9.572350939408551
 31
0.0
  0
TEXT
  5
277C
  8
TXT_ÁREA
 10
12.14628102618948
 20
15.34132543667845
 30
0.0
 40
0.1
  1
A=12.32m2
  0
LINE
  5
277F
  8
ARQ-PISO
 10
13.21448496462693
 20
10.32235093940853
 30
0.0
 11
13.21448496462688
 21
11.1323509394085
 31
0.0
  0
LINE
  5
2780
  8
ARQ-PISO
 10
13.06448496462689
 20
10.32235093940848
 30
0.0
 11
13.06448496462689
 21
11.1323509394085
 31
0.0
  0
TEXT
  5
2797
  8
TXT_GERAL
  6
CONTINUOUS
 10
11.05282702110122
 20
8.693512366876275
 30
0.0
 40
0.09
  1
2.35
 50
90.0
  7
TEXTO03
  0
TEXT
  5
2798
  8
TXT_AMBIENTE
 10
11.91734029255822
 20
12.69555849514526
 30
0.0
 40
0.15
  1
Banho
  7
ARIAL
  0
INSERT
  5
2799
  8
ARQ-BANHO_COZINHA_SERVIÇO
  2
ADC_WC_BACIA_01-P
 10
10.91448496462682
 20
12.3473427086462
 30
0.0
 50
270.0
  0
INSERT
  5
279A
  8
ARQ-BANHO_COZINHA_SERVIÇO
  2
BOX-BANHO-80
 10
10.91448496462682
 20
13.57235093940857
 30
0.0
 50
270.0
  0
INSERT
  5
279B
  8
ARQ-BANHO_COZINHA_SERVIÇO
  2
ADC_WC_LAV-BANC_CUBA-RD4-8
 10
13.06448496462686
 20
11.92235093940799
 30
0.0
 50
90.0
  0
INSERT
  5
279C
  8
ARQ-BANHO_COZINHA_SERVIÇO
  2
ADC_CHUVEIRO
 10
10.91448496462682
 20
13.16925801783705
 30
0.0
  0
TEXT
  5
279D
  8
TXT_ÁREA
 10
11.90774178786278
 20
12.55706411825339
 30
0.0
 40
0.1
  1
A=3.55m2
  0
INSERT
  5
279E
  8
ARQ-PISO
  2
*X71
 10
0.0
 20
0.0
 30
0.0
  0
TEXT
  5
279F
  8
TXT_AMBIENTE
 10
11.15626557771208
 20
10.74389839995452
 30
0.0
 40
0.15
  1
Serviço
  7
ARIAL
  0
INSERT
  5
27A0
  8
ARQ-MÓVEIS_E_ELETRO
  2
ADC_MOB_LAVR10KG-P
 10
11.84493893037219
 20
11.77235093940857
 30
0.0
  0
INSERT
  5
27A1
  8
ARQ-BANHO_COZINHA_SERVIÇO
  2
ADC_TANQUE_50X50-P
 10
12.7973262145638
 20
11.77235093940857
 30
0.0
  0
TEXT
  5
27A2
  8
TXT_ÁREA
 10
11.17873609287443
 20
10.56222680338653
 30
0.0
 40
0.1
  1
A=3.45m2
  0
TEXT
  5
2A7A
  8
TXT_GERAL
  6
CONTINUOUS
 10
17.8001494270966
 20
6.223522825019211
 30
0.0
 40
0.09
  1
2.50
 50
90.00000000000001
  7
TEXTO03
  0
LINE
  5
2A7B
  8
LINHA_04
 10
19.06448496462667
 20
7.472350939408566
 30
0.0
 11
19.06448496462671
 21
4.972350939408573
 31
0.0
  0
LINE
  5
2A7C
  8
ARQ-PISO
 10
19.21448496462665
 20
17.72235093940861
 30
0.0
 11
19.21448496462665
 21
7.472350939408566
 31
0.0
  0
LINE
  5
2A7D
  8
ARQ-PISO
 10
19.09448496462664
 20
17.72235093940861
 30
0.0
 11
19.09448496462664
 21
7.472350939408566
 31
0.0
  0
LINE
  5
2A7E
  8
LINHA_04
 10
17.66448496462665
 20
10.27235093940858
 30
0.0
 11
17.66448496462665
 21
10.12235093940858
 31
0.0
  0
LINE
  5
2A7F
  8
ARQ-ESQUADRIAS
 10
15.0144849646267
 20
4.972350939408544
 30
0.0
 11
16.81448496462665
 21
4.972350939408544
 31
0.0
  0
LINE
  5
2A80
  8
ARQ-ESQUADRIAS
 10
15.0144849646267
 20
5.032350939408545
 30
0.0
 11
16.81448496462665
 21
5.032350939408545
 31
0.0
  0
LINE
  5
2A81
  8
ARQ-ESQUADRIAS
 10
15.0144849646267
 20
5.122350939408578
 30
0.0
 11
16.81448496462665
 21
5.122350939408578
 31
0.0
  0
LINE
  5
2A82
  8
ARQ-ESQUADRIAS
 10
15.0144849646267
 20
5.062350939408578
 30
0.0
 11
16.81448496462665
 21
5.062350939408578
 31
0.0
  0
TEXT
  5
2A83
  8
TXT_GERAL
  6
CONTINUOUS
 10
14.64294474257959
 20
5.16375410749038
 30
0.0
 40
0.09
  1
3.20
  7
TEXTO03
  0
LINE
  5
2A84
  8
LINHA_04
 10
14.31448496462667
 20
5.12235093940855
 30
0.0
 11
14.31448496462676
 21
13.57235093940857
 31
0.0
  0
LINE
  5
2A85
  8
LINHA_04
 10
15.0144849646267
 20
4.972350939408544
 30
0.0
 11
14.21448496462667
 21
4.972350939408559
 31
0.0
  0
LINE
  5
2A86
  8
LINHA_04
 10
15.0144849646267
 20
5.122350939408578
 30
0.0
 11
14.31448496462667
 21
5.12235093940855
 31
0.0
  0
LINE
  5
2A87
  8
LINHA_04
 10
15.0144849646267
 20
5.12235093940855
 30
0.0
 11
15.0144849646267
 21
4.972350939408544
 31
0.0
  0
LINE
  5
2A88
  8
LINHA_04
 10
19.21448496462664
 20
4.972350939408573
 30
0.0
 11
19.06448496462671
 21
4.972350939408559
 31
0.0
  0
LINE
  5
2A89
  8
LINHA_04
 10
17.66448496462669
 20
4.972350939408543
 30
0.0
 11
16.81448496462665
 21
4.972350939408544
 31
0.0
  0
LINE
  5
2A8A
  8
LINHA_04
 10
17.51448496462666
 20
5.122350939408577
 30
0.0
 11
16.81448496462665
 21
5.122350939408578
 31
0.0
  0
LINE
  5
2A8B
  8
LINHA_04
 10
17.51448496462666
 20
7.772350939408577
 30
0.0
 11
16.81448496462666
 21
7.772350939408579
 31
0.0
  0
LINE
  5
2A8C
  8
LINHA_04
 10
16.81448496462665
 20
5.12235093940855
 30
0.0
 11
16.81448496462665
 21
4.972350939408544
 31
0.0
  0
TEXT
  5
2A8D
  8
TXT_GERAL
  6
CONTINUOUS
 10
18.18305639319812
 20
5.062350939408571
 30
0.0
 40
0.09
  1
1.35
  7
TEXTO03
  0
TEXT
  5
2A8E
  8
TXT_AMBIENTE
 10
15.77164148057746
 20
6.885216827385115
 30
0.0
 40
0.15
  1
Sala
  7
ARIAL
  0
LINE
  5
2A8F
  8
ARQ-ESQUADRIAS
 10
17.66448496462665
 20
10.12235093940858
 30
0.0
 11
17.66448496462665
 21
8.622350939408566
 31
0.0
  0
LINE
  5
2A90
  8
ARQ-ESQUADRIAS
 10
17.60448496462665
 20
10.12235093940858
 30
0.0
 11
17.60448496462665
 21
8.622350939408566
 31
0.0
  0
LINE
  5
2A91
  8
ARQ-ESQUADRIAS
 10
17.51448496462667
 20
10.12235093940858
 30
0.0
 11
17.51448496462667
 21
8.622350939408566
 31
0.0
  0
LINE
  5
2A92
  8
ARQ-ESQUADRIAS
 10
17.57448496462668
 20
10.12235093940858
 30
0.0
 11
17.57448496462668
 21
8.622350939408566
 31
0.0
  0
TEXT
  5
2A93
  8
TXT_GERAL
  6
CONTINUOUS
 10
17.48367682784381
 20
6.632037429170769
 30
0.0
 40
0.09
  1
2.65
 50
90.00000000000001
  7
TEXTO03
  0
INSERT
  5
2A94
  8
ARQ-ESQUADRIAS
  2
PORTA80
 10
17.51448496462667
 20
5.231185400079013
 30
0.0
 50
90.00000000000001
  0
LINE
  5
2A95
  8
ARQ-ESQUADRIAS
 10
17.66448496462665
 20
5.231185400079013
 30
0.0
 11
17.66448496462665
 21
6.031185400078996
 31
0.0
  0
TEXT
  5
2A96
  8
TXT_GERAL
 10
16.80241869363905
 20
5.337300914171481
 30
0.0
 40
0.09
  1
0.80x2.10
  7
TEXTO03
 72
     4
 11
17.13884726506762
 21
5.382300914171481
 31
0.0
  0
LINE
  5
2A97
  8
LINHA_04
 10
17.51448496462667
 20
5.231185400079013
 30
0.0
 11
17.51448496462667
 21
5.122350939408577
 31
0.0
  0
LINE
  5
2A98
  8
LINHA_04
 10
17.66448496462665
 20
5.231185400079013
 30
0.0
 11
17.66448496462665
 21
4.972350939408571
 31
0.0
  0
LINE
  5
2A99
  8
LINHA_04
 10
17.66448496462665
 20
5.231185400079013
 30
0.0
 11
17.51448496462667
 21
5.231185400079013
 31
0.0
  0
LINE
  5
2A9A
  8
LINHA_04
 10
17.66448496462665
 20
6.031185400078996
 30
0.0
 11
17.51448496462667
 21
6.031185400078996
 31
0.0
  0
LINE
  5
2A9B
  8
LINHA_04
 10
17.51448496462667
 20
8.622350939408566
 30
0.0
 11
17.66448496462665
 21
8.622350939408566
 31
0.0
  0
LINE
  5
2A9C
  8
LINHA_04
 10
17.66448496462665
 20
8.622350939408566
 30
0.0
 11
17.66448496462665
 21
6.031185400078996
 31
0.0
  0
LINE
  5
2A9D
  8
LINHA_04
 10
17.51448496462667
 20
8.622350939408566
 30
0.0
 11
17.51448496462667
 21
6.031185400078996
 31
0.0
  0
LINE
  5
2A9E
  8
LINHA_04
 10
19.21448496462665
 20
7.472350939408566
 30
0.0
 11
19.06448496462667
 21
7.472350939408566
 31
0.0
  0
LINE
  5
2A9F
  8
LINHA_04
 10
17.51448496462667
 20
10.12235093940858
 30
0.0
 11
17.66448496462665
 21
10.12235093940858
 31
0.0
  0
LINE
  5
2AA0
  8
LINHA_04
 10
17.51448496462667
 20
10.12235093940858
 30
0.0
 11
17.51448496462667
 21
10.12235093940858
 31
0.0
  0
TEXT
  5
2AA1
  8
TXT_GERAL
  6
CONTINUOUS
 10
18.25805639319808
 20
7.496215131911239
 30
0.0
 40
0.09
  1
1.50
  7
TEXTO03
  0
LINE
  5
2AA2
  8
LINHA_04
 10
19.21448496462664
 20
4.972350939408587
 30
0.0
 11
19.21448496462665
 21
7.472350939408566
 31
0.0
  0
LINE
  5
2AA3
  8
ARQ-PISO
 10
19.06448496462671
 20
4.972350939408573
 30
0.0
 11
17.66448496462669
 21
4.972350939408571
 31
0.0
  0
LINE
  5
2AA4
  8
0
 10
19.06448496462667
 20
7.472350939408566
 30
0.0
 11
17.66448496462665
 21
7.472350939408566
 31
0.0
  0
TEXT
  5
2AA6
  8
TXT_GERAL
 10
17.85880383243611
 20
9.001928463932614
 30
0.0
 40
0.125
  1
1.50x1.10
 50
90.0
  7
ARIAL
 72
     4
 11
17.79711385972124
 21
9.385455066933979
 31
0.0
  0
TEXT
  5
2AA7
  8
TXT_GERAL
 10
15.57162782176953
 20
4.825545879689468
 30
0.0
 40
0.09
  1
1.80x1.10
  7
TEXTO03
 72
     4
 11
15.91448496462667
 21
4.870545879689468
 31
0.0
  0
TEXT
  5
2AA8
  8
TXT_GERAL
  6
CONTINUOUS
 10
15.54448496462676
 20
11.21536481214935
 30
0.0
 40
0.09
  1
1.50
 50
90.00000000000001
  7
TEXTO03
  0
LINE
  5
2AA9
  8
LINHA_04
 10
14.31448496462669
 20
13.72235093940857
 30
0.0
 11
14.31448496462669
 21
17.5723509394086
 31
0.0
  0
LINE
  5
2AAA
  8
LINHA_04
 10
17.66448496462665
 20
14.63102879340066
 30
0.0
 11
17.66448496462665
 21
13.4871105284327
 31
0.0
  0
LINE
  5
2AAB
  8
LINHA_04
 10
17.66448496462671
 20
12.8871105284327
 30
0.0
 11
17.66448496462665
 21
11.77235093940858
 31
0.0
  0
INSERT
  5
2AAC
  8
ARQ-PISO
  2
*X72
 10
0.0
 20
0.0
 30
0.0
  0
LINE
  5
2AAD
  8
LINHA_04
 10
17.51448496462667
 20
11.92235093940856
 30
0.0
 11
17.51448496462667
 21
12.8871105284327
 31
0.0
  0
LINE
  5
2AAE
  8
LINHA_04
 10
17.51448496462667
 20
13.4871105284327
 30
0.0
 11
17.51448496462667
 21
13.57235093940857
 31
0.0
  0
TEXT
  5
2AAF
  8
TXT_GERAL
  6
CONTINUOUS
 10
16.37959492534683
 20
10.36235093940858
 30
0.0
 40
0.09
  1
2.30
  7
TEXTO03
  0
LINE
  5
2AB0
  8
LINHA_04
 10
17.66448496462665
 20
11.77235093940858
 30
0.0
 11
15.3644849646267
 21
11.77235093940858
 31
0.0
  0
LINE
  5
2AB1
  8
LINHA_04
 10
17.51448496462667
 20
11.92235093940856
 30
0.0
 11
15.36448496462664
 21
11.92235093940857
 31
0.0
  0
LINE
  5
2AB2
  8
LINHA_04
 10
15.21448496462678
 20
13.57235093940854
 30
0.0
 11
15.21448496462676
 21
13.47235093940854
 31
0.0
  0
LINE
  5
2AB3
  8
LINHA_04
 10
15.21448496462671
 20
12.77235093940855
 30
0.0
 11
15.21448496462672
 21
11.13235093940816
 31
0.0
  0
LINE
  5
2AB4
  8
LINHA_04
 10
15.21448496462672
 20
10.32235093940819
 30
0.0
 11
15.21448496462672
 21
10.12235093940858
 31
0.0
  0
LINE
  5
2AB5
  8
LINHA_04
 10
15.3644849646267
 20
13.57235093940857
 30
0.0
 11
15.36448496462674
 21
13.44235093940854
 31
0.0
  0
LINE
  5
2AB6
  8
LINHA_04
 10
15.36448496462668
 20
12.77235093940855
 30
0.0
 11
15.36448496462664
 21
11.9223509394086
 31
0.0
  0
LINE
  5
2AB7
  8
ARQ-ESQUADRIAS
 10
17.66448496462665
 20
10.2723509394086
 30
0.0
 11
17.6644849646266
 21
11.77235093940858
 31
0.0
  0
TEXT
  5
2AB8
  8
TXT_GERAL
  6
CONTINUOUS
 10
15.76448496462668
 20
13.8123509394086
 30
0.0
 40
0.09
  1
3.20
  7
TEXTO03
  0
LINE
  5
2AB9
  8
LINHA_04
 10
17.51448496462662
 20
17.57235093940863
 30
0.0
 11
14.31448496462669
 21
17.5723509394086
 31
0.0
  0
LINE
  5
2ABA
  8
LINHA_04
 10
17.66448496462665
 20
17.72235093940861
 30
0.0
 11
14.2144849646268
 21
17.72235093940861
 31
0.0
  0
TEXT
  5
2ABB
  8
TXT_AMBIENTE
 10
15.65649803880719
 20
15.51939363679914
 30
0.0
 40
0.15
  1
Quarto
  7
ARIAL
  0
LINE
  5
2ABC
  8
LINHA_04
 10
17.51448496462667
 20
13.57235093940857
 30
0.0
 11
15.3644849646267
 21
13.57235093940857
 31
0.0
  0
LINE
  5
2ABD
  8
LINHA_04
 10
15.21448496462672
 20
13.57235093940857
 30
0.0
 11
15.16448496462671
 21
13.57235093940857
 31
0.0
  0
LINE
  5
2ABE
  8
LINHA_04
 10
14.3644849646267
 20
13.57235093940857
 30
0.0
 11
14.31448496462669
 21
13.57235093940857
 31
0.0
  0
LINE
  5
2ABF
  8
LINHA_04
 10
17.51448496462667
 20
13.7223509394086
 30
0.0
 11
15.16448496462671
 21
13.72235093940857
 31
0.0
  0
LINE
  5
2AC0
  8
LINHA_04
 10
14.39448496462667
 20
13.72235093940857
 30
0.0
 11
14.31448496462669
 21
13.72235093940857
 31
0.0
  0
LINE
  5
2AC1
  8
ARQ-ESQUADRIAS
 10
17.66448496462665
 20
16.23102879340065
 30
0.0
 11
17.66448496462665
 21
14.63102879340066
 31
0.0
  0
LINE
  5
2AC2
  8
ARQ-ESQUADRIAS
 10
17.60448496462665
 20
16.23102879340065
 30
0.0
 11
17.60448496462665
 21
14.63102879340066
 31
0.0
  0
LINE
  5
2AC3
  8
ARQ-ESQUADRIAS
 10
17.51448496462667
 20
16.23102879340065
 30
0.0
 11
17.51448496462667
 21
14.63102879340066
 31
0.0
  0
LINE
  5
2AC4
  8
ARQ-ESQUADRIAS
 10
17.57448496462668
 20
16.23102879340065
 30
0.0
 11
17.57448496462668
 21
14.63102879340066
 31
0.0
  0
TEXT
  5
2AC5
  8
TXT_GERAL
  6
CONTINUOUS
 10
17.42665447551776
 20
16.51304056730302
 30
0.0
 40
0.09
  1
3.85
 50
90.00000000000001
  7
TEXTO03
  0
LINE
  5
2AC6
  8
LINHA_04
 10
17.51448496462667
 20
14.63102879340066
 30
0.0
 11
17.66448496462665
 21
14.63102879340066
 31
0.0
  0
LINE
  5
2AC7
  8
LINHA_04
 10
17.51448496462667
 20
14.63102879340066
 30
0.0
 11
17.51448496462667
 21
13.7223509394086
 31
0.0
  0
TEXT
  5
2AC8
  8
TXT_GERAL
 10
17.83563622760093
 20
15.0798203590093
 30
0.0
 40
0.09
  1
1.60x1.10
 50
90.0
  7
TEXTO03
 72
     4
 11
17.79063622760093
 21
15.42267750186645
 31
0.0
  0
LINE
  5
2AC9
  8
LINHA_04
 10
17.66448496462665
 20
17.72235093940861
 30
0.0
 11
17.66448496462665
 21
16.23102879340065
 31
0.0
  0
LINE
  5
2ACA
  8
LINHA_04
 10
17.51448496462667
 20
17.57235093940863
 30
0.0
 11
17.51448496462667
 21
16.23102879340065
 31
0.0
  0
LINE
  5
2ACB
  8
LINHA_04
 10
17.51448496462667
 20
16.23102879340065
 30
0.0
 11
17.66448496462665
 21
16.23102879340065
 31
0.0
  0
LINE
  5
2ACC
  8
LINHA_04
 10
17.51448496462673
 20
12.8871105284327
 30
0.0
 11
17.51448496462673
 21
12.8871105284327
 31
0.0
  0
INSERT
  5
2ACD
  8
ARQ-ESQUADRIAS
  2
PORTA70
 10
15.36448496462674
 20
13.47235093940854
 30
0.0
 50
270.0
  0
TEXT
  5
2ACE
  8
TXT_GERAL
  6
CONTINUOUS
 10
16.28948496462663
 20
12.0123509394086
 30
0.0
 40
0.09
  1
2.15
  7
TEXTO03
  0
LINE
  5
2ACF
  8
LINHA_04
 10
15.36448496462674
 20
12.77235093940855
 30
0.0
 11
15.21448496462676
 21
12.77235093940855
 31
0.0
  0
TEXT
  5
2AD0
  8
TXT_GERAL
 10
15.26463803615112
 20
13.28726991776553
 30
0.0
 40
0.09
  1
0.70x2.10
  7
TEXTO03
 72
     4
 11
15.6010666075797
 21
13.33226991776553
 31
0.0
  0
LINE
  5
2AD1
  8
LINHA_04
 10
15.36448496462674
 20
13.47235093940854
 30
0.0
 11
15.21448496462671
 21
13.47235093940854
 31
0.0
  0
LINE
  5
2AD2
  8
ARQ-ESQUADRIAS
 10
17.66448496462671
 20
12.8871105284327
 30
0.0
 11
17.66448496462671
 21
13.4871105284327
 31
0.0
  0
LINE
  5
2AD3
  8
ARQ-ESQUADRIAS
 10
17.60448496462671
 20
12.8871105284327
 30
0.0
 11
17.60448496462671
 21
13.4871105284327
 31
0.0
  0
LINE
  5
2AD4
  8
ARQ-ESQUADRIAS
 10
17.51448496462673
 20
12.8871105284327
 30
0.0
 11
17.51448496462673
 21
13.4871105284327
 31
0.0
  0
LINE
  5
2AD5
  8
ARQ-ESQUADRIAS
 10
17.57448496462673
 20
12.8871105284327
 30
0.0
 11
17.57448496462673
 21
13.4871105284327
 31
0.0
  0
LINE
  5
2AD6
  8
LINHA_04
 10
17.51448496462673
 20
12.8871105284327
 30
0.0
 11
17.66448496462671
 21
12.8871105284327
 31
0.0
  0
TEXT
  5
2AD7
  8
TXT_GERAL
 10
17.82804165771408
 20
12.8313440875072
 30
0.0
 40
0.09
  1
0.60x0.60
 50
90.0
  7
TEXTO03
 72
     4
 11
17.78304165771408
 21
13.16777265893577
 31
0.0
  0
LINE
  5
2AD8
  8
LINHA_04
 10
17.51448496462673
 20
13.4871105284327
 30
0.0
 11
17.66448496462665
 21
13.4871105284327
 31
0.0
  0
LINE
  5
2AD9
  8
ARQ-PISO
 10
15.21448496462676
 20
12.77235093940855
 30
0.0
 11
15.21448496462671
 21
13.47235093940854
 31
0.0
  0
LINE
  5
2ADA
  8
ARQ-PISO
 10
15.36448496462677
 20
12.77235093940856
 30
0.0
 11
15.36448496462671
 21
13.47235093940855
 31
0.0
  0
INSERT
  5
2ADB
  8
ARQ-ESQUADRIAS
  2
PORTA80
 10
14.3644849646267
 20
13.72235093940857
 30
0.0
  0
LINE
  5
2ADC
  8
LINHA_04
 10
14.3644849646267
 20
13.57235093940859
 30
0.0
 11
14.3644849646267
 21
13.72235093940857
 31
0.0
  0
LINE
  5
2ADD
  8
LINHA_04
 10
15.16448496462671
 20
13.57235093940859
 30
0.0
 11
15.16448496462671
 21
13.72235093940857
 31
0.0
  0
TEXT
  5
2ADE
  8
TXT_GERAL
 10
14.53657542984677
 20
13.73346012121407
 30
0.0
 40
0.09
  1
0.80x2.10
 50
90.0
  7
TEXTO03
 72
     4
 11
14.49157542984677
 21
14.06988869264264
 31
0.0
  0
LINE
  5
2ADF
  8
LINHA_04
 10
15.36448496462675
 20
11.77235093940816
 30
0.0
 11
15.36448496462673
 21
11.13235093940816
 31
0.0
  0
LINE
  5
2AE0
  8
LINHA_04
 10
15.3644849646267
 20
10.32235093940814
 30
0.0
 11
15.3644849646267
 21
10.27235093940815
 31
0.0
  0
LINE
  5
2AE1
  8
LINHA_04
 10
17.66448496462665
 20
10.27235093940817
 30
0.0
 11
15.3644849646267
 21
10.27235093940815
 31
0.0
  0
LINE
  5
2AE2
  8
LINHA_04
 10
15.21448496462672
 20
10.32235093940819
 30
0.0
 11
15.21448496462672
 21
10.12235093940814
 31
0.0
  0
INSERT
  5
2AE3
  8
ARQ-BANHO_COZINHA_SERVIÇO
  2
ADC_COZ_PIA_120X55-T
 10
16.9148079987546
 20
9.848721220584952
 30
0.0
 41
-1.0
  0
LINE
  5
2AE4
  8
LINHA_04
 10
15.3644849646267
 20
11.13235093940816
 30
0.0
 11
15.21448496462672
 21
11.13235093940816
 31
0.0
  0
LINE
  5
2AE5
  8
LINHA_04
 10
15.3644849646267
 20
10.32235093940814
 30
0.0
 11
15.21448496462666
 21
10.32235093940819
 31
0.0
  0
INSERT
  5
2AE6
  8
ARQ-ESQUADRIAS
  2
PORTA80
 10
15.3644849646267
 20
10.33235093940815
 30
0.0
 41
-1.0
 50
270.0
  0
TEXT
  5
2AE7
  8
TXT_GERAL
 10
15.42777504425159
 20
10.42163311101058
 30
0.0
 40
0.09
  1
0.80x2.10
  7
TEXTO03
 72
     4
 11
15.76420361568016
 21
10.46663311101058
 31
0.0
  0
LINE
  5
2AE8
  8
ARQ-BANHO_COZINHA_SERVIÇO
 10
16.31448496462669
 20
9.572350939408143
 30
0.0
 11
15.21448496462672
 21
9.57235093940814
 31
0.0
  0
LINE
  5
2AE9
  8
ARQ-BANHO_COZINHA_SERVIÇO
 10
15.21448496462672
 20
9.57235093940814
 30
0.0
 11
15.21448496462671
 21
10.12235093940814
 31
0.0
  0
LINE
  5
2AEA
  8
ARQ-BANHO_COZINHA_SERVIÇO
 10
16.31448496462669
 20
10.09735093940813
 30
0.0
 11
15.21448496462671
 21
10.09735093940812
 31
0.0
  0
LINE
  5
2AEB
  8
LINHA_04
 10
17.51448496462667
 20
10.12235093940817
 30
0.0
 11
15.21448496462672
 21
10.12235093940814
 31
0.0
  0
INSERT
  5
2AEE
  8
ARQ-MÓVEIS_E_ELETRO
  2
ADC_MCOZ_01
 10
17.47009742134271
 20
8.382350939408568
 30
0.0
 41
-1.0
 50
270.0
  0
POLYLINE
  5
2AEF
  8
ARQ-BANHO_COZINHA_SERVIÇO
 66
     1
 10
0.0
 20
0.0
 30
0.0
  0
VERTEX
  5
3502
  8
ARQ-BANHO_COZINHA_SERVIÇO
 10
17.51448496462666
 20
7.772350939408577
 30
0.0
  0
VERTEX
  5
3503
  8
ARQ-BANHO_COZINHA_SERVIÇO
 10
15.8144849646267
 20
7.772350939408579
 30
0.0
  0
VERTEX
  5
3504
  8
ARQ-BANHO_COZINHA_SERVIÇO
 10
15.8144849646267
 20
8.122350939408578
 30
0.0
  0
VERTEX
  5
3505
  8
ARQ-BANHO_COZINHA_SERVIÇO
 10
17.51448496462666
 20
8.122350939408577
 30
0.0
  0
SEQEND
  5
3A9D
  8
ARQ-BANHO_COZINHA_SERVIÇO
  0
TEXT
  5
2AF0
  8
TXT_AMBIENTE
 10
15.77702366919195
 20
8.769905435272769
 30
0.0
 40
0.15
  1
Cozinha
  7
ARIAL
  0
TEXT
  5
2AF2
  8
TXT_ÁREA
 10
15.81130284398294
 20
6.691961515829014
 30
0.0
 40
0.1
  1
A=8.48m2
  0
TEXT
  5
2AF3
  8
TXT_ÁREA
 10
15.7930635470177
 20
8.605426090777044
 30
0.0
 40
0.1
  1
A=7.52m2
  0
INSERT
  5
2AF4
  8
ARQ-MÓVEIS_E_ELETRO
  2
ADC_MOB_FOG_CKT4B
 10
15.51913545278072
 20
10.05455950892326
 30
0.0
 41
-1.0
  0
LINE
  5
2AF5
  8
ARQ-BANHO_COZINHA_SERVIÇO
 10
15.83733418310511
 20
10.09735093940854
 30
0.0
 11
15.83733418310511
 21
9.572350939408551
 31
0.0
  0
TEXT
  5
2AF6
  8
TXT_ÁREA
 10
15.57184306404638
 20
15.34132543667845
 30
0.0
 40
0.1
  1
A=12.32m2
  0
LINE
  5
2AF7
  8
ARQ-PISO
 10
15.21448496462667
 20
10.32235093940853
 30
0.0
 11
15.21448496462672
 21
11.1323509394085
 31
0.0
  0
LINE
  5
2AF8
  8
ARQ-PISO
 10
15.3644849646267
 20
10.32235093940848
 30
0.0
 11
15.3644849646267
 21
11.1323509394085
 31
0.0
  0
TEXT
  5
2AF9
  8
TXT_GERAL
  6
CONTINUOUS
 10
17.46614290815237
 20
8.693512366876273
 30
0.0
 40
0.09
  1
2.35
 50
90.00000000000001
  7
TEXTO03
  0
TEXT
  5
2AFA
  8
TXT_AMBIENTE
 10
15.89812349754121
 20
12.69555849514526
 30
0.0
 40
0.15
  1
Banho
  7
ARIAL
  0
INSERT
  5
2AFB
  8
ARQ-BANHO_COZINHA_SERVIÇO
  2
ADC_WC_BACIA_01-P
 10
17.51448496462677
 20
12.3473427086462
 30
0.0
 41
-1.0
 50
90.0
  0
INSERT
  5
2AFC
  8
ARQ-BANHO_COZINHA_SERVIÇO
  2
BOX-BANHO-80
 10
17.51448496462677
 20
13.57235093940857
 30
0.0
 41
-1.0
 50
90.0
  0
INSERT
  5
2AFD
  8
ARQ-BANHO_COZINHA_SERVIÇO
  2
ADC_WC_LAV-BANC_CUBA-RD4-8
 10
15.36448496462674
 20
11.92235093940799
 30
0.0
 41
-1.0
 50
270.0
  0
INSERT
  5
2AFE
  8
ARQ-BANHO_COZINHA_SERVIÇO
  2
ADC_CHUVEIRO
 10
17.51448496462677
 20
13.16925801783705
 30
0.0
 41
-1.0
  0
TEXT
  5
2AFF
  8
TXT_ÁREA
 10
15.88807670892152
 20
12.55706411825339
 30
0.0
 40
0.1
  1
A=3.55m2
  0
INSERT
  5
2B00
  8
ARQ-PISO
  2
*X73
 10
0.0
 20
0.0
 30
0.0
  0
TEXT
  5
2B01
  8
TXT_AMBIENTE
 10
16.57232918100946
 20
10.74389839995452
 30
0.0
 40
0.15
  1
Serviço
  7
ARIAL
  0
INSERT
  5
2B02
  8
ARQ-MÓVEIS_E_ELETRO
  2
ADC_MOB_LAVR10KG-P
 10
16.5840309988814
 20
11.77235093940857
 30
0.0
 41
-1.0
  0
INSERT
  5
2B03
  8
ARQ-BANHO_COZINHA_SERVIÇO
  2
ADC_TANQUE_50X50-P
 10
15.6316437146898
 20
11.77235093940857
 30
0.0
 41
-1.0
  0
TEXT
  5
2B04
  8
TXT_ÁREA
 10
16.61708240390986
 20
10.56222680338653
 30
0.0
 40
0.1
  1
A=3.45m2
  0
LINE
  5
2B05
  8
0
 10
14.13948496462667
 20
4.972350939408559
 30
0.0
 11
14.13948496462667
 21
3.428159496017757
 31
0.0
  0
LINE
  5
2B06
  8
0
 10
14.28948496462667
 20
4.972350939408559
 30
0.0
 11
14.28948496462667
 21
3.428159496017757
 31
0.0
  0
LINE
  5
2B07
  8
0
 10
14.13948496462667
 20
3.428159496017757
 30
0.0
 11
14.28948496462667
 21
3.428159496017757
 31
0.0
  0
POLYLINE
  5
2E78
  8
0
 66
     1
 10
0.0
 20
0.0
 30
0.0
  0
VERTEX
  5
351B
  8
0
 10
2.404359107305968
 20
17.7223509394086
 30
0.0
  0
VERTEX
  5
351C
  8
0
 10
2.489078158775587
 20
17.7223509394086
 30
0.0
  0
VERTEX
  5
351D
  8
0
 10
2.489078158775587
 20
17.66474755968024
 30
0.0
  0
VERTEX
  5
351E
  8
0
 10
2.515145605181463
 20
17.77760858094707
 30
0.0
  0
VERTEX
  5
351F
  8
0
 10
2.515145605181463
 20
17.7223509394086
 30
0.0
  0
VERTEX
  5
3520
  8
0
 10
2.589003369998043
 20
17.7223509394086
 30
0.0
  0
SEQEND
  5
3A9E
  8
0
  0
POLYLINE
  5
2E79
  8
0
 66
     1
 10
0.0
 20
0.0
 30
0.0
  0
VERTEX
  5
3521
  8
0
 10
9.18284587415134
 20
17.7223509394086
 30
0.0
  0
VERTEX
  5
3522
  8
0
 10
9.26756492562096
 20
17.7223509394086
 30
0.0
  0
VERTEX
  5
3523
  8
0
 10
9.26756492562096
 20
17.66474755968024
 30
0.0
  0
VERTEX
  5
3524
  8
0
 10
9.293632372026835
 20
17.77760858094707
 30
0.0
  0
VERTEX
  5
3525
  8
0
 10
9.293632372026835
 20
17.7223509394086
 30
0.0
  0
VERTEX
  5
3526
  8
0
 10
9.367490136843415
 20
17.7223509394086
 30
0.0
  0
SEQEND
  5
3A9F
  8
0
  0
POLYLINE
  5
2E7A
  8
0
 66
     1
 10
0.0
 20
0.0
 30
0.0
  0
VERTEX
  5
3527
  8
0
 10
19.06284587415104
 20
17.7223509394086
 30
0.0
  0
VERTEX
  5
3528
  8
0
 10
19.14756492562066
 20
17.7223509394086
 30
0.0
  0
VERTEX
  5
3529
  8
0
 10
19.14756492562066
 20
17.66474755968024
 30
0.0
  0
VERTEX
  5
352A
  8
0
 10
19.17363237202654
 20
17.77760858094707
 30
0.0
  0
VERTEX
  5
352B
  8
0
 10
19.17363237202654
 20
17.7223509394086
 30
0.0
  0
VERTEX
  5
352C
  8
0
 10
19.24749013684312
 20
17.7223509394086
 30
0.0
  0
SEQEND
  5
3AA0
  8
0
  0
TEXT
  5
2FD3
  8
LINHA-FINA
 10
9.636159852605715
 20
1.285253452738857
 30
0.0
 40
0.12
  1
5 m
  7
ARIAL
  0
TEXT
  5
2FD4
  8
LINHA-FINA
 10
7.632803139041414
 20
2.113706638310564
 30
0.0
 40
0.12
  1
3 m
  7
ARIAL
  0
TEXT
  5
2FD5
  8
LINHA-FINA
 10
6.648353483817402
 20
1.285253452738434
 30
0.0
 40
0.12
  1
2 m
  7
ARIAL
  0
TEXT
  5
2FD6
  8
LINHA-FINA
 10
4.63919740669553
 20
2.113706638310564
 30
0.0
 40
0.12
  1
0.0
  7
ARIAL
  0
TEXT
  5
2FD7
  8
LINHA-FINA
 10
5.137836428415028
 20
1.285253452738434
 30
0.0
 40
0.12
  1
0.5 m
  7
ARIAL
  0
TEXT
  5
2FD8
  8
LINHA-FINA
 10
5.649952503528084
 20
2.113706638310564
 30
0.0
 40
0.12
  1
1 m
  7
ARIAL
  0
LINE
  5
2FD9
  8
0
 10
4.763115196809224
 20
1.96196403271421
 30
0.0
 11
14.76311519680917
 21
1.961964032715052
 31
0.0
  0
LINE
  5
2FDA
  8
0
 10
4.763115196809224
 20
1.761964032714221
 30
0.0
 11
9.763115196809224
 21
1.761964032714644
 31
0.0
  0
INSERT
  5
2FDB
  8
0
  2
*U74
 10
0.0
 20
0.0
 30
0.0
  0
LINE
  5
2FDC
  8
0
 10
4.763115196809224
 20
1.561964032714233
 30
0.0
 11
14.76311519680921
 21
1.561964032715075
 31
0.0
  0
LINE
  5
2FDD
  8
0
 10
9.763115196809224
 20
1.561964032714656
 30
0.0
 11
9.763115196809167
 21
1.961964032714633
 31
0.0
  0
LINE
  5
2FDE
  8
0
 10
4.763115196809224
 20
1.561964032714233
 30
0.0
 11
4.763115196809224
 21
1.96196403271421
 31
0.0
  0
LINE
  5
2FDF
  8
0
 10
7.763115196809224
 20
1.561964032714233
 30
0.0
 11
7.763115196809224
 21
1.96196403271421
 31
0.0
  0
LINE
  5
2FE0
  8
0
 10
5.263115196809224
 20
1.561964032714233
 30
0.0
 11
5.263115196809224
 21
1.96196403271421
 31
0.0
  0
LINE
  5
2FE1
  8
0
 10
6.763115196809224
 20
1.561964032714233
 30
0.0
 11
6.763115196809167
 21
1.96196403271421
 31
0.0
  0
LINE
  5
2FE2
  8
0
 10
5.763115196809224
 20
1.561964032714233
 30
0.0
 11
5.763115196809224
 21
1.96196403271421
 31
0.0
  0
INSERT
  5
2FE3
  8
0
  2
*U75
 10
0.0
 20
0.0
 30
0.0
  0
LINE
  5
2FE4
  8
0
 10
6.763115196809224
 20
1.435775310793989
 30
0.0
 11
6.763115196809167
 21
2.088152754634425
 31
0.0
  0
LINE
  5
2FE5
  8
0
 10
5.763115196809224
 20
1.435775310793989
 30
0.0
 11
5.763115196809167
 21
2.088152754634425
 31
0.0
  0
LINE
  5
2FE6
  8
0
 10
5.263115196809224
 20
1.435775310793989
 30
0.0
 11
5.263115196809167
 21
2.088152754634425
 31
0.0
  0
LINE
  5
2FE7
  8
0
 10
7.763115196809224
 20
1.435775310793989
 30
0.0
 11
7.763115196809167
 21
2.088152754634425
 31
0.0
  0
LINE
  5
2FE8
  8
0
 10
9.763115196809224
 20
1.435775310794412
 30
0.0
 11
9.763115196809167
 21
2.088152754634848
 31
0.0
  0
LINE
  5
2FE9
  8
0
 10
4.763115196809224
 20
1.435775310793989
 30
0.0
 11
4.763115196809167
 21
2.088152754634425
 31
0.0
  0
LINE
  5
2FEA
  8
0
 10
9.763115196809224
 20
1.435775310794426
 30
0.0
 11
9.763115196809167
 21
2.088152754634862
 31
0.0
  0
LINE
  5
2FEB
  8
0
 10
14.76311519680922
 20
1.43577531079486
 30
0.0
 11
14.76311519680917
 21
2.088152754635296
 31
0.0
  0
LINE
  5
2FEC
  8
0
 10
4.52321076702421
 20
1.761964032714221
 30
0.0
 11
15.0853881125802
 21
1.761964032715078
 31
0.0
  0
TEXT
  5
2FED
  8
0
 10
4.666799252990899
 20
2.379427058865932
 30
0.0
 40
0.1670858883772564
  1
ESCALA GRÁFICA
  7
ARIAL
  0
TEXT
  5
2FEE
  8
LINHA-FINA
 10
14.56498598599666
 20
2.151132044873755
 30
0.0
 40
0.12
  1
10 m
  7
ARIAL
  0
INSERT
  5
31BC
  8
0
 62
     6
  2
*X76
 10
0.0
 20
0.0
 30
0.0
  0
TEXT
  5
31BE
  8
0
 62
     1
 10
3.582874197834247
 20
23.2333969945573
 30
0.0
 40
0.2281532542490859
  1
LEIA ANTES DE USAR!
  7
ARIAL
  0
POLYLINE
  5
31BF
  8
0
 62
     1
 66
     1
 10
0.0
 20
0.0
 30
0.0
  0
VERTEX
  5
3549
  8
0
 62
     1
 10
3.52270565262992
 20
23.36460956156016
 30
0.0
 40
0.0304204338998781
 41
0.0304204338998781
 42
0.323128653370045
  0
VERTEX
  5
354A
  8
0
 62
     1
 10
2.996578317418717
 20
22.8740333071585
 30
0.0
  0
SEQEND
  5
3AA1
  8
0
 62
     1
  0
POLYLINE
  5
31C0
  8
0
 62
     1
 66
     1
 10
0.0
 20
0.0
 30
0.0
 40
0.0304204338998781
 41
0.0304204338998781
  0
VERTEX
  5
354B
  8
0
 62
     1
 10
3.118253732198383
 20
23.04086234967805
 30
0.0
  0
VERTEX
  5
354C
  8
0
 62
     1
 10
2.996578317418724
 20
22.8740333071585
 30
0.0
  0
VERTEX
  5
354D
  8
0
 62
     1
 10
2.98473617324295
 20
23.06080924767834
 30
0.0
  0
SEQEND
  5
3AA2
  8
0
 62
     1
  0
POLYLINE
  5
31C1
  8
0
 62
     3
 66
     1
 10
0.0
 20
0.0
 30
0.0
 70
     1
  0
VERTEX
  5
354E
  8
0
 62
     3
 10
2.25217373817225
 20
23.54991330482537
 30
0.0
  0
VERTEX
  5
354F
  8
0
 62
     3
 10
7.29495144438528
 20
23.54991330482537
 30
0.0
  0
VERTEX
  5
3550
  8
0
 62
     3
 10
7.29495144438528
 20
20.60076911166477
 30
0.0
  0
VERTEX
  5
3551
  8
0
 62
     3
 10
2.25217373817225
 20
20.60076911166477
 30
0.0
  0
SEQEND
  5
3AA3
  8
0
 62
     3
  0
POLYLINE
  5
31C2
  8
0
 62
     4
 66
     1
 10
0.0
 20
0.0
 30
0.0
 70
     1
  0
VERTEX
  5
3552
  8
0
 62
     4
 10
2.169695474386511
 20
23.63239156861111
 30
0.0
  0
VERTEX
  5
3553
  8
0
 62
     4
 10
7.377429708171015
 20
23.63239156861111
 30
0.0
  0
VERTEX
  5
3554
  8
0
 62
     4
 10
7.377429708171015
 20
20.51829084787904
 30
0.0
  0
VERTEX
  5
3555
  8
0
 62
     4
 10
2.169695474386511
 20
20.51829084787904
 30
0.0
  0
SEQEND
  5
3AA4
  8
0
 62
     4
  0
POLYLINE
  5
31C3
  8
0
 62
     5
 66
     1
 10
0.0
 20
0.0
 30
0.0
 70
     1
  0
VERTEX
  5
3556
  8
0
 62
     5
 10
2.09419956055558
 20
23.70788748244204
 30
0.0
  0
VERTEX
  5
3557
  8
0
 62
     5
 10
7.452925622001949
 20
23.70788748244204
 30
0.0
  0
VERTEX
  5
3558
  8
0
 62
     5
 10
7.452925622001949
 20
20.44279493404811
 30
0.0
  0
VERTEX
  5
3559
  8
0
 62
     5
 10
2.09419956055558
 20
20.44279493404811
 30
0.0
  0
SEQEND
  5
3AA5
  8
0
 62
     5
  0
TEXT
  5
31C4
  8
TEXTO-AMBIENTES-TITULOS
 62
     0
 10
2.178973508946584
 20
20.06213514962725
 30
0.0
 40
0.1871157067373973
  1
%%UMais projetos em: aditivocad.com/projetos
 50
359.999999999974
  7
ARIAL_BOLD
  0
ENDSEC
  0
EOF
